source=/dev/input/event3 name=Some("Smashcraft Event Retention Virtual Gamepad") clock=CLOCK_MONOTONIC epoch_ns=0 frame_rule=segment_frame+floor((t-segment_epoch)*60/1e9) first=1 delay=0 pause_policy=sequenced-map-control
controller_identity=DeviceIdentity { id: InputId { bus_type: BUS_USB, vendor: 0x45e, product: 0x28e, version: 0x114 }, name: Some("Smashcraft Event Retention Virtual Gamepad"), phys: None, uniq: None } automatic_reconnect=false
waiting_for_match build=chat-trace-20261005 slot=1 start_before=final-match-confirmation
input_armed=true gameplay_armed=false mono_ns=573213921262079
menu_emit epoch=0 phase=Some(Character) key=r mono_ns=573216669183000
menu_emit epoch=0 phase=Some(Character) key=w mono_ns=573216939681000
menu_emit epoch=0 phase=Some(Character) key=n mono_ns=573217210159000
menu_emit epoch=0 phase=Some(Character) key=u mono_ns=573217630548000
menu_emit epoch=0 phase=Some(Character) key=n mono_ns=573218051104000
match_ready epoch=1 neutral_rearm=required
input_armed=true gameplay_armed=false mono_ns=573226506549587
editbox_receipt monotonic_ns=573226506674932 received=0 consumed=0 revision=1
editbox_emit sequence=1 bytes=34 elapsed_us=1784 envelope=@J10000000001000000000130780|JR11;
editbox_receipt monotonic_ns=573226694589204 received=1 consumed=1 revision=2
editbox_receipt monotonic_ns=573226715722881 received=1 consumed=1 revision=3
editbox_receipt monotonic_ns=573226736285368 received=1 consumed=1 revision=4
editbox_receipt monotonic_ns=573226770235428 received=1 consumed=1 revision=5
editbox_receipt monotonic_ns=573226791605778 received=1 consumed=1 revision=6
match_start epoch=1 epoch_ns=573226847741745 read_ns=573226847952691 uncertainty_ns=1100246
input_armed=true gameplay_armed=true mono_ns=573226847926933
published_frame=1
published_frame=2
editbox_emit sequence=2 bytes=37 elapsed_us=1893 envelope=@J10000000001000000000252069|I421100;
published_frame=3
published_frame=4
editbox_emit sequence=3 bytes=37 elapsed_us=2030 envelope=@J10000000001000000000330835|I421300;
published_frame=5
published_frame=6
editbox_emit sequence=4 bytes=37 elapsed_us=2062 envelope=@J10000000001000000000409601|I421500;
published_frame=7
published_frame=8
editbox_emit sequence=5 bytes=37 elapsed_us=2458 envelope=@J10000000001000000000553888|I421700;
published_frame=9
published_frame=10
editbox_emit sequence=6 bytes=37 elapsed_us=2330 envelope=@J10000000001000000000632654|I421900;
published_frame=11
editbox_receipt monotonic_ns=573227040804474 received=6 consumed=4 revision=7
published_frame=12
editbox_emit sequence=7 bytes=37 elapsed_us=2693 envelope=@J10000000001000000000711420|I421B00;
editbox_receipt monotonic_ns=573227064566446 received=6 consumed=6 revision=8
published_frame=13
published_frame=14
editbox_emit sequence=8 bytes=37 elapsed_us=2373 envelope=@J10000000001000000000855707|I421D00;
editbox_receipt monotonic_ns=573227088859422 received=7 consumed=7 revision=9
published_frame=15
published_frame=16
editbox_emit sequence=9 bytes=37 elapsed_us=2187 envelope=@J10000000001000000000934473|I421F00;
published_frame=17
published_frame=18
editbox_emit sequence=10 bytes=37 elapsed_us=2443 envelope=@J10000000001000000001041745|I421H00;
event mono_ns=573227153096000 frame=19 held=32 pressed=32 released=0
event mono_ns=573227158242000 frame=19 held=0 pressed=0 released=32
published_frame=19
published_frame=20
editbox_emit sequence=11 bytes=43 elapsed_us=2465 envelope=@J10000000001000000001145108|I421J200W00W0;
published_frame=21
published_frame=22
editbox_emit sequence=12 bytes=37 elapsed_us=2248 envelope=@J10000000001000000001264798|I421L00;
published_frame=23
published_frame=24
editbox_emit sequence=13 bytes=37 elapsed_us=2304 envelope=@J10000000001000000001343564|I421N00;
editbox_receipt monotonic_ns=573227255539289 received=12 consumed=10 revision=10
published_frame=25
published_frame=26
editbox_emit sequence=14 bytes=37 elapsed_us=1959 envelope=@J10000000001000000001422330|I421P00;
editbox_receipt monotonic_ns=573227297223780 received=13 consumed=13 revision=11
published_frame=27
published_frame=28
editbox_emit sequence=15 bytes=37 elapsed_us=1941 envelope=@J10000000001000000001501096|I421R00;
published_frame=29
published_frame=30
editbox_emit sequence=16 bytes=37 elapsed_us=1896 envelope=@J10000000001000000001645383|I421T00;
published_frame=31
published_frame=32
editbox_emit sequence=17 bytes=37 elapsed_us=2018 envelope=@J10000000001000000001724149|I421V00;
published_frame=33
published_frame=34
editbox_emit sequence=18 bytes=38 elapsed_us=2031 envelope=@J10000000001000000001808415|I421X100;
published_frame=35
published_frame=36
editbox_emit sequence=19 bytes=38 elapsed_us=2132 envelope=@J10000000001000000001951403|I421Z100;
published_frame=37
editbox_receipt monotonic_ns=573227469853835 received=18 consumed=16 revision=12
published_frame=38
editbox_emit sequence=20 bytes=38 elapsed_us=2120 envelope=@J10000000001000000002042087|I421b100;
published_frame=39
published_frame=40
editbox_emit sequence=21 bytes=38 elapsed_us=3411 envelope=@J10000000001000000002119554|I421d100;
editbox_receipt monotonic_ns=573227523183716 received=20 consumed=20 revision=13
published_frame=41
published_frame=42
editbox_emit sequence=22 bytes=38 elapsed_us=2744 envelope=@J10000000001000000002262542|I421f100;
published_frame=43
published_frame=44
editbox_emit sequence=23 bytes=38 elapsed_us=2132 envelope=@J10000000001000000002340009|I421h100;
published_frame=45
published_frame=46
editbox_emit sequence=24 bytes=38 elapsed_us=2492 envelope=@J10000000001000000002417476|I421j100;
editbox_receipt monotonic_ns=573227622607690 received=23 consumed=23 revision=14
published_frame=47
published_frame=48
editbox_emit sequence=25 bytes=38 elapsed_us=2520 envelope=@J10000000001000000002560464|I421l100;
published_frame=49
published_frame=50
editbox_emit sequence=26 bytes=38 elapsed_us=2080 envelope=@J10000000001000000002637931|I421n100;
published_frame=51
published_frame=52
editbox_emit sequence=27 bytes=38 elapsed_us=1926 envelope=@J10000000001000000002715398|I421p100;
published_frame=53
editbox_receipt monotonic_ns=573227731510464 received=26 consumed=26 revision=15
published_frame=54
editbox_emit sequence=28 bytes=38 elapsed_us=2201 envelope=@J10000000001000000002858386|I421r100;
published_frame=55
published_frame=56
editbox_emit sequence=29 bytes=38 elapsed_us=2109 envelope=@J10000000001000000002935853|I421t100;
editbox_receipt monotonic_ns=573227797991234 received=29 consumed=28 revision=16
published_frame=57
published_frame=58
editbox_emit sequence=30 bytes=38 elapsed_us=2022 envelope=@J10000000001000000003026537|I421v100;
published_frame=59
published_frame=60
editbox_emit sequence=31 bytes=38 elapsed_us=2296 envelope=@J10000000001000000003104004|I421x100;
published_frame=61
published_frame=62
editbox_emit sequence=32 bytes=38 elapsed_us=2006 envelope=@J10000000001000000003246992|I421z100;
published_frame=63
published_frame=64
editbox_emit sequence=33 bytes=38 elapsed_us=2069 envelope=@J10000000001000000003324459|I421_100;
published_frame=65
published_frame=66
editbox_emit sequence=34 bytes=38 elapsed_us=2341 envelope=@J10000000001000000003459578|I421X200;
published_frame=67
published_frame=68
editbox_emit sequence=35 bytes=38 elapsed_us=2035 envelope=@J10000000001000000003537045|I421Z200;
published_frame=69
published_frame=70
editbox_emit sequence=36 bytes=38 elapsed_us=1969 envelope=@J10000000001000000003614512|I421b200;
editbox_receipt monotonic_ns=573228029878195 received=35 consumed=33 revision=17
published_frame=71
published_frame=72
editbox_emit sequence=37 bytes=38 elapsed_us=1918 envelope=@J10000000001000000003757500|I421d200;
published_frame=73
editbox_receipt monotonic_ns=573228072032036 received=35 consumed=35 revision=18
published_frame=74
editbox_emit sequence=38 bytes=38 elapsed_us=2134 envelope=@J10000000001000000003834967|I421f200;
published_frame=75
published_frame=76
editbox_emit sequence=39 bytes=38 elapsed_us=2224 envelope=@J10000000001000000003912434|I421h200;
published_frame=77
published_frame=78
editbox_emit sequence=40 bytes=38 elapsed_us=2069 envelope=@J10000000001000000004003118|I421j200;
editbox_receipt monotonic_ns=573228157792610 received=39 consumed=37 revision=19
published_frame=79
published_frame=80
editbox_emit sequence=41 bytes=38 elapsed_us=2136 envelope=@J10000000001000000004146106|I421l200;
published_frame=81
editbox_receipt monotonic_ns=573228212269059 received=41 consumed=40 revision=20
published_frame=82
editbox_emit sequence=42 bytes=38 elapsed_us=2029 envelope=@J10000000001000000004223573|I421n200;
published_frame=83
published_frame=84
editbox_emit sequence=43 bytes=38 elapsed_us=2042 envelope=@J10000000001000000004301040|I421p200;
published_frame=85
published_frame=86
editbox_emit sequence=44 bytes=38 elapsed_us=1984 envelope=@J10000000001000000004444028|I421r200;
published_frame=87
published_frame=88
editbox_emit sequence=45 bytes=38 elapsed_us=2442 envelope=@J10000000001000000004521495|I421t200;
published_frame=89
published_frame=90
editbox_emit sequence=46 bytes=38 elapsed_us=2359 envelope=@J10000000001000000004664483|I421v200;
published_frame=91
editbox_receipt monotonic_ns=573228376605655 received=46 consumed=44 revision=21
published_frame=92
editbox_emit sequence=47 bytes=38 elapsed_us=1963 envelope=@J10000000001000000004741950|I421x200;
published_frame=93
published_frame=94
editbox_emit sequence=48 bytes=38 elapsed_us=2071 envelope=@J10000000001000000004819417|I421z200;
editbox_receipt monotonic_ns=573228430937193 received=47 consumed=47 revision=22
published_frame=95
published_frame=96
editbox_emit sequence=49 bytes=38 elapsed_us=2303 envelope=@J10000000001000000004962405|I421_200;
published_frame=97
published_frame=98
editbox_emit sequence=50 bytes=38 elapsed_us=2472 envelope=@J10000000001000000005045220|I421X300;
published_frame=99
published_frame=100
editbox_emit sequence=51 bytes=38 elapsed_us=2044 envelope=@J10000000001000000005122687|I421Z300;
editbox_receipt monotonic_ns=573228519892102 received=50 consumed=50 revision=23
published_frame=101
published_frame=102
editbox_emit sequence=52 bytes=38 elapsed_us=1976 envelope=@J10000000001000000005200154|I421b300;
published_frame=103
published_frame=104
editbox_emit sequence=53 bytes=38 elapsed_us=2080 envelope=@J10000000001000000005343142|I421d300;
published_frame=105
published_frame=106
editbox_emit sequence=54 bytes=38 elapsed_us=2056 envelope=@J10000000001000000005420609|I421f300;
published_frame=107
editbox_receipt monotonic_ns=573228639328141 received=53 consumed=53 revision=24
published_frame=108
editbox_emit sequence=55 bytes=38 elapsed_us=1979 envelope=@J10000000001000000005563597|I421h300;
published_frame=109
published_frame=110
editbox_emit sequence=56 bytes=38 elapsed_us=1925 envelope=@J10000000001000000005641064|I421j300;
editbox_receipt monotonic_ns=573228695729556 received=55 consumed=54 revision=25
published_frame=111
published_frame=112
editbox_emit sequence=57 bytes=38 elapsed_us=2054 envelope=@J10000000001000000005718531|I421l300;
published_frame=113
published_frame=114
editbox_emit sequence=58 bytes=38 elapsed_us=2175 envelope=@J10000000001000000005861519|I421n300;
published_frame=115
published_frame=116
editbox_emit sequence=59 bytes=38 elapsed_us=2236 envelope=@J10000000001000000005938986|I421p300;
published_frame=117
published_frame=118
editbox_emit sequence=60 bytes=38 elapsed_us=2691 envelope=@J10000000001000000006029670|I421r300;
published_frame=119
published_frame=120
editbox_emit sequence=61 bytes=38 elapsed_us=2101 envelope=@J10000000001000000006107137|I421t300;
editbox_receipt monotonic_ns=573228853861748 received=59 consumed=59 revision=26
published_frame=121
published_frame=122
editbox_emit sequence=62 bytes=38 elapsed_us=1904 envelope=@J10000000001000000006250125|I421v300;
published_frame=123
published_frame=124
editbox_emit sequence=63 bytes=38 elapsed_us=2036 envelope=@J10000000001000000006327592|I421x300;
published_frame=125
published_frame=126
editbox_emit sequence=64 bytes=38 elapsed_us=2063 envelope=@J10000000001000000006405059|I421z300;
published_frame=127
editbox_receipt monotonic_ns=573228980702281 received=61 consumed=61 revision=27
published_frame=128
editbox_emit sequence=65 bytes=38 elapsed_us=2411 envelope=@J10000000001000000006548047|I421_300;
published_frame=129
published_frame=130
editbox_emit sequence=66 bytes=38 elapsed_us=2224 envelope=@J10000000001000000006617645|I421X400;
published_frame=131
published_frame=132
editbox_emit sequence=67 bytes=38 elapsed_us=2124 envelope=@J10000000001000000006760633|I421Z400;
published_frame=133
published_frame=134
editbox_emit sequence=68 bytes=38 elapsed_us=2394 envelope=@J10000000001000000006838100|I421b400;
editbox_receipt monotonic_ns=573229085872050 received=67 consumed=65 revision=28
published_frame=135
published_frame=136
editbox_emit sequence=69 bytes=38 elapsed_us=2181 envelope=@J10000000001000000006915567|I421d400;
editbox_receipt monotonic_ns=573229129599299 received=67 consumed=67 revision=29
published_frame=137
published_frame=138
editbox_emit sequence=70 bytes=38 elapsed_us=1950 envelope=@J10000000001000000007006251|I421f400;
published_frame=139
published_frame=140
editbox_emit sequence=71 bytes=38 elapsed_us=1991 envelope=@J10000000001000000007149239|I421h400;
published_frame=141
published_frame=142
editbox_emit sequence=72 bytes=38 elapsed_us=2384 envelope=@J10000000001000000007226706|I421j400;
editbox_receipt monotonic_ns=573229219237589 received=71 consumed=70 revision=30
published_frame=143
published_frame=144
editbox_emit sequence=73 bytes=38 elapsed_us=2507 envelope=@J10000000001000000007304173|I421l400;
published_frame=145
published_frame=146
editbox_emit sequence=74 bytes=38 elapsed_us=2027 envelope=@J10000000001000000007447161|I421n400;
published_frame=147
published_frame=148
editbox_emit sequence=75 bytes=38 elapsed_us=2506 envelope=@J10000000001000000007524628|I421p400;
editbox_receipt monotonic_ns=573229319344532 received=74 consumed=74 revision=31
published_frame=149
published_frame=150
editbox_emit sequence=76 bytes=38 elapsed_us=4272 envelope=@J10000000001000000007602095|I421r400;
published_frame=151
published_frame=152
editbox_emit sequence=77 bytes=38 elapsed_us=4638 envelope=@J10000000001000000007745083|I421t400;
published_frame=153
published_frame=154
editbox_emit sequence=78 bytes=38 elapsed_us=6154 envelope=@J10000000001000000007822550|I421v400;
published_frame=155
published_frame=156
editbox_emit sequence=79 bytes=38 elapsed_us=6114 envelope=@J10000000001000000007900017|I421x400;
published_frame=157
editbox_receipt monotonic_ns=573229469405512 received=78 consumed=76 revision=32
published_frame=158
editbox_emit sequence=80 bytes=38 elapsed_us=4704 envelope=@J10000000001000000008056222|I421z400;
published_frame=159
published_frame=160
editbox_emit sequence=81 bytes=38 elapsed_us=3134 envelope=@J10000000001000000008133689|I421_400;
published_frame=161
published_frame=162
editbox_emit sequence=82 bytes=38 elapsed_us=5777 envelope=@J10000000001000000008203287|I421X500;
published_frame=163
published_frame=164
editbox_emit sequence=83 bytes=38 elapsed_us=2550 envelope=@J10000000001000000008346275|I421Z500;
published_frame=165
editbox_receipt monotonic_ns=573229608466992 received=82 consumed=80 revision=33
published_frame=166
editbox_emit sequence=84 bytes=38 elapsed_us=1908 envelope=@J10000000001000000008423742|I421b500;
published_frame=167
editbox_receipt monotonic_ns=573229640063212 received=82 consumed=82 revision=34
published_frame=168
editbox_emit sequence=85 bytes=38 elapsed_us=3126 envelope=@J10000000001000000008501209|I421d500;
published_frame=169
published_frame=170
editbox_emit sequence=86 bytes=38 elapsed_us=1935 envelope=@J10000000001000000008644197|I421f500;
published_frame=171
published_frame=172
editbox_emit sequence=87 bytes=38 elapsed_us=2278 envelope=@J10000000001000000008721664|I421h500;
editbox_receipt monotonic_ns=573229724612216 received=86 consumed=86 revision=35
published_frame=173
published_frame=174
editbox_emit sequence=88 bytes=38 elapsed_us=2211 envelope=@J10000000001000000008864652|I421j500;
published_frame=175
published_frame=176
editbox_emit sequence=89 bytes=38 elapsed_us=2583 envelope=@J10000000001000000008942119|I421l500;
published_frame=177
published_frame=178
editbox_emit sequence=90 bytes=38 elapsed_us=1970 envelope=@J10000000001000000009032803|I421n500;
editbox_receipt monotonic_ns=573229822128896 received=89 consumed=89 revision=36
published_frame=179
published_frame=180
editbox_emit sequence=91 bytes=38 elapsed_us=2137 envelope=@J10000000001000000009110270|I421p500;
published_frame=181
published_frame=182
editbox_emit sequence=92 bytes=38 elapsed_us=2030 envelope=@J10000000001000000009253258|I421r500;
published_frame=183
published_frame=184
editbox_emit sequence=93 bytes=38 elapsed_us=2852 envelope=@J10000000001000000009330725|I421t500;
published_frame=185
published_frame=186
editbox_emit sequence=94 bytes=38 elapsed_us=2310 envelope=@J10000000001000000009408192|I421v500;
published_frame=187
published_frame=188
editbox_emit sequence=95 bytes=38 elapsed_us=2483 envelope=@J10000000001000000009551180|I421x500;
editbox_receipt monotonic_ns=573229986229812 received=94 consumed=92 revision=37
published_frame=189
published_frame=190
editbox_emit sequence=96 bytes=38 elapsed_us=2068 envelope=@J10000000001000000009628647|I421z500;
published_frame=191
editbox_receipt monotonic_ns=573230040168192 received=96 consumed=95 revision=38
published_frame=192
editbox_emit sequence=97 bytes=38 elapsed_us=2649 envelope=@J10000000001000000009706114|I421_500;
published_frame=193
published_frame=194
editbox_emit sequence=98 bytes=38 elapsed_us=2424 envelope=@J10000000001000000009841233|I421X600;
published_frame=195
editbox_receipt monotonic_ns=573230108122033 received=97 consumed=97 revision=39
published_frame=196
editbox_emit sequence=99 bytes=38 elapsed_us=2467 envelope=@J10000000001000000009918700|I421Z600;
published_frame=197
published_frame=198
editbox_emit sequence=100 bytes=38 elapsed_us=2473 envelope=@J10000000001000000010050801|I421b600;
published_frame=199
published_frame=200
editbox_emit sequence=101 bytes=38 elapsed_us=2056 envelope=@J10000000001000000010128268|I421d600;
published_frame=201
editbox_receipt monotonic_ns=573230208158986 received=100 consumed=100 revision=40
published_frame=202
editbox_emit sequence=102 bytes=38 elapsed_us=2625 envelope=@J10000000001000000010205735|I421f600;
published_frame=203
published_frame=204
editbox_emit sequence=103 bytes=38 elapsed_us=2391 envelope=@J10000000001000000010348723|I421h600;
published_frame=205
published_frame=206
editbox_emit sequence=104 bytes=38 elapsed_us=2303 envelope=@J10000000001000000010426190|I421j600;
published_frame=207
editbox_receipt monotonic_ns=573230307455721 received=103 consumed=103 revision=41
published_frame=208
editbox_emit sequence=105 bytes=38 elapsed_us=2573 envelope=@J10000000001000000010503657|I421l600;
published_frame=209
published_frame=210
editbox_emit sequence=106 bytes=38 elapsed_us=2329 envelope=@J10000000001000000010646645|I421n600;
published_frame=211
published_frame=212
editbox_emit sequence=107 bytes=38 elapsed_us=2093 envelope=@J10000000001000000010724112|I421p600;
published_frame=213
editbox_receipt monotonic_ns=573230406524861 received=107 consumed=107 revision=42
published_frame=214
editbox_emit sequence=108 bytes=38 elapsed_us=2582 envelope=@J10000000001000000010801579|I421r600;
published_frame=215
published_frame=216
editbox_emit sequence=109 bytes=38 elapsed_us=2132 envelope=@J10000000001000000010944567|I421t600;
published_frame=217
published_frame=218
editbox_emit sequence=110 bytes=38 elapsed_us=1989 envelope=@J10000000001000000011035251|I421v600;
editbox_receipt monotonic_ns=573230485890012 received=109 consumed=109 revision=43
published_frame=219
published_frame=220
editbox_emit sequence=111 bytes=38 elapsed_us=2050 envelope=@J10000000001000000011112718|I421x600;
published_frame=221
published_frame=222
editbox_emit sequence=112 bytes=38 elapsed_us=2262 envelope=@J10000000001000000011255706|I421z600;
published_frame=223
published_frame=224
editbox_emit sequence=113 bytes=38 elapsed_us=2039 envelope=@J10000000001000000011333173|I421_600;
editbox_receipt monotonic_ns=573230585280884 received=112 consumed=112 revision=44
published_frame=225
published_frame=226
editbox_emit sequence=114 bytes=38 elapsed_us=1968 envelope=@J10000000001000000011402771|I421X700;
published_frame=227
published_frame=228
editbox_emit sequence=115 bytes=38 elapsed_us=2029 envelope=@J10000000001000000011545759|I421Z700;
published_frame=229
published_frame=230
editbox_emit sequence=116 bytes=38 elapsed_us=2193 envelope=@J10000000001000000011623226|I421b700;
editbox_receipt monotonic_ns=573230685943139 received=115 consumed=115 revision=45
published_frame=231
published_frame=232
editbox_emit sequence=117 bytes=38 elapsed_us=2075 envelope=@J10000000001000000011700693|I421d700;
published_frame=233
published_frame=234
editbox_emit sequence=118 bytes=38 elapsed_us=2093 envelope=@J10000000001000000011843681|I421f700;
published_frame=235
published_frame=236
editbox_emit sequence=119 bytes=38 elapsed_us=2424 envelope=@J10000000001000000011921148|I421h700;
editbox_receipt monotonic_ns=573230787430549 received=118 consumed=118 revision=46
published_frame=237
published_frame=238
editbox_emit sequence=120 bytes=38 elapsed_us=2011 envelope=@J10000000001000000012011832|I421j700;
published_frame=239
published_frame=240
editbox_emit sequence=121 bytes=38 elapsed_us=1913 envelope=@J10000000001000000012154820|I421l700;
published_frame=241
published_frame=242
editbox_emit sequence=122 bytes=38 elapsed_us=2144 envelope=@J10000000001000000012232287|I421n700;
published_frame=243
published_frame=244
editbox_emit sequence=123 bytes=38 elapsed_us=1996 envelope=@J10000000001000000012309754|I421p700;
published_frame=245
published_frame=246
editbox_emit sequence=124 bytes=38 elapsed_us=2127 envelope=@J10000000001000000012452742|I421r700;
editbox_receipt monotonic_ns=573230956618856 received=123 consumed=122 revision=47
published_frame=247
published_frame=248
editbox_emit sequence=125 bytes=38 elapsed_us=2087 envelope=@J10000000001000000012530209|I421t700;
published_frame=249
editbox_receipt monotonic_ns=573231010065115 received=125 consumed=125 revision=48
published_frame=250
editbox_emit sequence=126 bytes=38 elapsed_us=2238 envelope=@J10000000001000000012607676|I421v700;
published_frame=251
published_frame=252
editbox_emit sequence=127 bytes=38 elapsed_us=2035 envelope=@J10000000001000000012750664|I421x700;
published_frame=253
published_frame=254
editbox_emit sequence=128 bytes=38 elapsed_us=2259 envelope=@J10000000001000000012828131|I421z700;
editbox_receipt monotonic_ns=573231095394822 received=127 consumed=127 revision=49
published_frame=255
published_frame=256
editbox_emit sequence=129 bytes=38 elapsed_us=2169 envelope=@J10000000001000000012905598|I421_700;
published_frame=257
published_frame=258
editbox_emit sequence=130 bytes=38 elapsed_us=3275 envelope=@J10000000001000000013053934|I421X800;
control sequence=1 state=PREPARE frame=259 epoch_ns=573231159721276
editbox_emit sequence=131 bytes=48 elapsed_us=3328 envelope=@J10000000001000000013138286|ACK1|1|PREPARE|259;
input_armed=true gameplay_armed=false mono_ns=573231164605708
editbox_receipt monotonic_ns=573231238995176 received=131 consumed=131 revision=50
editbox_receipt monotonic_ns=573231292692556 received=131 consumed=131 revision=51
control sequence=2 state=PAUSE_COMMIT target=261 frontier=259 epoch_ns=573231409609836
input_armed=true gameplay_armed=true mono_ns=573231409768493
published_frame=259
editbox_receipt monotonic_ns=573231435996796 received=131 consumed=131 revision=52
published_frame=260
control sequence=2 state=PAUSE frame=261 epoch_ns=573231443088012
editbox_emit sequence=132 bytes=38 elapsed_us=2646 envelope=@J10000000001000000013229009|I421Z800;
input_armed=true gameplay_armed=false mono_ns=573231447810801
editbox_emit sequence=133 bytes=46 elapsed_us=3026 envelope=@J10000000001000000013355652|ACK1|2|PAUSE|261;
editbox_receipt monotonic_ns=573231491806974 received=133 consumed=133 revision=53
editbox_receipt monotonic_ns=573231592968664 received=133 consumed=133 revision=54
editbox_receipt monotonic_ns=573231679805875 received=133 consumed=133 revision=55
editbox_receipt monotonic_ns=573231788203042 received=133 consumed=133 revision=56
editbox_receipt monotonic_ns=573231914885428 received=133 consumed=133 revision=57
editbox_receipt monotonic_ns=573231978770967 received=133 consumed=133 revision=58
editbox_receipt monotonic_ns=573232090808584 received=133 consumed=133 revision=59
editbox_receipt monotonic_ns=573232188062964 received=133 consumed=133 revision=60
editbox_receipt monotonic_ns=573232287205942 received=133 consumed=133 revision=61
editbox_receipt monotonic_ns=573232383904900 received=133 consumed=133 revision=62
editbox_receipt monotonic_ns=573232483644576 received=133 consumed=133 revision=63
editbox_receipt monotonic_ns=573232582049992 received=133 consumed=133 revision=64
editbox_receipt monotonic_ns=573232707376508 received=133 consumed=133 revision=65
editbox_receipt monotonic_ns=573232799043088 received=133 consumed=133 revision=66
editbox_receipt monotonic_ns=573232910430187 received=133 consumed=133 revision=67
editbox_receipt monotonic_ns=573232985031673 received=133 consumed=133 revision=68
editbox_receipt monotonic_ns=573233083066365 received=133 consumed=133 revision=69
editbox_receipt monotonic_ns=573233181872552 received=133 consumed=133 revision=70
editbox_receipt monotonic_ns=573233278908782 received=133 consumed=133 revision=71
editbox_receipt monotonic_ns=573233376825823 received=133 consumed=133 revision=72
editbox_receipt monotonic_ns=573233485205708 received=133 consumed=133 revision=73
editbox_receipt monotonic_ns=573233585840281 received=133 consumed=133 revision=74
editbox_receipt monotonic_ns=573233681612533 received=133 consumed=133 revision=75
editbox_receipt monotonic_ns=573233779506571 received=133 consumed=133 revision=76
editbox_receipt monotonic_ns=573233920700617 received=133 consumed=133 revision=77
editbox_receipt monotonic_ns=573233985091853 received=133 consumed=133 revision=78
editbox_receipt monotonic_ns=573234082615066 received=133 consumed=133 revision=79
editbox_receipt monotonic_ns=573234203753446 received=133 consumed=133 revision=80
editbox_receipt monotonic_ns=573234302750250 received=133 consumed=133 revision=81
editbox_receipt monotonic_ns=573234402807661 received=133 consumed=133 revision=82
editbox_receipt monotonic_ns=573234498380280 received=133 consumed=133 revision=83
editbox_receipt monotonic_ns=573234607254400 received=133 consumed=133 revision=84
editbox_receipt monotonic_ns=573234702759833 received=133 consumed=133 revision=85
editbox_receipt monotonic_ns=573234801496991 received=133 consumed=133 revision=86
editbox_receipt monotonic_ns=573234921156870 received=133 consumed=133 revision=87
editbox_receipt monotonic_ns=573235007834713 received=133 consumed=133 revision=88
editbox_receipt monotonic_ns=573235114759661 received=133 consumed=133 revision=89
editbox_receipt monotonic_ns=573235212659180 received=133 consumed=133 revision=90
editbox_receipt monotonic_ns=573235317551129 received=133 consumed=133 revision=91
editbox_receipt monotonic_ns=573235400572040 received=133 consumed=133 revision=92
editbox_receipt monotonic_ns=573235503107575 received=133 consumed=133 revision=93
editbox_receipt monotonic_ns=573235611593849 received=133 consumed=133 revision=94
editbox_receipt monotonic_ns=573235707164113 received=133 consumed=133 revision=95
editbox_receipt monotonic_ns=573235804978462 received=133 consumed=133 revision=96
editbox_receipt monotonic_ns=573235923707006 received=133 consumed=133 revision=97
editbox_receipt monotonic_ns=573236009414762 received=133 consumed=133 revision=98
editbox_receipt monotonic_ns=573236107033364 received=133 consumed=133 revision=99
editbox_receipt monotonic_ns=573236208790270 received=133 consumed=133 revision=100
editbox_receipt monotonic_ns=573236306342087 received=133 consumed=133 revision=101
editbox_receipt monotonic_ns=573236405463324 received=133 consumed=133 revision=102
editbox_receipt monotonic_ns=573236503491063 received=133 consumed=133 revision=103
editbox_receipt monotonic_ns=573236610728527 received=133 consumed=133 revision=104
editbox_receipt monotonic_ns=573236711939340 received=133 consumed=133 revision=105
editbox_receipt monotonic_ns=573236808745139 received=133 consumed=133 revision=106
editbox_receipt monotonic_ns=573236915965571 received=133 consumed=133 revision=107
editbox_receipt monotonic_ns=573237001128736 received=133 consumed=133 revision=108
editbox_receipt monotonic_ns=573237107850875 received=133 consumed=133 revision=109
editbox_receipt monotonic_ns=573237205444691 received=133 consumed=133 revision=110
editbox_receipt monotonic_ns=573237302244399 received=133 consumed=133 revision=111
editbox_receipt monotonic_ns=573237401797485 received=133 consumed=133 revision=112
editbox_receipt monotonic_ns=573237499389989 received=133 consumed=133 revision=113
editbox_receipt monotonic_ns=573237607610425 received=133 consumed=133 revision=114
editbox_receipt monotonic_ns=573237706032462 received=133 consumed=133 revision=115
editbox_receipt monotonic_ns=573237812660244 received=133 consumed=133 revision=116
editbox_receipt monotonic_ns=573237910647076 received=133 consumed=133 revision=117
editbox_receipt monotonic_ns=573238006612251 received=133 consumed=133 revision=118
editbox_receipt monotonic_ns=573238103028660 received=133 consumed=133 revision=119
editbox_receipt monotonic_ns=573238199861500 received=133 consumed=133 revision=120
editbox_receipt monotonic_ns=573238298972348 received=133 consumed=133 revision=121
editbox_receipt monotonic_ns=573238409614352 received=133 consumed=133 revision=122
editbox_receipt monotonic_ns=573238517595049 received=133 consumed=133 revision=123
editbox_receipt monotonic_ns=573238621590789 received=133 consumed=133 revision=124
editbox_receipt monotonic_ns=573238712175102 received=133 consumed=133 revision=125
editbox_receipt monotonic_ns=573238807495277 received=133 consumed=133 revision=126
editbox_receipt monotonic_ns=573238904924605 received=133 consumed=133 revision=127
editbox_receipt monotonic_ns=573239002417041 received=133 consumed=133 revision=128
editbox_receipt monotonic_ns=573239101186489 received=133 consumed=133 revision=129
editbox_receipt monotonic_ns=573239206864582 received=133 consumed=133 revision=130
editbox_receipt monotonic_ns=573239307468928 received=133 consumed=133 revision=131
editbox_receipt monotonic_ns=573239403896389 received=133 consumed=133 revision=132
editbox_receipt monotonic_ns=573239502376996 received=133 consumed=133 revision=133
editbox_receipt monotonic_ns=573239612019797 received=133 consumed=133 revision=134
editbox_receipt monotonic_ns=573239699671635 received=133 consumed=133 revision=135
editbox_receipt monotonic_ns=573239798621773 received=133 consumed=133 revision=136
editbox_receipt monotonic_ns=573239907958430 received=133 consumed=133 revision=137
editbox_receipt monotonic_ns=573240005139883 received=133 consumed=133 revision=138
editbox_receipt monotonic_ns=573240112657323 received=133 consumed=133 revision=139
editbox_receipt monotonic_ns=573240209353446 received=133 consumed=133 revision=140
editbox_receipt monotonic_ns=573240307978795 received=133 consumed=133 revision=141
editbox_receipt monotonic_ns=573240406271821 received=133 consumed=133 revision=142
editbox_emit sequence=134 bytes=54 elapsed_us=3555 envelope=@J10000000001000000013403982|JP100000000010000000003R;
suppressed mono_ns=573240433463000 reason=focus-pause-or-neutral
editbox_receipt monotonic_ns=573240503279028 received=134 consumed=134 revision=143
suppressed mono_ns=573240553769000 reason=focus-pause-or-neutral
editbox_receipt monotonic_ns=573240602872090 received=134 consumed=134 revision=144
editbox_receipt monotonic_ns=573240700638329 received=134 consumed=134 revision=145
editbox_receipt monotonic_ns=573240807907613 received=134 consumed=134 revision=146
editbox_receipt monotonic_ns=573240915136782 received=134 consumed=134 revision=147
editbox_receipt monotonic_ns=573241003354681 received=134 consumed=134 revision=148
editbox_receipt monotonic_ns=573241102215811 received=134 consumed=134 revision=149
editbox_receipt monotonic_ns=573241201819653 received=134 consumed=134 revision=150
editbox_receipt monotonic_ns=573241299769877 received=134 consumed=134 revision=151
editbox_receipt monotonic_ns=573241410878124 received=134 consumed=134 revision=152
editbox_receipt monotonic_ns=573241508931461 received=134 consumed=134 revision=153
editbox_receipt monotonic_ns=573241606096744 received=134 consumed=134 revision=154
editbox_receipt monotonic_ns=573241703270773 received=134 consumed=134 revision=155
editbox_receipt monotonic_ns=573241809817604 received=134 consumed=134 revision=156
editbox_receipt monotonic_ns=573241915524130 received=134 consumed=134 revision=157
editbox_receipt monotonic_ns=573242011965236 received=134 consumed=134 revision=158
editbox_receipt monotonic_ns=573242121539329 received=134 consumed=134 revision=159
editbox_receipt monotonic_ns=573242226920636 received=134 consumed=134 revision=160
editbox_receipt monotonic_ns=573242317491764 received=134 consumed=134 revision=161
editbox_receipt monotonic_ns=573242401909413 received=134 consumed=134 revision=162
editbox_receipt monotonic_ns=573242498240182 received=134 consumed=134 revision=163
editbox_receipt monotonic_ns=573242605314321 received=134 consumed=134 revision=164
editbox_receipt monotonic_ns=573242702805124 received=134 consumed=134 revision=165
editbox_receipt monotonic_ns=573242800136989 received=134 consumed=134 revision=166
editbox_receipt monotonic_ns=573242911432177 received=134 consumed=134 revision=167
editbox_receipt monotonic_ns=573243008385142 received=134 consumed=134 revision=168
editbox_receipt monotonic_ns=573243106590374 received=134 consumed=134 revision=169
editbox_receipt monotonic_ns=573243214382748 received=134 consumed=134 revision=170
editbox_receipt monotonic_ns=573243300771640 received=134 consumed=134 revision=171
editbox_receipt monotonic_ns=573243411175909 received=134 consumed=134 revision=172
editbox_receipt monotonic_ns=573243509178210 received=134 consumed=134 revision=173
editbox_receipt monotonic_ns=573243607669488 received=134 consumed=134 revision=174
editbox_receipt monotonic_ns=573243703983756 received=134 consumed=134 revision=175
editbox_receipt monotonic_ns=573243812133390 received=134 consumed=134 revision=176
editbox_receipt monotonic_ns=573243906554602 received=134 consumed=134 revision=177
editbox_receipt monotonic_ns=573244003513889 received=134 consumed=134 revision=178
editbox_receipt monotonic_ns=573244111335258 received=134 consumed=134 revision=179
editbox_receipt monotonic_ns=573244198100606 received=134 consumed=134 revision=180
editbox_receipt monotonic_ns=573244305712662 received=134 consumed=134 revision=181
editbox_receipt monotonic_ns=573244413819857 received=134 consumed=134 revision=182
editbox_receipt monotonic_ns=573244513097167 received=134 consumed=134 revision=183
editbox_receipt monotonic_ns=573244609688916 received=134 consumed=134 revision=184
editbox_receipt monotonic_ns=573244707594076 received=134 consumed=134 revision=185
editbox_receipt monotonic_ns=573244803971883 received=134 consumed=134 revision=186
editbox_receipt monotonic_ns=573244923725249 received=134 consumed=134 revision=187
editbox_receipt monotonic_ns=573245008348913 received=134 consumed=134 revision=188
editbox_receipt monotonic_ns=573245107328957 received=134 consumed=134 revision=189
editbox_receipt monotonic_ns=573245206160743 received=134 consumed=134 revision=190
editbox_receipt monotonic_ns=573245304732080 received=134 consumed=134 revision=191
editbox_receipt monotonic_ns=573245414122349 received=134 consumed=134 revision=192
editbox_receipt monotonic_ns=573245501537584 received=134 consumed=134 revision=193
editbox_receipt monotonic_ns=573245610932982 received=134 consumed=134 revision=194
editbox_receipt monotonic_ns=573245713290895 received=134 consumed=134 revision=195
editbox_receipt monotonic_ns=573245816334121 received=134 consumed=134 revision=196
editbox_receipt monotonic_ns=573245957226944 received=134 consumed=134 revision=197
editbox_receipt monotonic_ns=573246000930830 received=134 consumed=134 revision=198
editbox_receipt monotonic_ns=573246107893160 received=134 consumed=134 revision=199
editbox_receipt monotonic_ns=573246208213595 received=134 consumed=134 revision=200
editbox_receipt monotonic_ns=573246306305444 received=134 consumed=134 revision=201
editbox_receipt monotonic_ns=573246405756270 received=134 consumed=134 revision=202
editbox_receipt monotonic_ns=573246516329295 received=134 consumed=134 revision=203
editbox_receipt monotonic_ns=573246606306741 received=134 consumed=134 revision=204
editbox_receipt monotonic_ns=573246703798325 received=134 consumed=134 revision=205
editbox_emit sequence=135 bytes=54 elapsed_us=2727 envelope=@J10000000001000000013510091|JP100000000010000000003R;
suppressed mono_ns=573246752802000 reason=focus-pause-or-neutral
editbox_receipt monotonic_ns=573246803824790 received=135 consumed=135 revision=206
suppressed mono_ns=573246872994000 reason=focus-pause-or-neutral
control sequence=3 state=RESUME frame=261 epoch_ns=573246954841591 read_ns=573246955741287 uncertainty_ns=1100236 timestamp_resolution_ns=1000000
input_armed=true gameplay_armed=true mono_ns=573246955714868
editbox_emit sequence=136 bytes=47 elapsed_us=3284 envelope=@J10000000001000000013618708|ACK1|3|RESUME|261;
editbox_receipt monotonic_ns=573246963513450 received=135 consumed=135 revision=207
published_frame=261
published_frame=262
editbox_emit sequence=137 bytes=38 elapsed_us=1942 envelope=@J10000000001000000013762429|I421b800;
published_frame=263
editbox_receipt monotonic_ns=573247007162923 received=136 consumed=136 revision=208
published_frame=264
editbox_emit sequence=138 bytes=38 elapsed_us=2295 envelope=@J10000000001000000013839896|I421d800;
published_frame=265
published_frame=266
editbox_emit sequence=139 bytes=38 elapsed_us=2439 envelope=@J10000000001000000013917363|I421f800;
published_frame=267
published_frame=268
editbox_emit sequence=140 bytes=38 elapsed_us=2244 envelope=@J10000000001000000014008047|I421h800;
published_frame=269
editbox_receipt monotonic_ns=573247109284102 received=139 consumed=136 revision=209
published_frame=270
editbox_emit sequence=141 bytes=38 elapsed_us=1993 envelope=@J10000000001000000014151035|I421j800;
published_frame=271
published_frame=272
editbox_emit sequence=142 bytes=38 elapsed_us=2029 envelope=@J10000000001000000014228502|I421l800;
published_frame=273
published_frame=274
editbox_emit sequence=143 bytes=38 elapsed_us=1986 envelope=@J10000000001000000014305969|I421n800;
published_frame=275
editbox_receipt monotonic_ns=573247207104854 received=142 consumed=142 revision=210
published_frame=276
editbox_emit sequence=144 bytes=38 elapsed_us=2220 envelope=@J10000000001000000014448957|I421p800;
published_frame=277
published_frame=278
editbox_emit sequence=145 bytes=38 elapsed_us=2362 envelope=@J10000000001000000014526424|I421r800;
published_frame=279
published_frame=280
editbox_emit sequence=146 bytes=38 elapsed_us=2280 envelope=@J10000000001000000014603891|I421t800;
published_frame=281
editbox_receipt monotonic_ns=573247320136395 received=146 consumed=146 revision=211
published_frame=282
editbox_emit sequence=147 bytes=38 elapsed_us=2149 envelope=@J10000000001000000014746879|I421v800;
published_frame=283
published_frame=284
editbox_emit sequence=148 bytes=38 elapsed_us=2409 envelope=@J10000000001000000014824346|I421x800;
published_frame=285
published_frame=286
editbox_emit sequence=149 bytes=38 elapsed_us=1990 envelope=@J10000000001000000014901813|I421z800;
published_frame=287
editbox_receipt monotonic_ns=573247419577573 received=149 consumed=149 revision=212
published_frame=288
editbox_emit sequence=150 bytes=38 elapsed_us=2047 envelope=@J10000000001000000015058018|I421_800;
published_frame=289
published_frame=290
editbox_emit sequence=151 bytes=38 elapsed_us=2123 envelope=@J10000000001000000015127616|I421X900;
published_frame=291
published_frame=292
editbox_emit sequence=152 bytes=38 elapsed_us=2378 envelope=@J10000000001000000015205083|I421Z900;
published_frame=293
editbox_receipt monotonic_ns=573247516384916 received=152 consumed=152 revision=213
published_frame=294
editbox_emit sequence=153 bytes=38 elapsed_us=2103 envelope=@J10000000001000000015348071|I421b900;
published_frame=295
published_frame=296
editbox_emit sequence=154 bytes=38 elapsed_us=2151 envelope=@J10000000001000000015425538|I421d900;
published_frame=297
published_frame=298
editbox_emit sequence=155 bytes=38 elapsed_us=1921 envelope=@J10000000001000000015503005|I421f900;
published_frame=299
editbox_receipt monotonic_ns=573247613147755 received=154 consumed=154 revision=214
published_frame=300
editbox_emit sequence=156 bytes=38 elapsed_us=2166 envelope=@J10000000001000000015645993|I421h900;
published_frame=301
published_frame=302
editbox_emit sequence=157 bytes=38 elapsed_us=1996 envelope=@J10000000001000000015723460|I421j900;
published_frame=303
published_frame=304
editbox_emit sequence=158 bytes=38 elapsed_us=2547 envelope=@J10000000001000000015800927|I421l900;
published_frame=305
published_frame=306
editbox_emit sequence=159 bytes=38 elapsed_us=2062 envelope=@J10000000001000000015943915|I421n900;
editbox_receipt monotonic_ns=573247726516829 received=157 consumed=157 revision=215
published_frame=307
published_frame=308
editbox_emit sequence=160 bytes=38 elapsed_us=2410 envelope=@J10000000001000000016034599|I421p900;
published_frame=309
published_frame=310
editbox_emit sequence=161 bytes=38 elapsed_us=1939 envelope=@J10000000001000000016112066|I421r900;
published_frame=311
editbox_receipt monotonic_ns=573247814318829 received=160 consumed=160 revision=216
published_frame=312
editbox_emit sequence=162 bytes=38 elapsed_us=2063 envelope=@J10000000001000000016255054|I421t900;
published_frame=313
published_frame=314
editbox_emit sequence=163 bytes=38 elapsed_us=2476 envelope=@J10000000001000000016332521|I421v900;
published_frame=315
published_frame=316
editbox_emit sequence=164 bytes=38 elapsed_us=2006 envelope=@J10000000001000000016409988|I421x900;
published_frame=317
published_frame=318
editbox_emit sequence=165 bytes=38 elapsed_us=1947 envelope=@J10000000001000000016552976|I421z900;
published_frame=319
published_frame=320
editbox_emit sequence=166 bytes=38 elapsed_us=1938 envelope=@J10000000001000000016630443|I421_900;
published_frame=321
editbox_receipt monotonic_ns=573247986896799 received=165 consumed=165 revision=217
published_frame=322
editbox_emit sequence=167 bytes=38 elapsed_us=2105 envelope=@J10000000001000000016700041|I421XA00;
published_frame=323
published_frame=324
editbox_emit sequence=168 bytes=38 elapsed_us=2181 envelope=@J10000000001000000016843029|I421ZA00;
published_frame=325
editbox_receipt monotonic_ns=573248040490715 received=167 consumed=167 revision=218
published_frame=326
editbox_emit sequence=169 bytes=38 elapsed_us=2359 envelope=@J10000000001000000016920496|I421bA00;
published_frame=327
published_frame=328
editbox_emit sequence=170 bytes=38 elapsed_us=2058 envelope=@J10000000001000000017011180|I421dA00;
published_frame=329
published_frame=330
editbox_emit sequence=171 bytes=38 elapsed_us=2098 envelope=@J10000000001000000017154168|I421fA00;
editbox_receipt monotonic_ns=573248126301995 received=170 consumed=170 revision=219
published_frame=331
published_frame=332
editbox_emit sequence=172 bytes=38 elapsed_us=2177 envelope=@J10000000001000000017231635|I421hA00;
published_frame=333
published_frame=334
editbox_emit sequence=173 bytes=38 elapsed_us=2342 envelope=@J10000000001000000017309102|I421jA00;
published_frame=335
published_frame=336
editbox_emit sequence=174 bytes=38 elapsed_us=2114 envelope=@J10000000001000000017452090|I421lA00;
editbox_receipt monotonic_ns=573248225527679 received=172 consumed=172 revision=220
published_frame=337
published_frame=338
editbox_emit sequence=175 bytes=38 elapsed_us=2384 envelope=@J10000000001000000017529557|I421nA00;
published_frame=339
published_frame=340
editbox_emit sequence=176 bytes=38 elapsed_us=2057 envelope=@J10000000001000000017607024|I421pA00;
published_frame=341
editbox_receipt monotonic_ns=573248315184124 received=175 consumed=175 revision=221
published_frame=342
editbox_emit sequence=177 bytes=38 elapsed_us=2482 envelope=@J10000000001000000017750012|I421rA00;
published_frame=343
published_frame=344
editbox_emit sequence=178 bytes=38 elapsed_us=2159 envelope=@J10000000001000000017827479|I421tA00;
published_frame=345
published_frame=346
editbox_emit sequence=179 bytes=38 elapsed_us=2203 envelope=@J10000000001000000017904946|I421vA00;
published_frame=347
editbox_receipt monotonic_ns=573248414894406 received=178 consumed=178 revision=222
published_frame=348
editbox_emit sequence=180 bytes=38 elapsed_us=2110 envelope=@J10000000001000000018061151|I421xA00;
published_frame=349
published_frame=350
editbox_emit sequence=181 bytes=38 elapsed_us=2221 envelope=@J10000000001000000018138618|I421zA00;
published_frame=351
published_frame=352
editbox_emit sequence=182 bytes=38 elapsed_us=2287 envelope=@J10000000001000000018216085|I421_A00;
published_frame=353
editbox_receipt monotonic_ns=573248517329323 received=182 consumed=182 revision=223
published_frame=354
editbox_emit sequence=183 bytes=38 elapsed_us=2310 envelope=@J10000000001000000018351204|I421XB00;
published_frame=355
published_frame=356
editbox_emit sequence=184 bytes=38 elapsed_us=3181 envelope=@J10000000001000000018428671|I421ZB00;
published_frame=357
published_frame=358
editbox_emit sequence=185 bytes=38 elapsed_us=2283 envelope=@J10000000001000000018506138|I421bB00;
published_frame=359
editbox_receipt monotonic_ns=573248614837819 received=184 consumed=184 revision=224
published_frame=360
editbox_emit sequence=186 bytes=38 elapsed_us=2973 envelope=@J10000000001000000018649126|I421dB00;
published_frame=361
published_frame=362
editbox_emit sequence=187 bytes=38 elapsed_us=3211 envelope=@J10000000001000000018726593|I421fB00;
published_frame=363
published_frame=364
editbox_emit sequence=188 bytes=38 elapsed_us=2150 envelope=@J10000000001000000018804060|I421hB00;
published_frame=365
editbox_receipt monotonic_ns=573248719331924 received=187 consumed=187 revision=225
published_frame=366
editbox_emit sequence=189 bytes=38 elapsed_us=2042 envelope=@J10000000001000000018947048|I421jB00;
published_frame=367
published_frame=368
editbox_emit sequence=190 bytes=38 elapsed_us=2186 envelope=@J10000000001000000019037732|I421lB00;
published_frame=369
published_frame=370
editbox_emit sequence=191 bytes=38 elapsed_us=2356 envelope=@J10000000001000000019115199|I421nB00;
published_frame=371
editbox_receipt monotonic_ns=573248817778789 received=190 consumed=190 revision=226
published_frame=372
editbox_emit sequence=192 bytes=38 elapsed_us=2488 envelope=@J10000000001000000019258187|I421pB00;
published_frame=373
published_frame=374
editbox_emit sequence=193 bytes=38 elapsed_us=2187 envelope=@J10000000001000000019335654|I421rB00;
published_frame=375
published_frame=376
editbox_emit sequence=194 bytes=38 elapsed_us=2603 envelope=@J10000000001000000019413121|I421tB00;
published_frame=377
published_frame=378
editbox_emit sequence=195 bytes=38 elapsed_us=2010 envelope=@J10000000001000000019556109|I421vB00;
published_frame=379
published_frame=380
editbox_emit sequence=196 bytes=38 elapsed_us=2346 envelope=@J10000000001000000019633576|I421xB00;
published_frame=381
published_frame=382
editbox_emit sequence=197 bytes=38 elapsed_us=2087 envelope=@J10000000001000000019711043|I421zB00;
editbox_receipt monotonic_ns=573248991870706 received=195 consumed=195 revision=227
published_frame=383
published_frame=384
editbox_emit sequence=198 bytes=38 elapsed_us=2141 envelope=@J10000000001000000019854031|I421_B00;
editbox_receipt monotonic_ns=573249033416738 received=197 consumed=196 revision=228
published_frame=385
published_frame=386
editbox_emit sequence=199 bytes=38 elapsed_us=2183 envelope=@J10000000001000000019923629|I421XC00;
published_frame=387
published_frame=388
editbox_emit sequence=200 bytes=38 elapsed_us=2458 envelope=@J10000000001000000020055730|I421ZC00;
published_frame=389
published_frame=390
editbox_emit sequence=201 bytes=38 elapsed_us=2409 envelope=@J10000000001000000020133197|I421bC00;
editbox_receipt monotonic_ns=573249130441970 received=199 consumed=199 revision=229
published_frame=391
published_frame=392
editbox_emit sequence=202 bytes=38 elapsed_us=2002 envelope=@J10000000001000000020210664|I421dC00;
published_frame=393
published_frame=394
editbox_emit sequence=203 bytes=38 elapsed_us=2130 envelope=@J10000000001000000020353652|I421fC00;
published_frame=395
published_frame=396
editbox_emit sequence=204 bytes=38 elapsed_us=2627 envelope=@J10000000001000000020431119|I421hC00;
editbox_receipt monotonic_ns=573249228626323 received=202 consumed=202 revision=230
published_frame=397
published_frame=398
editbox_emit sequence=205 bytes=38 elapsed_us=1979 envelope=@J10000000001000000020508586|I421jC00;
published_frame=399
published_frame=400
editbox_emit sequence=206 bytes=38 elapsed_us=2049 envelope=@J10000000001000000020651574|I421lC00;
published_frame=401
editbox_receipt monotonic_ns=573249314960903 received=205 consumed=205 revision=231
published_frame=402
editbox_emit sequence=207 bytes=38 elapsed_us=2069 envelope=@J10000000001000000020729041|I421nC00;
published_frame=403
published_frame=404
editbox_emit sequence=208 bytes=38 elapsed_us=2304 envelope=@J10000000001000000020806508|I421pC00;
published_frame=405
published_frame=406
editbox_emit sequence=209 bytes=38 elapsed_us=2348 envelope=@J10000000001000000020949496|I421rC00;
published_frame=407
published_frame=408
editbox_receipt monotonic_ns=573249422836825 received=208 consumed=208 revision=232
editbox_emit sequence=210 bytes=38 elapsed_us=2038 envelope=@J10000000001000000021040180|I421tC00;
published_frame=409
published_frame=410
editbox_emit sequence=211 bytes=38 elapsed_us=2206 envelope=@J10000000001000000021117647|I421vC00;
published_frame=411
published_frame=412
editbox_emit sequence=212 bytes=38 elapsed_us=2110 envelope=@J10000000001000000021260635|I421xC00;
published_frame=413
editbox_receipt monotonic_ns=573249519924683 received=212 consumed=212 revision=233
published_frame=414
editbox_emit sequence=213 bytes=38 elapsed_us=1967 envelope=@J10000000001000000021338102|I421zC00;
published_frame=415
published_frame=416
editbox_emit sequence=214 bytes=38 elapsed_us=3294 envelope=@J10000000001000000021415569|I421_C00;
published_frame=417
published_frame=418
editbox_emit sequence=215 bytes=38 elapsed_us=2354 envelope=@J10000000001000000021550688|I421XD00;
published_frame=419
published_frame=420
editbox_emit sequence=216 bytes=38 elapsed_us=3693 envelope=@J10000000001000000021628155|I421ZD00;
editbox_receipt monotonic_ns=573249631572021 received=214 consumed=214 revision=234
published_frame=421
published_frame=422
editbox_emit sequence=217 bytes=38 elapsed_us=3084 envelope=@J10000000001000000021705622|I421bD00;
published_frame=423
published_frame=424
editbox_emit sequence=218 bytes=38 elapsed_us=2429 envelope=@J10000000001000000021848610|I421dD00;
published_frame=425
published_frame=426
editbox_emit sequence=219 bytes=38 elapsed_us=2925 envelope=@J10000000001000000021926077|I421fD00;
published_frame=427
editbox_receipt monotonic_ns=573249750736724 received=217 consumed=217 revision=235
published_frame=428
editbox_emit sequence=220 bytes=38 elapsed_us=2342 envelope=@J10000000001000000022016761|I421hD00;
published_frame=429
published_frame=430
editbox_emit sequence=221 bytes=38 elapsed_us=2276 envelope=@J10000000001000000022159749|I421jD00;
published_frame=431
editbox_receipt monotonic_ns=573249816586724 received=220 consumed=220 revision=236
published_frame=432
editbox_emit sequence=222 bytes=38 elapsed_us=2259 envelope=@J10000000001000000022237216|I421lD00;
published_frame=433
published_frame=434
editbox_emit sequence=223 bytes=38 elapsed_us=2232 envelope=@J10000000001000000022314683|I421nD00;
published_frame=435
published_frame=436
editbox_emit sequence=224 bytes=38 elapsed_us=2222 envelope=@J10000000001000000022457671|I421pD00;
published_frame=437
published_frame=438
editbox_emit sequence=225 bytes=38 elapsed_us=2045 envelope=@J10000000001000000022535138|I421rD00;
published_frame=439
published_frame=440
editbox_emit sequence=226 bytes=38 elapsed_us=7428 envelope=@J10000000001000000022612605|I421tD00;
published_frame=441
published_frame=442
editbox_emit sequence=227 bytes=38 elapsed_us=5913 envelope=@J10000000001000000022755593|I421vD00;
published_frame=443
editbox_receipt monotonic_ns=573250009027240 received=225 consumed=225 revision=237
published_frame=444
editbox_emit sequence=228 bytes=38 elapsed_us=5923 envelope=@J10000000001000000022833060|I421xD00;
published_frame=445
published_frame=446
editbox_emit sequence=229 bytes=38 elapsed_us=5657 envelope=@J10000000001000000022910527|I421zD00;
published_frame=447
published_frame=448
editbox_emit sequence=230 bytes=38 elapsed_us=3756 envelope=@J10000000001000000023001211|I421_D00;
published_frame=449
published_frame=450
editbox_emit sequence=231 bytes=38 elapsed_us=4368 envelope=@J10000000001000000023136330|I421XE00;
published_frame=451
published_frame=452
editbox_emit sequence=232 bytes=38 elapsed_us=3378 envelope=@J10000000001000000023213797|I421ZE00;
published_frame=453
published_frame=454
editbox_emit sequence=233 bytes=38 elapsed_us=2961 envelope=@J10000000001000000023356785|I421bE00;
published_frame=455
published_frame=456
editbox_emit sequence=234 bytes=38 elapsed_us=2618 envelope=@J10000000001000000023434252|I421dE00;
published_frame=457
published_frame=458
editbox_emit sequence=235 bytes=38 elapsed_us=2026 envelope=@J10000000001000000023511719|I421fE00;
editbox_emit sequence=226 bytes=38 elapsed_us=2292 envelope=@J10000000001000000022612605|I421tD00;
published_frame=459
published_frame=460
published_frame=461
published_frame=462
editbox_receipt monotonic_ns=573250329642811 received=235 consumed=227 revision=238
editbox_emit sequence=236 bytes=38 elapsed_us=2395 envelope=@J10000000001000000023654707|I421hE00;
editbox_emit sequence=237 bytes=38 elapsed_us=2095 envelope=@J10000000001000000023732174|I421jE00;
published_frame=463
published_frame=464
editbox_emit sequence=238 bytes=38 elapsed_us=2838 envelope=@J10000000001000000023809641|I421lE00;
published_frame=465
editbox_receipt monotonic_ns=573250384150750 received=235 consumed=233 revision=239
published_frame=466
editbox_emit sequence=239 bytes=38 elapsed_us=2177 envelope=@J10000000001000000023952629|I421nE00;
published_frame=467
editbox_receipt monotonic_ns=573250415996878 received=235 consumed=235 revision=240
published_frame=468
editbox_emit sequence=240 bytes=38 elapsed_us=2178 envelope=@J10000000001000000024043313|I421pE00;
published_frame=469
editbox_receipt monotonic_ns=573250448162335 received=235 consumed=235 revision=241
published_frame=470
editbox_emit sequence=241 bytes=38 elapsed_us=2035 envelope=@J10000000001000000024120780|I421rE00;
published_frame=471
published_frame=472
editbox_emit sequence=242 bytes=38 elapsed_us=2220 envelope=@J10000000001000000024263768|I421tE00;
published_frame=473
published_frame=474
editbox_emit sequence=243 bytes=38 elapsed_us=2814 envelope=@J10000000001000000024341235|I421vE00;
published_frame=475
published_frame=476
editbox_emit sequence=244 bytes=38 elapsed_us=2206 envelope=@J10000000001000000024418702|I421xE00;
editbox_receipt monotonic_ns=573250559795246 received=242 consumed=240 revision=242
published_frame=477
published_frame=478
editbox_emit sequence=245 bytes=38 elapsed_us=2167 envelope=@J10000000001000000024561690|I421zE00;
editbox_receipt monotonic_ns=573250592698115 received=242 consumed=242 revision=243
published_frame=479
published_frame=480
editbox_emit sequence=246 bytes=38 elapsed_us=2097 envelope=@J10000000001000000024639157|I421_E00;
published_frame=481
published_frame=482
editbox_emit sequence=247 bytes=38 elapsed_us=2201 envelope=@J10000000001000000024708755|I421XF00;
editbox_receipt monotonic_ns=573250659350999 received=245 consumed=245 revision=244
published_frame=483
published_frame=484
editbox_emit sequence=248 bytes=38 elapsed_us=2304 envelope=@J10000000001000000024851743|I421ZF00;
published_frame=485
published_frame=486
editbox_emit sequence=249 bytes=38 elapsed_us=2744 envelope=@J10000000001000000024929210|I421bF00;
published_frame=487
editbox_receipt monotonic_ns=573250748778935 received=248 consumed=248 revision=245
published_frame=488
editbox_emit sequence=250 bytes=38 elapsed_us=2792 envelope=@J10000000001000000025019894|I421dF00;
published_frame=489
published_frame=490
editbox_emit sequence=251 bytes=38 elapsed_us=2250 envelope=@J10000000001000000025162882|I421fF00;
published_frame=491
published_frame=492
editbox_emit sequence=252 bytes=38 elapsed_us=2197 envelope=@J10000000001000000025240349|I421hF00;
editbox_receipt monotonic_ns=573250825732339 received=250 consumed=250 revision=246
published_frame=493
published_frame=494
editbox_emit sequence=253 bytes=38 elapsed_us=2462 envelope=@J10000000001000000025317816|I421jF00;
published_frame=495
published_frame=496
editbox_emit sequence=254 bytes=38 elapsed_us=1964 envelope=@J10000000001000000025460804|I421lF00;
published_frame=497
published_frame=498
editbox_emit sequence=255 bytes=38 elapsed_us=2417 envelope=@J10000000001000000025538271|I421nF00;
published_frame=499
published_frame=500
editbox_emit sequence=256 bytes=38 elapsed_us=2079 envelope=@J10000000001000000025615738|I421pF00;
published_frame=501
editbox_receipt monotonic_ns=573250979493674 received=255 consumed=255 revision=247
published_frame=502
editbox_emit sequence=257 bytes=38 elapsed_us=2048 envelope=@J10000000001000000025758726|I421rF00;
published_frame=503
published_frame=504
editbox_emit sequence=258 bytes=38 elapsed_us=2371 envelope=@J10000000001000000025836193|I421tF00;
editbox_receipt monotonic_ns=573251036573391 received=257 consumed=257 revision=248
published_frame=505
published_frame=506
editbox_emit sequence=259 bytes=38 elapsed_us=2332 envelope=@J10000000001000000025913660|I421vF00;
published_frame=507
published_frame=508
editbox_emit sequence=260 bytes=38 elapsed_us=2574 envelope=@J10000000001000000026004344|I421xF00;
published_frame=509
editbox_receipt monotonic_ns=573251115258960 received=259 consumed=259 revision=249
published_frame=510
editbox_emit sequence=261 bytes=38 elapsed_us=2541 envelope=@J10000000001000000026147332|I421zF00;
published_frame=511
published_frame=512
editbox_emit sequence=262 bytes=38 elapsed_us=2008 envelope=@J10000000001000000026224799|I421_F00;
published_frame=513
published_frame=514
editbox_emit sequence=263 bytes=38 elapsed_us=2739 envelope=@J10000000001000000026359918|I421XG00;
published_frame=515
editbox_receipt monotonic_ns=573251215120065 received=262 consumed=262 revision=250
published_frame=516
editbox_emit sequence=264 bytes=38 elapsed_us=3859 envelope=@J10000000001000000026437385|I421ZG00;
published_frame=517
published_frame=518
editbox_emit sequence=265 bytes=38 elapsed_us=2744 envelope=@J10000000001000000026514852|I421bG00;
published_frame=519
published_frame=520
editbox_emit sequence=266 bytes=38 elapsed_us=2083 envelope=@J10000000001000000026657840|I421dG00;
published_frame=521
editbox_receipt monotonic_ns=573251314485020 received=265 consumed=265 revision=251
published_frame=522
editbox_emit sequence=267 bytes=38 elapsed_us=2449 envelope=@J10000000001000000026735307|I421fG00;
published_frame=523
published_frame=524
editbox_emit sequence=268 bytes=38 elapsed_us=2552 envelope=@J10000000001000000026812774|I421hG00;
published_frame=525
published_frame=526
editbox_emit sequence=269 bytes=38 elapsed_us=2020 envelope=@J10000000001000000026955762|I421jG00;
published_frame=527
editbox_receipt monotonic_ns=573251414751685 received=268 consumed=268 revision=252
published_frame=528
editbox_emit sequence=270 bytes=38 elapsed_us=2000 envelope=@J10000000001000000027046446|I421lG00;
published_frame=529
published_frame=530
editbox_emit sequence=271 bytes=38 elapsed_us=2437 envelope=@J10000000001000000027123913|I421nG00;
published_frame=531
published_frame=532
editbox_emit sequence=272 bytes=38 elapsed_us=2159 envelope=@J10000000001000000027201380|I421pG00;
published_frame=533
editbox_receipt monotonic_ns=573251506099659 received=271 consumed=271 revision=253
published_frame=534
editbox_emit sequence=273 bytes=38 elapsed_us=2038 envelope=@J10000000001000000027344368|I421rG00;
published_frame=535
published_frame=536
editbox_emit sequence=274 bytes=38 elapsed_us=2035 envelope=@J10000000001000000027421835|I421tG00;
published_frame=537
published_frame=538
editbox_emit sequence=275 bytes=38 elapsed_us=2108 envelope=@J10000000001000000027564823|I421vG00;
published_frame=539
editbox_receipt monotonic_ns=573251615847809 received=274 consumed=274 revision=254
published_frame=540
editbox_emit sequence=276 bytes=38 elapsed_us=2397 envelope=@J10000000001000000027642290|I421xG00;
published_frame=541
published_frame=542
editbox_emit sequence=277 bytes=38 elapsed_us=3855 envelope=@J10000000001000000027719757|I421zG00;
published_frame=543
published_frame=544
editbox_emit sequence=278 bytes=38 elapsed_us=2536 envelope=@J10000000001000000027862745|I421_G00;
published_frame=545
editbox_receipt monotonic_ns=573251707859707 received=277 consumed=277 revision=255
published_frame=546
editbox_emit sequence=279 bytes=38 elapsed_us=2896 envelope=@J10000000001000000027932343|I421XH00;
published_frame=547
published_frame=548
editbox_emit sequence=280 bytes=38 elapsed_us=2440 envelope=@J10000000001000000028023027|I421ZH00;
published_frame=549
published_frame=550
editbox_emit sequence=281 bytes=38 elapsed_us=2366 envelope=@J10000000001000000028100494|I421bH00;
published_frame=551
editbox_receipt monotonic_ns=573251816444156 received=280 consumed=280 revision=256
published_frame=552
editbox_emit sequence=282 bytes=38 elapsed_us=2501 envelope=@J10000000001000000028243482|I421dH00;
published_frame=553
published_frame=554
editbox_emit sequence=283 bytes=38 elapsed_us=2292 envelope=@J10000000001000000028320949|I421fH00;
published_frame=555
published_frame=556
editbox_emit sequence=284 bytes=38 elapsed_us=2077 envelope=@J10000000001000000028463937|I421hH00;
published_frame=557
published_frame=558
editbox_emit sequence=285 bytes=38 elapsed_us=2217 envelope=@J10000000001000000028541404|I421jH00;
published_frame=559
published_frame=560
editbox_emit sequence=286 bytes=38 elapsed_us=2011 envelope=@J10000000001000000028618871|I421lH00;
published_frame=561
editbox_receipt monotonic_ns=573251980168368 received=285 consumed=285 revision=257
published_frame=562
editbox_emit sequence=287 bytes=38 elapsed_us=2226 envelope=@J10000000001000000028761859|I421nH00;
published_frame=563
published_frame=564
editbox_emit sequence=288 bytes=38 elapsed_us=1936 envelope=@J10000000001000000028839326|I421pH00;
editbox_receipt monotonic_ns=573252026025628 received=287 consumed=287 revision=258
published_frame=565
published_frame=566
editbox_emit sequence=289 bytes=38 elapsed_us=2004 envelope=@J10000000001000000028916793|I421rH00;
published_frame=567
published_frame=568
editbox_emit sequence=290 bytes=38 elapsed_us=1964 envelope=@J10000000001000000029007477|I421tH00;
published_frame=569
editbox_receipt monotonic_ns=573252114642235 received=289 consumed=289 revision=259
published_frame=570
editbox_emit sequence=291 bytes=38 elapsed_us=2511 envelope=@J10000000001000000029150465|I421vH00;
published_frame=571
published_frame=572
editbox_emit sequence=292 bytes=38 elapsed_us=2125 envelope=@J10000000001000000029227932|I421xH00;
published_frame=573
published_frame=574
editbox_emit sequence=293 bytes=38 elapsed_us=2297 envelope=@J10000000001000000029305399|I421zH00;
published_frame=575
editbox_receipt monotonic_ns=573252215810709 received=292 consumed=292 revision=260
published_frame=576
editbox_emit sequence=294 bytes=38 elapsed_us=2591 envelope=@J10000000001000000029448387|I421_H00;
published_frame=577
published_frame=578
editbox_emit sequence=295 bytes=38 elapsed_us=2287 envelope=@J10000000001000000029517985|I421XI00;
published_frame=579
published_frame=580
editbox_emit sequence=296 bytes=38 elapsed_us=2167 envelope=@J10000000001000000029660973|I421ZI00;
published_frame=581
editbox_receipt monotonic_ns=573252315498459 received=295 consumed=295 revision=261
published_frame=582
editbox_emit sequence=297 bytes=38 elapsed_us=2033 envelope=@J10000000001000000029738440|I421bI00;
published_frame=583
published_frame=584
editbox_emit sequence=298 bytes=38 elapsed_us=2097 envelope=@J10000000001000000029815907|I421dI00;
published_frame=585
published_frame=586
editbox_emit sequence=299 bytes=38 elapsed_us=1995 envelope=@J10000000001000000029958895|I421fI00;
published_frame=587
editbox_receipt monotonic_ns=573252413883689 received=298 consumed=298 revision=262
published_frame=588
editbox_emit sequence=300 bytes=38 elapsed_us=2025 envelope=@J10000000001000000030025475|I421hI00;
published_frame=589
published_frame=590
editbox_emit sequence=301 bytes=38 elapsed_us=2086 envelope=@J10000000001000000030102942|I421jI00;
published_frame=591
published_frame=592
editbox_emit sequence=302 bytes=38 elapsed_us=2490 envelope=@J10000000001000000030245930|I421lI00;
published_frame=593
editbox_receipt monotonic_ns=573252520313501 received=301 consumed=301 revision=263
published_frame=594
editbox_emit sequence=303 bytes=38 elapsed_us=1966 envelope=@J10000000001000000030323397|I421nI00;
published_frame=595
published_frame=596
editbox_emit sequence=304 bytes=38 elapsed_us=2332 envelope=@J10000000001000000030400864|I421pI00;
published_frame=597
published_frame=598
editbox_emit sequence=305 bytes=38 elapsed_us=2200 envelope=@J10000000001000000030543852|I421rI00;
published_frame=599
editbox_receipt monotonic_ns=573252616507685 received=304 consumed=304 revision=264
published_frame=600
editbox_emit sequence=306 bytes=38 elapsed_us=2291 envelope=@J10000000001000000030621319|I421tI00;
published_frame=601
published_frame=602
editbox_emit sequence=307 bytes=38 elapsed_us=2492 envelope=@J10000000001000000030764307|I421vI00;
published_frame=603
published_frame=604
editbox_emit sequence=308 bytes=38 elapsed_us=2290 envelope=@J10000000001000000030841774|I421xI00;
published_frame=605
editbox_receipt monotonic_ns=573252717200188 received=307 consumed=307 revision=265
published_frame=606
editbox_emit sequence=309 bytes=38 elapsed_us=2060 envelope=@J10000000001000000030919241|I421zI00;
published_frame=607
published_frame=608
editbox_emit sequence=310 bytes=38 elapsed_us=3709 envelope=@J10000000001000000031009925|I421_I00;
published_frame=609
published_frame=610
editbox_emit sequence=311 bytes=38 elapsed_us=5882 envelope=@J10000000001000000031145044|I421XJ00;
published_frame=611
published_frame=612
editbox_emit sequence=312 bytes=38 elapsed_us=2158 envelope=@J10000000001000000031222511|I421ZJ00;
editbox_receipt monotonic_ns=573252829512913 received=310 consumed=310 revision=266
published_frame=613
published_frame=614
editbox_emit sequence=313 bytes=38 elapsed_us=2251 envelope=@J10000000001000000031365499|I421bJ00;
published_frame=615
published_frame=616
editbox_emit sequence=314 bytes=38 elapsed_us=2599 envelope=@J10000000001000000031442966|I421dJ00;
published_frame=617
published_frame=618
editbox_emit sequence=315 bytes=38 elapsed_us=2226 envelope=@J10000000001000000031520433|I421fJ00;
published_frame=619
published_frame=620
editbox_emit sequence=316 bytes=38 elapsed_us=2239 envelope=@J10000000001000000031663421|I421hJ00;
published_frame=621
published_frame=622
editbox_emit sequence=317 bytes=38 elapsed_us=2146 envelope=@J10000000001000000031740888|I421jJ00;
editbox_receipt monotonic_ns=573252992839129 received=316 consumed=314 revision=267
published_frame=623
published_frame=624
editbox_emit sequence=318 bytes=38 elapsed_us=2014 envelope=@J10000000001000000031818355|I421lJ00;
published_frame=625
editbox_receipt monotonic_ns=573253047695972 received=316 consumed=316 revision=268
published_frame=626
editbox_emit sequence=319 bytes=38 elapsed_us=1969 envelope=@J10000000001000000031961343|I421nJ00;
published_frame=627
published_frame=628
editbox_emit sequence=320 bytes=38 elapsed_us=2063 envelope=@J10000000001000000032052027|I421pJ00;
published_frame=629
published_frame=630
editbox_emit sequence=321 bytes=38 elapsed_us=2330 envelope=@J10000000001000000032129494|I421rJ00;
editbox_receipt monotonic_ns=573253125719150 received=319 consumed=319 revision=269
published_frame=631
published_frame=632
editbox_emit sequence=322 bytes=38 elapsed_us=2052 envelope=@J10000000001000000032206961|I421tJ00;
published_frame=633
published_frame=634
editbox_emit sequence=323 bytes=38 elapsed_us=2201 envelope=@J10000000001000000032349949|I421vJ00;
published_frame=635
editbox_receipt monotonic_ns=573253213170394 received=322 consumed=322 revision=270
published_frame=636
editbox_emit sequence=324 bytes=38 elapsed_us=2105 envelope=@J10000000001000000032427416|I421xJ00;
published_frame=637
published_frame=638
editbox_emit sequence=325 bytes=38 elapsed_us=2044 envelope=@J10000000001000000032504883|I421zJ00;
published_frame=639
published_frame=640
editbox_emit sequence=326 bytes=38 elapsed_us=2893 envelope=@J10000000001000000032647871|I421_J00;
published_frame=641
editbox_receipt monotonic_ns=573253316609342 received=326 consumed=326 revision=271
published_frame=642
editbox_emit sequence=327 bytes=38 elapsed_us=1993 envelope=@J10000000001000000032717469|I421XK00;
published_frame=643
published_frame=644
editbox_emit sequence=328 bytes=38 elapsed_us=1984 envelope=@J10000000001000000032860457|I421ZK00;
published_frame=645
published_frame=646
editbox_emit sequence=329 bytes=38 elapsed_us=1985 envelope=@J10000000001000000032937924|I421bK00;
published_frame=647
editbox_receipt monotonic_ns=573253416984841 received=328 consumed=328 revision=272
published_frame=648
editbox_emit sequence=330 bytes=38 elapsed_us=2001 envelope=@J10000000001000000033028608|I421dK00;
published_frame=649
published_frame=650
editbox_emit sequence=331 bytes=38 elapsed_us=2098 envelope=@J10000000001000000033106075|I421fK00;
published_frame=651
published_frame=652
editbox_emit sequence=332 bytes=38 elapsed_us=2432 envelope=@J10000000001000000033249063|I421hK00;
published_frame=653
editbox_receipt monotonic_ns=573253516878928 received=331 consumed=331 revision=273
published_frame=654
editbox_emit sequence=333 bytes=38 elapsed_us=2312 envelope=@J10000000001000000033326530|I421jK00;
published_frame=655
published_frame=656
editbox_emit sequence=334 bytes=38 elapsed_us=1973 envelope=@J10000000001000000033403997|I421lK00;
published_frame=657
published_frame=658
editbox_emit sequence=335 bytes=38 elapsed_us=2249 envelope=@J10000000001000000033546985|I421nK00;
published_frame=659
published_frame=660
editbox_emit sequence=336 bytes=38 elapsed_us=2433 envelope=@J10000000001000000033624452|I421pK00;
editbox_receipt monotonic_ns=573253627510342 received=334 consumed=334 revision=274
published_frame=661
published_frame=662
editbox_emit sequence=337 bytes=38 elapsed_us=2169 envelope=@J10000000001000000033701919|I421rK00;
published_frame=663
published_frame=664
editbox_emit sequence=338 bytes=38 elapsed_us=2092 envelope=@J10000000001000000033844907|I421tK00;
published_frame=665
published_frame=666
editbox_receipt monotonic_ns=573253724863729 received=337 consumed=337 revision=275
editbox_emit sequence=339 bytes=38 elapsed_us=2066 envelope=@J10000000001000000033922374|I421vK00;
published_frame=667
published_frame=668
editbox_emit sequence=340 bytes=38 elapsed_us=2498 envelope=@J10000000001000000034013058|I421xK00;
published_frame=669
published_frame=670
editbox_emit sequence=341 bytes=38 elapsed_us=2481 envelope=@J10000000001000000034156046|I421zK00;
published_frame=671
editbox_receipt monotonic_ns=573253822612526 received=340 consumed=340 revision=276
published_frame=672
editbox_emit sequence=342 bytes=38 elapsed_us=2116 envelope=@J10000000001000000034233513|I421_K00;
published_frame=673
published_frame=674
editbox_emit sequence=343 bytes=38 elapsed_us=2143 envelope=@J10000000001000000034303111|I421XL00;
published_frame=675
published_frame=676
editbox_emit sequence=344 bytes=38 elapsed_us=2014 envelope=@J10000000001000000034446099|I421ZL00;
published_frame=677
published_frame=678
editbox_emit sequence=345 bytes=38 elapsed_us=2034 envelope=@J10000000001000000034523566|I421bL00;
published_frame=679
published_frame=680
editbox_emit sequence=346 bytes=38 elapsed_us=2059 envelope=@J10000000001000000034601033|I421dL00;
published_frame=681
published_frame=682
editbox_emit sequence=347 bytes=38 elapsed_us=2119 envelope=@J10000000001000000034744021|I421fL00;
editbox_receipt monotonic_ns=573253992458758 received=346 consumed=344 revision=277
published_frame=683
published_frame=684
editbox_emit sequence=348 bytes=38 elapsed_us=1957 envelope=@J10000000001000000034821488|I421hL00;
published_frame=685
published_frame=686
editbox_emit sequence=349 bytes=38 elapsed_us=1974 envelope=@J10000000001000000034964476|I421jL00;
editbox_receipt monotonic_ns=573254058524472 received=346 consumed=346 revision=278
published_frame=687
published_frame=688
editbox_emit sequence=350 bytes=38 elapsed_us=1989 envelope=@J10000000001000000035055160|I421lL00;
published_frame=689
published_frame=690
editbox_emit sequence=351 bytes=38 elapsed_us=2045 envelope=@J10000000001000000035132627|I421nL00;
editbox_receipt monotonic_ns=573254125626709 received=349 consumed=349 revision=279
published_frame=691
published_frame=692
editbox_emit sequence=352 bytes=38 elapsed_us=2108 envelope=@J10000000001000000035210094|I421pL00;
published_frame=693
published_frame=694
editbox_emit sequence=353 bytes=38 elapsed_us=2297 envelope=@J10000000001000000035353082|I421rL00;
published_frame=695
editbox_receipt monotonic_ns=573254214357740 received=352 consumed=352 revision=280
published_frame=696
editbox_emit sequence=354 bytes=38 elapsed_us=2040 envelope=@J10000000001000000035430549|I421tL00;
published_frame=697
published_frame=698
editbox_emit sequence=355 bytes=38 elapsed_us=2093 envelope=@J10000000001000000035508016|I421vL00;
published_frame=699
published_frame=700
editbox_emit sequence=356 bytes=38 elapsed_us=2081 envelope=@J10000000001000000035651004|I421xL00;
published_frame=701
editbox_receipt monotonic_ns=573254316992972 received=355 consumed=355 revision=281
published_frame=702
editbox_emit sequence=357 bytes=38 elapsed_us=2074 envelope=@J10000000001000000035728471|I421zL00;
published_frame=703
published_frame=704
editbox_emit sequence=358 bytes=38 elapsed_us=2264 envelope=@J10000000001000000035805938|I421_L00;
published_frame=705
published_frame=706
editbox_emit sequence=359 bytes=38 elapsed_us=2041 envelope=@J10000000001000000035941057|I421XM00;
published_frame=707
editbox_receipt monotonic_ns=573254415494821 received=358 consumed=358 revision=282
published_frame=708
editbox_emit sequence=360 bytes=38 elapsed_us=2116 envelope=@J10000000001000000036031741|I421ZM00;
published_frame=709
published_frame=710
editbox_emit sequence=361 bytes=38 elapsed_us=2515 envelope=@J10000000001000000036109208|I421bM00;
published_frame=711
published_frame=712
editbox_emit sequence=362 bytes=38 elapsed_us=2035 envelope=@J10000000001000000036252196|I421dM00;
published_frame=713
editbox_receipt monotonic_ns=573254514652437 received=361 consumed=361 revision=283
published_frame=714
editbox_emit sequence=363 bytes=38 elapsed_us=2080 envelope=@J10000000001000000036329663|I421fM00;
published_frame=715
published_frame=716
editbox_emit sequence=364 bytes=38 elapsed_us=2013 envelope=@J10000000001000000036407130|I421hM00;
published_frame=717
published_frame=718
editbox_emit sequence=365 bytes=38 elapsed_us=2251 envelope=@J10000000001000000036550118|I421jM00;
published_frame=719
editbox_receipt monotonic_ns=573254614306344 received=364 consumed=364 revision=284
published_frame=720
editbox_emit sequence=366 bytes=38 elapsed_us=2217 envelope=@J10000000001000000036627585|I421lM00;
published_frame=721
published_frame=722
editbox_emit sequence=367 bytes=38 elapsed_us=4060 envelope=@J10000000001000000036705052|I421nM00;
published_frame=723
published_frame=724
editbox_emit sequence=368 bytes=38 elapsed_us=2196 envelope=@J10000000001000000036848040|I421pM00;
published_frame=725
editbox_receipt monotonic_ns=573254717666986 received=367 consumed=367 revision=285
published_frame=726
editbox_emit sequence=369 bytes=38 elapsed_us=2109 envelope=@J10000000001000000036925507|I421rM00;
published_frame=727
published_frame=728
editbox_emit sequence=370 bytes=38 elapsed_us=2103 envelope=@J10000000001000000037016191|I421tM00;
published_frame=729
published_frame=730
editbox_emit sequence=371 bytes=38 elapsed_us=2028 envelope=@J10000000001000000037159179|I421vM00;
published_frame=731
editbox_receipt monotonic_ns=573254814049583 received=370 consumed=370 revision=286
published_frame=732
editbox_emit sequence=372 bytes=38 elapsed_us=2221 envelope=@J10000000001000000037236646|I421xM00;
published_frame=733
published_frame=734
editbox_emit sequence=373 bytes=38 elapsed_us=1981 envelope=@J10000000001000000037314113|I421zM00;
published_frame=735
published_frame=736
editbox_emit sequence=374 bytes=38 elapsed_us=2228 envelope=@J10000000001000000037457101|I421_M00;
published_frame=737
published_frame=738
editbox_emit sequence=375 bytes=38 elapsed_us=2217 envelope=@J10000000001000000037526699|I421XN00;
published_frame=739
published_frame=740
editbox_emit sequence=376 bytes=38 elapsed_us=2216 envelope=@J10000000001000000037604166|I421ZN00;
editbox_receipt monotonic_ns=573254970073408 received=375 consumed=374 revision=287
published_frame=741
published_frame=742
editbox_emit sequence=377 bytes=38 elapsed_us=2236 envelope=@J10000000001000000037747154|I421bN00;
published_frame=743
published_frame=744
editbox_emit sequence=378 bytes=38 elapsed_us=2127 envelope=@J10000000001000000037824621|I421dN00;
editbox_receipt monotonic_ns=573255026076628 received=377 consumed=377 revision=288
published_frame=745
published_frame=746
editbox_emit sequence=379 bytes=38 elapsed_us=2123 envelope=@J10000000001000000037902088|I421fN00;
published_frame=747
published_frame=748
editbox_emit sequence=380 bytes=38 elapsed_us=2155 envelope=@J10000000001000000038058293|I421hN00;
published_frame=749
published_frame=750
editbox_emit sequence=381 bytes=38 elapsed_us=1992 envelope=@J10000000001000000038135760|I421jN00;
editbox_receipt monotonic_ns=573255125429501 received=379 consumed=379 revision=289
published_frame=751
published_frame=752
editbox_emit sequence=382 bytes=38 elapsed_us=2018 envelope=@J10000000001000000038213227|I421lN00;
published_frame=753
published_frame=754
editbox_emit sequence=383 bytes=38 elapsed_us=1977 envelope=@J10000000001000000038356215|I421nN00;
published_frame=755
editbox_receipt monotonic_ns=573255213402081 received=382 consumed=382 revision=290
published_frame=756
editbox_emit sequence=384 bytes=38 elapsed_us=2032 envelope=@J10000000001000000038433682|I421pN00;
published_frame=757
published_frame=758
editbox_emit sequence=385 bytes=38 elapsed_us=2555 envelope=@J10000000001000000038511149|I421rN00;
published_frame=759
published_frame=760
editbox_emit sequence=386 bytes=38 elapsed_us=2160 envelope=@J10000000001000000038654137|I421tN00;
published_frame=761
editbox_receipt monotonic_ns=573255315793767 received=385 consumed=385 revision=291
published_frame=762
editbox_emit sequence=387 bytes=38 elapsed_us=2035 envelope=@J10000000001000000038731604|I421vN00;
published_frame=763
published_frame=764
editbox_emit sequence=388 bytes=38 elapsed_us=2089 envelope=@J10000000001000000038809071|I421xN00;
published_frame=765
published_frame=766
editbox_emit sequence=389 bytes=38 elapsed_us=1988 envelope=@J10000000001000000038952059|I421zN00;
editbox_receipt monotonic_ns=573255402647191 received=388 consumed=388 revision=292
published_frame=767
published_frame=768
editbox_emit sequence=390 bytes=38 elapsed_us=2479 envelope=@J10000000001000000039042743|I421_N00;
published_frame=769
published_frame=770
editbox_emit sequence=391 bytes=38 elapsed_us=2659 envelope=@J10000000001000000039112341|I421XO00;
published_frame=771
published_frame=772
editbox_emit sequence=392 bytes=38 elapsed_us=2215 envelope=@J10000000001000000039255329|I421ZO00;
published_frame=773
editbox_receipt monotonic_ns=573255514600192 received=391 consumed=391 revision=293
published_frame=774
editbox_emit sequence=393 bytes=38 elapsed_us=2032 envelope=@J10000000001000000039332796|I421bO00;
published_frame=775
published_frame=776
editbox_emit sequence=394 bytes=38 elapsed_us=2196 envelope=@J10000000001000000039410263|I421dO00;
published_frame=777
published_frame=778
editbox_emit sequence=395 bytes=38 elapsed_us=2093 envelope=@J10000000001000000039553251|I421fO00;
published_frame=779
editbox_receipt monotonic_ns=573255614767951 received=394 consumed=394 revision=294
published_frame=780
editbox_emit sequence=396 bytes=38 elapsed_us=2067 envelope=@J10000000001000000039630718|I421hO00;
published_frame=781
published_frame=782
editbox_emit sequence=397 bytes=38 elapsed_us=2210 envelope=@J10000000001000000039708185|I421jO00;
published_frame=783
published_frame=784
editbox_emit sequence=398 bytes=38 elapsed_us=1960 envelope=@J10000000001000000039851173|I421lO00;
published_frame=785
published_frame=786
editbox_receipt monotonic_ns=573255721722617 received=397 consumed=397 revision=295
editbox_emit sequence=399 bytes=38 elapsed_us=1999 envelope=@J10000000001000000039928640|I421nO00;
published_frame=787
published_frame=788
editbox_emit sequence=400 bytes=38 elapsed_us=2189 envelope=@J10000000001000000040060741|I421pO00;
published_frame=789
published_frame=790
editbox_emit sequence=401 bytes=38 elapsed_us=2491 envelope=@J10000000001000000040138208|I421rO00;
published_frame=791
editbox_receipt monotonic_ns=573255819353103 received=400 consumed=400 revision=296
published_frame=792
editbox_emit sequence=402 bytes=38 elapsed_us=1977 envelope=@J10000000001000000040215675|I421tO00;
published_frame=793
published_frame=794
editbox_emit sequence=403 bytes=38 elapsed_us=2259 envelope=@J10000000001000000040358663|I421vO00;
published_frame=795
published_frame=796
editbox_emit sequence=404 bytes=38 elapsed_us=2635 envelope=@J10000000001000000040436130|I421xO00;
published_frame=797
published_frame=798
editbox_emit sequence=405 bytes=38 elapsed_us=2610 envelope=@J10000000001000000040513597|I421zO00;
published_frame=799
published_frame=800
editbox_emit sequence=406 bytes=38 elapsed_us=2234 envelope=@J10000000001000000040656585|I421_O00;
published_frame=801
published_frame=802
editbox_emit sequence=407 bytes=38 elapsed_us=2124 envelope=@J10000000001000000040726183|I421XP00;
editbox_receipt monotonic_ns=573255992742574 received=405 consumed=405 revision=297
published_frame=803
published_frame=804
editbox_emit sequence=408 bytes=38 elapsed_us=2352 envelope=@J10000000001000000040803650|I421ZP00;
published_frame=805
editbox_receipt monotonic_ns=573256047472709 received=408 consumed=407 revision=298
published_frame=806
editbox_emit sequence=409 bytes=38 elapsed_us=2019 envelope=@J10000000001000000040946638|I421bP00;
published_frame=807
published_frame=808
editbox_emit sequence=410 bytes=38 elapsed_us=2063 envelope=@J10000000001000000041037322|I421dP00;
published_frame=809
editbox_receipt monotonic_ns=573256111199542 received=409 consumed=409 revision=299
published_frame=810
editbox_emit sequence=411 bytes=38 elapsed_us=2094 envelope=@J10000000001000000041114789|I421fP00;
published_frame=811
published_frame=812
editbox_emit sequence=412 bytes=38 elapsed_us=2017 envelope=@J10000000001000000041257777|I421hP00;
published_frame=813
published_frame=814
editbox_emit sequence=413 bytes=38 elapsed_us=2213 envelope=@J10000000001000000041335244|I421jP00;
published_frame=815
editbox_receipt monotonic_ns=573256216745518 received=412 consumed=412 revision=300
published_frame=816
editbox_emit sequence=414 bytes=38 elapsed_us=2078 envelope=@J10000000001000000041412711|I421lP00;
published_frame=817
published_frame=818
editbox_emit sequence=415 bytes=38 elapsed_us=2206 envelope=@J10000000001000000041555699|I421nP00;
published_frame=819
published_frame=820
editbox_emit sequence=416 bytes=38 elapsed_us=2057 envelope=@J10000000001000000041633166|I421pP00;
published_frame=821
editbox_receipt monotonic_ns=573256305516113 received=415 consumed=415 revision=301
published_frame=822
editbox_emit sequence=417 bytes=38 elapsed_us=2570 envelope=@J10000000001000000041710633|I421rP00;
published_frame=823
published_frame=824
editbox_emit sequence=418 bytes=38 elapsed_us=2107 envelope=@J10000000001000000041853621|I421tP00;
published_frame=825
published_frame=826
editbox_emit sequence=419 bytes=38 elapsed_us=2268 envelope=@J10000000001000000041931088|I421vP00;
published_frame=827
editbox_receipt monotonic_ns=573256413500509 received=418 consumed=418 revision=302
published_frame=828
editbox_emit sequence=420 bytes=38 elapsed_us=2242 envelope=@J10000000001000000042021772|I421xP00;
published_frame=829
published_frame=830
editbox_emit sequence=421 bytes=38 elapsed_us=2006 envelope=@J10000000001000000042164760|I421zP00;
published_frame=831
published_frame=832
editbox_emit sequence=422 bytes=38 elapsed_us=2164 envelope=@J10000000001000000042242227|I421_P00;
editbox_receipt monotonic_ns=573256503940813 received=421 consumed=421 revision=303
published_frame=833
published_frame=834
editbox_emit sequence=423 bytes=38 elapsed_us=2122 envelope=@J10000000001000000042311825|I421XQ00;
published_frame=835
published_frame=836
editbox_emit sequence=424 bytes=38 elapsed_us=2429 envelope=@J10000000001000000042454813|I421ZQ00;
published_frame=837
published_frame=838
editbox_emit sequence=425 bytes=38 elapsed_us=2070 envelope=@J10000000001000000042532280|I421bQ00;
published_frame=839
editbox_receipt monotonic_ns=573256614842995 received=424 consumed=424 revision=304
published_frame=840
editbox_emit sequence=426 bytes=38 elapsed_us=2018 envelope=@J10000000001000000042609747|I421dQ00;
published_frame=841
published_frame=842
editbox_emit sequence=427 bytes=38 elapsed_us=2001 envelope=@J10000000001000000042752735|I421fQ00;
published_frame=843
match_end epoch=1 frontier=844 old_rows=drain terminal_rows=discard
input_armed=true gameplay_armed=false mono_ns=573256686173814
editbox_emit sequence=428 bytes=34 elapsed_us=1891 envelope=@J10000000001000000042837209|JE11;
editbox_receipt monotonic_ns=573256721975314 received=428 consumed=428 revision=305
match_quiescent epoch=1
waiting_for_match build=chat-trace-20261005 slot=1 after_epoch=1
menu_emit epoch=1 phase=Some(Result) key=y mono_ns=573265009646000
menu_emit epoch=1 phase=Some(Character) key=r mono_ns=573268036582000
menu_emit epoch=1 phase=Some(Character) key=w mono_ns=573268307058000
menu_emit epoch=1 phase=Some(Character) key=n mono_ns=573268577446000
menu_emit epoch=1 phase=Some(Character) key=u mono_ns=573268997944000
menu_emit epoch=1 phase=Some(Character) key=n mono_ns=573269418439000
match_ready epoch=2 neutral_rearm=required
input_armed=true gameplay_armed=false mono_ns=573277894312423
editbox_receipt monotonic_ns=573277894457656 received=0 consumed=0 revision=3
editbox_emit sequence=1 bytes=34 elapsed_us=2195 envelope=@J10000000002000000000144738|JR12;
editbox_receipt monotonic_ns=573277959805476 received=1 consumed=1 revision=4
match_start epoch=2 epoch_ns=573278072512110 read_ns=573278073385747 uncertainty_ns=1100286
input_armed=true gameplay_armed=true mono_ns=573278073352625
published_frame=1
published_frame=2
editbox_emit sequence=2 bytes=37 elapsed_us=1982 envelope=@J10000000002000000000230575|I422100;
published_frame=3
published_frame=4
editbox_emit sequence=3 bytes=37 elapsed_us=1876 envelope=@J10000000002000000000309341|I422300;
published_frame=5
published_frame=6
editbox_emit sequence=4 bytes=37 elapsed_us=2116 envelope=@J10000000002000000000453628|I422500;
published_frame=7
published_frame=8
editbox_emit sequence=5 bytes=37 elapsed_us=2511 envelope=@J10000000002000000000532394|I422700;
editbox_receipt monotonic_ns=573278222373210 received=2 consumed=2 revision=5
published_frame=9
published_frame=10
editbox_emit sequence=6 bytes=37 elapsed_us=2339 envelope=@J10000000002000000000611160|I422900;
published_frame=11
editbox_receipt monotonic_ns=573278267424562 received=6 consumed=3 revision=6
published_frame=12
editbox_emit sequence=7 bytes=37 elapsed_us=2421 envelope=@J10000000002000000000755447|I422B00;
editbox_receipt monotonic_ns=573278289015125 received=6 consumed=6 revision=7
published_frame=13
published_frame=14
editbox_emit sequence=8 bytes=37 elapsed_us=2535 envelope=@J10000000002000000000834213|I422D00;
published_frame=15
published_frame=16
editbox_emit sequence=9 bytes=37 elapsed_us=2164 envelope=@J10000000002000000000912979|I422F00;
published_frame=17
published_frame=18
editbox_emit sequence=10 bytes=37 elapsed_us=2230 envelope=@J10000000002000000001020251|I422H00;
event mono_ns=573278380367000 frame=19 held=32 pressed=32 released=0
event mono_ns=573278385548000 frame=19 held=0 pressed=0 released=32
published_frame=19
editbox_receipt monotonic_ns=573278399597099 received=10 consumed=9 revision=8
published_frame=20
editbox_emit sequence=11 bytes=43 elapsed_us=3069 envelope=@J10000000002000000001107761|I422J200W00W0;
published_frame=21
published_frame=22
editbox_emit sequence=12 bytes=37 elapsed_us=2013 envelope=@J10000000002000000001243304|I422L00;
published_frame=23
editbox_receipt monotonic_ns=573278464338503 received=12 consumed=12 revision=9
published_frame=24
editbox_emit sequence=13 bytes=37 elapsed_us=2364 envelope=@J10000000002000000001322070|I422N00;
published_frame=25
published_frame=26
editbox_emit sequence=14 bytes=37 elapsed_us=2077 envelope=@J10000000002000000001400836|I422P00;
published_frame=27
published_frame=28
editbox_emit sequence=15 bytes=37 elapsed_us=2015 envelope=@J10000000002000000001545123|I422R00;
published_frame=29
editbox_receipt monotonic_ns=573278565463478 received=15 consumed=15 revision=10
published_frame=30
editbox_emit sequence=16 bytes=37 elapsed_us=2401 envelope=@J10000000002000000001623889|I422T00;
published_frame=31
published_frame=32
editbox_emit sequence=17 bytes=37 elapsed_us=1982 envelope=@J10000000002000000001702655|I422V00;
published_frame=33
published_frame=34
editbox_emit sequence=18 bytes=38 elapsed_us=2183 envelope=@J10000000002000000001851664|I422X100;
published_frame=35
editbox_receipt monotonic_ns=573278666952615 received=18 consumed=18 revision=11
published_frame=36
editbox_emit sequence=19 bytes=38 elapsed_us=2445 envelope=@J10000000002000000001929131|I422Z100;
published_frame=37
published_frame=38
editbox_emit sequence=20 bytes=38 elapsed_us=2210 envelope=@J10000000002000000002019815|I422b100;
published_frame=39
published_frame=40
editbox_emit sequence=21 bytes=38 elapsed_us=2153 envelope=@J10000000002000000002162803|I422d100;
published_frame=41
editbox_receipt monotonic_ns=573278766476960 received=21 consumed=21 revision=12
published_frame=42
editbox_emit sequence=22 bytes=38 elapsed_us=2421 envelope=@J10000000002000000002240270|I422f100;
published_frame=43
published_frame=44
editbox_emit sequence=23 bytes=38 elapsed_us=2312 envelope=@J10000000002000000002317737|I422h100;
published_frame=45
published_frame=46
editbox_emit sequence=24 bytes=38 elapsed_us=2197 envelope=@J10000000002000000002460725|I422j100;
published_frame=47
editbox_receipt monotonic_ns=573278865556452 received=24 consumed=24 revision=13
published_frame=48
editbox_emit sequence=25 bytes=38 elapsed_us=1899 envelope=@J10000000002000000002538192|I422l100;
published_frame=49
published_frame=50
editbox_emit sequence=26 bytes=38 elapsed_us=2060 envelope=@J10000000002000000002615659|I422n100;
published_frame=51
published_frame=52
editbox_emit sequence=27 bytes=38 elapsed_us=2078 envelope=@J10000000002000000002758647|I422p100;
published_frame=53
editbox_receipt monotonic_ns=573278970981294 received=27 consumed=27 revision=14
published_frame=54
editbox_emit sequence=28 bytes=38 elapsed_us=2062 envelope=@J10000000002000000002836114|I422r100;
published_frame=55
published_frame=56
editbox_emit sequence=29 bytes=38 elapsed_us=2171 envelope=@J10000000002000000002913581|I422t100;
published_frame=57
published_frame=58
editbox_emit sequence=30 bytes=38 elapsed_us=2028 envelope=@J10000000002000000003004265|I422v100;
published_frame=59
published_frame=60
editbox_emit sequence=31 bytes=38 elapsed_us=2668 envelope=@J10000000002000000003147253|I422x100;
published_frame=61
published_frame=62
editbox_emit sequence=32 bytes=38 elapsed_us=2038 envelope=@J10000000002000000003224720|I422z100;
published_frame=63
editbox_receipt monotonic_ns=573279133958108 received=30 consumed=30 revision=15
published_frame=64
editbox_emit sequence=33 bytes=38 elapsed_us=2121 envelope=@J10000000002000000003302187|I422_100;
published_frame=65
published_frame=66
editbox_emit sequence=34 bytes=38 elapsed_us=2560 envelope=@J10000000002000000003437306|I422X200;
published_frame=67
editbox_receipt monotonic_ns=573279200720008 received=33 consumed=33 revision=16
published_frame=68
editbox_emit sequence=35 bytes=38 elapsed_us=2749 envelope=@J10000000002000000003514773|I422Z200;
published_frame=69
published_frame=70
editbox_emit sequence=36 bytes=38 elapsed_us=2144 envelope=@J10000000002000000003657761|I422b200;
published_frame=71
published_frame=72
editbox_emit sequence=37 bytes=38 elapsed_us=1991 envelope=@J10000000002000000003735228|I422d200;
editbox_receipt monotonic_ns=573279276837487 received=36 consumed=36 revision=17
published_frame=73
published_frame=74
editbox_emit sequence=38 bytes=38 elapsed_us=2150 envelope=@J10000000002000000003812695|I422f200;
published_frame=75
published_frame=76
editbox_emit sequence=39 bytes=38 elapsed_us=2134 envelope=@J10000000002000000003955683|I422h200;
published_frame=77
published_frame=78
editbox_emit sequence=40 bytes=38 elapsed_us=2930 envelope=@J10000000002000000004046367|I422j200;
editbox_receipt monotonic_ns=573279380331360 received=39 consumed=39 revision=18
published_frame=79
published_frame=80
editbox_emit sequence=41 bytes=38 elapsed_us=2630 envelope=@J10000000002000000004123834|I422l200;
published_frame=81
published_frame=82
editbox_emit sequence=42 bytes=38 elapsed_us=2309 envelope=@J10000000002000000004201301|I422n200;
published_frame=83
published_frame=84
editbox_emit sequence=43 bytes=38 elapsed_us=1920 envelope=@J10000000002000000004344289|I422p200;
editbox_receipt monotonic_ns=573279478094075 received=42 consumed=42 revision=19
published_frame=85
published_frame=86
editbox_emit sequence=44 bytes=38 elapsed_us=2320 envelope=@J10000000002000000004421756|I422r200;
published_frame=87
published_frame=88
editbox_emit sequence=45 bytes=38 elapsed_us=2278 envelope=@J10000000002000000004564744|I422t200;
published_frame=89
published_frame=90
editbox_emit sequence=46 bytes=38 elapsed_us=2051 envelope=@J10000000002000000004642211|I422v200;
editbox_receipt monotonic_ns=573279577374534 received=45 consumed=45 revision=20
published_frame=91
published_frame=92
editbox_emit sequence=47 bytes=38 elapsed_us=1958 envelope=@J10000000002000000004719678|I422x200;
published_frame=93
published_frame=94
editbox_emit sequence=48 bytes=38 elapsed_us=2022 envelope=@J10000000002000000004862666|I422z200;
published_frame=95
published_frame=96
editbox_emit sequence=49 bytes=38 elapsed_us=2168 envelope=@J10000000002000000004940133|I422_200;
editbox_receipt monotonic_ns=573279677445363 received=48 consumed=48 revision=21
published_frame=97
published_frame=98
editbox_emit sequence=50 bytes=38 elapsed_us=3993 envelope=@J10000000002000000005022948|I422X300;
published_frame=99
published_frame=100
editbox_emit sequence=51 bytes=38 elapsed_us=2236 envelope=@J10000000002000000005100415|I422Z300;
published_frame=101
editbox_receipt monotonic_ns=573279763900912 received=51 consumed=51 revision=22
published_frame=102
editbox_emit sequence=52 bytes=38 elapsed_us=2505 envelope=@J10000000002000000005243403|I422b300;
published_frame=103
published_frame=104
editbox_emit sequence=53 bytes=38 elapsed_us=2142 envelope=@J10000000002000000005320870|I422d300;
published_frame=105
published_frame=106
editbox_emit sequence=54 bytes=38 elapsed_us=2044 envelope=@J10000000002000000005463858|I422f300;
published_frame=107
editbox_receipt monotonic_ns=573279863998913 received=54 consumed=54 revision=23
published_frame=108
editbox_emit sequence=55 bytes=38 elapsed_us=2151 envelope=@J10000000002000000005541325|I422h300;
published_frame=109
published_frame=110
editbox_emit sequence=56 bytes=38 elapsed_us=2196 envelope=@J10000000002000000005618792|I422j300;
published_frame=111
published_frame=112
editbox_emit sequence=57 bytes=38 elapsed_us=2300 envelope=@J10000000002000000005761780|I422l300;
published_frame=113
editbox_receipt monotonic_ns=573279965924959 received=57 consumed=57 revision=24
published_frame=114
editbox_emit sequence=58 bytes=38 elapsed_us=2034 envelope=@J10000000002000000005839247|I422n300;
published_frame=115
published_frame=116
editbox_emit sequence=59 bytes=38 elapsed_us=2084 envelope=@J10000000002000000005916714|I422p300;
published_frame=117
published_frame=118
editbox_emit sequence=60 bytes=38 elapsed_us=2102 envelope=@J10000000002000000006007398|I422r300;
published_frame=119
published_frame=120
editbox_emit sequence=61 bytes=38 elapsed_us=1937 envelope=@J10000000002000000006150386|I422t300;
published_frame=121
published_frame=122
editbox_emit sequence=62 bytes=38 elapsed_us=2154 envelope=@J10000000002000000006227853|I422v300;
published_frame=123
published_frame=124
editbox_emit sequence=63 bytes=38 elapsed_us=2077 envelope=@J10000000002000000006305320|I422x300;
editbox_receipt monotonic_ns=573280145160146 received=60 consumed=60 revision=25
published_frame=125
published_frame=126
editbox_emit sequence=64 bytes=38 elapsed_us=2015 envelope=@J10000000002000000006448308|I422z300;
published_frame=127
published_frame=128
editbox_emit sequence=65 bytes=38 elapsed_us=2095 envelope=@J10000000002000000006525775|I422_300;
editbox_receipt monotonic_ns=573280210565143 received=63 consumed=63 revision=26
published_frame=129
published_frame=130
editbox_emit sequence=66 bytes=38 elapsed_us=2062 envelope=@J10000000002000000006660894|I422X400;
published_frame=131
published_frame=132
editbox_emit sequence=67 bytes=38 elapsed_us=2046 envelope=@J10000000002000000006738361|I422Z400;
editbox_receipt monotonic_ns=573280276876739 received=66 consumed=66 revision=27
published_frame=133
published_frame=134
editbox_emit sequence=68 bytes=38 elapsed_us=2027 envelope=@J10000000002000000006815828|I422b400;
published_frame=135
published_frame=136
editbox_emit sequence=69 bytes=38 elapsed_us=2260 envelope=@J10000000002000000006958816|I422d400;
published_frame=137
published_frame=138
editbox_emit sequence=70 bytes=38 elapsed_us=2574 envelope=@J10000000002000000007049500|I422f400;
editbox_receipt monotonic_ns=573280377789346 received=69 consumed=69 revision=28
published_frame=139
published_frame=140
editbox_emit sequence=71 bytes=38 elapsed_us=2744 envelope=@J10000000002000000007126967|I422h400;
published_frame=141
published_frame=142
editbox_emit sequence=72 bytes=38 elapsed_us=2857 envelope=@J10000000002000000007204434|I422j400;
published_frame=143
published_frame=144
editbox_emit sequence=73 bytes=38 elapsed_us=2496 envelope=@J10000000002000000007347422|I422l400;
editbox_receipt monotonic_ns=573280477966756 received=72 consumed=72 revision=29
published_frame=145
published_frame=146
editbox_emit sequence=74 bytes=38 elapsed_us=2305 envelope=@J10000000002000000007424889|I422n400;
published_frame=147
published_frame=148
editbox_emit sequence=75 bytes=38 elapsed_us=2853 envelope=@J10000000002000000007502356|I422p400;
published_frame=149
published_frame=150
editbox_emit sequence=76 bytes=38 elapsed_us=2651 envelope=@J10000000002000000007645344|I422r400;
editbox_receipt monotonic_ns=573280579775371 received=75 consumed=75 revision=30
published_frame=151
published_frame=152
editbox_emit sequence=77 bytes=38 elapsed_us=2094 envelope=@J10000000002000000007722811|I422t400;
published_frame=153
published_frame=154
editbox_emit sequence=78 bytes=38 elapsed_us=2570 envelope=@J10000000002000000007800278|I422v400;
published_frame=155
published_frame=156
editbox_emit sequence=79 bytes=38 elapsed_us=2209 envelope=@J10000000002000000007943266|I422x400;
editbox_receipt monotonic_ns=573280677171489 received=78 consumed=78 revision=31
published_frame=157
published_frame=158
editbox_emit sequence=80 bytes=38 elapsed_us=2812 envelope=@J10000000002000000008033950|I422z400;
published_frame=159
published_frame=160
editbox_emit sequence=81 bytes=38 elapsed_us=2112 envelope=@J10000000002000000008111417|I422_400;
published_frame=161
published_frame=162
editbox_emit sequence=82 bytes=38 elapsed_us=1998 envelope=@J10000000002000000008246536|I422X500;
editbox_receipt monotonic_ns=573280778573093 received=81 consumed=81 revision=32
published_frame=163
published_frame=164
editbox_emit sequence=83 bytes=38 elapsed_us=2155 envelope=@J10000000002000000008324003|I422Z500;
published_frame=165
published_frame=166
editbox_emit sequence=84 bytes=38 elapsed_us=2258 envelope=@J10000000002000000008401470|I422b500;
published_frame=167
published_frame=168
editbox_emit sequence=85 bytes=38 elapsed_us=2453 envelope=@J10000000002000000008544458|I422d500;
editbox_receipt monotonic_ns=573280878039490 received=84 consumed=84 revision=33
published_frame=169
published_frame=170
editbox_emit sequence=86 bytes=38 elapsed_us=2973 envelope=@J10000000002000000008621925|I422f500;
published_frame=171
published_frame=172
editbox_emit sequence=87 bytes=38 elapsed_us=2110 envelope=@J10000000002000000008764913|I422h500;
published_frame=173
published_frame=174
editbox_receipt monotonic_ns=573280975527119 received=87 consumed=87 revision=34
editbox_emit sequence=88 bytes=38 elapsed_us=2215 envelope=@J10000000002000000008842380|I422j500;
published_frame=175
published_frame=176
editbox_emit sequence=89 bytes=38 elapsed_us=6023 envelope=@J10000000002000000008919847|I422l500;
published_frame=177
published_frame=178
editbox_emit sequence=90 bytes=38 elapsed_us=8681 envelope=@J10000000002000000009010531|I422n500;
published_frame=179
published_frame=180
editbox_emit sequence=91 bytes=38 elapsed_us=8712 envelope=@J10000000002000000009153519|I422p500;
published_frame=181
published_frame=182
editbox_emit sequence=92 bytes=38 elapsed_us=6496 envelope=@J10000000002000000009230986|I422r500;
published_frame=183
published_frame=184
editbox_emit sequence=93 bytes=38 elapsed_us=5883 envelope=@J10000000002000000009308453|I422t500;
published_frame=185
published_frame=186
editbox_emit sequence=94 bytes=38 elapsed_us=6819 envelope=@J10000000002000000009451441|I422v500;
published_frame=187
published_frame=188
editbox_emit sequence=95 bytes=38 elapsed_us=2835 envelope=@J10000000002000000009528908|I422x500;
published_frame=189
editbox_emit sequence=88 bytes=38 elapsed_us=2751 envelope=@J10000000002000000008842380|I422j500;
published_frame=190
published_frame=191
published_frame=192
published_frame=193
published_frame=194
published_frame=195
published_frame=196
published_frame=197
published_frame=198
editbox_receipt monotonic_ns=573281382562189 received=95 consumed=92 revision=35
editbox_emit sequence=96 bytes=38 elapsed_us=2210 envelope=@J10000000002000000009606375|I422z500;
editbox_emit sequence=97 bytes=38 elapsed_us=1973 envelope=@J10000000002000000009749363|I422_500;
published_frame=199
editbox_emit sequence=98 bytes=38 elapsed_us=1959 envelope=@J10000000002000000009818961|I422X600;
editbox_emit sequence=99 bytes=38 elapsed_us=2026 envelope=@J10000000002000000009961949|I422Z600;
editbox_emit sequence=100 bytes=38 elapsed_us=1861 envelope=@J10000000002000000010028529|I422b600;
editbox_receipt monotonic_ns=573281403512373 received=95 consumed=95 revision=36
published_frame=200
editbox_emit sequence=101 bytes=38 elapsed_us=1978 envelope=@J10000000002000000010105996|I422d600;
published_frame=201
editbox_receipt monotonic_ns=573281434821415 received=95 consumed=95 revision=37
published_frame=202
editbox_emit sequence=102 bytes=38 elapsed_us=2063 envelope=@J10000000002000000010248984|I422f600;
published_frame=203
published_frame=204
editbox_emit sequence=103 bytes=38 elapsed_us=2624 envelope=@J10000000002000000010326451|I422h600;
published_frame=205
published_frame=206
editbox_emit sequence=104 bytes=38 elapsed_us=2716 envelope=@J10000000002000000010403918|I422j600;
published_frame=207
published_frame=208
editbox_emit sequence=105 bytes=38 elapsed_us=2150 envelope=@J10000000002000000010546906|I422l600;
published_frame=209
published_frame=210
editbox_emit sequence=106 bytes=38 elapsed_us=2662 envelope=@J10000000002000000010624373|I422n600;
editbox_receipt monotonic_ns=573281587617986 received=104 consumed=100 revision=38
published_frame=211
published_frame=212
editbox_emit sequence=107 bytes=38 elapsed_us=2190 envelope=@J10000000002000000010701840|I422p600;
editbox_receipt monotonic_ns=573281620624138 received=104 consumed=104 revision=39
published_frame=213
published_frame=214
editbox_emit sequence=108 bytes=38 elapsed_us=2079 envelope=@J10000000002000000010844828|I422r600;
published_frame=215
published_frame=216
editbox_emit sequence=109 bytes=38 elapsed_us=2080 envelope=@J10000000002000000010922295|I422t600;
published_frame=217
published_frame=218
editbox_emit sequence=110 bytes=38 elapsed_us=2021 envelope=@J10000000002000000011012979|I422v600;
editbox_receipt monotonic_ns=573281710763059 received=109 consumed=105 revision=40
published_frame=219
published_frame=220
editbox_emit sequence=111 bytes=38 elapsed_us=2219 envelope=@J10000000002000000011155967|I422x600;
published_frame=221
editbox_receipt monotonic_ns=573281764123058 received=109 consumed=109 revision=41
published_frame=222
editbox_emit sequence=112 bytes=38 elapsed_us=1922 envelope=@J10000000002000000011233434|I422z600;
published_frame=223
published_frame=224
editbox_emit sequence=113 bytes=38 elapsed_us=2395 envelope=@J10000000002000000011310901|I422_600;
published_frame=225
published_frame=226
editbox_emit sequence=114 bytes=38 elapsed_us=2538 envelope=@J10000000002000000011446020|I422X700;
editbox_receipt monotonic_ns=573281844224712 received=112 consumed=112 revision=42
published_frame=227
published_frame=228
editbox_emit sequence=115 bytes=38 elapsed_us=1957 envelope=@J10000000002000000011523487|I422Z700;
published_frame=229
published_frame=230
editbox_emit sequence=116 bytes=38 elapsed_us=1991 envelope=@J10000000002000000011600954|I422b700;
published_frame=231
editbox_receipt monotonic_ns=573281930645316 received=115 consumed=114 revision=43
published_frame=232
editbox_emit sequence=117 bytes=38 elapsed_us=1915 envelope=@J10000000002000000011743942|I422d700;
event mono_ns=573281949172000 frame=233 held=256 pressed=256 released=0
published_frame=233
published_frame=234
editbox_emit sequence=118 bytes=56 elapsed_us=3375 envelope=@J10000000002000000011827536|I422f7B040040000Fy09040Fy0;
published_frame=235
published_frame=236
editbox_emit sequence=119 bytes=50 elapsed_us=2622 envelope=@J10000000002000000011954831|I422h79040Fy09040Fy0;
editbox_receipt monotonic_ns=573282011085835 received=118 consumed=117 revision=44
published_frame=237
published_frame=238
editbox_emit sequence=120 bytes=50 elapsed_us=2826 envelope=@J10000000002000000012008939|I422j79040Fy09040Fy0;
published_frame=239
published_frame=240
editbox_emit sequence=121 bytes=50 elapsed_us=2587 envelope=@J10000000002000000012138714|I422l79040Fy09040Fy0;
published_frame=241
published_frame=242
editbox_emit sequence=122 bytes=50 elapsed_us=2649 envelope=@J10000000002000000012202968|I422n79040Fy09040Fy0;
published_frame=243
published_frame=244
editbox_emit sequence=123 bytes=50 elapsed_us=3154 envelope=@J10000000002000000012332743|I422p79040Fy09040Fy0;
editbox_receipt monotonic_ns=573282154688148 received=120 consumed=120 revision=45
published_frame=245
published_frame=246
editbox_emit sequence=124 bytes=50 elapsed_us=3061 envelope=@J10000000002000000012462518|I422r79040Fy09040Fy0;
published_frame=247
published_frame=248
editbox_emit sequence=125 bytes=50 elapsed_us=2852 envelope=@J10000000002000000012526772|I422t79040Fy09040Fy0;
published_frame=249
published_frame=250
editbox_emit sequence=126 bytes=50 elapsed_us=3197 envelope=@J10000000002000000012656547|I422v79040Fy09040Fy0;
editbox_receipt monotonic_ns=573282255203932 received=124 consumed=124 revision=46
published_frame=251
published_frame=252
editbox_emit sequence=127 bytes=50 elapsed_us=2795 envelope=@J10000000002000000012720801|I422x79040Fy09040Fy0;
published_frame=253
published_frame=254
editbox_emit sequence=128 bytes=50 elapsed_us=3062 envelope=@J10000000002000000012850576|I422z79040Fy09040Fy0;
published_frame=255
editbox_receipt monotonic_ns=573282333777623 received=127 consumed=126 revision=47
published_frame=256
editbox_emit sequence=129 bytes=50 elapsed_us=2694 envelope=@J10000000002000000012914830|I422_79040Fy09040Fy0;
published_frame=257
published_frame=258
editbox_emit sequence=130 bytes=50 elapsed_us=2686 envelope=@J10000000002000000013055674|I422X89040Fy09040Fy0;
published_frame=259
published_frame=260
editbox_emit sequence=131 bytes=50 elapsed_us=2704 envelope=@J10000000002000000013119928|I422Z89040Fy09040Fy0;
editbox_receipt monotonic_ns=573282421263873 received=130 consumed=129 revision=48
published_frame=261
published_frame=262
editbox_emit sequence=132 bytes=50 elapsed_us=2737 envelope=@J10000000002000000013249703|I422b89040Fy09040Fy0;
published_frame=263
published_frame=264
editbox_emit sequence=133 bytes=50 elapsed_us=2926 envelope=@J10000000002000000013313957|I422d89040Fy09040Fy0;
published_frame=265
editbox_receipt monotonic_ns=573282489961140 received=132 consumed=132 revision=49
published_frame=266
editbox_emit sequence=134 bytes=50 elapsed_us=3050 envelope=@J10000000002000000013443732|I422f89040Fy09040Fy0;
published_frame=267
published_frame=268
editbox_emit sequence=135 bytes=50 elapsed_us=3175 envelope=@J10000000002000000013507986|I422h89040Fy09040Fy0;
published_frame=269
published_frame=270
editbox_emit sequence=136 bytes=50 elapsed_us=2911 envelope=@J10000000002000000013637761|I422j89040Fy09040Fy0;
published_frame=271
editbox_receipt monotonic_ns=573282598757338 received=135 consumed=135 revision=50
published_frame=272
editbox_emit sequence=137 bytes=50 elapsed_us=3585 envelope=@J10000000002000000013702015|I422l89040Fy09040Fy0;
published_frame=273
chat_state epoch=2 chat=1 state=1 mono_ns=573282633295591
editbox_receipt monotonic_ns=573282633326529 received=137 consumed=136 revision=51
focus_release mono_ns=573282634600506 frame=274
game-eligible=false mono_ns=573282634492404 neutral_rearm=required
input_armed=false gameplay_armed=false mono_ns=573282634600506
published_frame=274
editbox_emit sequence=138 bytes=50 elapsed_us=2625 envelope=@J10000000002000000013809424|I422n89040Fy02000040;
published_frame=275
published_frame=276
editbox_emit sequence=139 bytes=38 elapsed_us=2232 envelope=@J10000000002000000013925428|I422p800;
control sequence=1 state=PREPARE frame=277 epoch_ns=573282680610043
editbox_emit sequence=140 bytes=48 elapsed_us=3652 envelope=@J10000000002000000014016527|ACK1|1|PREPARE|277;
editbox_receipt monotonic_ns=573282764704929 received=140 consumed=139 revision=52
editbox_receipt monotonic_ns=573282809523474 received=140 consumed=140 revision=53
editbox_receipt monotonic_ns=573282887504515 received=140 consumed=140 revision=54
control sequence=2 state=PAUSE_COMMIT target=277 frontier=277 epoch_ns=573282938318073
control sequence=2 state=PAUSE frame=277 epoch_ns=573282938318073
editbox_emit sequence=141 bytes=46 elapsed_us=3016 envelope=@J10000000002000000014153727|ACK1|2|PAUSE|277;
editbox_receipt monotonic_ns=573283000297652 received=141 consumed=141 revision=55
chat_quiescent epoch=2 chat=1 mono_ns=573283000632670
editbox_receipt monotonic_ns=573283136595409 received=141 consumed=141 revision=56
chat_state epoch=2 chat=1 state=2 mono_ns=573283157146095
editbox_receipt monotonic_ns=573283157183455 received=141 consumed=141 revision=57
chat_return epoch=2 chat=1 mono_ns=573283187923692
chat_state epoch=2 chat=1 state=3 mono_ns=573283189570367
editbox_receipt monotonic_ns=573283189598640 received=141 consumed=141 revision=58
suppressed mono_ns=573292914048000 reason=focus-pause-or-neutral
suppressed mono_ns=573292914207000 reason=focus-pause-or-neutral
suppressed mono_ns=573292919328000 reason=focus-pause-or-neutral
suppressed mono_ns=573292919442000 reason=focus-pause-or-neutral
chat_state epoch=2 chat=1 state=0 mono_ns=573296991968055
editbox_receipt monotonic_ns=573296992018209 received=141 consumed=141 revision=59
game-eligible=true mono_ns=573296993197128 neutral_rearm=required
editbox_receipt monotonic_ns=573297135684163 received=141 consumed=141 revision=60
editbox_receipt monotonic_ns=573297232839972 received=141 consumed=141 revision=61
editbox_receipt monotonic_ns=573297285940997 received=141 consumed=141 revision=62
editbox_receipt monotonic_ns=573297437846850 received=141 consumed=141 revision=63
editbox_receipt monotonic_ns=573297481432165 received=141 consumed=141 revision=64
editbox_receipt monotonic_ns=573297656480820 received=141 consumed=141 revision=65
editbox_receipt monotonic_ns=573297688763207 received=141 consumed=141 revision=66
editbox_receipt monotonic_ns=573297774099820 received=141 consumed=141 revision=67
editbox_receipt monotonic_ns=573297906475210 received=141 consumed=141 revision=68
editbox_receipt monotonic_ns=573297980814488 received=141 consumed=141 revision=69
editbox_receipt monotonic_ns=573298192387568 received=141 consumed=141 revision=70
editbox_receipt monotonic_ns=573298204047505 received=141 consumed=141 revision=71
editbox_receipt monotonic_ns=573298342627590 received=141 consumed=141 revision=72
editbox_receipt monotonic_ns=573298363495961 received=141 consumed=141 revision=73
editbox_receipt monotonic_ns=573298565459456 received=141 consumed=141 revision=74
editbox_receipt monotonic_ns=573298596574836 received=141 consumed=141 revision=75
editbox_receipt monotonic_ns=573298682338771 received=141 consumed=141 revision=76
editbox_receipt monotonic_ns=573298804311038 received=141 consumed=141 revision=77
editbox_receipt monotonic_ns=573298881138598 received=141 consumed=141 revision=78
editbox_receipt monotonic_ns=573299058613079 received=141 consumed=141 revision=79
editbox_receipt monotonic_ns=573299202137658 received=141 consumed=141 revision=80
editbox_receipt monotonic_ns=573299235959960 received=141 consumed=141 revision=81
editbox_receipt monotonic_ns=573299278388308 received=141 consumed=141 revision=82
editbox_receipt monotonic_ns=573299380136040 received=141 consumed=141 revision=83
editbox_receipt monotonic_ns=573299477120298 received=141 consumed=141 revision=84
editbox_receipt monotonic_ns=573299584550989 received=141 consumed=141 revision=85
editbox_receipt monotonic_ns=573299686177094 received=141 consumed=141 revision=86
editbox_receipt monotonic_ns=573299782888921 received=141 consumed=141 revision=87
editbox_receipt monotonic_ns=573299880856161 received=141 consumed=141 revision=88
editbox_receipt monotonic_ns=573299979690414 received=141 consumed=141 revision=89
editbox_receipt monotonic_ns=573300127369859 received=141 consumed=141 revision=90
editbox_receipt monotonic_ns=573300181017427 received=141 consumed=141 revision=91
control sequence=3 state=RESUME frame=277 epoch_ns=573300264746158 read_ns=573300266067133 uncertainty_ns=1100236 timestamp_resolution_ns=1000000
editbox_emit sequence=142 bytes=47 elapsed_us=3245 envelope=@J10000000002000000014218298|ACK1|3|RESUME|277;
published_frame=277
editbox_receipt monotonic_ns=573300298016677 received=142 consumed=142 revision=92
published_frame=278
editbox_emit sequence=143 bytes=38 elapsed_us=2570 envelope=@J10000000002000000014308936|I422r800;
published_frame=279
published_frame=280
editbox_emit sequence=144 bytes=38 elapsed_us=2957 envelope=@J10000000002000000014451924|I422t800;
published_frame=281
published_frame=282
editbox_emit sequence=145 bytes=38 elapsed_us=3598 envelope=@J10000000002000000014529391|I422v800;
editbox_receipt monotonic_ns=573300375743923 received=144 consumed=142 revision=93
published_frame=283
published_frame=284
editbox_emit sequence=146 bytes=38 elapsed_us=2272 envelope=@J10000000002000000014606858|I422x800;
published_frame=285
published_frame=286
editbox_emit sequence=147 bytes=38 elapsed_us=2260 envelope=@J10000000002000000014749846|I422z800;
published_frame=287
published_frame=288
editbox_emit sequence=148 bytes=38 elapsed_us=2430 envelope=@J10000000002000000014827313|I422_800;
published_frame=289
editbox_receipt monotonic_ns=573300495182252 received=148 consumed=148 revision=94
published_frame=290
editbox_emit sequence=149 bytes=38 elapsed_us=2649 envelope=@J10000000002000000014962432|I422X900;
published_frame=291
published_frame=292
editbox_emit sequence=150 bytes=38 elapsed_us=2876 envelope=@J10000000002000000015053116|I422Z900;
published_frame=293
published_frame=294
editbox_emit sequence=151 bytes=38 elapsed_us=2526 envelope=@J10000000002000000015130583|I422b900;
published_frame=295
published_frame=296
editbox_emit sequence=152 bytes=38 elapsed_us=2314 envelope=@J10000000002000000015208050|I422d900;
editbox_receipt monotonic_ns=573300604552928 received=151 consumed=151 revision=95
published_frame=297
published_frame=298
editbox_emit sequence=153 bytes=38 elapsed_us=2021 envelope=@J10000000002000000015351038|I422f900;
published_frame=299
published_frame=300
editbox_emit sequence=154 bytes=38 elapsed_us=2072 envelope=@J10000000002000000015428505|I422h900;
published_frame=301
published_frame=302
editbox_emit sequence=155 bytes=38 elapsed_us=2026 envelope=@J10000000002000000015505972|I422j900;
editbox_receipt monotonic_ns=573300704283241 received=154 consumed=154 revision=96
published_frame=303
published_frame=304
editbox_emit sequence=156 bytes=38 elapsed_us=2199 envelope=@J10000000002000000015648960|I422l900;
published_frame=305
published_frame=306
editbox_emit sequence=157 bytes=38 elapsed_us=2085 envelope=@J10000000002000000015726427|I422n900;
published_frame=307
published_frame=308
editbox_emit sequence=158 bytes=38 elapsed_us=2044 envelope=@J10000000002000000015803894|I422p900;
editbox_receipt monotonic_ns=573300803972748 received=157 consumed=157 revision=97
published_frame=309
published_frame=310
editbox_emit sequence=159 bytes=38 elapsed_us=2012 envelope=@J10000000002000000015946882|I422r900;
published_frame=311
published_frame=312
editbox_emit sequence=160 bytes=38 elapsed_us=1915 envelope=@J10000000002000000016037566|I422t900;
published_frame=313
suppressed mono_ns=573300888413000 reason=focus-pause-or-neutral
input_armed=true gameplay_armed=true mono_ns=573300889280337
editbox_receipt monotonic_ns=573300892160664 received=160 consumed=160 revision=98
published_frame=314
editbox_emit sequence=161 bytes=38 elapsed_us=2443 envelope=@J10000000002000000016115033|I422v900;
published_frame=315
published_frame=316
editbox_emit sequence=162 bytes=38 elapsed_us=2060 envelope=@J10000000002000000016258021|I422x900;
published_frame=317
published_frame=318
editbox_emit sequence=163 bytes=38 elapsed_us=2201 envelope=@J10000000002000000016335488|I422z900;
published_frame=319
editbox_receipt monotonic_ns=573300992374743 received=163 consumed=163 revision=99
published_frame=320
editbox_emit sequence=164 bytes=38 elapsed_us=2172 envelope=@J10000000002000000016412955|I422_900;
published_frame=321
published_frame=322
editbox_emit sequence=165 bytes=38 elapsed_us=2103 envelope=@J10000000002000000016548074|I422XA00;
published_frame=323
published_frame=324
editbox_emit sequence=166 bytes=38 elapsed_us=2081 envelope=@J10000000002000000016625541|I422ZA00;
published_frame=325
event mono_ns=573301088679000 frame=326 held=32 pressed=32 released=0
event mono_ns=573301093778000 frame=326 held=0 pressed=0 released=32
published_frame=326
editbox_emit sequence=167 bytes=44 elapsed_us=2694 envelope=@J10000000002000000016706441|I422bA0200W00W;
published_frame=327
published_frame=328
editbox_emit sequence=168 bytes=38 elapsed_us=2186 envelope=@J10000000002000000016845996|I422dA00;
published_frame=329
published_frame=330
editbox_emit sequence=169 bytes=38 elapsed_us=2023 envelope=@J10000000002000000016923463|I422fA00;
editbox_receipt monotonic_ns=573301179148628 received=168 consumed=166 revision=100
published_frame=331
published_frame=332
editbox_emit sequence=170 bytes=38 elapsed_us=2334 envelope=@J10000000002000000017014147|I422hA00;
published_frame=333
published_frame=334
editbox_emit sequence=171 bytes=38 elapsed_us=2161 envelope=@J10000000002000000017157135|I422jA00;
editbox_receipt monotonic_ns=573301236043091 received=170 consumed=169 revision=101
published_frame=335
published_frame=336
editbox_emit sequence=172 bytes=38 elapsed_us=2394 envelope=@J10000000002000000017234602|I422lA00;
published_frame=337
published_frame=338
editbox_emit sequence=173 bytes=38 elapsed_us=2021 envelope=@J10000000002000000017312069|I422nA00;
editbox_receipt monotonic_ns=573301301926215 received=172 consumed=172 revision=102
published_frame=339
published_frame=340
editbox_emit sequence=174 bytes=38 elapsed_us=2112 envelope=@J10000000002000000017455057|I422pA00;
published_frame=341
published_frame=342
editbox_emit sequence=175 bytes=38 elapsed_us=2236 envelope=@J10000000002000000017532524|I422rA00;
published_frame=343
published_frame=344
editbox_emit sequence=176 bytes=38 elapsed_us=2269 envelope=@J10000000002000000017609991|I422tA00;
editbox_receipt monotonic_ns=573301403422787 received=175 consumed=175 revision=103
published_frame=345
published_frame=346
editbox_emit sequence=177 bytes=38 elapsed_us=3320 envelope=@J10000000002000000017752979|I422vA00;
published_frame=347
published_frame=348
editbox_emit sequence=178 bytes=38 elapsed_us=2335 envelope=@J10000000002000000017830446|I422xA00;
published_frame=349
published_frame=350
editbox_emit sequence=179 bytes=38 elapsed_us=2238 envelope=@J10000000002000000017907913|I422zA00;
editbox_receipt monotonic_ns=573301502576810 received=178 consumed=178 revision=104
published_frame=351
published_frame=352
editbox_emit sequence=180 bytes=38 elapsed_us=2104 envelope=@J10000000002000000018064118|I422_A00;
published_frame=353
published_frame=354
editbox_emit sequence=181 bytes=38 elapsed_us=3176 envelope=@J10000000002000000018133716|I422XB00;
published_frame=355
published_frame=356
editbox_emit sequence=182 bytes=38 elapsed_us=2617 envelope=@J10000000002000000018211183|I422ZB00;
editbox_receipt monotonic_ns=573301603871454 received=181 consumed=181 revision=105
published_frame=357
published_frame=358
editbox_emit sequence=183 bytes=38 elapsed_us=2629 envelope=@J10000000002000000018354171|I422bB00;
published_frame=359
published_frame=360
editbox_emit sequence=184 bytes=38 elapsed_us=2138 envelope=@J10000000002000000018431638|I422dB00;
published_frame=361
editbox_receipt monotonic_ns=573301690195037 received=184 consumed=184 revision=106
published_frame=362
editbox_emit sequence=185 bytes=38 elapsed_us=2011 envelope=@J10000000002000000018509105|I422fB00;
published_frame=363
published_frame=364
editbox_emit sequence=186 bytes=38 elapsed_us=2054 envelope=@J10000000002000000018652093|I422hB00;
published_frame=365
published_frame=366
editbox_emit sequence=187 bytes=38 elapsed_us=2161 envelope=@J10000000002000000018729560|I422jB00;
published_frame=367
editbox_receipt monotonic_ns=573301787431818 received=187 consumed=187 revision=107
published_frame=368
editbox_emit sequence=188 bytes=38 elapsed_us=2344 envelope=@J10000000002000000018807027|I422lB00;
published_frame=369
published_frame=370
editbox_emit sequence=189 bytes=38 elapsed_us=2255 envelope=@J10000000002000000018950015|I422nB00;
published_frame=371
published_frame=372
editbox_emit sequence=190 bytes=38 elapsed_us=2786 envelope=@J10000000002000000019040699|I422pB00;
editbox_receipt monotonic_ns=573301879264554 received=189 consumed=189 revision=108
published_frame=373
published_frame=374
editbox_emit sequence=191 bytes=38 elapsed_us=2260 envelope=@J10000000002000000019118166|I422rB00;
published_frame=375
published_frame=376
editbox_emit sequence=192 bytes=38 elapsed_us=2230 envelope=@J10000000002000000019261154|I422tB00;
published_frame=377
published_frame=378
editbox_emit sequence=193 bytes=38 elapsed_us=2964 envelope=@J10000000002000000019338621|I422vB00;
published_frame=379
editbox_receipt monotonic_ns=573301994102494 received=193 consumed=193 revision=109
published_frame=380
editbox_emit sequence=194 bytes=38 elapsed_us=2597 envelope=@J10000000002000000019416088|I422xB00;
published_frame=381
published_frame=382
editbox_emit sequence=195 bytes=38 elapsed_us=2011 envelope=@J10000000002000000019559076|I422zB00;
published_frame=383
published_frame=384
editbox_emit sequence=196 bytes=38 elapsed_us=2324 envelope=@J10000000002000000019636543|I422_B00;
published_frame=385
published_frame=386
editbox_emit sequence=197 bytes=38 elapsed_us=2089 envelope=@J10000000002000000019706141|I422XC00;
published_frame=387
published_frame=388
editbox_emit sequence=198 bytes=38 elapsed_us=2466 envelope=@J10000000002000000019849129|I422ZC00;
published_frame=389
published_frame=390
editbox_emit sequence=199 bytes=38 elapsed_us=2187 envelope=@J10000000002000000019926596|I422bC00;
editbox_receipt monotonic_ns=573302179426683 received=198 consumed=196 revision=110
published_frame=391
published_frame=392
editbox_emit sequence=200 bytes=38 elapsed_us=2056 envelope=@J10000000002000000020058697|I422dC00;
published_frame=393
published_frame=394
editbox_emit sequence=201 bytes=38 elapsed_us=2171 envelope=@J10000000002000000020136164|I422fC00;
editbox_receipt monotonic_ns=573302236745801 received=200 consumed=199 revision=111
published_frame=395
published_frame=396
editbox_emit sequence=202 bytes=38 elapsed_us=2450 envelope=@J10000000002000000020213631|I422hC00;
published_frame=397
published_frame=398
editbox_emit sequence=203 bytes=38 elapsed_us=1963 envelope=@J10000000002000000020356619|I422jC00;
editbox_receipt monotonic_ns=573302303603461 received=202 consumed=202 revision=112
published_frame=399
published_frame=400
editbox_emit sequence=204 bytes=38 elapsed_us=2738 envelope=@J10000000002000000020434086|I422lC00;
published_frame=401
published_frame=402
editbox_emit sequence=205 bytes=38 elapsed_us=2718 envelope=@J10000000002000000020511553|I422nC00;
published_frame=403
published_frame=404
editbox_emit sequence=206 bytes=38 elapsed_us=2265 envelope=@J10000000002000000020654541|I422pC00;
editbox_receipt monotonic_ns=573302403170358 received=205 consumed=205 revision=113
published_frame=405
published_frame=406
editbox_emit sequence=207 bytes=38 elapsed_us=2155 envelope=@J10000000002000000020732008|I422rC00;
published_frame=407
published_frame=408
editbox_emit sequence=208 bytes=38 elapsed_us=1983 envelope=@J10000000002000000020809475|I422tC00;
published_frame=409
published_frame=410
editbox_emit sequence=209 bytes=38 elapsed_us=2136 envelope=@J10000000002000000020952463|I422vC00;
editbox_receipt monotonic_ns=573302501959888 received=208 consumed=208 revision=114
published_frame=411
published_frame=412
editbox_emit sequence=210 bytes=38 elapsed_us=2156 envelope=@J10000000002000000021043147|I422xC00;
published_frame=413
published_frame=414
editbox_emit sequence=211 bytes=38 elapsed_us=2012 envelope=@J10000000002000000021120614|I422zC00;
published_frame=415
published_frame=416
editbox_emit sequence=212 bytes=38 elapsed_us=2531 envelope=@J10000000002000000021263602|I422_C00;
editbox_receipt monotonic_ns=573302603137974 received=211 consumed=211 revision=115
published_frame=417
published_frame=418
editbox_emit sequence=213 bytes=38 elapsed_us=2267 envelope=@J10000000002000000021333200|I422XD00;
published_frame=419
published_frame=420
editbox_emit sequence=214 bytes=38 elapsed_us=2229 envelope=@J10000000002000000021410667|I422ZD00;
published_frame=421
published_frame=422
editbox_emit sequence=215 bytes=38 elapsed_us=2322 envelope=@J10000000002000000021553655|I422bD00;
editbox_receipt monotonic_ns=573302703730793 received=214 consumed=214 revision=116
published_frame=423
published_frame=424
editbox_emit sequence=216 bytes=38 elapsed_us=2760 envelope=@J10000000002000000021631122|I422dD00;
published_frame=425
published_frame=426
editbox_emit sequence=217 bytes=38 elapsed_us=2467 envelope=@J10000000002000000021708589|I422fD00;
published_frame=427
editbox_receipt monotonic_ns=573302791275594 received=217 consumed=217 revision=117
published_frame=428
editbox_emit sequence=218 bytes=38 elapsed_us=2778 envelope=@J10000000002000000021851577|I422hD00;
published_frame=429
published_frame=430
editbox_emit sequence=219 bytes=38 elapsed_us=2598 envelope=@J10000000002000000021929044|I422jD00;
published_frame=431
published_frame=432
editbox_emit sequence=220 bytes=38 elapsed_us=2498 envelope=@J10000000002000000022019728|I422lD00;
published_frame=433
published_frame=434
editbox_emit sequence=221 bytes=38 elapsed_us=2137 envelope=@J10000000002000000022162716|I422nD00;
editbox_receipt monotonic_ns=573302905584162 received=220 consumed=220 revision=118
published_frame=435
published_frame=436
editbox_emit sequence=222 bytes=38 elapsed_us=2133 envelope=@J10000000002000000022240183|I422pD00;
published_frame=437
published_frame=438
editbox_emit sequence=223 bytes=38 elapsed_us=2421 envelope=@J10000000002000000022317650|I422rD00;
published_frame=439
published_frame=440
editbox_emit sequence=224 bytes=38 elapsed_us=2360 envelope=@J10000000002000000022460638|I422tD00;
editbox_receipt monotonic_ns=573303003469538 received=223 consumed=223 revision=119
published_frame=441
published_frame=442
editbox_emit sequence=225 bytes=38 elapsed_us=2644 envelope=@J10000000002000000022538105|I422vD00;
published_frame=443
published_frame=444
editbox_emit sequence=226 bytes=38 elapsed_us=2180 envelope=@J10000000002000000022615572|I422xD00;
published_frame=445
published_frame=446
editbox_emit sequence=227 bytes=38 elapsed_us=2042 envelope=@J10000000002000000022758560|I422zD00;
published_frame=447
published_frame=448
editbox_emit sequence=228 bytes=38 elapsed_us=2243 envelope=@J10000000002000000022836027|I422_D00;
published_frame=449
published_frame=450
editbox_emit sequence=229 bytes=38 elapsed_us=2355 envelope=@J10000000002000000022905625|I422XE00;
published_frame=451
editbox_receipt monotonic_ns=573303192098630 received=229 consumed=226 revision=120
published_frame=452
editbox_emit sequence=230 bytes=38 elapsed_us=2634 envelope=@J10000000002000000023061830|I422ZE00;
published_frame=453
published_frame=454
editbox_emit sequence=231 bytes=38 elapsed_us=1975 envelope=@J10000000002000000023139297|I422bE00;
editbox_receipt monotonic_ns=573303236136743 received=229 consumed=229 revision=121
published_frame=455
published_frame=456
editbox_emit sequence=232 bytes=38 elapsed_us=2029 envelope=@J10000000002000000023216764|I422dE00;
published_frame=457
published_frame=458
editbox_emit sequence=233 bytes=38 elapsed_us=2527 envelope=@J10000000002000000023359752|I422fE00;
published_frame=459
published_frame=460
editbox_emit sequence=234 bytes=38 elapsed_us=2274 envelope=@J10000000002000000023437219|I422hE00;
editbox_receipt monotonic_ns=573303335549251 received=233 consumed=232 revision=122
published_frame=461
published_frame=462
editbox_emit sequence=235 bytes=38 elapsed_us=3070 envelope=@J10000000002000000023514686|I422jE00;
published_frame=463
published_frame=464
editbox_emit sequence=236 bytes=38 elapsed_us=2847 envelope=@J10000000002000000023657674|I422lE00;
published_frame=465
editbox_receipt monotonic_ns=573303416664636 received=235 consumed=235 revision=123
published_frame=466
editbox_emit sequence=237 bytes=38 elapsed_us=2425 envelope=@J10000000002000000023735141|I422nE00;
published_frame=467
published_frame=468
editbox_emit sequence=238 bytes=38 elapsed_us=2438 envelope=@J10000000002000000023812608|I422pE00;
published_frame=469
published_frame=470
editbox_emit sequence=239 bytes=38 elapsed_us=2025 envelope=@J10000000002000000023955596|I422rE00;
editbox_receipt monotonic_ns=573303501741082 received=238 consumed=238 revision=124
published_frame=471
published_frame=472
editbox_emit sequence=240 bytes=38 elapsed_us=1980 envelope=@J10000000002000000024046280|I422tE00;
published_frame=473
published_frame=474
editbox_emit sequence=241 bytes=38 elapsed_us=3153 envelope=@J10000000002000000024123747|I422vE00;
published_frame=475
published_frame=476
editbox_emit sequence=242 bytes=38 elapsed_us=2057 envelope=@J10000000002000000024201214|I422xE00;
editbox_receipt monotonic_ns=573303609264076 received=241 consumed=241 revision=125
published_frame=477
published_frame=478
editbox_emit sequence=243 bytes=38 elapsed_us=2086 envelope=@J10000000002000000024344202|I422zE00;
published_frame=479
published_frame=480
editbox_emit sequence=244 bytes=38 elapsed_us=2850 envelope=@J10000000002000000024421669|I422_E00;
published_frame=481
editbox_receipt monotonic_ns=573303695367036 received=244 consumed=244 revision=126
published_frame=482
editbox_emit sequence=245 bytes=38 elapsed_us=2260 envelope=@J10000000002000000024556788|I422XF00;
published_frame=483
published_frame=484
editbox_emit sequence=246 bytes=38 elapsed_us=2148 envelope=@J10000000002000000024634255|I422ZF00;
published_frame=485
published_frame=486
editbox_emit sequence=247 bytes=38 elapsed_us=3454 envelope=@J10000000002000000024711722|I422bF00;
published_frame=487
published_frame=488
editbox_emit sequence=248 bytes=38 elapsed_us=12110 envelope=@J10000000002000000024854710|I422dF00;
published_frame=489
editbox_receipt monotonic_ns=573303827753045 received=247 consumed=247 revision=127
published_frame=490
editbox_emit sequence=249 bytes=38 elapsed_us=5177 envelope=@J10000000002000000024932177|I422fF00;
published_frame=491
published_frame=492
editbox_emit sequence=250 bytes=38 elapsed_us=3931 envelope=@J10000000002000000025022861|I422hF00;
published_frame=493
published_frame=494
editbox_emit sequence=251 bytes=38 elapsed_us=8483 envelope=@J10000000002000000025100328|I422jF00;
published_frame=495
published_frame=496
editbox_emit sequence=252 bytes=38 elapsed_us=23685 envelope=@J10000000002000000025243316|I422lF00;
published_frame=497
editbox_receipt monotonic_ns=573303958535881 received=250 consumed=250 revision=128
published_frame=498
editbox_emit sequence=253 bytes=38 elapsed_us=3184 envelope=@J10000000002000000025320783|I422nF00;
published_frame=499
published_frame=500
editbox_emit sequence=254 bytes=38 elapsed_us=2767 envelope=@J10000000002000000025463771|I422pF00;
published_frame=501
published_frame=502
editbox_emit sequence=255 bytes=38 elapsed_us=2190 envelope=@J10000000002000000025541238|I422rF00;
editbox_receipt monotonic_ns=573304035501871 received=253 consumed=253 revision=129
published_frame=503
published_frame=504
editbox_emit sequence=256 bytes=38 elapsed_us=2705 envelope=@J10000000002000000025618705|I422tF00;
published_frame=505
published_frame=506
editbox_emit sequence=257 bytes=38 elapsed_us=2102 envelope=@J10000000002000000025761693|I422vF00;
published_frame=507
published_frame=508
editbox_emit sequence=258 bytes=38 elapsed_us=2184 envelope=@J10000000002000000025839160|I422xF00;
published_frame=509
published_frame=510
editbox_emit sequence=259 bytes=38 elapsed_us=2230 envelope=@J10000000002000000025916627|I422zF00;
published_frame=511
published_frame=512
editbox_emit sequence=260 bytes=38 elapsed_us=2320 envelope=@J10000000002000000026007311|I422_F00;
editbox_receipt monotonic_ns=573304203453399 received=259 consumed=256 revision=130
published_frame=513
published_frame=514
editbox_emit sequence=261 bytes=38 elapsed_us=2317 envelope=@J10000000002000000026142430|I422XG00;
published_frame=515
published_frame=516
editbox_emit sequence=262 bytes=38 elapsed_us=2330 envelope=@J10000000002000000026219897|I422ZG00;
editbox_receipt monotonic_ns=573304269362222 received=259 consumed=259 revision=131
published_frame=517
published_frame=518
editbox_emit sequence=263 bytes=38 elapsed_us=2290 envelope=@J10000000002000000026362885|I422bG00;
published_frame=519
published_frame=520
editbox_emit sequence=264 bytes=38 elapsed_us=2059 envelope=@J10000000002000000026440352|I422dG00;
editbox_receipt monotonic_ns=573304336044183 received=262 consumed=262 revision=132
published_frame=521
published_frame=522
editbox_emit sequence=265 bytes=38 elapsed_us=2147 envelope=@J10000000002000000026517819|I422fG00;
published_frame=523
published_frame=524
editbox_emit sequence=266 bytes=38 elapsed_us=2178 envelope=@J10000000002000000026660807|I422hG00;
published_frame=525
editbox_receipt monotonic_ns=573304423562885 received=266 consumed=265 revision=133
published_frame=526
editbox_emit sequence=267 bytes=38 elapsed_us=2354 envelope=@J10000000002000000026738274|I422jG00;
published_frame=527
published_frame=528
editbox_emit sequence=268 bytes=38 elapsed_us=2129 envelope=@J10000000002000000026815741|I422lG00;
published_frame=529
published_frame=530
editbox_emit sequence=269 bytes=38 elapsed_us=2367 envelope=@J10000000002000000026958729|I422nG00;
editbox_receipt monotonic_ns=573304513536257 received=268 consumed=268 revision=134
published_frame=531
published_frame=532
editbox_emit sequence=270 bytes=38 elapsed_us=2092 envelope=@J10000000002000000027049413|I422pG00;
published_frame=533
published_frame=534
editbox_emit sequence=271 bytes=38 elapsed_us=2602 envelope=@J10000000002000000027126880|I422rG00;
published_frame=535
published_frame=536
editbox_emit sequence=272 bytes=38 elapsed_us=2495 envelope=@J10000000002000000027204347|I422tG00;
editbox_receipt monotonic_ns=573304603839707 received=271 consumed=271 revision=135
published_frame=537
published_frame=538
editbox_emit sequence=273 bytes=38 elapsed_us=2337 envelope=@J10000000002000000027347335|I422vG00;
published_frame=539
published_frame=540
editbox_emit sequence=274 bytes=38 elapsed_us=2042 envelope=@J10000000002000000027424802|I422xG00;
published_frame=541
editbox_receipt monotonic_ns=573304693708684 received=274 consumed=274 revision=136
published_frame=542
editbox_emit sequence=275 bytes=38 elapsed_us=2325 envelope=@J10000000002000000027502269|I422zG00;
published_frame=543
published_frame=544
editbox_emit sequence=276 bytes=38 elapsed_us=2678 envelope=@J10000000002000000027645257|I422_G00;
published_frame=545
published_frame=546
editbox_emit sequence=277 bytes=38 elapsed_us=2394 envelope=@J10000000002000000027714855|I422XH00;
published_frame=547
published_frame=548
editbox_emit sequence=278 bytes=38 elapsed_us=2070 envelope=@J10000000002000000027857843|I422ZH00;
editbox_receipt monotonic_ns=573304803577623 received=277 consumed=277 revision=137
published_frame=549
published_frame=550
editbox_emit sequence=279 bytes=38 elapsed_us=2131 envelope=@J10000000002000000027935310|I422bH00;
published_frame=551
published_frame=552
editbox_emit sequence=280 bytes=38 elapsed_us=2020 envelope=@J10000000002000000028025994|I422dH00;
published_frame=553
published_frame=554
editbox_emit sequence=281 bytes=38 elapsed_us=2030 envelope=@J10000000002000000028103461|I422fH00;
editbox_receipt monotonic_ns=573304901981561 received=280 consumed=280 revision=138
published_frame=555
published_frame=556
editbox_emit sequence=282 bytes=38 elapsed_us=2180 envelope=@J10000000002000000028246449|I422hH00;
published_frame=557
published_frame=558
editbox_emit sequence=283 bytes=38 elapsed_us=1994 envelope=@J10000000002000000028323916|I422jH00;
published_frame=559
published_frame=560
editbox_emit sequence=284 bytes=38 elapsed_us=2073 envelope=@J10000000002000000028401383|I422lH00;
editbox_receipt monotonic_ns=573305004271190 received=283 consumed=283 revision=139
published_frame=561
published_frame=562
editbox_emit sequence=285 bytes=38 elapsed_us=2112 envelope=@J10000000002000000028544371|I422nH00;
published_frame=563
published_frame=564
editbox_emit sequence=286 bytes=38 elapsed_us=2084 envelope=@J10000000002000000028621838|I422pH00;
published_frame=565
published_frame=566
editbox_emit sequence=287 bytes=38 elapsed_us=2053 envelope=@J10000000002000000028764826|I422rH00;
published_frame=567
published_frame=568
editbox_emit sequence=288 bytes=38 elapsed_us=2018 envelope=@J10000000002000000028842293|I422tH00;
published_frame=569
published_frame=570
editbox_emit sequence=289 bytes=38 elapsed_us=2080 envelope=@J10000000002000000028919760|I422vH00;
published_frame=571
editbox_receipt monotonic_ns=573305190545620 received=289 consumed=286 revision=140
published_frame=572
editbox_emit sequence=290 bytes=38 elapsed_us=2089 envelope=@J10000000002000000029010444|I422xH00;
published_frame=573
published_frame=574
editbox_emit sequence=291 bytes=38 elapsed_us=2024 envelope=@J10000000002000000029153432|I422zH00;
editbox_receipt monotonic_ns=573305235442542 received=289 consumed=289 revision=141
published_frame=575
published_frame=576
editbox_emit sequence=292 bytes=38 elapsed_us=2070 envelope=@J10000000002000000029230899|I422_H00;
published_frame=577
published_frame=578
editbox_emit sequence=293 bytes=38 elapsed_us=2396 envelope=@J10000000002000000029300497|I422XI00;
editbox_receipt monotonic_ns=573305313410860 received=292 consumed=292 revision=142
published_frame=579
published_frame=580
editbox_emit sequence=294 bytes=38 elapsed_us=2440 envelope=@J10000000002000000029443485|I422ZI00;
published_frame=581
published_frame=582
editbox_emit sequence=295 bytes=38 elapsed_us=2130 envelope=@J10000000002000000029520952|I422bI00;
published_frame=583
published_frame=584
editbox_emit sequence=296 bytes=38 elapsed_us=2350 envelope=@J10000000002000000029663940|I422dI00;
editbox_receipt monotonic_ns=573305413958555 received=295 consumed=295 revision=143
published_frame=585
published_frame=586
editbox_emit sequence=297 bytes=38 elapsed_us=2218 envelope=@J10000000002000000029741407|I422fI00;
published_frame=587
published_frame=588
editbox_emit sequence=298 bytes=38 elapsed_us=2695 envelope=@J10000000002000000029818874|I422hI00;
published_frame=589
published_frame=590
editbox_emit sequence=299 bytes=38 elapsed_us=2543 envelope=@J10000000002000000029961862|I422jI00;
editbox_receipt monotonic_ns=573305503410520 received=298 consumed=298 revision=144
published_frame=591
published_frame=592
editbox_emit sequence=300 bytes=38 elapsed_us=2513 envelope=@J10000000002000000030028442|I422lI00;
published_frame=593
published_frame=594
editbox_emit sequence=301 bytes=38 elapsed_us=2150 envelope=@J10000000002000000030105909|I422nI00;
published_frame=595
published_frame=596
editbox_emit sequence=302 bytes=38 elapsed_us=2274 envelope=@J10000000002000000030248897|I422pI00;
editbox_receipt monotonic_ns=573305602970604 received=301 consumed=301 revision=145
published_frame=597
published_frame=598
editbox_emit sequence=303 bytes=38 elapsed_us=2547 envelope=@J10000000002000000030326364|I422rI00;
published_frame=599
published_frame=600
editbox_emit sequence=304 bytes=38 elapsed_us=3210 envelope=@J10000000002000000030403831|I422tI00;
published_frame=601
published_frame=602
editbox_emit sequence=305 bytes=38 elapsed_us=2282 envelope=@J10000000002000000030546819|I422vI00;
editbox_receipt monotonic_ns=573305705917725 received=304 consumed=304 revision=146
published_frame=603
published_frame=604
editbox_emit sequence=306 bytes=38 elapsed_us=2652 envelope=@J10000000002000000030624286|I422xI00;
published_frame=605
published_frame=606
editbox_emit sequence=307 bytes=38 elapsed_us=2323 envelope=@J10000000002000000030701753|I422zI00;
published_frame=607
published_frame=608
editbox_emit sequence=308 bytes=38 elapsed_us=2640 envelope=@J10000000002000000030844741|I422_I00;
editbox_receipt monotonic_ns=573305803594971 received=307 consumed=307 revision=147
published_frame=609
published_frame=610
editbox_emit sequence=309 bytes=38 elapsed_us=2649 envelope=@J10000000002000000030914339|I422XJ00;
published_frame=611
published_frame=612
editbox_emit sequence=310 bytes=38 elapsed_us=2611 envelope=@J10000000002000000031005023|I422ZJ00;
published_frame=613
published_frame=614
editbox_emit sequence=311 bytes=38 elapsed_us=2446 envelope=@J10000000002000000031148011|I422bJ00;
editbox_receipt monotonic_ns=573305914627451 received=310 consumed=310 revision=148
published_frame=615
published_frame=616
editbox_emit sequence=312 bytes=38 elapsed_us=2243 envelope=@J10000000002000000031225478|I422dJ00;
published_frame=617
published_frame=618
editbox_emit sequence=313 bytes=38 elapsed_us=2221 envelope=@J10000000002000000031302945|I422fJ00;
published_frame=619
published_frame=620
editbox_emit sequence=314 bytes=38 elapsed_us=2138 envelope=@J10000000002000000031445933|I422hJ00;
editbox_receipt monotonic_ns=573306002597500 received=313 consumed=313 revision=149
published_frame=621
published_frame=622
editbox_emit sequence=315 bytes=38 elapsed_us=2205 envelope=@J10000000002000000031523400|I422jJ00;
published_frame=623
published_frame=624
editbox_emit sequence=316 bytes=38 elapsed_us=2195 envelope=@J10000000002000000031600867|I422lJ00;
published_frame=625
published_frame=626
editbox_emit sequence=317 bytes=38 elapsed_us=3082 envelope=@J10000000002000000031743855|I422nJ00;
published_frame=627
published_frame=628
editbox_emit sequence=318 bytes=38 elapsed_us=2530 envelope=@J10000000002000000031821322|I422pJ00;
published_frame=629
editbox_receipt monotonic_ns=573306158851871 received=316 consumed=316 revision=150
published_frame=630
editbox_emit sequence=319 bytes=38 elapsed_us=2491 envelope=@J10000000002000000031964310|I422rJ00;
published_frame=631
published_frame=632
editbox_emit sequence=320 bytes=38 elapsed_us=2585 envelope=@J10000000002000000032054994|I422tJ00;
published_frame=633
published_frame=634
editbox_emit sequence=321 bytes=38 elapsed_us=2113 envelope=@J10000000002000000032132461|I422vJ00;
editbox_receipt monotonic_ns=573306236099028 received=319 consumed=319 revision=151
published_frame=635
published_frame=636
editbox_emit sequence=322 bytes=38 elapsed_us=2096 envelope=@J10000000002000000032209928|I422xJ00;
published_frame=637
published_frame=638
editbox_emit sequence=323 bytes=38 elapsed_us=2103 envelope=@J10000000002000000032352916|I422zJ00;
editbox_receipt monotonic_ns=573306302864927 received=322 consumed=322 revision=152
published_frame=639
published_frame=640
editbox_emit sequence=324 bytes=38 elapsed_us=2338 envelope=@J10000000002000000032430383|I422_J00;
published_frame=641
published_frame=642
editbox_emit sequence=325 bytes=38 elapsed_us=2307 envelope=@J10000000002000000032565502|I422XK00;
published_frame=643
published_frame=644
editbox_emit sequence=326 bytes=38 elapsed_us=2099 envelope=@J10000000002000000032642969|I422ZK00;
editbox_receipt monotonic_ns=573306404317607 received=325 consumed=325 revision=153
published_frame=645
published_frame=646
editbox_emit sequence=327 bytes=38 elapsed_us=2634 envelope=@J10000000002000000032720436|I422bK00;
published_frame=647
published_frame=648
editbox_emit sequence=328 bytes=38 elapsed_us=2136 envelope=@J10000000002000000032863424|I422dK00;
published_frame=649
published_frame=650
editbox_emit sequence=329 bytes=38 elapsed_us=2155 envelope=@J10000000002000000032940891|I422fK00;
editbox_receipt monotonic_ns=573306502141929 received=328 consumed=328 revision=154
published_frame=651
published_frame=652
editbox_emit sequence=330 bytes=38 elapsed_us=2345 envelope=@J10000000002000000033031575|I422hK00;
published_frame=653
published_frame=654
editbox_emit sequence=331 bytes=38 elapsed_us=2357 envelope=@J10000000002000000033109042|I422jK00;
published_frame=655
editbox_receipt monotonic_ns=573306591600536 received=331 consumed=331 revision=155
published_frame=656
editbox_emit sequence=332 bytes=38 elapsed_us=2326 envelope=@J10000000002000000033252030|I422lK00;
published_frame=657
published_frame=658
editbox_emit sequence=333 bytes=38 elapsed_us=2037 envelope=@J10000000002000000033329497|I422nK00;
published_frame=659
published_frame=660
editbox_emit sequence=334 bytes=38 elapsed_us=2379 envelope=@J10000000002000000033406964|I422pK00;
published_frame=661
editbox_receipt monotonic_ns=573306691296255 received=334 consumed=334 revision=156
published_frame=662
editbox_emit sequence=335 bytes=38 elapsed_us=2367 envelope=@J10000000002000000033549952|I422rK00;
published_frame=663
published_frame=664
editbox_emit sequence=336 bytes=38 elapsed_us=2169 envelope=@J10000000002000000033627419|I422tK00;
published_frame=665
published_frame=666
editbox_emit sequence=337 bytes=38 elapsed_us=2432 envelope=@J10000000002000000033704886|I422vK00;
published_frame=667
editbox_receipt monotonic_ns=573306792633900 received=337 consumed=337 revision=157
published_frame=668
editbox_emit sequence=338 bytes=38 elapsed_us=2227 envelope=@J10000000002000000033847874|I422xK00;
published_frame=669
published_frame=670
editbox_emit sequence=339 bytes=38 elapsed_us=2124 envelope=@J10000000002000000033925341|I422zK00;
published_frame=671
published_frame=672
editbox_emit sequence=340 bytes=38 elapsed_us=2195 envelope=@J10000000002000000034016025|I422_K00;
published_frame=673
editbox_receipt monotonic_ns=573306892816050 received=340 consumed=340 revision=158
published_frame=674
editbox_emit sequence=341 bytes=38 elapsed_us=2125 envelope=@J10000000002000000034151144|I422XL00;
published_frame=675
published_frame=676
editbox_emit sequence=342 bytes=38 elapsed_us=2301 envelope=@J10000000002000000034228611|I422ZL00;
published_frame=677
published_frame=678
editbox_emit sequence=343 bytes=38 elapsed_us=2496 envelope=@J10000000002000000034306078|I422bL00;
published_frame=679
published_frame=680
editbox_receipt monotonic_ns=573307001463421 received=343 consumed=343 revision=159
editbox_emit sequence=344 bytes=38 elapsed_us=2237 envelope=@J10000000002000000034449066|I422dL00;
published_frame=681
published_frame=682
editbox_emit sequence=345 bytes=38 elapsed_us=2165 envelope=@J10000000002000000034526533|I422fL00;
published_frame=683
published_frame=684
editbox_emit sequence=346 bytes=38 elapsed_us=2156 envelope=@J10000000002000000034604000|I422hL00;
published_frame=685
published_frame=686
editbox_emit sequence=347 bytes=38 elapsed_us=2850 envelope=@J10000000002000000034746988|I422jL00;
published_frame=687
published_frame=688
editbox_emit sequence=348 bytes=38 elapsed_us=2172 envelope=@J10000000002000000034824455|I422lL00;
published_frame=689
editbox_receipt monotonic_ns=573307162521453 received=346 consumed=346 revision=160
published_frame=690
editbox_emit sequence=349 bytes=38 elapsed_us=2669 envelope=@J10000000002000000034901922|I422nL00;
published_frame=691
published_frame=692
editbox_emit sequence=350 bytes=38 elapsed_us=2200 envelope=@J10000000002000000035058127|I422pL00;
published_frame=693
published_frame=694
editbox_emit sequence=351 bytes=38 elapsed_us=2167 envelope=@J10000000002000000035135594|I422rL00;
editbox_receipt monotonic_ns=573307236102231 received=349 consumed=349 revision=161
published_frame=695
published_frame=696
editbox_emit sequence=352 bytes=38 elapsed_us=2155 envelope=@J10000000002000000035213061|I422tL00;
published_frame=697
published_frame=698
editbox_emit sequence=353 bytes=38 elapsed_us=2238 envelope=@J10000000002000000035356049|I422vL00;
editbox_receipt monotonic_ns=573307312465742 received=352 consumed=352 revision=162
published_frame=699
published_frame=700
editbox_emit sequence=354 bytes=38 elapsed_us=2032 envelope=@J10000000002000000035433516|I422xL00;
published_frame=701
published_frame=702
editbox_emit sequence=355 bytes=38 elapsed_us=2311 envelope=@J10000000002000000035510983|I422zL00;
published_frame=703
published_frame=704
editbox_emit sequence=356 bytes=38 elapsed_us=2147 envelope=@J10000000002000000035653971|I422_L00;
editbox_receipt monotonic_ns=573307403764327 received=355 consumed=355 revision=163
published_frame=705
published_frame=706
editbox_emit sequence=357 bytes=38 elapsed_us=2045 envelope=@J10000000002000000035723569|I422XM00;
published_frame=707
published_frame=708
editbox_emit sequence=358 bytes=38 elapsed_us=2968 envelope=@J10000000002000000035801036|I422ZM00;
published_frame=709
published_frame=710
editbox_emit sequence=359 bytes=38 elapsed_us=2072 envelope=@J10000000002000000035944024|I422bM00;
editbox_receipt monotonic_ns=573307503156457 received=358 consumed=358 revision=164
published_frame=711
published_frame=712
editbox_emit sequence=360 bytes=38 elapsed_us=3571 envelope=@J10000000002000000036034708|I422dM00;
published_frame=713
published_frame=714
editbox_emit sequence=361 bytes=38 elapsed_us=2911 envelope=@J10000000002000000036112175|I422fM00;
published_frame=715
published_frame=716
editbox_emit sequence=362 bytes=38 elapsed_us=2191 envelope=@J10000000002000000036255163|I422hM00;
editbox_receipt monotonic_ns=573307603718568 received=361 consumed=361 revision=165
published_frame=717
published_frame=718
editbox_emit sequence=363 bytes=38 elapsed_us=2141 envelope=@J10000000002000000036332630|I422jM00;
published_frame=719
published_frame=720
editbox_emit sequence=364 bytes=38 elapsed_us=2582 envelope=@J10000000002000000036410097|I422lM00;
published_frame=721
editbox_receipt monotonic_ns=573307691588800 received=364 consumed=364 revision=166
published_frame=722
editbox_emit sequence=365 bytes=38 elapsed_us=2470 envelope=@J10000000002000000036553085|I422nM00;
published_frame=723
published_frame=724
editbox_emit sequence=366 bytes=38 elapsed_us=3126 envelope=@J10000000002000000036630552|I422pM00;
published_frame=725
published_frame=726
editbox_emit sequence=367 bytes=38 elapsed_us=2043 envelope=@J10000000002000000036708019|I422rM00;
published_frame=727
published_frame=728
editbox_emit sequence=368 bytes=38 elapsed_us=2280 envelope=@J10000000002000000036851007|I422tM00;
published_frame=729
editbox_receipt monotonic_ns=573307815202142 received=367 consumed=367 revision=167
published_frame=730
editbox_emit sequence=369 bytes=38 elapsed_us=2048 envelope=@J10000000002000000036928474|I422vM00;
published_frame=731
published_frame=732
editbox_emit sequence=370 bytes=38 elapsed_us=2603 envelope=@J10000000002000000037019158|I422xM00;
published_frame=733
published_frame=734
editbox_emit sequence=371 bytes=38 elapsed_us=2192 envelope=@J10000000002000000037162146|I422zM00;
editbox_receipt monotonic_ns=573307903723414 received=370 consumed=370 revision=168
published_frame=735
published_frame=736
editbox_emit sequence=372 bytes=38 elapsed_us=2204 envelope=@J10000000002000000037239613|I422_M00;
published_frame=737
published_frame=738
editbox_emit sequence=373 bytes=38 elapsed_us=2188 envelope=@J10000000002000000037309211|I422XN00;
published_frame=739
published_frame=740
editbox_emit sequence=374 bytes=38 elapsed_us=2484 envelope=@J10000000002000000037452199|I422ZN00;
editbox_receipt monotonic_ns=573308004457758 received=373 consumed=373 revision=169
published_frame=741
published_frame=742
editbox_emit sequence=375 bytes=38 elapsed_us=2468 envelope=@J10000000002000000037529666|I422bN00;
published_frame=743
published_frame=744
editbox_emit sequence=376 bytes=38 elapsed_us=1992 envelope=@J10000000002000000037607133|I422dN00;
published_frame=745
published_frame=746
editbox_emit sequence=377 bytes=38 elapsed_us=2133 envelope=@J10000000002000000037750121|I422fN00;
published_frame=747
published_frame=748
editbox_emit sequence=378 bytes=38 elapsed_us=2032 envelope=@J10000000002000000037827588|I422hN00;
published_frame=749
published_frame=750
editbox_emit sequence=379 bytes=38 elapsed_us=2786 envelope=@J10000000002000000037905055|I422jN00;
published_frame=751
editbox_receipt monotonic_ns=573308187847253 received=378 consumed=376 revision=170
published_frame=752
editbox_emit sequence=380 bytes=38 elapsed_us=2084 envelope=@J10000000002000000038061260|I422lN00;
editbox_receipt monotonic_ns=573308209056623 received=378 consumed=378 revision=171
published_frame=753
published_frame=754
editbox_emit sequence=381 bytes=38 elapsed_us=2037 envelope=@J10000000002000000038138727|I422nN00;
published_frame=755
published_frame=756
editbox_emit sequence=382 bytes=38 elapsed_us=1984 envelope=@J10000000002000000038216194|I422pN00;
published_frame=757
published_frame=758
editbox_emit sequence=383 bytes=38 elapsed_us=2091 envelope=@J10000000002000000038359182|I422rN00;
editbox_receipt monotonic_ns=573308306921841 received=382 consumed=382 revision=172
published_frame=759
published_frame=760
editbox_emit sequence=384 bytes=38 elapsed_us=2416 envelope=@J10000000002000000038436649|I422tN00;
published_frame=761
published_frame=762
editbox_emit sequence=385 bytes=38 elapsed_us=2263 envelope=@J10000000002000000038514116|I422vN00;
published_frame=763
published_frame=764
editbox_emit sequence=386 bytes=38 elapsed_us=2133 envelope=@J10000000002000000038657104|I422xN00;
editbox_receipt monotonic_ns=573308403577945 received=385 consumed=385 revision=173
published_frame=765
published_frame=766
editbox_emit sequence=387 bytes=38 elapsed_us=2714 envelope=@J10000000002000000038734571|I422zN00;
published_frame=767
published_frame=768
editbox_emit sequence=388 bytes=38 elapsed_us=2389 envelope=@J10000000002000000038812038|I422_N00;
published_frame=769
published_frame=770
editbox_emit sequence=389 bytes=38 elapsed_us=2225 envelope=@J10000000002000000038947157|I422XO00;
editbox_receipt monotonic_ns=573308503137268 received=388 consumed=388 revision=174
published_frame=771
published_frame=772
editbox_emit sequence=390 bytes=38 elapsed_us=2160 envelope=@J10000000002000000039037841|I422ZO00;
published_frame=773
published_frame=774
editbox_emit sequence=391 bytes=38 elapsed_us=2710 envelope=@J10000000002000000039115308|I422bO00;
editbox_receipt monotonic_ns=573308580243351 received=390 consumed=390 revision=175
published_frame=775
published_frame=776
editbox_emit sequence=392 bytes=38 elapsed_us=2206 envelope=@J10000000002000000039258296|I422dO00;
published_frame=777
published_frame=778
editbox_emit sequence=393 bytes=38 elapsed_us=2216 envelope=@J10000000002000000039335763|I422fO00;
published_frame=779
published_frame=780
editbox_emit sequence=394 bytes=38 elapsed_us=2402 envelope=@J10000000002000000039413230|I422hO00;
editbox_receipt monotonic_ns=573308680129977 received=393 consumed=393 revision=176
published_frame=781
published_frame=782
editbox_emit sequence=395 bytes=38 elapsed_us=2286 envelope=@J10000000002000000039556218|I422jO00;
published_frame=783
published_frame=784
editbox_emit sequence=396 bytes=38 elapsed_us=2103 envelope=@J10000000002000000039633685|I422lO00;
published_frame=785
published_frame=786
editbox_emit sequence=397 bytes=38 elapsed_us=2230 envelope=@J10000000002000000039711152|I422nO00;
editbox_receipt monotonic_ns=573308779482683 received=396 consumed=396 revision=177
published_frame=787
published_frame=788
editbox_emit sequence=398 bytes=38 elapsed_us=2154 envelope=@J10000000002000000039854140|I422pO00;
published_frame=789
published_frame=790
editbox_emit sequence=399 bytes=38 elapsed_us=2131 envelope=@J10000000002000000039931607|I422rO00;
published_frame=791
published_frame=792
editbox_emit sequence=400 bytes=38 elapsed_us=2452 envelope=@J10000000002000000040063708|I422tO00;
published_frame=793
editbox_receipt monotonic_ns=573308891758422 received=400 consumed=400 revision=178
published_frame=794
editbox_emit sequence=401 bytes=38 elapsed_us=2056 envelope=@J10000000002000000040141175|I422vO00;
published_frame=795
published_frame=796
editbox_emit sequence=402 bytes=38 elapsed_us=2417 envelope=@J10000000002000000040218642|I422xO00;
published_frame=797
published_frame=798
editbox_emit sequence=403 bytes=38 elapsed_us=2055 envelope=@J10000000002000000040361630|I422zO00;
published_frame=799
editbox_receipt monotonic_ns=573308991993792 received=403 consumed=403 revision=179
published_frame=800
editbox_emit sequence=404 bytes=38 elapsed_us=2458 envelope=@J10000000002000000040439097|I422_O00;
published_frame=801
published_frame=802
editbox_emit sequence=405 bytes=38 elapsed_us=2545 envelope=@J10000000002000000040508695|I422XP00;
published_frame=803
published_frame=804
editbox_emit sequence=406 bytes=38 elapsed_us=2178 envelope=@J10000000002000000040651683|I422ZP00;
published_frame=805
published_frame=806
editbox_emit sequence=407 bytes=38 elapsed_us=2158 envelope=@J10000000002000000040729150|I422bP00;
published_frame=807
published_frame=808
editbox_emit sequence=408 bytes=38 elapsed_us=2203 envelope=@J10000000002000000040806617|I422dP00;
published_frame=809
published_frame=810
editbox_emit sequence=409 bytes=38 elapsed_us=2305 envelope=@J10000000002000000040949605|I422fP00;
published_frame=811
published_frame=812
editbox_emit sequence=410 bytes=38 elapsed_us=2197 envelope=@J10000000002000000041040289|I422hP00;
editbox_receipt monotonic_ns=573309203029056 received=409 consumed=406 revision=180
published_frame=813
published_frame=814
editbox_emit sequence=411 bytes=38 elapsed_us=1958 envelope=@J10000000002000000041117756|I422jP00;
editbox_receipt monotonic_ns=573309235246001 received=409 consumed=409 revision=181
published_frame=815
published_frame=816
editbox_emit sequence=412 bytes=38 elapsed_us=2241 envelope=@J10000000002000000041260744|I422lP00;
published_frame=817
published_frame=818
editbox_emit sequence=413 bytes=38 elapsed_us=2671 envelope=@J10000000002000000041338211|I422nP00;
editbox_receipt monotonic_ns=573309312779424 received=412 consumed=412 revision=182
published_frame=819
published_frame=820
editbox_emit sequence=414 bytes=38 elapsed_us=2486 envelope=@J10000000002000000041415678|I422pP00;
published_frame=821
published_frame=822
editbox_emit sequence=415 bytes=38 elapsed_us=2436 envelope=@J10000000002000000041558666|I422rP00;
published_frame=823
published_frame=824
editbox_emit sequence=416 bytes=38 elapsed_us=2098 envelope=@J10000000002000000041636133|I422tP00;
editbox_receipt monotonic_ns=573309409403698 received=415 consumed=415 revision=183
published_frame=825
published_frame=826
editbox_emit sequence=417 bytes=38 elapsed_us=2204 envelope=@J10000000002000000041713600|I422vP00;
published_frame=827
published_frame=828
editbox_emit sequence=418 bytes=38 elapsed_us=2683 envelope=@J10000000002000000041856588|I422xP00;
published_frame=829
published_frame=830
editbox_emit sequence=419 bytes=38 elapsed_us=2462 envelope=@J10000000002000000041934055|I422zP00;
editbox_receipt monotonic_ns=573309504747392 received=418 consumed=418 revision=184
published_frame=831
published_frame=832
editbox_emit sequence=420 bytes=38 elapsed_us=2227 envelope=@J10000000002000000042024739|I422_P00;
published_frame=833
published_frame=834
editbox_emit sequence=421 bytes=38 elapsed_us=2400 envelope=@J10000000002000000042159858|I422XQ00;
published_frame=835
published_frame=836
editbox_emit sequence=422 bytes=38 elapsed_us=2778 envelope=@J10000000002000000042237325|I422ZQ00;
editbox_receipt monotonic_ns=573309604569258 received=421 consumed=421 revision=185
published_frame=837
published_frame=838
editbox_emit sequence=423 bytes=38 elapsed_us=2378 envelope=@J10000000002000000042314792|I422bQ00;
published_frame=839
published_frame=840
editbox_emit sequence=424 bytes=38 elapsed_us=2011 envelope=@J10000000002000000042457780|I422dQ00;
published_frame=841
published_frame=842
editbox_emit sequence=425 bytes=38 elapsed_us=2036 envelope=@J10000000002000000042535247|I422fQ00;
editbox_receipt monotonic_ns=573309703131362 received=424 consumed=424 revision=186
published_frame=843
published_frame=844
editbox_emit sequence=426 bytes=38 elapsed_us=2118 envelope=@J10000000002000000042612714|I422hQ00;
published_frame=845
published_frame=846
editbox_emit sequence=427 bytes=38 elapsed_us=2475 envelope=@J10000000002000000042755702|I422jQ00;
published_frame=847
published_frame=848
editbox_receipt monotonic_ns=573309798618155 received=427 consumed=427 revision=187
editbox_emit sequence=428 bytes=38 elapsed_us=2782 envelope=@J10000000002000000042833169|I422lQ00;
published_frame=849
published_frame=850
editbox_emit sequence=429 bytes=38 elapsed_us=2231 envelope=@J10000000002000000042910636|I422nQ00;
published_frame=851
published_frame=852
editbox_emit sequence=430 bytes=38 elapsed_us=2336 envelope=@J10000000002000000043001320|I422pQ00;
published_frame=853
editbox_receipt monotonic_ns=573309894777828 received=430 consumed=430 revision=188
published_frame=854
editbox_emit sequence=431 bytes=38 elapsed_us=2840 envelope=@J10000000002000000043144308|I422rQ00;
published_frame=855
published_frame=856
editbox_emit sequence=432 bytes=38 elapsed_us=2118 envelope=@J10000000002000000043221775|I422tQ00;
published_frame=857
published_frame=858
editbox_emit sequence=433 bytes=38 elapsed_us=2400 envelope=@J10000000002000000043364763|I422vQ00;
published_frame=859
editbox_receipt monotonic_ns=573309993965865 received=433 consumed=433 revision=189
published_frame=860
editbox_emit sequence=434 bytes=38 elapsed_us=3312 envelope=@J10000000002000000043442230|I422xQ00;
published_frame=861
published_frame=862
editbox_emit sequence=435 bytes=38 elapsed_us=2655 envelope=@J10000000002000000043519697|I422zQ00;
published_frame=863
published_frame=864
editbox_emit sequence=436 bytes=38 elapsed_us=2050 envelope=@J10000000002000000043662685|I422_Q00;
published_frame=865
published_frame=866
editbox_emit sequence=437 bytes=38 elapsed_us=2151 envelope=@J10000000002000000043732283|I422XR00;
published_frame=867
published_frame=868
editbox_emit sequence=438 bytes=38 elapsed_us=2233 envelope=@J10000000002000000043809750|I422ZR00;
published_frame=869
published_frame=870
editbox_emit sequence=439 bytes=38 elapsed_us=2258 envelope=@J10000000002000000043952738|I422bR00;
editbox_receipt monotonic_ns=573310169341745 received=438 consumed=436 revision=190
published_frame=871
published_frame=872
editbox_emit sequence=440 bytes=38 elapsed_us=2525 envelope=@J10000000002000000044043422|I422dR00;
published_frame=873
published_frame=874
editbox_emit sequence=441 bytes=38 elapsed_us=2001 envelope=@J10000000002000000044120889|I422fR00;
editbox_receipt monotonic_ns=573310236080613 received=440 consumed=439 revision=191
published_frame=875
published_frame=876
editbox_emit sequence=442 bytes=38 elapsed_us=2186 envelope=@J10000000002000000044263877|I422hR00;
published_frame=877
editbox_receipt monotonic_ns=573310290171052 received=442 consumed=442 revision=192
published_frame=878
editbox_emit sequence=443 bytes=38 elapsed_us=2020 envelope=@J10000000002000000044341344|I422jR00;
published_frame=879
published_frame=880
editbox_emit sequence=444 bytes=38 elapsed_us=2509 envelope=@J10000000002000000044418811|I422lR00;
published_frame=881
published_frame=882
editbox_emit sequence=445 bytes=38 elapsed_us=2149 envelope=@J10000000002000000044561799|I422nR00;
published_frame=883
published_frame=884
editbox_emit sequence=446 bytes=38 elapsed_us=2133 envelope=@J10000000002000000044639266|I422pR00;
editbox_receipt monotonic_ns=573310413564473 received=445 consumed=445 revision=193
published_frame=885
published_frame=886
editbox_emit sequence=447 bytes=38 elapsed_us=2180 envelope=@J10000000002000000044716733|I422rR00;
published_frame=887
match_end epoch=2 frontier=888 old_rows=drain terminal_rows=discard
input_armed=true gameplay_armed=false mono_ns=573310454473002
editbox_emit sequence=448 bytes=34 elapsed_us=1888 envelope=@J10000000002000000044860852|JE12;
editbox_receipt monotonic_ns=573310490537887 received=448 consumed=448 revision=194
match_quiescent epoch=2
waiting_for_match build=chat-trace-20261005 slot=1 after_epoch=2
shutdown signal=SIGINT mailbox_release=begin
