source=/dev/input/event2 name=Some("Smashcraft Event Retention Virtual Gamepad") clock=CLOCK_MONOTONIC epoch_ns=0 frame_rule=segment_frame+floor((t-segment_epoch)*60/1e9) first=1 delay=0 pause_policy=sequenced-map-control
controller_identity=DeviceIdentity { id: InputId { bus_type: BUS_USB, vendor: 0x45e, product: 0x28e, version: 0x114 }, name: Some("Smashcraft Event Retention Virtual Gamepad"), phys: None, uniq: None } automatic_reconnect=false
waiting_for_match build=chat-trace-20261005 slot=0 start_before=final-match-confirmation
input_armed=true gameplay_armed=false mono_ns=573213661483402
menu_emit epoch=0 phase=Some(Character) key=r mono_ns=573216007906000
menu_emit epoch=0 phase=Some(Character) key=w mono_ns=573216278567000
menu_emit epoch=0 phase=Some(Character) key=n mono_ns=573216548983000
menu_emit epoch=0 phase=Some(Character) key=y mono_ns=573218471502000
menu_emit epoch=0 phase=Some(Stage) key=r mono_ns=573220858564000
menu_emit epoch=0 phase=Some(Stage) key=w mono_ns=573221128965000
menu_emit epoch=0 phase=Some(Stage) key=u mono_ns=573221399379000
menu_emit epoch=0 phase=Some(Character) key=y mono_ns=573223809840000
menu_emit epoch=0 phase=Some(Stage) key=y mono_ns=573226193038000
match_ready epoch=1 neutral_rearm=required
input_armed=true gameplay_armed=false mono_ns=573226500448025
editbox_receipt monotonic_ns=573226500624706 received=0 consumed=0 revision=1
editbox_emit sequence=1 bytes=34 elapsed_us=2169 envelope=@J10000000001000000000130780|JR11;
editbox_receipt monotonic_ns=573226696589372 received=1 consumed=1 revision=2
editbox_receipt monotonic_ns=573226718322832 received=1 consumed=1 revision=3
editbox_receipt monotonic_ns=573226739130628 received=1 consumed=1 revision=4
editbox_receipt monotonic_ns=573226772119207 received=1 consumed=1 revision=5
editbox_receipt monotonic_ns=573226783049266 received=1 consumed=1 revision=6
match_start epoch=1 epoch_ns=573226842747749 read_ns=573226843369905 uncertainty_ns=1100265
input_armed=true gameplay_armed=true mono_ns=573226843340730
published_frame=1
published_frame=2
editbox_emit sequence=2 bytes=37 elapsed_us=2027 envelope=@J10000000001000000000252069|I421100;
published_frame=3
published_frame=4
editbox_emit sequence=3 bytes=37 elapsed_us=2094 envelope=@J10000000001000000000330835|I421300;
published_frame=5
published_frame=6
editbox_emit sequence=4 bytes=37 elapsed_us=2019 envelope=@J10000000001000000000409601|I421500;
published_frame=7
published_frame=8
editbox_emit sequence=5 bytes=37 elapsed_us=2385 envelope=@J10000000001000000000553888|I421700;
published_frame=9
published_frame=10
editbox_emit sequence=6 bytes=37 elapsed_us=2274 envelope=@J10000000001000000000632654|I421900;
published_frame=11
editbox_receipt monotonic_ns=573227038507641 received=6 consumed=4 revision=7
published_frame=12
editbox_emit sequence=7 bytes=37 elapsed_us=2433 envelope=@J10000000001000000000711420|I421B00;
published_frame=13
editbox_receipt monotonic_ns=573227060540282 received=6 consumed=6 revision=8
published_frame=14
editbox_emit sequence=8 bytes=37 elapsed_us=2116 envelope=@J10000000001000000000855707|I421D00;
published_frame=15
editbox_receipt monotonic_ns=573227103948313 received=8 consumed=7 revision=9
published_frame=16
editbox_emit sequence=9 bytes=37 elapsed_us=2438 envelope=@J10000000001000000000934473|I421F00;
published_frame=17
published_frame=18
editbox_emit sequence=10 bytes=37 elapsed_us=2222 envelope=@J10000000001000000001041745|I421H00;
event mono_ns=573227147924000 frame=19 held=32 pressed=32 released=0
event mono_ns=573227153062000 frame=19 held=0 pressed=0 released=32
published_frame=19
published_frame=20
editbox_emit sequence=11 bytes=43 elapsed_us=2569 envelope=@J10000000001000000001145108|I421J200W00W0;
published_frame=21
published_frame=22
editbox_emit sequence=12 bytes=37 elapsed_us=2346 envelope=@J10000000001000000001264798|I421L00;
published_frame=23
published_frame=24
editbox_emit sequence=13 bytes=37 elapsed_us=2008 envelope=@J10000000001000000001343564|I421N00;
editbox_receipt monotonic_ns=573227246933144 received=12 consumed=11 revision=10
published_frame=25
published_frame=26
editbox_emit sequence=14 bytes=37 elapsed_us=1996 envelope=@J10000000001000000001422330|I421P00;
published_frame=27
editbox_receipt monotonic_ns=573227299928518 received=13 consumed=13 revision=11
published_frame=28
editbox_emit sequence=15 bytes=37 elapsed_us=1958 envelope=@J10000000001000000001501096|I421R00;
published_frame=29
published_frame=30
editbox_emit sequence=16 bytes=37 elapsed_us=1919 envelope=@J10000000001000000001645383|I421T00;
published_frame=31
published_frame=32
editbox_emit sequence=17 bytes=37 elapsed_us=2233 envelope=@J10000000001000000001724149|I421V00;
published_frame=33
published_frame=34
editbox_emit sequence=18 bytes=38 elapsed_us=2329 envelope=@J10000000001000000001808415|I421X100;
published_frame=35
published_frame=36
editbox_emit sequence=19 bytes=38 elapsed_us=2115 envelope=@J10000000001000000001951403|I421Z100;
published_frame=37
published_frame=38
editbox_emit sequence=20 bytes=38 elapsed_us=2546 envelope=@J10000000001000000002042087|I421b100;
editbox_receipt monotonic_ns=573227481106188 received=19 consumed=16 revision=12
published_frame=39
editbox_receipt monotonic_ns=573227502189711 received=19 consumed=19 revision=13
published_frame=40
editbox_emit sequence=21 bytes=38 elapsed_us=3015 envelope=@J10000000001000000002119554|I421d100;
published_frame=41
published_frame=42
editbox_emit sequence=22 bytes=38 elapsed_us=2471 envelope=@J10000000001000000002262542|I421f100;
published_frame=43
published_frame=44
editbox_emit sequence=23 bytes=38 elapsed_us=1904 envelope=@J10000000001000000002340009|I421h100;
published_frame=45
editbox_receipt monotonic_ns=573227606128233 received=23 consumed=23 revision=14
published_frame=46
editbox_emit sequence=24 bytes=38 elapsed_us=2197 envelope=@J10000000001000000002417476|I421j100;
published_frame=47
published_frame=48
editbox_emit sequence=25 bytes=38 elapsed_us=2085 envelope=@J10000000001000000002560464|I421l100;
published_frame=49
published_frame=50
editbox_emit sequence=26 bytes=38 elapsed_us=2045 envelope=@J10000000001000000002637931|I421n100;
published_frame=51
published_frame=52
editbox_emit sequence=27 bytes=38 elapsed_us=1919 envelope=@J10000000001000000002715398|I421p100;
published_frame=53
published_frame=54
editbox_emit sequence=28 bytes=38 elapsed_us=2337 envelope=@J10000000001000000002858386|I421r100;
editbox_receipt monotonic_ns=573227747776200 received=27 consumed=27 revision=15
published_frame=55
published_frame=56
editbox_emit sequence=29 bytes=38 elapsed_us=2008 envelope=@J10000000001000000002935853|I421t100;
editbox_receipt monotonic_ns=573227792743552 received=28 consumed=28 revision=16
published_frame=57
published_frame=58
editbox_emit sequence=30 bytes=38 elapsed_us=2098 envelope=@J10000000001000000003026537|I421v100;
published_frame=59
published_frame=60
editbox_emit sequence=31 bytes=38 elapsed_us=2165 envelope=@J10000000001000000003104004|I421x100;
published_frame=61
published_frame=62
editbox_emit sequence=32 bytes=38 elapsed_us=2297 envelope=@J10000000001000000003246992|I421z100;
published_frame=63
published_frame=64
editbox_emit sequence=33 bytes=38 elapsed_us=2098 envelope=@J10000000001000000003324459|I421_100;
published_frame=65
published_frame=66
editbox_emit sequence=34 bytes=38 elapsed_us=2095 envelope=@J10000000001000000003459578|I421X200;
published_frame=67
published_frame=68
editbox_emit sequence=35 bytes=38 elapsed_us=2101 envelope=@J10000000001000000003537045|I421Z200;
editbox_receipt monotonic_ns=573227990735125 received=32 consumed=32 revision=17
published_frame=69
published_frame=70
editbox_emit sequence=36 bytes=38 elapsed_us=2040 envelope=@J10000000001000000003614512|I421b200;
published_frame=71
published_frame=72
editbox_emit sequence=37 bytes=38 elapsed_us=2144 envelope=@J10000000001000000003757500|I421d200;
published_frame=73
editbox_receipt monotonic_ns=573228067017601 received=36 consumed=36 revision=18
published_frame=74
editbox_emit sequence=38 bytes=38 elapsed_us=1946 envelope=@J10000000001000000003834967|I421f200;
published_frame=75
published_frame=76
editbox_emit sequence=39 bytes=38 elapsed_us=2371 envelope=@J10000000001000000003912434|I421h200;
published_frame=77
published_frame=78
editbox_emit sequence=40 bytes=38 elapsed_us=2393 envelope=@J10000000001000000004003118|I421j200;
editbox_receipt monotonic_ns=573228149164414 received=39 consumed=38 revision=19
published_frame=79
published_frame=80
editbox_emit sequence=41 bytes=38 elapsed_us=2094 envelope=@J10000000001000000004146106|I421l200;
published_frame=81
published_frame=82
editbox_emit sequence=42 bytes=38 elapsed_us=2170 envelope=@J10000000001000000004223573|I421n200;
editbox_receipt monotonic_ns=573228214149632 received=41 consumed=41 revision=20
published_frame=83
published_frame=84
editbox_emit sequence=43 bytes=38 elapsed_us=2149 envelope=@J10000000001000000004301040|I421p200;
published_frame=85
published_frame=86
editbox_emit sequence=44 bytes=38 elapsed_us=1916 envelope=@J10000000001000000004444028|I421r200;
published_frame=87
published_frame=88
editbox_emit sequence=45 bytes=38 elapsed_us=2183 envelope=@J10000000001000000004521495|I421t200;
published_frame=89
published_frame=90
editbox_emit sequence=46 bytes=38 elapsed_us=2315 envelope=@J10000000001000000004664483|I421v200;
published_frame=91
editbox_receipt monotonic_ns=573228369605359 received=46 consumed=44 revision=21
published_frame=92
editbox_emit sequence=47 bytes=38 elapsed_us=1977 envelope=@J10000000001000000004741950|I421x200;
published_frame=93
published_frame=94
editbox_emit sequence=48 bytes=38 elapsed_us=2291 envelope=@J10000000001000000004819417|I421z200;
editbox_receipt monotonic_ns=573228415114286 received=47 consumed=47 revision=22
published_frame=95
published_frame=96
editbox_emit sequence=49 bytes=38 elapsed_us=2159 envelope=@J10000000001000000004962405|I421_200;
published_frame=97
published_frame=98
editbox_emit sequence=50 bytes=38 elapsed_us=2432 envelope=@J10000000001000000005045220|I421X300;
editbox_receipt monotonic_ns=573228491983040 received=49 consumed=49 revision=23
published_frame=99
published_frame=100
editbox_emit sequence=51 bytes=38 elapsed_us=2273 envelope=@J10000000001000000005122687|I421Z300;
published_frame=101
published_frame=102
editbox_emit sequence=52 bytes=38 elapsed_us=2034 envelope=@J10000000001000000005200154|I421b300;
published_frame=103
published_frame=104
editbox_emit sequence=53 bytes=38 elapsed_us=1917 envelope=@J10000000001000000005343142|I421d300;
published_frame=105
published_frame=106
editbox_emit sequence=54 bytes=38 elapsed_us=2158 envelope=@J10000000001000000005420609|I421f300;
editbox_receipt monotonic_ns=573228624244089 received=53 consumed=53 revision=24
published_frame=107
published_frame=108
editbox_emit sequence=55 bytes=38 elapsed_us=2236 envelope=@J10000000001000000005563597|I421h300;
published_frame=109
published_frame=110
editbox_emit sequence=56 bytes=38 elapsed_us=2450 envelope=@J10000000001000000005641064|I421j300;
editbox_receipt monotonic_ns=573228692057476 received=55 consumed=55 revision=25
published_frame=111
published_frame=112
editbox_emit sequence=57 bytes=38 elapsed_us=2141 envelope=@J10000000001000000005718531|I421l300;
published_frame=113
published_frame=114
editbox_emit sequence=58 bytes=38 elapsed_us=1991 envelope=@J10000000001000000005861519|I421n300;
published_frame=115
published_frame=116
editbox_emit sequence=59 bytes=38 elapsed_us=2446 envelope=@J10000000001000000005938986|I421p300;
published_frame=117
published_frame=118
editbox_emit sequence=60 bytes=38 elapsed_us=2228 envelope=@J10000000001000000006029670|I421r300;
published_frame=119
published_frame=120
editbox_emit sequence=61 bytes=38 elapsed_us=1913 envelope=@J10000000001000000006107137|I421t300;
published_frame=121
editbox_receipt monotonic_ns=573228868029453 received=60 consumed=60 revision=26
published_frame=122
editbox_emit sequence=62 bytes=38 elapsed_us=2243 envelope=@J10000000001000000006250125|I421v300;
published_frame=123
published_frame=124
editbox_emit sequence=63 bytes=38 elapsed_us=2084 envelope=@J10000000001000000006327592|I421x300;
published_frame=125
published_frame=126
editbox_emit sequence=64 bytes=38 elapsed_us=2070 envelope=@J10000000001000000006405059|I421z300;
published_frame=127
published_frame=128
editbox_emit sequence=65 bytes=38 elapsed_us=2108 envelope=@J10000000001000000006548047|I421_300;
published_frame=129
published_frame=130
editbox_emit sequence=66 bytes=38 elapsed_us=2175 envelope=@J10000000001000000006617645|I421X400;
published_frame=131
editbox_receipt monotonic_ns=573229036574795 received=66 consumed=62 revision=27
published_frame=132
editbox_emit sequence=67 bytes=38 elapsed_us=2111 envelope=@J10000000001000000006760633|I421Z400;
published_frame=133
published_frame=134
editbox_emit sequence=68 bytes=38 elapsed_us=2099 envelope=@J10000000001000000006838100|I421b400;
published_frame=135
published_frame=136
editbox_emit sequence=69 bytes=38 elapsed_us=2157 envelope=@J10000000001000000006915567|I421d400;
editbox_receipt monotonic_ns=573229113932315 received=68 consumed=67 revision=28
published_frame=137
editbox_receipt monotonic_ns=573229135835293 received=68 consumed=68 revision=29
published_frame=138
editbox_emit sequence=70 bytes=38 elapsed_us=1934 envelope=@J10000000001000000007006251|I421f400;
published_frame=139
published_frame=140
editbox_emit sequence=71 bytes=38 elapsed_us=2267 envelope=@J10000000001000000007149239|I421h400;
published_frame=141
published_frame=142
editbox_emit sequence=72 bytes=38 elapsed_us=2178 envelope=@J10000000001000000007226706|I421j400;
editbox_receipt monotonic_ns=573229213588835 received=70 consumed=70 revision=30
published_frame=143
published_frame=144
editbox_emit sequence=73 bytes=38 elapsed_us=2471 envelope=@J10000000001000000007304173|I421l400;
published_frame=145
published_frame=146
editbox_emit sequence=74 bytes=38 elapsed_us=2016 envelope=@J10000000001000000007447161|I421n400;
published_frame=147
editbox_receipt monotonic_ns=573229293495100 received=73 consumed=73 revision=31
published_frame=148
editbox_emit sequence=75 bytes=38 elapsed_us=2031 envelope=@J10000000001000000007524628|I421p400;
published_frame=149
published_frame=150
editbox_emit sequence=76 bytes=38 elapsed_us=3632 envelope=@J10000000001000000007602095|I421r400;
published_frame=151
published_frame=152
editbox_emit sequence=77 bytes=38 elapsed_us=5708 envelope=@J10000000001000000007745083|I421t400;
published_frame=153
published_frame=154
editbox_emit sequence=78 bytes=38 elapsed_us=5388 envelope=@J10000000001000000007822550|I421v400;
published_frame=155
published_frame=156
editbox_receipt monotonic_ns=573229468718505 received=77 consumed=76 revision=32
editbox_emit sequence=79 bytes=38 elapsed_us=5498 envelope=@J10000000001000000007900017|I421x400;
published_frame=157
published_frame=158
editbox_emit sequence=80 bytes=38 elapsed_us=4456 envelope=@J10000000001000000008056222|I421z400;
published_frame=159
published_frame=160
editbox_receipt monotonic_ns=573229525205611 received=78 consumed=78 revision=33
editbox_emit sequence=81 bytes=38 elapsed_us=3580 envelope=@J10000000001000000008133689|I421_400;
published_frame=161
published_frame=162
editbox_emit sequence=82 bytes=38 elapsed_us=5425 envelope=@J10000000001000000008203287|I421X500;
published_frame=163
published_frame=164
editbox_emit sequence=83 bytes=38 elapsed_us=2611 envelope=@J10000000001000000008346275|I421Z500;
published_frame=165
published_frame=166
editbox_emit sequence=84 bytes=38 elapsed_us=2291 envelope=@J10000000001000000008423742|I421b500;
editbox_receipt monotonic_ns=573229619644054 received=82 consumed=82 revision=34
published_frame=167
published_frame=168
editbox_emit sequence=85 bytes=38 elapsed_us=2174 envelope=@J10000000001000000008501209|I421d500;
published_frame=169
published_frame=170
editbox_emit sequence=86 bytes=38 elapsed_us=1988 envelope=@J10000000001000000008644197|I421f500;
published_frame=171
editbox_receipt monotonic_ns=573229693497057 received=85 consumed=85 revision=35
published_frame=172
editbox_emit sequence=87 bytes=38 elapsed_us=2440 envelope=@J10000000001000000008721664|I421h500;
published_frame=173
published_frame=174
editbox_emit sequence=88 bytes=38 elapsed_us=2383 envelope=@J10000000001000000008864652|I421j500;
published_frame=175
published_frame=176
editbox_emit sequence=89 bytes=38 elapsed_us=3664 envelope=@J10000000001000000008942119|I421l500;
published_frame=177
editbox_receipt monotonic_ns=573229795706981 received=88 consumed=88 revision=36
published_frame=178
editbox_emit sequence=90 bytes=38 elapsed_us=2113 envelope=@J10000000001000000009032803|I421n500;
published_frame=179
published_frame=180
editbox_emit sequence=91 bytes=38 elapsed_us=1893 envelope=@J10000000001000000009110270|I421p500;
published_frame=181
published_frame=182
editbox_emit sequence=92 bytes=38 elapsed_us=2085 envelope=@J10000000001000000009253258|I421r500;
published_frame=183
published_frame=184
editbox_emit sequence=93 bytes=38 elapsed_us=2042 envelope=@J10000000001000000009330725|I421t500;
published_frame=185
published_frame=186
editbox_emit sequence=94 bytes=38 elapsed_us=2099 envelope=@J10000000001000000009408192|I421v500;
editbox_receipt monotonic_ns=573229950255809 received=93 consumed=92 revision=37
published_frame=187
published_frame=188
editbox_emit sequence=95 bytes=38 elapsed_us=1966 envelope=@J10000000001000000009551180|I421x500;
published_frame=189
editbox_receipt monotonic_ns=573230007238194 received=95 consumed=95 revision=38
published_frame=190
editbox_emit sequence=96 bytes=38 elapsed_us=2046 envelope=@J10000000001000000009628647|I421z500;
published_frame=191
published_frame=192
editbox_emit sequence=97 bytes=38 elapsed_us=2372 envelope=@J10000000001000000009706114|I421_500;
published_frame=193
published_frame=194
editbox_emit sequence=98 bytes=38 elapsed_us=2649 envelope=@J10000000001000000009841233|I421X600;
editbox_receipt monotonic_ns=573230085475802 received=97 consumed=97 revision=39
published_frame=195
published_frame=196
editbox_emit sequence=99 bytes=38 elapsed_us=2511 envelope=@J10000000001000000009918700|I421Z600;
published_frame=197
published_frame=198
editbox_emit sequence=100 bytes=38 elapsed_us=2018 envelope=@J10000000001000000010050801|I421b600;
published_frame=199
published_frame=200
editbox_emit sequence=101 bytes=38 elapsed_us=2106 envelope=@J10000000001000000010128268|I421d600;
published_frame=201
editbox_receipt monotonic_ns=573230204387099 received=101 consumed=101 revision=40
published_frame=202
editbox_emit sequence=102 bytes=38 elapsed_us=2019 envelope=@J10000000001000000010205735|I421f600;
published_frame=203
published_frame=204
editbox_emit sequence=103 bytes=38 elapsed_us=2490 envelope=@J10000000001000000010348723|I421h600;
published_frame=205
published_frame=206
editbox_emit sequence=104 bytes=38 elapsed_us=2374 envelope=@J10000000001000000010426190|I421j600;
published_frame=207
published_frame=208
editbox_emit sequence=105 bytes=38 elapsed_us=2286 envelope=@J10000000001000000010503657|I421l600;
editbox_receipt monotonic_ns=573230313383217 received=104 consumed=104 revision=41
published_frame=209
published_frame=210
editbox_emit sequence=106 bytes=38 elapsed_us=2121 envelope=@J10000000001000000010646645|I421n600;
published_frame=211
published_frame=212
editbox_emit sequence=107 bytes=38 elapsed_us=2461 envelope=@J10000000001000000010724112|I421p600;
published_frame=213
editbox_receipt monotonic_ns=573230401665035 received=107 consumed=107 revision=42
published_frame=214
editbox_emit sequence=108 bytes=38 elapsed_us=2775 envelope=@J10000000001000000010801579|I421r600;
published_frame=215
published_frame=216
editbox_emit sequence=109 bytes=38 elapsed_us=2004 envelope=@J10000000001000000010944567|I421t600;
published_frame=217
event mono_ns=573230466232000 frame=218 held=256 pressed=256 released=0
published_frame=218
editbox_emit sequence=110 bytes=50 elapsed_us=2999 envelope=@J10000000001000000011020517|I421v60B040040000Fy0;
editbox_receipt monotonic_ns=573230492732152 received=109 consumed=109 revision=43
published_frame=219
published_frame=220
editbox_emit sequence=111 bytes=50 elapsed_us=2524 envelope=@J10000000001000000011126805|I421x69040Fy09040Fy0;
published_frame=221
published_frame=222
editbox_emit sequence=112 bytes=50 elapsed_us=2753 envelope=@J10000000001000000011256580|I421z69040Fy09040Fy0;
published_frame=223
published_frame=224
editbox_emit sequence=113 bytes=50 elapsed_us=2584 envelope=@J10000000001000000011320834|I421_69040Fy09040Fy0;
published_frame=225
editbox_receipt monotonic_ns=573230605853600 received=113 consumed=113 revision=44
published_frame=226
editbox_emit sequence=114 bytes=50 elapsed_us=2992 envelope=@J10000000001000000011406303|I421X79040Fy09040Fy0;
published_frame=227
published_frame=228
editbox_emit sequence=115 bytes=50 elapsed_us=2692 envelope=@J10000000001000000011536078|I421Z79040Fy09040Fy0;
published_frame=229
published_frame=230
editbox_emit sequence=116 bytes=50 elapsed_us=2566 envelope=@J10000000001000000011600332|I421b79040Fy09040Fy0;
published_frame=231
editbox_receipt monotonic_ns=573230705055067 received=116 consumed=116 revision=45
published_frame=232
editbox_emit sequence=117 bytes=50 elapsed_us=2764 envelope=@J10000000001000000011730107|I421d79040Fy09040Fy0;
published_frame=233
published_frame=234
editbox_emit sequence=118 bytes=50 elapsed_us=2583 envelope=@J10000000001000000011859882|I421f79040Fy09040Fy0;
published_frame=235
published_frame=236
editbox_emit sequence=119 bytes=50 elapsed_us=2673 envelope=@J10000000001000000011924136|I421h79040Fy09040Fy0;
published_frame=237
editbox_receipt monotonic_ns=573230801650482 received=119 consumed=119 revision=46
published_frame=238
editbox_emit sequence=120 bytes=50 elapsed_us=2703 envelope=@J10000000001000000012043765|I421j79040Fy09040Fy0;
published_frame=239
published_frame=240
editbox_emit sequence=121 bytes=50 elapsed_us=3245 envelope=@J10000000001000000012108019|I421l79040Fy09040Fy0;
published_frame=241
published_frame=242
editbox_emit sequence=122 bytes=50 elapsed_us=2601 envelope=@J10000000001000000012237794|I421n79040Fy09040Fy0;
published_frame=243
published_frame=244
editbox_emit sequence=123 bytes=50 elapsed_us=2580 envelope=@J10000000001000000012302048|I421p79040Fy09040Fy0;
published_frame=245
published_frame=246
editbox_emit sequence=124 bytes=50 elapsed_us=2689 envelope=@J10000000001000000012431823|I421r79040Fy09040Fy0;
published_frame=247
published_frame=248
editbox_emit sequence=125 bytes=50 elapsed_us=2690 envelope=@J10000000001000000012561598|I421t79040Fy09040Fy0;
editbox_receipt monotonic_ns=573230981165918 received=124 consumed=122 revision=47
published_frame=249
published_frame=250
editbox_emit sequence=126 bytes=50 elapsed_us=2873 envelope=@J10000000001000000012625852|I421v79040Fy09040Fy0;
published_frame=251
published_frame=252
editbox_emit sequence=127 bytes=50 elapsed_us=2688 envelope=@J10000000001000000012755627|I421x79040Fy09040Fy0;
editbox_receipt monotonic_ns=573231047531774 received=126 consumed=125 revision=48
published_frame=253
published_frame=254
editbox_emit sequence=128 bytes=50 elapsed_us=3143 envelope=@J10000000001000000012819881|I421z79040Fy09040Fy0;
published_frame=255
editbox_receipt monotonic_ns=573231100369963 received=127 consumed=127 revision=49
published_frame=256
editbox_emit sequence=129 bytes=50 elapsed_us=3104 envelope=@J10000000001000000012949656|I421_79040Fy09040Fy0;
published_frame=257
chat_state epoch=1 chat=1 state=1 mono_ns=573231135653211
editbox_receipt monotonic_ns=573231135680733 received=127 consumed=127 revision=50
focus_release mono_ns=573231136943910 frame=258
game-eligible=false mono_ns=573231136838702 neutral_rearm=required
input_armed=false gameplay_armed=false mono_ns=573231136943910
published_frame=258
editbox_emit sequence=130 bytes=50 elapsed_us=3065 envelope=@J10000000001000000013002613|I421X89040Fy02000040;
published_frame=259
published_frame=260
editbox_emit sequence=131 bytes=38 elapsed_us=2109 envelope=@J10000000001000000013131401|I421Z800;
control sequence=1 state=PREPARE frame=261 epoch_ns=573231179633344
editbox_emit sequence=132 bytes=48 elapsed_us=3514 envelope=@J10000000001000000013221394|ACK1|1|PREPARE|261;
editbox_receipt monotonic_ns=573231259521776 received=132 consumed=131 revision=51
editbox_receipt monotonic_ns=573231301095329 received=132 consumed=132 revision=52
control sequence=2 state=PAUSE_COMMIT target=261 frontier=261 epoch_ns=573231400977983
control sequence=2 state=PAUSE frame=261 epoch_ns=573231400977983
editbox_emit sequence=133 bytes=46 elapsed_us=3132 envelope=@J10000000001000000013355652|ACK1|2|PAUSE|261;
editbox_receipt monotonic_ns=573231433202610 received=133 consumed=133 revision=53
chat_quiescent epoch=1 chat=1 mono_ns=573231433598071
editbox_receipt monotonic_ns=573231486594658 received=133 consumed=133 revision=54
editbox_receipt monotonic_ns=573231586442626 received=133 consumed=133 revision=55
chat_state epoch=1 chat=1 state=2 mono_ns=573231596844826
editbox_receipt monotonic_ns=573231596878860 received=133 consumed=133 revision=56
chat_return epoch=1 chat=1 mono_ns=573231627718693
chat_state epoch=1 chat=1 state=3 mono_ns=573231629312990
editbox_receipt monotonic_ns=573231629355910 received=133 consumed=133 revision=57
suppressed mono_ns=573240428203000 reason=focus-pause-or-neutral
suppressed mono_ns=573240428230000 reason=focus-pause-or-neutral
suppressed mono_ns=573240433366000 reason=focus-pause-or-neutral
suppressed mono_ns=573240433387000 reason=focus-pause-or-neutral
chat_state epoch=1 chat=1 state=0 mono_ns=573244109843814
editbox_receipt monotonic_ns=573244109876876 received=133 consumed=133 revision=58
game-eligible=true mono_ns=573244111005691 neutral_rearm=required
editbox_receipt monotonic_ns=573244203994659 received=133 consumed=133 revision=59
editbox_receipt monotonic_ns=573244304482698 received=133 consumed=133 revision=60
editbox_receipt monotonic_ns=573244413537398 received=133 consumed=133 revision=61
editbox_receipt monotonic_ns=573244513043216 received=133 consumed=133 revision=62
editbox_receipt monotonic_ns=573244609835250 received=133 consumed=133 revision=63
editbox_receipt monotonic_ns=573244707980089 received=133 consumed=133 revision=64
editbox_receipt monotonic_ns=573244815808862 received=133 consumed=133 revision=65
editbox_receipt monotonic_ns=573244910410321 received=133 consumed=133 revision=66
editbox_receipt monotonic_ns=573244998872017 received=133 consumed=133 revision=67
editbox_receipt monotonic_ns=573245117043659 received=133 consumed=133 revision=68
editbox_receipt monotonic_ns=573245215609857 received=133 consumed=133 revision=69
editbox_receipt monotonic_ns=573245313928962 received=133 consumed=133 revision=70
editbox_receipt monotonic_ns=573245401918012 received=133 consumed=133 revision=71
editbox_receipt monotonic_ns=573245522895060 received=133 consumed=133 revision=72
editbox_receipt monotonic_ns=573245610877508 received=133 consumed=133 revision=73
editbox_receipt monotonic_ns=573245732349333 received=133 consumed=133 revision=74
editbox_receipt monotonic_ns=573245828546623 received=133 consumed=133 revision=75
editbox_receipt monotonic_ns=573245960421139 received=133 consumed=133 revision=76
editbox_receipt monotonic_ns=573246004649578 received=133 consumed=133 revision=77
editbox_receipt monotonic_ns=573246102047537 received=133 consumed=133 revision=78
editbox_receipt monotonic_ns=573246196458380 received=133 consumed=133 revision=79
editbox_receipt monotonic_ns=573246316134130 received=133 consumed=133 revision=80
editbox_receipt monotonic_ns=573246407159329 received=133 consumed=133 revision=81
editbox_receipt monotonic_ns=573246506837550 received=133 consumed=133 revision=82
editbox_receipt monotonic_ns=573246604446105 received=133 consumed=133 revision=83
editbox_receipt monotonic_ns=573246714760955 received=133 consumed=133 revision=84
editbox_receipt monotonic_ns=573246811791557 received=133 consumed=133 revision=85
control sequence=3 state=RESUME frame=261 epoch_ns=573246960803212 read_ns=573246961498645 uncertainty_ns=1100266 timestamp_resolution_ns=1000000
editbox_emit sequence=134 bytes=47 elapsed_us=3392 envelope=@J10000000001000000013441555|ACK1|3|RESUME|261;
published_frame=261
editbox_receipt monotonic_ns=573246982987367 received=133 consumed=133 revision=86
published_frame=262
editbox_emit sequence=135 bytes=38 elapsed_us=2344 envelope=@J10000000001000000013501692|I421b800;
published_frame=263
editbox_receipt monotonic_ns=573247015785088 received=134 consumed=134 revision=87
published_frame=264
editbox_emit sequence=136 bytes=38 elapsed_us=2373 envelope=@J10000000001000000013644680|I421d800;
published_frame=265
published_frame=266
editbox_emit sequence=137 bytes=38 elapsed_us=2087 envelope=@J10000000001000000013722147|I421f800;
published_frame=267
published_frame=268
editbox_emit sequence=138 bytes=38 elapsed_us=2867 envelope=@J10000000001000000013865135|I421h800;
published_frame=269
editbox_receipt monotonic_ns=573247111920292 received=137 consumed=134 revision=88
published_frame=270
editbox_emit sequence=139 bytes=38 elapsed_us=2220 envelope=@J10000000001000000013942602|I421j800;
published_frame=271
published_frame=272
editbox_emit sequence=140 bytes=38 elapsed_us=2383 envelope=@J10000000001000000014033286|I421l800;
published_frame=273
published_frame=274
editbox_emit sequence=141 bytes=38 elapsed_us=3411 envelope=@J10000000001000000014110753|I421n800;
editbox_receipt monotonic_ns=573247200640011 received=140 consumed=140 revision=89
published_frame=275
published_frame=276
editbox_emit sequence=142 bytes=38 elapsed_us=2999 envelope=@J10000000001000000014253741|I421p800;
published_frame=277
published_frame=278
editbox_emit sequence=143 bytes=38 elapsed_us=2364 envelope=@J10000000001000000014331208|I421r800;
published_frame=279
published_frame=280
editbox_emit sequence=144 bytes=38 elapsed_us=2985 envelope=@J10000000001000000014408675|I421t800;
published_frame=281
editbox_receipt monotonic_ns=573247320187391 received=143 consumed=143 revision=90
published_frame=282
editbox_emit sequence=145 bytes=38 elapsed_us=1948 envelope=@J10000000001000000014551663|I421v800;
published_frame=283
published_frame=284
editbox_emit sequence=146 bytes=38 elapsed_us=3284 envelope=@J10000000001000000014629130|I421x800;
published_frame=285
published_frame=286
editbox_emit sequence=147 bytes=38 elapsed_us=2126 envelope=@J10000000001000000014706597|I421z800;
published_frame=287
editbox_receipt monotonic_ns=573247423164023 received=146 consumed=146 revision=91
published_frame=288
editbox_emit sequence=148 bytes=38 elapsed_us=2362 envelope=@J10000000001000000014849585|I421_800;
published_frame=289
published_frame=290
editbox_emit sequence=149 bytes=38 elapsed_us=2116 envelope=@J10000000001000000014919183|I421X900;
published_frame=291
published_frame=292
editbox_emit sequence=150 bytes=38 elapsed_us=2054 envelope=@J10000000001000000015009867|I421Z900;
editbox_receipt monotonic_ns=573247510580070 received=149 consumed=149 revision=92
published_frame=293
suppressed mono_ns=573247520835000 reason=focus-pause-or-neutral
input_armed=true gameplay_armed=true mono_ns=573247521424348
published_frame=294
editbox_emit sequence=151 bytes=38 elapsed_us=2512 envelope=@J10000000001000000015152855|I421b900;
published_frame=295
published_frame=296
editbox_emit sequence=152 bytes=38 elapsed_us=2068 envelope=@J10000000001000000015230322|I421d900;
published_frame=297
published_frame=298
editbox_emit sequence=153 bytes=38 elapsed_us=2105 envelope=@J10000000001000000015307789|I421f900;
published_frame=299
editbox_receipt monotonic_ns=573247611919544 received=152 consumed=152 revision=93
published_frame=300
editbox_emit sequence=154 bytes=38 elapsed_us=2419 envelope=@J10000000001000000015450777|I421h900;
published_frame=301
published_frame=302
editbox_emit sequence=155 bytes=38 elapsed_us=1894 envelope=@J10000000001000000015528244|I421j900;
published_frame=303
published_frame=304
editbox_emit sequence=156 bytes=38 elapsed_us=2021 envelope=@J10000000001000000015605711|I421l900;
published_frame=305
event mono_ns=573247721048000 frame=306 held=32 pressed=32 released=0
editbox_receipt monotonic_ns=573247722918938 received=155 consumed=155 revision=94
event mono_ns=573247726157000 frame=306 held=0 pressed=0 released=32
published_frame=306
editbox_emit sequence=157 bytes=44 elapsed_us=2585 envelope=@J10000000001000000015733452|I421n90200W00W;
published_frame=307
published_frame=308
editbox_emit sequence=158 bytes=38 elapsed_us=2082 envelope=@J10000000001000000015826166|I421p900;
published_frame=309
published_frame=310
editbox_emit sequence=159 bytes=38 elapsed_us=2681 envelope=@J10000000001000000015903633|I421r900;
published_frame=311
editbox_receipt monotonic_ns=573247817960502 received=158 consumed=158 revision=95
published_frame=312
editbox_emit sequence=160 bytes=38 elapsed_us=2024 envelope=@J10000000001000000016059838|I421t900;
published_frame=313
published_frame=314
editbox_emit sequence=161 bytes=38 elapsed_us=1990 envelope=@J10000000001000000016137305|I421v900;
published_frame=315
published_frame=316
editbox_emit sequence=162 bytes=38 elapsed_us=3201 envelope=@J10000000001000000016214772|I421x900;
published_frame=317
published_frame=318
editbox_emit sequence=163 bytes=38 elapsed_us=2146 envelope=@J10000000001000000016357760|I421z900;
published_frame=319
published_frame=320
editbox_emit sequence=164 bytes=38 elapsed_us=2188 envelope=@J10000000001000000016435227|I421_900;
editbox_receipt monotonic_ns=573247976563618 received=163 consumed=163 revision=96
published_frame=321
published_frame=322
editbox_emit sequence=165 bytes=38 elapsed_us=2569 envelope=@J10000000001000000016504825|I421XA00;
published_frame=323
published_frame=324
editbox_emit sequence=166 bytes=38 elapsed_us=2977 envelope=@J10000000001000000016647813|I421ZA00;
editbox_receipt monotonic_ns=573248032711249 received=165 consumed=165 revision=97
published_frame=325
published_frame=326
editbox_emit sequence=167 bytes=38 elapsed_us=2137 envelope=@J10000000001000000016725280|I421bA00;
published_frame=327
published_frame=328
editbox_emit sequence=168 bytes=38 elapsed_us=2325 envelope=@J10000000001000000016802747|I421dA00;
editbox_receipt monotonic_ns=573248109505955 received=167 consumed=167 revision=98
published_frame=329
published_frame=330
editbox_emit sequence=169 bytes=38 elapsed_us=3344 envelope=@J10000000001000000016945735|I421fA00;
published_frame=331
published_frame=332
editbox_emit sequence=170 bytes=38 elapsed_us=2068 envelope=@J10000000001000000017036419|I421hA00;
published_frame=333
published_frame=334
editbox_emit sequence=171 bytes=38 elapsed_us=2234 envelope=@J10000000001000000017113886|I421jA00;
published_frame=335
editbox_receipt monotonic_ns=573248220946947 received=170 consumed=170 revision=99
published_frame=336
editbox_emit sequence=172 bytes=38 elapsed_us=1988 envelope=@J10000000001000000017256874|I421lA00;
published_frame=337
published_frame=338
editbox_emit sequence=173 bytes=38 elapsed_us=2095 envelope=@J10000000001000000017334341|I421nA00;
published_frame=339
published_frame=340
editbox_emit sequence=174 bytes=38 elapsed_us=2397 envelope=@J10000000001000000017411808|I421pA00;
editbox_receipt monotonic_ns=573248300565203 received=173 consumed=173 revision=100
published_frame=341
published_frame=342
editbox_emit sequence=175 bytes=38 elapsed_us=2110 envelope=@J10000000001000000017554796|I421rA00;
published_frame=343
published_frame=344
editbox_emit sequence=176 bytes=38 elapsed_us=1994 envelope=@J10000000001000000017632263|I421tA00;
published_frame=345
published_frame=346
editbox_emit sequence=177 bytes=38 elapsed_us=2105 envelope=@J10000000001000000017709730|I421vA00;
published_frame=347
editbox_receipt monotonic_ns=573248419607967 received=176 consumed=176 revision=101
published_frame=348
editbox_emit sequence=178 bytes=38 elapsed_us=2219 envelope=@J10000000001000000017852718|I421xA00;
published_frame=349
published_frame=350
editbox_emit sequence=179 bytes=38 elapsed_us=2608 envelope=@J10000000001000000017930185|I421zA00;
published_frame=351
published_frame=352
editbox_emit sequence=180 bytes=38 elapsed_us=2248 envelope=@J10000000001000000018020869|I421_A00;
published_frame=353
editbox_receipt monotonic_ns=573248511606831 received=179 consumed=179 revision=102
published_frame=354
editbox_emit sequence=181 bytes=38 elapsed_us=2468 envelope=@J10000000001000000018155988|I421XB00;
published_frame=355
published_frame=356
editbox_emit sequence=182 bytes=38 elapsed_us=3148 envelope=@J10000000001000000018233455|I421ZB00;
published_frame=357
published_frame=358
editbox_emit sequence=183 bytes=38 elapsed_us=2298 envelope=@J10000000001000000018310922|I421bB00;
published_frame=359
editbox_receipt monotonic_ns=573248611480018 received=182 consumed=182 revision=103
published_frame=360
editbox_emit sequence=184 bytes=38 elapsed_us=2869 envelope=@J10000000001000000018453910|I421dB00;
published_frame=361
published_frame=362
editbox_emit sequence=185 bytes=38 elapsed_us=2599 envelope=@J10000000001000000018531377|I421fB00;
published_frame=363
published_frame=364
editbox_emit sequence=186 bytes=38 elapsed_us=2594 envelope=@J10000000001000000018608844|I421hB00;
published_frame=365
editbox_receipt monotonic_ns=573248718126125 received=185 consumed=185 revision=104
published_frame=366
editbox_emit sequence=187 bytes=38 elapsed_us=1986 envelope=@J10000000001000000018751832|I421jB00;
published_frame=367
published_frame=368
editbox_emit sequence=188 bytes=38 elapsed_us=2334 envelope=@J10000000001000000018829299|I421lB00;
published_frame=369
published_frame=370
editbox_emit sequence=189 bytes=38 elapsed_us=1974 envelope=@J10000000001000000018906766|I421nB00;
editbox_receipt monotonic_ns=573248805931602 received=188 consumed=188 revision=105
published_frame=371
published_frame=372
editbox_emit sequence=190 bytes=38 elapsed_us=2584 envelope=@J10000000001000000019062971|I421pB00;
published_frame=373
published_frame=374
editbox_emit sequence=191 bytes=38 elapsed_us=1969 envelope=@J10000000001000000019140438|I421rB00;
published_frame=375
published_frame=376
editbox_emit sequence=192 bytes=38 elapsed_us=2119 envelope=@J10000000001000000019217905|I421tB00;
published_frame=377
published_frame=378
editbox_emit sequence=193 bytes=38 elapsed_us=2158 envelope=@J10000000001000000019360893|I421vB00;
published_frame=379
published_frame=380
editbox_emit sequence=194 bytes=38 elapsed_us=1998 envelope=@J10000000001000000019438360|I421xB00;
editbox_receipt monotonic_ns=573248975789726 received=193 consumed=192 revision=106
published_frame=381
published_frame=382
editbox_emit sequence=195 bytes=38 elapsed_us=2097 envelope=@J10000000001000000019515827|I421zB00;
published_frame=383
published_frame=384
editbox_emit sequence=196 bytes=38 elapsed_us=3311 envelope=@J10000000001000000019658815|I421_B00;
editbox_receipt monotonic_ns=573249033303246 received=195 consumed=195 revision=107
published_frame=385
published_frame=386
editbox_emit sequence=197 bytes=38 elapsed_us=2363 envelope=@J10000000001000000019728413|I421XC00;
published_frame=387
published_frame=388
editbox_emit sequence=198 bytes=38 elapsed_us=2032 envelope=@J10000000001000000019805880|I421ZC00;
published_frame=389
editbox_receipt monotonic_ns=573249120345643 received=197 consumed=197 revision=108
published_frame=390
editbox_emit sequence=199 bytes=38 elapsed_us=2003 envelope=@J10000000001000000019948868|I421bC00;
published_frame=391
published_frame=392
editbox_emit sequence=200 bytes=38 elapsed_us=2118 envelope=@J10000000001000000020015448|I421dC00;
published_frame=393
published_frame=394
editbox_emit sequence=201 bytes=38 elapsed_us=2081 envelope=@J10000000001000000020158436|I421fC00;
editbox_receipt monotonic_ns=573249209682378 received=200 consumed=200 revision=109
published_frame=395
published_frame=396
editbox_emit sequence=202 bytes=38 elapsed_us=3387 envelope=@J10000000001000000020235903|I421hC00;
published_frame=397
published_frame=398
editbox_emit sequence=203 bytes=38 elapsed_us=2212 envelope=@J10000000001000000020313370|I421jC00;
published_frame=399
published_frame=400
editbox_emit sequence=204 bytes=38 elapsed_us=1969 envelope=@J10000000001000000020456358|I421lC00;
editbox_receipt monotonic_ns=573249310072284 received=203 consumed=203 revision=110
published_frame=401
published_frame=402
editbox_emit sequence=205 bytes=38 elapsed_us=2279 envelope=@J10000000001000000020533825|I421nC00;
published_frame=403
published_frame=404
editbox_emit sequence=206 bytes=38 elapsed_us=2087 envelope=@J10000000001000000020611292|I421pC00;
published_frame=405
published_frame=406
editbox_emit sequence=207 bytes=38 elapsed_us=2055 envelope=@J10000000001000000020754280|I421rC00;
published_frame=407
editbox_receipt monotonic_ns=573249417311843 received=206 consumed=206 revision=111
published_frame=408
editbox_emit sequence=208 bytes=38 elapsed_us=1999 envelope=@J10000000001000000020831747|I421tC00;
published_frame=409
published_frame=410
editbox_emit sequence=209 bytes=38 elapsed_us=2586 envelope=@J10000000001000000020909214|I421vC00;
published_frame=411
published_frame=412
editbox_emit sequence=210 bytes=38 elapsed_us=2220 envelope=@J10000000001000000021065419|I421xC00;
published_frame=413
editbox_receipt monotonic_ns=573249512044939 received=209 consumed=209 revision=112
published_frame=414
editbox_emit sequence=211 bytes=38 elapsed_us=2485 envelope=@J10000000001000000021142886|I421zC00;
published_frame=415
published_frame=416
editbox_emit sequence=212 bytes=38 elapsed_us=2095 envelope=@J10000000001000000021220353|I421_C00;
published_frame=417
published_frame=418
editbox_emit sequence=213 bytes=38 elapsed_us=2548 envelope=@J10000000001000000021355472|I421XD00;
published_frame=419
editbox_receipt monotonic_ns=573249624089602 received=212 consumed=212 revision=113
published_frame=420
editbox_emit sequence=214 bytes=38 elapsed_us=3747 envelope=@J10000000001000000021432939|I421ZD00;
published_frame=421
published_frame=422
editbox_emit sequence=215 bytes=38 elapsed_us=2536 envelope=@J10000000001000000021510406|I421bD00;
published_frame=423
published_frame=424
editbox_emit sequence=216 bytes=38 elapsed_us=2805 envelope=@J10000000001000000021653394|I421dD00;
published_frame=425
editbox_receipt monotonic_ns=573249723623754 received=215 consumed=215 revision=114
published_frame=426
editbox_emit sequence=217 bytes=38 elapsed_us=3486 envelope=@J10000000001000000021730861|I421fD00;
published_frame=427
published_frame=428
editbox_emit sequence=218 bytes=38 elapsed_us=2075 envelope=@J10000000001000000021808328|I421hD00;
published_frame=429
published_frame=430
editbox_emit sequence=219 bytes=38 elapsed_us=2234 envelope=@J10000000001000000021951316|I421jD00;
published_frame=431
editbox_receipt monotonic_ns=573249822223275 received=218 consumed=218 revision=115
published_frame=432
editbox_emit sequence=220 bytes=38 elapsed_us=2069 envelope=@J10000000001000000022042000|I421lD00;
published_frame=433
published_frame=434
editbox_emit sequence=221 bytes=38 elapsed_us=2095 envelope=@J10000000001000000022119467|I421nD00;
published_frame=435
published_frame=436
editbox_emit sequence=222 bytes=38 elapsed_us=2128 envelope=@J10000000001000000022262455|I421pD00;
published_frame=437
published_frame=438
editbox_emit sequence=223 bytes=38 elapsed_us=2179 envelope=@J10000000001000000022339922|I421rD00;
published_frame=439
published_frame=440
editbox_emit sequence=224 bytes=38 elapsed_us=5590 envelope=@J10000000001000000022417389|I421tD00;
published_frame=441
published_frame=442
editbox_emit sequence=225 bytes=38 elapsed_us=6502 envelope=@J10000000001000000022560377|I421vD00;
published_frame=443
editbox_receipt monotonic_ns=573250027592334 received=223 consumed=222 revision=116
published_frame=444
editbox_emit sequence=226 bytes=38 elapsed_us=4938 envelope=@J10000000001000000022637844|I421xD00;
published_frame=445
published_frame=446
editbox_emit sequence=227 bytes=38 elapsed_us=5418 envelope=@J10000000001000000022715311|I421zD00;
published_frame=447
published_frame=448
editbox_emit sequence=228 bytes=38 elapsed_us=13222 envelope=@J10000000001000000022858299|I421_D00;
published_frame=449
published_frame=450
editbox_emit sequence=229 bytes=38 elapsed_us=13551 envelope=@J10000000001000000022927897|I421XE00;
published_frame=451
published_frame=452
editbox_emit sequence=230 bytes=38 elapsed_us=9519 envelope=@J10000000001000000023018581|I421ZE00;
published_frame=453
published_frame=454
editbox_emit sequence=231 bytes=38 elapsed_us=3152 envelope=@J10000000001000000023161569|I421bE00;
published_frame=455
editbox_receipt monotonic_ns=573250221807846 received=230 consumed=225 revision=117
published_frame=456
editbox_emit sequence=232 bytes=38 elapsed_us=2608 envelope=@J10000000001000000023239036|I421dE00;
published_frame=457
published_frame=458
editbox_emit sequence=233 bytes=38 elapsed_us=2078 envelope=@J10000000001000000023316503|I421fE00;
editbox_receipt monotonic_ns=573250276932270 received=230 consumed=230 revision=118
published_frame=459
published_frame=460
editbox_emit sequence=234 bytes=38 elapsed_us=2366 envelope=@J10000000001000000023459491|I421hE00;
published_frame=461
published_frame=462
editbox_emit sequence=235 bytes=38 elapsed_us=2090 envelope=@J10000000001000000023536958|I421jE00;
published_frame=463
editbox_receipt monotonic_ns=573250353534265 received=230 consumed=230 revision=119
published_frame=464
editbox_emit sequence=236 bytes=38 elapsed_us=3233 envelope=@J10000000001000000023614425|I421lE00;
published_frame=465
published_frame=466
editbox_emit sequence=237 bytes=38 elapsed_us=2190 envelope=@J10000000001000000023757413|I421nE00;
editbox_receipt monotonic_ns=573250409640138 received=235 consumed=235 revision=120
published_frame=467
published_frame=468
editbox_emit sequence=238 bytes=38 elapsed_us=2203 envelope=@J10000000001000000023834880|I421pE00;
published_frame=469
published_frame=470
editbox_emit sequence=239 bytes=38 elapsed_us=2119 envelope=@J10000000001000000023912347|I421rE00;
published_frame=471
editbox_receipt monotonic_ns=573250489374953 received=238 consumed=237 revision=121
published_frame=472
editbox_emit sequence=240 bytes=38 elapsed_us=2166 envelope=@J10000000001000000024003031|I421tE00;
published_frame=473
published_frame=474
editbox_emit sequence=241 bytes=38 elapsed_us=2493 envelope=@J10000000001000000024146019|I421vE00;
published_frame=475
published_frame=476
editbox_emit sequence=242 bytes=38 elapsed_us=2142 envelope=@J10000000001000000024223486|I421xE00;
editbox_receipt monotonic_ns=573250564856299 received=241 consumed=240 revision=122
published_frame=477
published_frame=478
editbox_emit sequence=243 bytes=38 elapsed_us=2397 envelope=@J10000000001000000024300953|I421zE00;
published_frame=479
published_frame=480
editbox_emit sequence=244 bytes=38 elapsed_us=1985 envelope=@J10000000001000000024443941|I421_E00;
editbox_receipt monotonic_ns=573250631230611 received=242 consumed=242 revision=123
published_frame=481
published_frame=482
editbox_emit sequence=245 bytes=38 elapsed_us=2162 envelope=@J10000000001000000024513539|I421XF00;
published_frame=483
published_frame=484
editbox_emit sequence=246 bytes=38 elapsed_us=2528 envelope=@J10000000001000000024656527|I421ZF00;
published_frame=485
published_frame=486
editbox_emit sequence=247 bytes=38 elapsed_us=2737 envelope=@J10000000001000000024733994|I421bF00;
editbox_receipt monotonic_ns=573250743900505 received=245 consumed=245 revision=124
published_frame=487
published_frame=488
editbox_emit sequence=248 bytes=38 elapsed_us=2817 envelope=@J10000000001000000024811461|I421dF00;
published_frame=489
published_frame=490
editbox_emit sequence=249 bytes=38 elapsed_us=2257 envelope=@J10000000001000000024954449|I421fF00;
published_frame=491
published_frame=492
editbox_emit sequence=250 bytes=38 elapsed_us=2185 envelope=@J10000000001000000025045133|I421hF00;
editbox_receipt monotonic_ns=573250832529294 received=248 consumed=248 revision=125
published_frame=493
published_frame=494
editbox_emit sequence=251 bytes=38 elapsed_us=2963 envelope=@J10000000001000000025122600|I421jF00;
published_frame=495
published_frame=496
editbox_emit sequence=252 bytes=38 elapsed_us=2027 envelope=@J10000000001000000025200067|I421lF00;
published_frame=497
published_frame=498
editbox_emit sequence=253 bytes=38 elapsed_us=2809 envelope=@J10000000001000000025343055|I421nF00;
published_frame=499
published_frame=500
editbox_emit sequence=254 bytes=38 elapsed_us=2068 envelope=@J10000000001000000025420522|I421pF00;
published_frame=501
published_frame=502
editbox_emit sequence=255 bytes=38 elapsed_us=2001 envelope=@J10000000001000000025563510|I421rF00;
editbox_receipt monotonic_ns=573250998424714 received=253 consumed=252 revision=126
published_frame=503
published_frame=504
editbox_emit sequence=256 bytes=38 elapsed_us=2379 envelope=@J10000000001000000025640977|I421tF00;
published_frame=505
published_frame=506
editbox_emit sequence=257 bytes=38 elapsed_us=2113 envelope=@J10000000001000000025718444|I421vF00;
editbox_receipt monotonic_ns=573251065265059 received=256 consumed=255 revision=127
published_frame=507
event mono_ns=573251085986000 frame=508 held=1 pressed=1 released=0
published_frame=508
editbox_emit sequence=258 bytes=55 elapsed_us=3133 envelope=@J10000000001000000025809838|I421xF0t001001000Fm31H03_;
published_frame=509
published_frame=510
editbox_emit sequence=259 bytes=50 elapsed_us=2951 envelope=@J10000000001000000025925630|I421zF5001Fm35001Fm3;
editbox_receipt monotonic_ns=573251133293851 received=257 consumed=257 revision=128
published_frame=511
published_frame=512
editbox_emit sequence=260 bytes=50 elapsed_us=2912 envelope=@J10000000001000000026045259|I421_F5001Fm35001Fm3;
published_frame=513
published_frame=514
editbox_emit sequence=261 bytes=50 elapsed_us=2937 envelope=@J10000000001000000026130728|I421XG5001Fm35001Fm3;
published_frame=515
published_frame=516
editbox_emit sequence=262 bytes=50 elapsed_us=2840 envelope=@J10000000001000000026260503|I421ZG5001Fm35001Fm3;
editbox_receipt monotonic_ns=573251243092856 received=260 consumed=260 revision=129
published_frame=517
published_frame=518
editbox_emit sequence=263 bytes=50 elapsed_us=2975 envelope=@J10000000001000000026324757|I421bG5001Fm35001Fm3;
published_frame=519
published_frame=520
editbox_emit sequence=264 bytes=50 elapsed_us=3273 envelope=@J10000000001000000026454532|I421dG5001Fm35001Fm3;
published_frame=521
published_frame=522
editbox_emit sequence=265 bytes=50 elapsed_us=3867 envelope=@J10000000001000000026518786|I421fG5001Fm35001Fm3;
editbox_receipt monotonic_ns=573251334721186 received=263 consumed=263 revision=130
published_frame=523
published_frame=524
editbox_emit sequence=266 bytes=50 elapsed_us=3532 envelope=@J10000000001000000026648561|I421hG5001Fm35001Fm3;
published_frame=525
published_frame=526
editbox_emit sequence=267 bytes=50 elapsed_us=4501 envelope=@J10000000001000000026712815|I421jG5001Fm35001Fm3;
published_frame=527
published_frame=528
editbox_emit sequence=268 bytes=50 elapsed_us=4831 envelope=@J10000000001000000026842590|I421lG5001Fm35001Fm3;
editbox_receipt monotonic_ns=573251434487944 received=266 consumed=266 revision=131
published_frame=529
published_frame=530
editbox_emit sequence=269 bytes=50 elapsed_us=4436 envelope=@J10000000001000000026906844|I421nG5001Fm35001Fm3;
published_frame=531
published_frame=532
editbox_emit sequence=270 bytes=50 elapsed_us=2978 envelope=@J10000000001000000027026473|I421pG5001Fm35001Fm3;
published_frame=533
published_frame=534
editbox_receipt monotonic_ns=573251528591501 received=269 consumed=269 revision=132
editbox_emit sequence=271 bytes=50 elapsed_us=2730 envelope=@J10000000001000000027156248|I421rG5001Fm35001Fm3;
published_frame=535
published_frame=536
editbox_emit sequence=272 bytes=50 elapsed_us=2845 envelope=@J10000000001000000027220502|I421tG5001Fm35001Fm3;
published_frame=537
published_frame=538
editbox_emit sequence=273 bytes=50 elapsed_us=2851 envelope=@J10000000001000000027350277|I421vG5001Fm35001Fm3;
published_frame=539
editbox_receipt monotonic_ns=573251625185544 received=272 consumed=272 revision=133
published_frame=540
editbox_emit sequence=274 bytes=50 elapsed_us=2795 envelope=@J10000000001000000027414531|I421xG5001Fm35001Fm3;
published_frame=541
published_frame=542
editbox_emit sequence=275 bytes=50 elapsed_us=3260 envelope=@J10000000001000000027544306|I421zG5001Fm35001Fm3;
published_frame=543
published_frame=544
editbox_emit sequence=276 bytes=50 elapsed_us=2804 envelope=@J10000000001000000027608560|I421_G5001Fm35001Fm3;
published_frame=545
editbox_receipt monotonic_ns=573251712064826 received=275 consumed=275 revision=134
published_frame=546
editbox_emit sequence=277 bytes=50 elapsed_us=2973 envelope=@J10000000001000000027759550|I421XH5001Fm35001Fm3;
published_frame=547
published_frame=548
editbox_emit sequence=278 bytes=50 elapsed_us=3002 envelope=@J10000000001000000027823804|I421ZH5001Fm35001Fm3;
published_frame=549
published_frame=550
editbox_emit sequence=279 bytes=50 elapsed_us=3265 envelope=@J10000000001000000027953579|I421bH5001Fm35001Fm3;
published_frame=551
editbox_receipt monotonic_ns=573251821589727 received=278 consumed=278 revision=135
published_frame=552
editbox_emit sequence=280 bytes=50 elapsed_us=2882 envelope=@J10000000001000000028007687|I421dH5001Fm35001Fm3;
published_frame=553
published_frame=554
editbox_emit sequence=281 bytes=50 elapsed_us=3504 envelope=@J10000000001000000028137462|I421fH5001Fm35001Fm3;
published_frame=555
published_frame=556
editbox_emit sequence=282 bytes=50 elapsed_us=3017 envelope=@J10000000001000000028201716|I421hH5001Fm35001Fm3;
published_frame=557
published_frame=558
editbox_emit sequence=283 bytes=50 elapsed_us=3322 envelope=@J10000000001000000028331491|I421jH5001Fm35001Fm3;
published_frame=559
published_frame=560
editbox_emit sequence=284 bytes=50 elapsed_us=2662 envelope=@J10000000001000000028461266|I421lH5001Fm35001Fm3;
published_frame=561
published_frame=562
editbox_emit sequence=285 bytes=50 elapsed_us=2608 envelope=@J10000000001000000028525520|I421nH5001Fm35001Fm3;
editbox_receipt monotonic_ns=573252008967427 received=284 consumed=282 revision=136
published_frame=563
published_frame=564
editbox_emit sequence=286 bytes=50 elapsed_us=2616 envelope=@J10000000001000000028655295|I421pH5001Fm35001Fm3;
published_frame=565
published_frame=566
editbox_emit sequence=287 bytes=50 elapsed_us=2874 envelope=@J10000000001000000028719549|I421rH5001Fm35001Fm3;
editbox_receipt monotonic_ns=573252066712682 received=284 consumed=284 revision=137
published_frame=567
published_frame=568
editbox_emit sequence=288 bytes=50 elapsed_us=2869 envelope=@J10000000001000000028849324|I421tH5001Fm35001Fm3;
published_frame=569
published_frame=570
editbox_emit sequence=289 bytes=50 elapsed_us=3121 envelope=@J10000000001000000028913578|I421vH5001Fm35001Fm3;
editbox_receipt monotonic_ns=573252143700570 received=288 consumed=288 revision=138
published_frame=571
published_frame=572
editbox_emit sequence=290 bytes=50 elapsed_us=2711 envelope=@J10000000001000000029033207|I421xH5001Fm35001Fm3;
published_frame=573
published_frame=574
editbox_emit sequence=291 bytes=50 elapsed_us=4017 envelope=@J10000000001000000029162982|I421zH5001Fm35001Fm3;
published_frame=575
published_frame=576
editbox_emit sequence=292 bytes=50 elapsed_us=3476 envelope=@J10000000001000000029227236|I421_H5001Fm35001Fm3;
editbox_receipt monotonic_ns=573252243330151 received=291 consumed=291 revision=139
published_frame=577
published_frame=578
editbox_emit sequence=293 bytes=50 elapsed_us=3194 envelope=@J10000000001000000029312705|I421XI5001Fm35001Fm3;
published_frame=579
published_frame=580
editbox_emit sequence=294 bytes=50 elapsed_us=3368 envelope=@J10000000001000000029442480|I421ZI5001Fm35001Fm3;
published_frame=581
published_frame=582
editbox_emit sequence=295 bytes=50 elapsed_us=3726 envelope=@J10000000001000000029506734|I421bI5001Fm35001Fm3;
editbox_receipt monotonic_ns=573252334031634 received=293 consumed=293 revision=140
published_frame=583
published_frame=584
editbox_emit sequence=296 bytes=50 elapsed_us=3207 envelope=@J10000000001000000029636509|I421dI5001Fm35001Fm3;
published_frame=585
published_frame=586
editbox_emit sequence=297 bytes=50 elapsed_us=3409 envelope=@J10000000001000000029700763|I421fI5001Fm35001Fm3;
published_frame=587
editbox_receipt monotonic_ns=573252420735637 received=296 consumed=296 revision=141
published_frame=588
editbox_emit sequence=298 bytes=50 elapsed_us=3237 envelope=@J10000000001000000029830538|I421hI5001Fm35001Fm3;
published_frame=589
published_frame=590
editbox_emit sequence=299 bytes=50 elapsed_us=4140 envelope=@J10000000001000000029960313|I421jI5001Fm35001Fm3;
published_frame=591
published_frame=592
editbox_emit sequence=300 bytes=50 elapsed_us=2531 envelope=@J10000000001000000030023094|I421lI5001Fm35001Fm3;
editbox_receipt monotonic_ns=573252510968692 received=299 consumed=299 revision=142
published_frame=593
published_frame=594
editbox_emit sequence=301 bytes=50 elapsed_us=3050 envelope=@J10000000001000000030152869|I421nI5001Fm35001Fm3;
published_frame=595
published_frame=596
editbox_emit sequence=302 bytes=50 elapsed_us=2570 envelope=@J10000000001000000030217123|I421pI5001Fm35001Fm3;
published_frame=597
published_frame=598
editbox_emit sequence=303 bytes=50 elapsed_us=2655 envelope=@J10000000001000000030346898|I421rI5001Fm35001Fm3;
published_frame=599
editbox_receipt monotonic_ns=573252612354163 received=302 consumed=302 revision=143
published_frame=600
editbox_emit sequence=304 bytes=50 elapsed_us=3164 envelope=@J10000000001000000030411152|I421tI5001Fm35001Fm3;
published_frame=601
published_frame=602
editbox_emit sequence=305 bytes=50 elapsed_us=2551 envelope=@J10000000001000000030540927|I421vI5001Fm35001Fm3;
published_frame=603
published_frame=604
editbox_emit sequence=306 bytes=50 elapsed_us=2920 envelope=@J10000000001000000030605181|I421xI5001Fm35001Fm3;
editbox_receipt monotonic_ns=573252710365432 received=305 consumed=305 revision=144
published_frame=605
published_frame=606
editbox_emit sequence=307 bytes=50 elapsed_us=3943 envelope=@J10000000001000000030734956|I421zI5001Fm35001Fm3;
published_frame=607
published_frame=608
editbox_emit sequence=308 bytes=50 elapsed_us=4340 envelope=@J10000000001000000030864731|I421_I5001Fm35001Fm3;
published_frame=609
published_frame=610
editbox_emit sequence=309 bytes=50 elapsed_us=4472 envelope=@J10000000001000000030950200|I421XJ5001Fm35001Fm3;
published_frame=611
published_frame=612
editbox_emit sequence=310 bytes=50 elapsed_us=2952 envelope=@J10000000001000000031004308|I421ZJ5001Fm35001Fm3;
editbox_receipt monotonic_ns=573252833769939 received=308 consumed=308 revision=145
published_frame=613
published_frame=614
editbox_emit sequence=311 bytes=50 elapsed_us=3011 envelope=@J10000000001000000031134083|I421bJ5001Fm35001Fm3;
published_frame=615
published_frame=616
editbox_emit sequence=312 bytes=50 elapsed_us=2695 envelope=@J10000000001000000031263858|I421dJ5001Fm35001Fm3;
published_frame=617
published_frame=618
editbox_emit sequence=313 bytes=50 elapsed_us=3143 envelope=@J10000000001000000031328112|I421fJ5001Fm35001Fm3;
published_frame=619
published_frame=620
editbox_emit sequence=314 bytes=50 elapsed_us=3019 envelope=@J10000000001000000031457887|I421hJ5001Fm35001Fm3;
published_frame=621
published_frame=622
editbox_emit sequence=315 bytes=50 elapsed_us=2657 envelope=@J10000000001000000031522141|I421jJ5001Fm35001Fm3;
editbox_receipt monotonic_ns=573252998696304 received=313 consumed=312 revision=146
published_frame=623
published_frame=624
editbox_emit sequence=316 bytes=50 elapsed_us=3148 envelope=@J10000000001000000031651916|I421lJ5001Fm35001Fm3;
published_frame=625
published_frame=626
editbox_emit sequence=317 bytes=50 elapsed_us=3300 envelope=@J10000000001000000031716170|I421nJ5001Fm35001Fm3;
editbox_receipt monotonic_ns=573253067098596 received=316 consumed=315 revision=147
published_frame=627
published_frame=628
editbox_emit sequence=318 bytes=50 elapsed_us=4184 envelope=@J10000000001000000031845945|I421pJ5001Fm35001Fm3;
published_frame=629
published_frame=630
editbox_emit sequence=319 bytes=50 elapsed_us=2742 envelope=@J10000000001000000031910199|I421rJ5001Fm35001Fm3;
editbox_receipt monotonic_ns=573253133146677 received=318 consumed=318 revision=148
published_frame=631
published_frame=632
editbox_emit sequence=320 bytes=50 elapsed_us=2913 envelope=@J10000000001000000032029828|I421tJ5001Fm35001Fm3;
published_frame=633
published_frame=634
editbox_emit sequence=321 bytes=50 elapsed_us=3312 envelope=@J10000000001000000032159603|I421vJ5001Fm35001Fm3;
published_frame=635
editbox_receipt monotonic_ns=573253221880553 received=320 consumed=320 revision=149
published_frame=636
editbox_emit sequence=322 bytes=50 elapsed_us=3060 envelope=@J10000000001000000032223857|I421xJ5001Fm35001Fm3;
published_frame=637
published_frame=638
editbox_emit sequence=323 bytes=50 elapsed_us=3063 envelope=@J10000000001000000032353632|I421zJ5001Fm35001Fm3;
published_frame=639
published_frame=640
editbox_emit sequence=324 bytes=50 elapsed_us=2745 envelope=@J10000000001000000032417886|I421_J5001Fm35001Fm3;
published_frame=641
editbox_receipt monotonic_ns=573253323735875 received=323 consumed=323 revision=150
published_frame=642
editbox_emit sequence=325 bytes=50 elapsed_us=3482 envelope=@J10000000001000000032503355|I421XK5001Fm35001Fm3;
published_frame=643
published_frame=644
editbox_emit sequence=326 bytes=50 elapsed_us=3001 envelope=@J10000000001000000032633130|I421ZK5001Fm35001Fm3;
published_frame=645
published_frame=646
editbox_emit sequence=327 bytes=50 elapsed_us=2541 envelope=@J10000000001000000032762905|I421bK5001Fm35001Fm3;
published_frame=647
editbox_receipt monotonic_ns=573253422588630 received=326 consumed=326 revision=151
published_frame=648
editbox_emit sequence=328 bytes=50 elapsed_us=2674 envelope=@J10000000001000000032827159|I421dK5001Fm35001Fm3;
published_frame=649
published_frame=650
editbox_emit sequence=329 bytes=50 elapsed_us=2891 envelope=@J10000000001000000032956934|I421fK5001Fm35001Fm3;
published_frame=651
published_frame=652
editbox_emit sequence=330 bytes=50 elapsed_us=2687 envelope=@J10000000001000000033011042|I421hK5001Fm35001Fm3;
published_frame=653
editbox_receipt monotonic_ns=573253512207555 received=329 consumed=329 revision=152
published_frame=654
editbox_emit sequence=331 bytes=50 elapsed_us=2577 envelope=@J10000000001000000033140817|I421jK5001Fm35001Fm3;
published_frame=655
published_frame=656
editbox_emit sequence=332 bytes=50 elapsed_us=3132 envelope=@J10000000001000000033205071|I421lK5001Fm35001Fm3;
published_frame=657
published_frame=658
editbox_emit sequence=333 bytes=50 elapsed_us=2628 envelope=@J10000000001000000033334846|I421nK5001Fm35001Fm3;
published_frame=659
editbox_receipt monotonic_ns=573253623020520 received=332 consumed=332 revision=153
published_frame=660
editbox_emit sequence=334 bytes=50 elapsed_us=3177 envelope=@J10000000001000000033464621|I421pK5001Fm35001Fm3;
published_frame=661
published_frame=662
editbox_emit sequence=335 bytes=50 elapsed_us=3140 envelope=@J10000000001000000033528875|I421rK5001Fm35001Fm3;
published_frame=663
published_frame=664
editbox_emit sequence=336 bytes=50 elapsed_us=2580 envelope=@J10000000001000000033658650|I421tK5001Fm35001Fm3;
published_frame=665
editbox_receipt monotonic_ns=573253711110850 received=335 consumed=335 revision=154
published_frame=666
editbox_emit sequence=337 bytes=50 elapsed_us=3090 envelope=@J10000000001000000033722904|I421vK5001Fm35001Fm3;
published_frame=667
published_frame=668
editbox_emit sequence=338 bytes=50 elapsed_us=2940 envelope=@J10000000001000000033852679|I421xK5001Fm35001Fm3;
published_frame=669
published_frame=670
editbox_emit sequence=339 bytes=50 elapsed_us=3324 envelope=@J10000000001000000033916933|I421zK5001Fm35001Fm3;
published_frame=671
editbox_receipt monotonic_ns=573253821853123 received=338 consumed=338 revision=155
published_frame=672
editbox_emit sequence=340 bytes=50 elapsed_us=2815 envelope=@J10000000001000000034036562|I421_K5001Fm35001Fm3;
published_frame=673
published_frame=674
editbox_emit sequence=341 bytes=50 elapsed_us=2729 envelope=@J10000000001000000034122031|I421XL5001Fm35001Fm3;
published_frame=675
published_frame=676
editbox_emit sequence=342 bytes=50 elapsed_us=3291 envelope=@J10000000001000000034251806|I421ZL5001Fm35001Fm3;
published_frame=677
published_frame=678
editbox_emit sequence=343 bytes=50 elapsed_us=2895 envelope=@J10000000001000000034316060|I421bL5001Fm35001Fm3;
published_frame=679
published_frame=680
editbox_emit sequence=344 bytes=50 elapsed_us=2462 envelope=@J10000000001000000034445835|I421dL5001Fm35001Fm3;
published_frame=681
published_frame=682
editbox_emit sequence=345 bytes=50 elapsed_us=2876 envelope=@J10000000001000000034510089|I421fL5001Fm35001Fm3;
editbox_receipt monotonic_ns=573254009921087 received=344 consumed=342 revision=156
published_frame=683
published_frame=684
editbox_emit sequence=346 bytes=50 elapsed_us=2719 envelope=@J10000000001000000034639864|I421hL5001Fm35001Fm3;
published_frame=685
published_frame=686
editbox_emit sequence=347 bytes=50 elapsed_us=2680 envelope=@J10000000001000000034704118|I421jL5001Fm35001Fm3;
editbox_receipt monotonic_ns=573254065593507 received=344 consumed=344 revision=157
published_frame=687
published_frame=688
editbox_emit sequence=348 bytes=50 elapsed_us=2829 envelope=@J10000000001000000034833893|I421lL5001Fm35001Fm3;
published_frame=689
published_frame=690
editbox_emit sequence=349 bytes=50 elapsed_us=2694 envelope=@J10000000001000000034963668|I421nL5001Fm35001Fm3;
editbox_receipt monotonic_ns=573254133237999 received=348 consumed=348 revision=158
published_frame=691
published_frame=692
editbox_emit sequence=350 bytes=50 elapsed_us=2741 envelope=@J10000000001000000035017776|I421pL5001Fm35001Fm3;
published_frame=693
published_frame=694
editbox_emit sequence=351 bytes=50 elapsed_us=3114 envelope=@J10000000001000000035147551|I421rL5001Fm35001Fm3;
published_frame=695
published_frame=696
editbox_emit sequence=352 bytes=50 elapsed_us=2566 envelope=@J10000000001000000035211805|I421tL5001Fm35001Fm3;
editbox_receipt monotonic_ns=573254232729903 received=351 consumed=351 revision=159
published_frame=697
published_frame=698
editbox_emit sequence=353 bytes=50 elapsed_us=2936 envelope=@J10000000001000000035341580|I421vL5001Fm35001Fm3;
published_frame=699
published_frame=700
editbox_emit sequence=354 bytes=50 elapsed_us=2846 envelope=@J10000000001000000035405834|I421xL5001Fm35001Fm3;
published_frame=701
editbox_receipt monotonic_ns=573254321619801 received=353 consumed=353 revision=160
published_frame=702
editbox_emit sequence=355 bytes=50 elapsed_us=3108 envelope=@J10000000001000000035535609|I421zL5001Fm35001Fm3;
published_frame=703
published_frame=704
editbox_emit sequence=356 bytes=50 elapsed_us=3593 envelope=@J10000000001000000035665384|I421_L5001Fm35001Fm3;
published_frame=705
published_frame=706
editbox_emit sequence=357 bytes=50 elapsed_us=3501 envelope=@J10000000001000000035750853|I421XM5001Fm35001Fm3;
published_frame=707
editbox_receipt monotonic_ns=573254421522364 received=356 consumed=356 revision=161
published_frame=708
editbox_emit sequence=358 bytes=50 elapsed_us=4319 envelope=@J10000000001000000035815107|I421ZM5001Fm35001Fm3;
published_frame=709
published_frame=710
editbox_emit sequence=359 bytes=50 elapsed_us=3102 envelope=@J10000000001000000035944882|I421bM5001Fm35001Fm3;
published_frame=711
published_frame=712
editbox_emit sequence=360 bytes=50 elapsed_us=2700 envelope=@J10000000001000000036064511|I421dM5001Fm35001Fm3;
published_frame=713
editbox_receipt monotonic_ns=573254520210762 received=359 consumed=359 revision=162
published_frame=714
editbox_emit sequence=361 bytes=50 elapsed_us=3308 envelope=@J10000000001000000036128765|I421fM5001Fm35001Fm3;
published_frame=715
published_frame=716
editbox_emit sequence=362 bytes=50 elapsed_us=2661 envelope=@J10000000001000000036258540|I421hM5001Fm35001Fm3;
published_frame=717
published_frame=718
editbox_emit sequence=363 bytes=50 elapsed_us=2684 envelope=@J10000000001000000036322794|I421jM5001Fm35001Fm3;
published_frame=719
editbox_receipt monotonic_ns=573254619684271 received=362 consumed=362 revision=163
published_frame=720
editbox_emit sequence=364 bytes=50 elapsed_us=3156 envelope=@J10000000001000000036452569|I421lM5001Fm35001Fm3;
published_frame=721
published_frame=722
editbox_emit sequence=365 bytes=50 elapsed_us=3001 envelope=@J10000000001000000036516823|I421nM5001Fm35001Fm3;
published_frame=723
published_frame=724
editbox_emit sequence=366 bytes=50 elapsed_us=2789 envelope=@J10000000001000000036646598|I421pM5001Fm35001Fm3;
published_frame=725
editbox_receipt monotonic_ns=573254719937931 received=365 consumed=365 revision=164
published_frame=726
editbox_emit sequence=367 bytes=50 elapsed_us=2922 envelope=@J10000000001000000036710852|I421rM5001Fm35001Fm3;
published_frame=727
published_frame=728
editbox_emit sequence=368 bytes=50 elapsed_us=2822 envelope=@J10000000001000000036840627|I421tM5001Fm35001Fm3;
published_frame=729
published_frame=730
editbox_emit sequence=369 bytes=50 elapsed_us=3186 envelope=@J10000000001000000036904881|I421vM5001Fm35001Fm3;
published_frame=731
editbox_receipt monotonic_ns=573254822494025 received=368 consumed=368 revision=165
published_frame=732
editbox_emit sequence=370 bytes=50 elapsed_us=3072 envelope=@J10000000001000000037024510|I421xM5001Fm35001Fm3;
published_frame=733
published_frame=734
editbox_emit sequence=371 bytes=50 elapsed_us=3067 envelope=@J10000000001000000037154285|I421zM5001Fm35001Fm3;
published_frame=735
published_frame=736
editbox_emit sequence=372 bytes=50 elapsed_us=3019 envelope=@J10000000001000000037218539|I421_M5001Fm35001Fm3;
published_frame=737
published_frame=738
editbox_emit sequence=373 bytes=50 elapsed_us=2555 envelope=@J10000000001000000037304008|I421XN5001Fm35001Fm3;
published_frame=739
published_frame=740
editbox_emit sequence=374 bytes=50 elapsed_us=3143 envelope=@J10000000001000000037433783|I421ZN5001Fm35001Fm3;
published_frame=741
published_frame=742
editbox_emit sequence=375 bytes=50 elapsed_us=2857 envelope=@J10000000001000000037563558|I421bN5001Fm35001Fm3;
editbox_receipt monotonic_ns=573254999431434 received=373 consumed=373 revision=166
published_frame=743
published_frame=744
editbox_emit sequence=376 bytes=50 elapsed_us=2794 envelope=@J10000000001000000037627812|I421dN5001Fm35001Fm3;
published_frame=745
published_frame=746
editbox_emit sequence=377 bytes=50 elapsed_us=2704 envelope=@J10000000001000000037757587|I421fN5001Fm35001Fm3;
editbox_receipt monotonic_ns=573255065320528 received=376 consumed=375 revision=167
published_frame=747
published_frame=748
editbox_emit sequence=378 bytes=50 elapsed_us=3106 envelope=@J10000000001000000037821841|I421hN5001Fm35001Fm3;
published_frame=749
published_frame=750
editbox_emit sequence=379 bytes=50 elapsed_us=2597 envelope=@J10000000001000000037951616|I421jN5001Fm35001Fm3;
editbox_receipt monotonic_ns=573255132836399 received=378 consumed=378 revision=168
published_frame=751
published_frame=752
editbox_emit sequence=380 bytes=50 elapsed_us=2721 envelope=@J10000000001000000038005724|I421lN5001Fm35001Fm3;
published_frame=753
published_frame=754
editbox_emit sequence=381 bytes=50 elapsed_us=2590 envelope=@J10000000001000000038135499|I421nN5001Fm35001Fm3;
published_frame=755
published_frame=756
editbox_emit sequence=382 bytes=50 elapsed_us=2654 envelope=@J10000000001000000038265274|I421pN5001Fm35001Fm3;
editbox_receipt monotonic_ns=573255232792181 received=380 consumed=380 revision=169
published_frame=757
published_frame=758
editbox_emit sequence=383 bytes=50 elapsed_us=3062 envelope=@J10000000001000000038329528|I421rN5001Fm35001Fm3;
published_frame=759
published_frame=760
editbox_emit sequence=384 bytes=50 elapsed_us=3368 envelope=@J10000000001000000038459303|I421tN5001Fm35001Fm3;
published_frame=761
editbox_receipt monotonic_ns=573255322545438 received=383 consumed=383 revision=170
published_frame=762
editbox_emit sequence=385 bytes=50 elapsed_us=2579 envelope=@J10000000001000000038523557|I421vN5001Fm35001Fm3;
published_frame=763
published_frame=764
editbox_emit sequence=386 bytes=50 elapsed_us=2794 envelope=@J10000000001000000038653332|I421xN5001Fm35001Fm3;
published_frame=765
published_frame=766
editbox_emit sequence=387 bytes=50 elapsed_us=4766 envelope=@J10000000001000000038717586|I421zN5001Fm35001Fm3;
published_frame=767
editbox_receipt monotonic_ns=573255422057008 received=386 consumed=386 revision=171
published_frame=768
editbox_emit sequence=388 bytes=50 elapsed_us=2720 envelope=@J10000000001000000038847361|I421_N5001Fm35001Fm3;
published_frame=769
published_frame=770
editbox_emit sequence=389 bytes=50 elapsed_us=2669 envelope=@J10000000001000000038932830|I421XO5001Fm35001Fm3;
published_frame=771
published_frame=772
editbox_emit sequence=390 bytes=50 elapsed_us=3250 envelope=@J10000000001000000039052459|I421ZO5001Fm35001Fm3;
editbox_receipt monotonic_ns=573255510032864 received=389 consumed=389 revision=172
published_frame=773
published_frame=774
editbox_emit sequence=391 bytes=50 elapsed_us=2957 envelope=@J10000000001000000039116713|I421bO5001Fm35001Fm3;
published_frame=775
published_frame=776
editbox_emit sequence=392 bytes=50 elapsed_us=2908 envelope=@J10000000001000000039246488|I421dO5001Fm35001Fm3;
published_frame=777
published_frame=778
editbox_emit sequence=393 bytes=50 elapsed_us=3186 envelope=@J10000000001000000039310742|I421fO5001Fm35001Fm3;
published_frame=779
editbox_receipt monotonic_ns=573255621119031 received=392 consumed=392 revision=173
published_frame=780
editbox_emit sequence=394 bytes=50 elapsed_us=3726 envelope=@J10000000001000000039440517|I421hO5001Fm35001Fm3;
published_frame=781
published_frame=782
editbox_emit sequence=395 bytes=50 elapsed_us=2658 envelope=@J10000000001000000039504771|I421jO5001Fm35001Fm3;
published_frame=783
published_frame=784
editbox_emit sequence=396 bytes=50 elapsed_us=2836 envelope=@J10000000001000000039634546|I421lO5001Fm35001Fm3;
published_frame=785
editbox_receipt monotonic_ns=573255721832543 received=395 consumed=395 revision=174
published_frame=786
editbox_emit sequence=397 bytes=50 elapsed_us=2862 envelope=@J10000000001000000039764321|I421nO5001Fm35001Fm3;
published_frame=787
published_frame=788
editbox_emit sequence=398 bytes=50 elapsed_us=3003 envelope=@J10000000001000000039828575|I421pO5001Fm35001Fm3;
published_frame=789
published_frame=790
editbox_emit sequence=399 bytes=50 elapsed_us=2815 envelope=@J10000000001000000039958350|I421rO5001Fm35001Fm3;
editbox_receipt monotonic_ns=573255811075573 received=398 consumed=398 revision=175
published_frame=791
published_frame=792
editbox_emit sequence=400 bytes=50 elapsed_us=2651 envelope=@J10000000001000000040021131|I421tO5001Fm35001Fm3;
published_frame=793
published_frame=794
editbox_emit sequence=401 bytes=50 elapsed_us=3538 envelope=@J10000000001000000040150906|I421vO5001Fm35001Fm3;
published_frame=795
published_frame=796
editbox_emit sequence=402 bytes=50 elapsed_us=3307 envelope=@J10000000001000000040215160|I421xO5001Fm35001Fm3;
published_frame=797
published_frame=798
editbox_emit sequence=403 bytes=50 elapsed_us=2803 envelope=@J10000000001000000040344935|I421zO5001Fm35001Fm3;
published_frame=799
published_frame=800
editbox_emit sequence=404 bytes=50 elapsed_us=3421 envelope=@J10000000001000000040409189|I421_O5001Fm35001Fm3;
published_frame=801
published_frame=802
editbox_emit sequence=405 bytes=50 elapsed_us=3119 envelope=@J10000000001000000040560179|I421XP5001Fm35001Fm3;
editbox_receipt monotonic_ns=573256000603413 received=403 consumed=402 revision=176
published_frame=803
published_frame=804
editbox_emit sequence=406 bytes=50 elapsed_us=2843 envelope=@J10000000001000000040624433|I421ZP5001Fm35001Fm3;
published_frame=805
published_frame=806
editbox_emit sequence=407 bytes=50 elapsed_us=2907 envelope=@J10000000001000000040754208|I421bP5001Fm35001Fm3;
editbox_receipt monotonic_ns=573256068321964 received=406 consumed=405 revision=177
published_frame=807
published_frame=808
editbox_emit sequence=408 bytes=50 elapsed_us=3304 envelope=@J10000000001000000040818462|I421dP5001Fm35001Fm3;
published_frame=809
published_frame=810
editbox_emit sequence=409 bytes=50 elapsed_us=2736 envelope=@J10000000001000000040948237|I421fP5001Fm35001Fm3;
editbox_receipt monotonic_ns=573256135789204 received=408 consumed=408 revision=178
published_frame=811
published_frame=812
editbox_emit sequence=410 bytes=50 elapsed_us=2811 envelope=@J10000000001000000041002345|I421hP5001Fm35001Fm3;
published_frame=813
published_frame=814
editbox_emit sequence=411 bytes=50 elapsed_us=3380 envelope=@J10000000001000000041132120|I421jP5001Fm35001Fm3;
published_frame=815
published_frame=816
editbox_emit sequence=412 bytes=50 elapsed_us=3689 envelope=@J10000000001000000041261895|I421lP5001Fm35001Fm3;
editbox_receipt monotonic_ns=573256233781668 received=410 consumed=410 revision=179
published_frame=817
published_frame=818
editbox_emit sequence=413 bytes=50 elapsed_us=3990 envelope=@J10000000001000000041326149|I421nP5001Fm35001Fm3;
published_frame=819
published_frame=820
editbox_emit sequence=414 bytes=50 elapsed_us=2781 envelope=@J10000000001000000041455924|I421pP5001Fm35001Fm3;
published_frame=821
published_frame=822
editbox_emit sequence=415 bytes=50 elapsed_us=3384 envelope=@J10000000001000000041520178|I421rP5001Fm35001Fm3;
editbox_receipt monotonic_ns=573256333811339 received=413 consumed=413 revision=180
published_frame=823
published_frame=824
editbox_emit sequence=416 bytes=50 elapsed_us=2848 envelope=@J10000000001000000041649953|I421tP5001Fm35001Fm3;
published_frame=825
published_frame=826
editbox_emit sequence=417 bytes=50 elapsed_us=3256 envelope=@J10000000001000000041714207|I421vP5001Fm35001Fm3;
published_frame=827
editbox_receipt monotonic_ns=573256423099854 received=416 consumed=416 revision=181
published_frame=828
editbox_emit sequence=418 bytes=50 elapsed_us=3086 envelope=@J10000000001000000041843982|I421xP5001Fm35001Fm3;
published_frame=829
published_frame=830
editbox_emit sequence=419 bytes=50 elapsed_us=2820 envelope=@J10000000001000000041908236|I421zP5001Fm35001Fm3;
published_frame=831
published_frame=832
editbox_emit sequence=420 bytes=50 elapsed_us=3476 envelope=@J10000000001000000042027865|I421_P5001Fm35001Fm3;
published_frame=833
editbox_receipt monotonic_ns=573256523670309 received=419 consumed=419 revision=182
published_frame=834
editbox_emit sequence=421 bytes=50 elapsed_us=2631 envelope=@J10000000001000000042113334|I421XQ5001Fm35001Fm3;
published_frame=835
published_frame=836
editbox_emit sequence=422 bytes=50 elapsed_us=2940 envelope=@J10000000001000000042243109|I421ZQ5001Fm35001Fm3;
published_frame=837
published_frame=838
editbox_emit sequence=423 bytes=50 elapsed_us=3011 envelope=@J10000000001000000042307363|I421bQ5001Fm35001Fm3;
published_frame=839
editbox_receipt monotonic_ns=573256620538666 received=422 consumed=422 revision=183
published_frame=840
editbox_emit sequence=424 bytes=50 elapsed_us=2965 envelope=@J10000000001000000042437138|I421dQ5001Fm35001Fm3;
published_frame=841
published_frame=842
editbox_emit sequence=425 bytes=50 elapsed_us=2644 envelope=@J10000000001000000042501392|I421fQ5001Fm35001Fm3;
published_frame=843
match_end epoch=1 frontier=844 old_rows=drain terminal_rows=discard
input_armed=true gameplay_armed=false mono_ns=573256693336224
editbox_emit sequence=426 bytes=34 elapsed_us=1837 envelope=@J10000000001000000042660664|JE11;
suppressed mono_ns=573256705926000 reason=focus-pause-or-neutral
editbox_receipt monotonic_ns=573256728403738 received=426 consumed=426 revision=184
match_quiescent epoch=1
waiting_for_match build=chat-trace-20261005 slot=0 after_epoch=1
menu_emit epoch=1 phase=Some(Result) key=n mono_ns=573265004394000
menu_emit epoch=1 phase=Some(Character) key=r mono_ns=573267375498000
menu_emit epoch=1 phase=Some(Character) key=w mono_ns=573267645965000
menu_emit epoch=1 phase=Some(Character) key=n mono_ns=573267916350000
menu_emit epoch=1 phase=Some(Character) key=y mono_ns=573269838858000
menu_emit epoch=1 phase=Some(Stage) key=r mono_ns=573272206790000
menu_emit epoch=1 phase=Some(Stage) key=w mono_ns=573272477202000
menu_emit epoch=1 phase=Some(Stage) key=u mono_ns=573272747666000
menu_emit epoch=1 phase=Some(Character) key=y mono_ns=573275139072000
menu_emit epoch=1 phase=Some(Stage) key=y mono_ns=573277563124000
match_ready epoch=2 neutral_rearm=required
input_armed=true gameplay_armed=false mono_ns=573277905610172
editbox_receipt monotonic_ns=573277905727462 received=0 consumed=0 revision=3
editbox_emit sequence=1 bytes=34 elapsed_us=2783 envelope=@J10000000002000000000144738|JR12;
editbox_receipt monotonic_ns=573277967925129 received=1 consumed=1 revision=4
match_start epoch=2 epoch_ns=573278074853658 read_ns=573278075986200 uncertainty_ns=1100285
input_armed=true gameplay_armed=true mono_ns=573278075959390
published_frame=1
published_frame=2
editbox_emit sequence=2 bytes=37 elapsed_us=1898 envelope=@J10000000002000000000230575|I422100;
published_frame=3
published_frame=4
editbox_emit sequence=3 bytes=37 elapsed_us=1830 envelope=@J10000000002000000000309341|I422300;
published_frame=5
published_frame=6
editbox_emit sequence=4 bytes=37 elapsed_us=1864 envelope=@J10000000002000000000453628|I422500;
published_frame=7
published_frame=8
editbox_emit sequence=5 bytes=37 elapsed_us=2299 envelope=@J10000000002000000000532394|I422700;
editbox_receipt monotonic_ns=573278213409776 received=2 consumed=2 revision=5
published_frame=9
published_frame=10
editbox_emit sequence=6 bytes=37 elapsed_us=2035 envelope=@J10000000002000000000611160|I422900;
published_frame=11
editbox_receipt monotonic_ns=573278268072586 received=6 consumed=3 revision=6
published_frame=12
editbox_emit sequence=7 bytes=37 elapsed_us=2062 envelope=@J10000000002000000000755447|I422B00;
editbox_receipt monotonic_ns=573278289968071 received=6 consumed=6 revision=7
published_frame=13
published_frame=14
editbox_emit sequence=8 bytes=37 elapsed_us=2532 envelope=@J10000000002000000000834213|I422D00;
published_frame=15
published_frame=16
editbox_emit sequence=9 bytes=37 elapsed_us=2074 envelope=@J10000000002000000000912979|I422F00;
published_frame=17
editbox_receipt monotonic_ns=573278367410793 received=9 consumed=9 revision=8
published_frame=18
editbox_emit sequence=10 bytes=37 elapsed_us=2420 envelope=@J10000000002000000001020251|I422H00;
event mono_ns=573278375046000 frame=19 held=32 pressed=32 released=0
event mono_ns=573278380256000 frame=19 held=0 pressed=0 released=32
published_frame=19
published_frame=20
editbox_emit sequence=11 bytes=43 elapsed_us=2719 envelope=@J10000000002000000001107761|I422J200W00W0;
published_frame=21
published_frame=22
editbox_emit sequence=12 bytes=37 elapsed_us=2695 envelope=@J10000000002000000001243304|I422L00;
published_frame=23
editbox_receipt monotonic_ns=573278470205095 received=12 consumed=12 revision=9
published_frame=24
editbox_emit sequence=13 bytes=37 elapsed_us=1996 envelope=@J10000000002000000001322070|I422N00;
published_frame=25
published_frame=26
editbox_emit sequence=14 bytes=37 elapsed_us=1993 envelope=@J10000000002000000001400836|I422P00;
published_frame=27
published_frame=28
editbox_emit sequence=15 bytes=37 elapsed_us=2179 envelope=@J10000000002000000001545123|I422R00;
published_frame=29
editbox_receipt monotonic_ns=573278567895825 received=15 consumed=15 revision=10
published_frame=30
editbox_emit sequence=16 bytes=37 elapsed_us=2588 envelope=@J10000000002000000001623889|I422T00;
published_frame=31
published_frame=32
editbox_emit sequence=17 bytes=37 elapsed_us=2061 envelope=@J10000000002000000001702655|I422V00;
published_frame=33
published_frame=34
editbox_emit sequence=18 bytes=38 elapsed_us=2238 envelope=@J10000000002000000001851664|I422X100;
published_frame=35
editbox_receipt monotonic_ns=573278666776745 received=18 consumed=18 revision=11
published_frame=36
editbox_emit sequence=19 bytes=38 elapsed_us=2486 envelope=@J10000000002000000001929131|I422Z100;
published_frame=37
published_frame=38
editbox_emit sequence=20 bytes=38 elapsed_us=1832 envelope=@J10000000002000000002019815|I422b100;
published_frame=39
published_frame=40
editbox_emit sequence=21 bytes=38 elapsed_us=2064 envelope=@J10000000002000000002162803|I422d100;
published_frame=41
editbox_receipt monotonic_ns=573278768537521 received=21 consumed=21 revision=12
published_frame=42
editbox_emit sequence=22 bytes=38 elapsed_us=2580 envelope=@J10000000002000000002240270|I422f100;
published_frame=43
published_frame=44
editbox_emit sequence=23 bytes=38 elapsed_us=2006 envelope=@J10000000002000000002317737|I422h100;
published_frame=45
published_frame=46
editbox_emit sequence=24 bytes=38 elapsed_us=2229 envelope=@J10000000002000000002460725|I422j100;
published_frame=47
editbox_receipt monotonic_ns=573278869970803 received=24 consumed=24 revision=13
published_frame=48
editbox_emit sequence=25 bytes=38 elapsed_us=1953 envelope=@J10000000002000000002538192|I422l100;
published_frame=49
published_frame=50
editbox_emit sequence=26 bytes=38 elapsed_us=3070 envelope=@J10000000002000000002615659|I422n100;
published_frame=51
published_frame=52
editbox_emit sequence=27 bytes=38 elapsed_us=2094 envelope=@J10000000002000000002758647|I422p100;
published_frame=53
editbox_receipt monotonic_ns=573278968425485 received=27 consumed=27 revision=14
published_frame=54
editbox_emit sequence=28 bytes=38 elapsed_us=2214 envelope=@J10000000002000000002836114|I422r100;
published_frame=55
published_frame=56
editbox_emit sequence=29 bytes=38 elapsed_us=2166 envelope=@J10000000002000000002913581|I422t100;
published_frame=57
published_frame=58
editbox_emit sequence=30 bytes=38 elapsed_us=2053 envelope=@J10000000002000000003004265|I422v100;
published_frame=59
published_frame=60
editbox_emit sequence=31 bytes=38 elapsed_us=1890 envelope=@J10000000002000000003147253|I422x100;
published_frame=61
published_frame=62
editbox_emit sequence=32 bytes=38 elapsed_us=1908 envelope=@J10000000002000000003224720|I422z100;
published_frame=63
editbox_receipt monotonic_ns=573279140147185 received=30 consumed=30 revision=15
published_frame=64
editbox_emit sequence=33 bytes=38 elapsed_us=2894 envelope=@J10000000002000000003302187|I422_100;
published_frame=65
published_frame=66
editbox_emit sequence=34 bytes=38 elapsed_us=1970 envelope=@J10000000002000000003437306|I422X200;
published_frame=67
published_frame=68
editbox_emit sequence=35 bytes=38 elapsed_us=2342 envelope=@J10000000002000000003514773|I422Z200;
editbox_receipt monotonic_ns=573279214372047 received=33 consumed=33 revision=16
published_frame=69
published_frame=70
editbox_emit sequence=36 bytes=38 elapsed_us=2219 envelope=@J10000000002000000003657761|I422b200;
published_frame=71
published_frame=72
editbox_emit sequence=37 bytes=38 elapsed_us=2062 envelope=@J10000000002000000003735228|I422d200;
editbox_receipt monotonic_ns=573279290155260 received=36 consumed=36 revision=17
published_frame=73
published_frame=74
editbox_emit sequence=38 bytes=38 elapsed_us=3158 envelope=@J10000000002000000003812695|I422f200;
published_frame=75
published_frame=76
editbox_emit sequence=39 bytes=38 elapsed_us=2134 envelope=@J10000000002000000003955683|I422h200;
published_frame=77
published_frame=78
editbox_emit sequence=40 bytes=38 elapsed_us=2410 envelope=@J10000000002000000004046367|I422j200;
editbox_receipt monotonic_ns=573279391599503 received=39 consumed=39 revision=18
published_frame=79
published_frame=80
editbox_emit sequence=41 bytes=38 elapsed_us=1986 envelope=@J10000000002000000004123834|I422l200;
published_frame=81
published_frame=82
editbox_emit sequence=42 bytes=38 elapsed_us=2131 envelope=@J10000000002000000004201301|I422n200;
published_frame=83
published_frame=84
editbox_emit sequence=43 bytes=38 elapsed_us=2494 envelope=@J10000000002000000004344289|I422p200;
editbox_receipt monotonic_ns=573279480239936 received=42 consumed=42 revision=19
published_frame=85
published_frame=86
editbox_emit sequence=44 bytes=38 elapsed_us=3042 envelope=@J10000000002000000004421756|I422r200;
published_frame=87
published_frame=88
editbox_emit sequence=45 bytes=38 elapsed_us=2342 envelope=@J10000000002000000004564744|I422t200;
published_frame=89
editbox_receipt monotonic_ns=573279568513000 received=45 consumed=45 revision=20
published_frame=90
editbox_emit sequence=46 bytes=38 elapsed_us=2176 envelope=@J10000000002000000004642211|I422v200;
published_frame=91
published_frame=92
editbox_emit sequence=47 bytes=38 elapsed_us=2111 envelope=@J10000000002000000004719678|I422x200;
published_frame=93
published_frame=94
editbox_emit sequence=48 bytes=38 elapsed_us=2129 envelope=@J10000000002000000004862666|I422z200;
published_frame=95
published_frame=96
editbox_receipt monotonic_ns=573279676906474 received=48 consumed=48 revision=21
editbox_emit sequence=49 bytes=38 elapsed_us=2163 envelope=@J10000000002000000004940133|I422_200;
published_frame=97
published_frame=98
editbox_emit sequence=50 bytes=38 elapsed_us=2194 envelope=@J10000000002000000005022948|I422X300;
published_frame=99
published_frame=100
editbox_emit sequence=51 bytes=38 elapsed_us=2129 envelope=@J10000000002000000005100415|I422Z300;
published_frame=101
editbox_receipt monotonic_ns=573279764221663 received=51 consumed=51 revision=22
published_frame=102
editbox_emit sequence=52 bytes=38 elapsed_us=2299 envelope=@J10000000002000000005243403|I422b300;
published_frame=103
published_frame=104
editbox_emit sequence=53 bytes=38 elapsed_us=2025 envelope=@J10000000002000000005320870|I422d300;
published_frame=105
published_frame=106
editbox_emit sequence=54 bytes=38 elapsed_us=2054 envelope=@J10000000002000000005463858|I422f300;
published_frame=107
editbox_receipt monotonic_ns=573279862166389 received=54 consumed=54 revision=23
published_frame=108
editbox_emit sequence=55 bytes=38 elapsed_us=2524 envelope=@J10000000002000000005541325|I422h300;
published_frame=109
published_frame=110
editbox_emit sequence=56 bytes=38 elapsed_us=2434 envelope=@J10000000002000000005618792|I422j300;
published_frame=111
published_frame=112
editbox_emit sequence=57 bytes=38 elapsed_us=2197 envelope=@J10000000002000000005761780|I422l300;
published_frame=113
published_frame=114
editbox_emit sequence=58 bytes=38 elapsed_us=2712 envelope=@J10000000002000000005839247|I422n300;
editbox_receipt monotonic_ns=573279981236537 received=57 consumed=57 revision=24
published_frame=115
published_frame=116
editbox_emit sequence=59 bytes=38 elapsed_us=2236 envelope=@J10000000002000000005916714|I422p300;
published_frame=117
published_frame=118
editbox_emit sequence=60 bytes=38 elapsed_us=2029 envelope=@J10000000002000000006007398|I422r300;
published_frame=119
published_frame=120
editbox_emit sequence=61 bytes=38 elapsed_us=2026 envelope=@J10000000002000000006150386|I422t300;
published_frame=121
published_frame=122
editbox_emit sequence=62 bytes=38 elapsed_us=1905 envelope=@J10000000002000000006227853|I422v300;
published_frame=123
published_frame=124
editbox_receipt monotonic_ns=573280142944314 received=60 consumed=60 revision=25
editbox_emit sequence=63 bytes=38 elapsed_us=2031 envelope=@J10000000002000000006305320|I422x300;
published_frame=125
published_frame=126
editbox_emit sequence=64 bytes=38 elapsed_us=2073 envelope=@J10000000002000000006448308|I422z300;
published_frame=127
editbox_receipt monotonic_ns=573280207708671 received=63 consumed=63 revision=26
published_frame=128
editbox_emit sequence=65 bytes=38 elapsed_us=2309 envelope=@J10000000002000000006525775|I422_300;
published_frame=129
published_frame=130
editbox_emit sequence=66 bytes=38 elapsed_us=2512 envelope=@J10000000002000000006660894|I422X400;
published_frame=131
editbox_receipt monotonic_ns=573280273366502 received=66 consumed=66 revision=27
published_frame=132
editbox_emit sequence=67 bytes=38 elapsed_us=1938 envelope=@J10000000002000000006738361|I422Z400;
published_frame=133
published_frame=134
editbox_emit sequence=68 bytes=38 elapsed_us=2655 envelope=@J10000000002000000006815828|I422b400;
published_frame=135
published_frame=136
editbox_emit sequence=69 bytes=38 elapsed_us=2019 envelope=@J10000000002000000006958816|I422d400;
published_frame=137
editbox_receipt monotonic_ns=573280370743364 received=69 consumed=69 revision=28
published_frame=138
editbox_emit sequence=70 bytes=38 elapsed_us=2201 envelope=@J10000000002000000007049500|I422f400;
published_frame=139
published_frame=140
editbox_emit sequence=71 bytes=38 elapsed_us=2087 envelope=@J10000000002000000007126967|I422h400;
published_frame=141
published_frame=142
editbox_emit sequence=72 bytes=38 elapsed_us=2593 envelope=@J10000000002000000007204434|I422j400;
published_frame=143
editbox_receipt monotonic_ns=573280469886326 received=72 consumed=72 revision=29
published_frame=144
editbox_emit sequence=73 bytes=38 elapsed_us=1943 envelope=@J10000000002000000007347422|I422l400;
published_frame=145
published_frame=146
editbox_emit sequence=74 bytes=38 elapsed_us=2416 envelope=@J10000000002000000007424889|I422n400;
published_frame=147
published_frame=148
editbox_emit sequence=75 bytes=38 elapsed_us=2707 envelope=@J10000000002000000007502356|I422p400;
published_frame=149
published_frame=150
editbox_emit sequence=76 bytes=38 elapsed_us=2521 envelope=@J10000000002000000007645344|I422r400;
editbox_receipt monotonic_ns=573280580208854 received=75 consumed=75 revision=30
published_frame=151
published_frame=152
editbox_emit sequence=77 bytes=38 elapsed_us=2426 envelope=@J10000000002000000007722811|I422t400;
published_frame=153
published_frame=154
editbox_emit sequence=78 bytes=38 elapsed_us=3330 envelope=@J10000000002000000007800278|I422v400;
published_frame=155
editbox_receipt monotonic_ns=573280669127899 received=78 consumed=78 revision=31
published_frame=156
editbox_emit sequence=79 bytes=38 elapsed_us=2551 envelope=@J10000000002000000007943266|I422x400;
published_frame=157
published_frame=158
editbox_emit sequence=80 bytes=38 elapsed_us=2237 envelope=@J10000000002000000008033950|I422z400;
published_frame=159
published_frame=160
editbox_emit sequence=81 bytes=38 elapsed_us=2720 envelope=@J10000000002000000008111417|I422_400;
published_frame=161
published_frame=162
editbox_emit sequence=82 bytes=38 elapsed_us=2199 envelope=@J10000000002000000008246536|I422X500;
editbox_receipt monotonic_ns=573280779647165 received=81 consumed=81 revision=32
published_frame=163
published_frame=164
editbox_emit sequence=83 bytes=38 elapsed_us=2214 envelope=@J10000000002000000008324003|I422Z500;
published_frame=165
published_frame=166
editbox_emit sequence=84 bytes=38 elapsed_us=2585 envelope=@J10000000002000000008401470|I422b500;
published_frame=167
published_frame=168
editbox_emit sequence=85 bytes=38 elapsed_us=2124 envelope=@J10000000002000000008544458|I422d500;
editbox_receipt monotonic_ns=573280879401281 received=84 consumed=84 revision=33
published_frame=169
published_frame=170
editbox_emit sequence=86 bytes=38 elapsed_us=2316 envelope=@J10000000002000000008621925|I422f500;
published_frame=171
published_frame=172
editbox_emit sequence=87 bytes=38 elapsed_us=2080 envelope=@J10000000002000000008764913|I422h500;
published_frame=173
published_frame=174
editbox_emit sequence=88 bytes=38 elapsed_us=2780 envelope=@J10000000002000000008842380|I422j500;
editbox_receipt monotonic_ns=573280979734082 received=87 consumed=87 revision=34
published_frame=175
published_frame=176
editbox_emit sequence=89 bytes=38 elapsed_us=3901 envelope=@J10000000002000000008919847|I422l500;
published_frame=177
published_frame=178
editbox_emit sequence=90 bytes=38 elapsed_us=5267 envelope=@J10000000002000000009010531|I422n500;
published_frame=179
published_frame=180
editbox_emit sequence=91 bytes=38 elapsed_us=5272 envelope=@J10000000002000000009153519|I422p500;
published_frame=181
published_frame=182
editbox_emit sequence=92 bytes=38 elapsed_us=7598 envelope=@J10000000002000000009230986|I422r500;
published_frame=183
published_frame=184
editbox_emit sequence=93 bytes=38 elapsed_us=5252 envelope=@J10000000002000000009308453|I422t500;
published_frame=185
published_frame=186
editbox_emit sequence=94 bytes=38 elapsed_us=2706 envelope=@J10000000002000000009451441|I422v500;
published_frame=187
published_frame=188
editbox_emit sequence=95 bytes=38 elapsed_us=4378 envelope=@J10000000002000000009528908|I422x500;
published_frame=189
editbox_emit sequence=88 bytes=38 elapsed_us=2479 envelope=@J10000000002000000008842380|I422j500;
published_frame=190
published_frame=191
published_frame=192
published_frame=193
published_frame=194
published_frame=195
editbox_receipt monotonic_ns=573281335879811 received=95 consumed=92 revision=35
editbox_emit sequence=96 bytes=38 elapsed_us=2288 envelope=@J10000000002000000009606375|I422z500;
editbox_emit sequence=97 bytes=38 elapsed_us=2091 envelope=@J10000000002000000009749363|I422_500;
published_frame=196
editbox_emit sequence=98 bytes=38 elapsed_us=2010 envelope=@J10000000002000000009818961|I422X600;
editbox_emit sequence=99 bytes=38 elapsed_us=2134 envelope=@J10000000002000000009961949|I422Z600;
published_frame=197
published_frame=198
editbox_emit sequence=100 bytes=38 elapsed_us=1862 envelope=@J10000000002000000010028529|I422b600;
editbox_receipt monotonic_ns=573281379391618 received=95 consumed=95 revision=36
published_frame=199
published_frame=200
editbox_emit sequence=101 bytes=38 elapsed_us=2070 envelope=@J10000000002000000010105996|I422d600;
published_frame=201
published_frame=202
editbox_emit sequence=102 bytes=38 elapsed_us=1924 envelope=@J10000000002000000010248984|I422f600;
published_frame=203
published_frame=204
editbox_emit sequence=103 bytes=38 elapsed_us=1913 envelope=@J10000000002000000010326451|I422h600;
published_frame=205
editbox_receipt monotonic_ns=573281501012876 received=102 consumed=96 revision=37
published_frame=206
editbox_emit sequence=104 bytes=38 elapsed_us=2503 envelope=@J10000000002000000010403918|I422j600;
published_frame=207
published_frame=208
editbox_emit sequence=105 bytes=38 elapsed_us=2302 envelope=@J10000000002000000010546906|I422l600;
editbox_receipt monotonic_ns=573281546475128 received=102 consumed=102 revision=38
published_frame=209
published_frame=210
editbox_emit sequence=106 bytes=38 elapsed_us=1850 envelope=@J10000000002000000010624373|I422n600;
editbox_receipt monotonic_ns=573281579274413 received=102 consumed=102 revision=39
published_frame=211
published_frame=212
editbox_emit sequence=107 bytes=38 elapsed_us=2528 envelope=@J10000000002000000010701840|I422p600;
published_frame=213
published_frame=214
editbox_emit sequence=108 bytes=38 elapsed_us=1970 envelope=@J10000000002000000010844828|I422r600;
published_frame=215
editbox_receipt monotonic_ns=573281666321009 received=107 consumed=106 revision=40
published_frame=216
editbox_emit sequence=109 bytes=38 elapsed_us=2321 envelope=@J10000000002000000010922295|I422t600;
published_frame=217
published_frame=218
editbox_emit sequence=110 bytes=38 elapsed_us=2002 envelope=@J10000000002000000011012979|I422v600;
published_frame=219
published_frame=220
editbox_emit sequence=111 bytes=38 elapsed_us=2083 envelope=@J10000000002000000011155967|I422x600;
editbox_receipt monotonic_ns=573281745614289 received=110 consumed=108 revision=41
published_frame=221
published_frame=222
editbox_emit sequence=112 bytes=38 elapsed_us=2018 envelope=@J10000000002000000011233434|I422z600;
published_frame=223
published_frame=224
editbox_emit sequence=113 bytes=38 elapsed_us=2248 envelope=@J10000000002000000011310901|I422_600;
editbox_receipt monotonic_ns=573281823149985 received=112 consumed=111 revision=42
published_frame=225
published_frame=226
editbox_emit sequence=114 bytes=38 elapsed_us=2060 envelope=@J10000000002000000011446020|I422X700;
published_frame=227
published_frame=228
editbox_emit sequence=115 bytes=38 elapsed_us=2099 envelope=@J10000000002000000011523487|I422Z700;
published_frame=229
editbox_receipt monotonic_ns=573281900894974 received=114 consumed=114 revision=43
published_frame=230
editbox_emit sequence=116 bytes=38 elapsed_us=2395 envelope=@J10000000002000000011600954|I422b700;
published_frame=231
published_frame=232
editbox_emit sequence=117 bytes=38 elapsed_us=2228 envelope=@J10000000002000000011743942|I422d700;
published_frame=233
published_frame=234
editbox_emit sequence=118 bytes=38 elapsed_us=2075 envelope=@J10000000002000000011821409|I422f700;
editbox_receipt monotonic_ns=573281978955463 received=117 consumed=117 revision=44
published_frame=235
published_frame=236
editbox_emit sequence=119 bytes=38 elapsed_us=1871 envelope=@J10000000002000000011964397|I422h700;
published_frame=237
published_frame=238
editbox_emit sequence=120 bytes=38 elapsed_us=2288 envelope=@J10000000002000000012055081|I422j700;
published_frame=239
published_frame=240
editbox_emit sequence=121 bytes=38 elapsed_us=1989 envelope=@J10000000002000000012132548|I422l700;
published_frame=241
published_frame=242
editbox_emit sequence=122 bytes=38 elapsed_us=1864 envelope=@J10000000002000000012210015|I422n700;
published_frame=243
published_frame=244
editbox_emit sequence=123 bytes=38 elapsed_us=2081 envelope=@J10000000002000000012353003|I422p700;
editbox_receipt monotonic_ns=573282145455269 received=120 consumed=120 revision=45
published_frame=245
published_frame=246
editbox_emit sequence=124 bytes=38 elapsed_us=1917 envelope=@J10000000002000000012430470|I422r700;
published_frame=247
published_frame=248
editbox_emit sequence=125 bytes=38 elapsed_us=2060 envelope=@J10000000002000000012507937|I422t700;
editbox_receipt monotonic_ns=573282220647504 received=123 consumed=123 revision=46
published_frame=249
published_frame=250
editbox_emit sequence=126 bytes=38 elapsed_us=2116 envelope=@J10000000002000000012650925|I422v700;
published_frame=251
published_frame=252
editbox_emit sequence=127 bytes=38 elapsed_us=2053 envelope=@J10000000002000000012728392|I422x700;
published_frame=253
editbox_receipt monotonic_ns=573282295405086 received=126 consumed=126 revision=47
published_frame=254
editbox_emit sequence=128 bytes=38 elapsed_us=2153 envelope=@J10000000002000000012805859|I422z700;
published_frame=255
published_frame=256
editbox_emit sequence=129 bytes=38 elapsed_us=1939 envelope=@J10000000002000000012948847|I422_700;
published_frame=257
published_frame=258
editbox_emit sequence=130 bytes=38 elapsed_us=2006 envelope=@J10000000002000000013031662|I422X800;
editbox_receipt monotonic_ns=573282382526633 received=129 consumed=129 revision=48
published_frame=259
published_frame=260
editbox_emit sequence=131 bytes=38 elapsed_us=1975 envelope=@J10000000002000000013109129|I422Z800;
published_frame=261
published_frame=262
editbox_emit sequence=132 bytes=38 elapsed_us=2197 envelope=@J10000000002000000013252117|I422b800;
published_frame=263
editbox_receipt monotonic_ns=573282467205573 received=132 consumed=132 revision=49
published_frame=264
editbox_emit sequence=133 bytes=38 elapsed_us=2436 envelope=@J10000000002000000013329584|I422d800;
published_frame=265
published_frame=266
editbox_emit sequence=134 bytes=38 elapsed_us=1872 envelope=@J10000000002000000013407051|I422f800;
published_frame=267
published_frame=268
editbox_emit sequence=135 bytes=38 elapsed_us=2608 envelope=@J10000000002000000013550039|I422h800;
published_frame=269
published_frame=270
editbox_emit sequence=136 bytes=38 elapsed_us=1834 envelope=@J10000000002000000013627506|I422j800;
editbox_receipt monotonic_ns=573282591354026 received=135 consumed=135 revision=50
published_frame=271
published_frame=272
editbox_emit sequence=137 bytes=38 elapsed_us=2568 envelope=@J10000000002000000013704973|I422l800;
published_frame=273
published_frame=274
editbox_emit sequence=138 bytes=38 elapsed_us=1960 envelope=@J10000000002000000013847961|I422n800;
control sequence=1 state=PREPARE frame=275 epoch_ns=573282655927997
editbox_emit sequence=139 bytes=48 elapsed_us=3037 envelope=@J10000000002000000013935372|ACK1|1|PREPARE|275;
input_armed=true gameplay_armed=false mono_ns=573282660776872
editbox_receipt monotonic_ns=573282724683462 received=139 consumed=138 revision=51
editbox_receipt monotonic_ns=573282766207134 received=139 consumed=139 revision=52
editbox_receipt monotonic_ns=573282863948198 received=139 consumed=139 revision=53
control sequence=2 state=PAUSE_COMMIT target=277 frontier=275 epoch_ns=573282944014797
input_armed=true gameplay_armed=true mono_ns=573282944176119
published_frame=275
editbox_receipt monotonic_ns=573282970293444 received=139 consumed=139 revision=54
published_frame=276
control sequence=2 state=PAUSE frame=277 epoch_ns=573282978643028
editbox_emit sequence=140 bytes=38 elapsed_us=3107 envelope=@J10000000002000000014036253|I422p800;
input_armed=true gameplay_armed=false mono_ns=573282986292862
editbox_emit sequence=141 bytes=46 elapsed_us=4017 envelope=@J10000000002000000014153727|ACK1|2|PAUSE|277;
editbox_receipt monotonic_ns=573283139089543 received=141 consumed=141 revision=55
editbox_receipt monotonic_ns=573283170896017 received=141 consumed=141 revision=56
editbox_receipt monotonic_ns=573283268581448 received=141 consumed=141 revision=57
editbox_receipt monotonic_ns=573283363910303 received=141 consumed=141 revision=58
editbox_receipt monotonic_ns=573283462980718 received=141 consumed=141 revision=59
editbox_receipt monotonic_ns=573283549192010 received=141 consumed=141 revision=60
editbox_receipt monotonic_ns=573283666914724 received=141 consumed=141 revision=61
editbox_receipt monotonic_ns=573283765515459 received=141 consumed=141 revision=62
editbox_receipt monotonic_ns=573283862858117 received=141 consumed=141 revision=63
editbox_receipt monotonic_ns=573283959971796 received=141 consumed=141 revision=64
editbox_receipt monotonic_ns=573284137850422 received=141 consumed=141 revision=65
editbox_receipt monotonic_ns=573284169217033 received=141 consumed=141 revision=66
editbox_receipt monotonic_ns=573284266464443 received=141 consumed=141 revision=67
editbox_receipt monotonic_ns=573284363821929 received=141 consumed=141 revision=68
editbox_receipt monotonic_ns=573284471886687 received=141 consumed=141 revision=69
editbox_receipt monotonic_ns=573284581907710 received=141 consumed=141 revision=70
editbox_receipt monotonic_ns=573284652169207 received=141 consumed=141 revision=71
editbox_receipt monotonic_ns=573284758809175 received=141 consumed=141 revision=72
editbox_receipt monotonic_ns=573284869149758 received=141 consumed=141 revision=73
editbox_receipt monotonic_ns=573284957604423 received=141 consumed=141 revision=74
editbox_receipt monotonic_ns=573285128408694 received=141 consumed=141 revision=75
editbox_receipt monotonic_ns=573285151252946 received=141 consumed=141 revision=76
editbox_receipt monotonic_ns=573285261788734 received=141 consumed=141 revision=77
editbox_receipt monotonic_ns=573285360202800 received=141 consumed=141 revision=78
editbox_receipt monotonic_ns=573285459618142 received=141 consumed=141 revision=79
editbox_receipt monotonic_ns=573285555611252 received=141 consumed=141 revision=80
editbox_receipt monotonic_ns=573285670534610 received=141 consumed=141 revision=81
editbox_receipt monotonic_ns=573285765761114 received=141 consumed=141 revision=82
editbox_receipt monotonic_ns=573285862169582 received=141 consumed=141 revision=83
editbox_receipt monotonic_ns=573285950149607 received=141 consumed=141 revision=84
editbox_receipt monotonic_ns=573286129322920 received=141 consumed=141 revision=85
editbox_receipt monotonic_ns=573286163697446 received=141 consumed=141 revision=86
editbox_receipt monotonic_ns=573286258464739 received=141 consumed=141 revision=87
editbox_receipt monotonic_ns=573286355278827 received=141 consumed=141 revision=88
editbox_receipt monotonic_ns=573286464071740 received=141 consumed=141 revision=89
editbox_receipt monotonic_ns=573286563963995 received=141 consumed=141 revision=90
editbox_receipt monotonic_ns=573286659443573 received=141 consumed=141 revision=91
editbox_receipt monotonic_ns=573286756655767 received=141 consumed=141 revision=92
editbox_receipt monotonic_ns=573286865304479 received=141 consumed=141 revision=93
editbox_receipt monotonic_ns=573286962027346 received=141 consumed=141 revision=94
editbox_receipt monotonic_ns=573287124080521 received=141 consumed=141 revision=95
editbox_receipt monotonic_ns=573287156535841 received=141 consumed=141 revision=96
editbox_receipt monotonic_ns=573287253793220 received=141 consumed=141 revision=97
editbox_receipt monotonic_ns=573287369401492 received=141 consumed=141 revision=98
editbox_receipt monotonic_ns=573287455952881 received=141 consumed=141 revision=99
editbox_receipt monotonic_ns=573287558310176 received=141 consumed=141 revision=100
editbox_receipt monotonic_ns=573287658176593 received=141 consumed=141 revision=101
editbox_receipt monotonic_ns=573287765429991 received=141 consumed=141 revision=102
editbox_receipt monotonic_ns=573287862154681 received=141 consumed=141 revision=103
editbox_receipt monotonic_ns=573287958629524 received=141 consumed=141 revision=104
editbox_receipt monotonic_ns=573288131538920 received=141 consumed=141 revision=105
editbox_receipt monotonic_ns=573288152936872 received=141 consumed=141 revision=106
editbox_receipt monotonic_ns=573288271211250 received=141 consumed=141 revision=107
editbox_receipt monotonic_ns=573288367460730 received=141 consumed=141 revision=108
editbox_receipt monotonic_ns=573288464227560 received=141 consumed=141 revision=109
editbox_receipt monotonic_ns=573288561234970 received=141 consumed=141 revision=110
editbox_receipt monotonic_ns=573288669881048 received=141 consumed=141 revision=111
editbox_receipt monotonic_ns=573288765260638 received=141 consumed=141 revision=112
editbox_receipt monotonic_ns=573288863899705 received=141 consumed=141 revision=113
editbox_receipt monotonic_ns=573288961575438 received=141 consumed=141 revision=114
editbox_receipt monotonic_ns=573289144514005 received=141 consumed=141 revision=115
editbox_receipt monotonic_ns=573289155009811 received=141 consumed=141 revision=116
editbox_receipt monotonic_ns=573289267445649 received=141 consumed=141 revision=117
editbox_receipt monotonic_ns=573289365593457 received=141 consumed=141 revision=118
editbox_receipt monotonic_ns=573289464206225 received=141 consumed=141 revision=119
editbox_receipt monotonic_ns=573289564133907 received=141 consumed=141 revision=120
editbox_receipt monotonic_ns=573289650381337 received=141 consumed=141 revision=121
editbox_receipt monotonic_ns=573289770298122 received=141 consumed=141 revision=122
editbox_receipt monotonic_ns=573289858962991 received=141 consumed=141 revision=123
editbox_receipt monotonic_ns=573289958562037 received=141 consumed=141 revision=124
editbox_receipt monotonic_ns=573290129160864 received=141 consumed=141 revision=125
editbox_receipt monotonic_ns=573290161084559 received=141 consumed=141 revision=126
editbox_receipt monotonic_ns=573290258919480 received=141 consumed=141 revision=127
editbox_receipt monotonic_ns=573290364341276 received=141 consumed=141 revision=128
editbox_receipt monotonic_ns=573290462921754 received=141 consumed=141 revision=129
editbox_receipt monotonic_ns=573290562534436 received=141 consumed=141 revision=130
editbox_receipt monotonic_ns=573290659635452 received=141 consumed=141 revision=131
editbox_receipt monotonic_ns=573290767327131 received=141 consumed=141 revision=132
editbox_receipt monotonic_ns=573290866655771 received=141 consumed=141 revision=133
editbox_receipt monotonic_ns=573290969413265 received=141 consumed=141 revision=134
editbox_receipt monotonic_ns=573291177408070 received=141 consumed=141 revision=135
editbox_receipt monotonic_ns=573291200027341 received=141 consumed=141 revision=136
editbox_receipt monotonic_ns=573291264372944 received=141 consumed=141 revision=137
editbox_receipt monotonic_ns=573291350907422 received=141 consumed=141 revision=138
editbox_receipt monotonic_ns=573291470550524 received=141 consumed=141 revision=139
editbox_receipt monotonic_ns=573291569613166 received=141 consumed=141 revision=140
editbox_receipt monotonic_ns=573291656412590 received=141 consumed=141 revision=141
editbox_receipt monotonic_ns=573291753780195 received=141 consumed=141 revision=142
editbox_receipt monotonic_ns=573291867036260 received=141 consumed=141 revision=143
editbox_receipt monotonic_ns=573291964180327 received=141 consumed=141 revision=144
editbox_receipt monotonic_ns=573292135922616 received=141 consumed=141 revision=145
editbox_receipt monotonic_ns=573292159759208 received=141 consumed=141 revision=146
editbox_receipt monotonic_ns=573292258615543 received=141 consumed=141 revision=147
editbox_receipt monotonic_ns=573292357643309 received=141 consumed=141 revision=148
editbox_receipt monotonic_ns=573292472591615 received=141 consumed=141 revision=149
editbox_receipt monotonic_ns=573292567203908 received=141 consumed=141 revision=150
editbox_receipt monotonic_ns=573292663037169 received=141 consumed=141 revision=151
editbox_receipt monotonic_ns=573292757640926 received=141 consumed=141 revision=152
editbox_receipt monotonic_ns=573292855648500 received=141 consumed=141 revision=153
suppressed mono_ns=573292919467000 reason=focus-pause-or-neutral
editbox_emit sequence=142 bytes=54 elapsed_us=3548 envelope=@J10000000002000000014223379|JP100000000020000000003R;
editbox_receipt monotonic_ns=573292954451566 received=142 consumed=142 revision=154
suppressed mono_ns=573293039933000 reason=focus-pause-or-neutral
editbox_receipt monotonic_ns=573293138044670 received=142 consumed=142 revision=155
editbox_receipt monotonic_ns=573293170857741 received=142 consumed=142 revision=156
editbox_receipt monotonic_ns=573293266134048 received=142 consumed=142 revision=157
editbox_receipt monotonic_ns=573293363357313 received=142 consumed=142 revision=158
editbox_receipt monotonic_ns=573293451284651 received=142 consumed=142 revision=159
editbox_receipt monotonic_ns=573293561599275 received=142 consumed=142 revision=160
editbox_receipt monotonic_ns=573293659583826 received=142 consumed=142 revision=161
editbox_receipt monotonic_ns=573293757024889 received=142 consumed=142 revision=162
editbox_receipt monotonic_ns=573293855788731 received=142 consumed=142 revision=163
editbox_receipt monotonic_ns=573293966413256 received=142 consumed=142 revision=164
editbox_receipt monotonic_ns=573294130298995 received=142 consumed=142 revision=165
editbox_receipt monotonic_ns=573294167043292 received=142 consumed=142 revision=166
editbox_receipt monotonic_ns=573294257274126 received=142 consumed=142 revision=167
editbox_receipt monotonic_ns=573294356057805 received=142 consumed=142 revision=168
editbox_receipt monotonic_ns=573294466997961 received=142 consumed=142 revision=169
editbox_receipt monotonic_ns=573294564714230 received=142 consumed=142 revision=170
editbox_receipt monotonic_ns=573294653582851 received=142 consumed=142 revision=171
editbox_receipt monotonic_ns=573294751128741 received=142 consumed=142 revision=172
editbox_receipt monotonic_ns=573294870779347 received=142 consumed=142 revision=173
editbox_receipt monotonic_ns=573294971611424 received=142 consumed=142 revision=174
editbox_receipt monotonic_ns=573295194044432 received=142 consumed=142 revision=175
editbox_receipt monotonic_ns=573295215171898 received=142 consumed=142 revision=176
editbox_receipt monotonic_ns=573295258882699 received=142 consumed=142 revision=177
editbox_receipt monotonic_ns=573295355756679 received=142 consumed=142 revision=178
editbox_receipt monotonic_ns=573295474578032 received=142 consumed=142 revision=179
editbox_receipt monotonic_ns=573295562323209 received=142 consumed=142 revision=180
editbox_receipt monotonic_ns=573295663481547 received=142 consumed=142 revision=181
editbox_receipt monotonic_ns=573295758342326 received=142 consumed=142 revision=182
editbox_receipt monotonic_ns=573295868726851 received=142 consumed=142 revision=183
editbox_receipt monotonic_ns=573295968542022 received=142 consumed=142 revision=184
editbox_receipt monotonic_ns=573296130128023 received=142 consumed=142 revision=185
editbox_receipt monotonic_ns=573296161825484 received=142 consumed=142 revision=186
editbox_receipt monotonic_ns=573296260565080 received=142 consumed=142 revision=187
editbox_receipt monotonic_ns=573296370956198 received=142 consumed=142 revision=188
editbox_receipt monotonic_ns=573296512905886 received=142 consumed=142 revision=189
editbox_receipt monotonic_ns=573296566583721 received=142 consumed=142 revision=190
editbox_receipt monotonic_ns=573296675085699 received=142 consumed=142 revision=191
editbox_receipt monotonic_ns=573296781282558 received=142 consumed=142 revision=192
editbox_receipt monotonic_ns=573296857065170 received=142 consumed=142 revision=193
editbox_receipt monotonic_ns=573296990175436 received=142 consumed=142 revision=194
editbox_receipt monotonic_ns=573297130012917 received=142 consumed=142 revision=195
editbox_receipt monotonic_ns=573297216849611 received=142 consumed=142 revision=196
editbox_receipt monotonic_ns=573297271539022 received=142 consumed=142 revision=197
editbox_receipt monotonic_ns=573297446178541 received=142 consumed=142 revision=198
editbox_receipt monotonic_ns=573297457517206 received=142 consumed=142 revision=199
editbox_receipt monotonic_ns=573297577673210 received=142 consumed=142 revision=200
editbox_receipt monotonic_ns=573297688746105 received=142 consumed=142 revision=201
editbox_receipt monotonic_ns=573297756147774 received=142 consumed=142 revision=202
editbox_receipt monotonic_ns=573297896745169 received=142 consumed=142 revision=203
editbox_receipt monotonic_ns=573297983840067 received=142 consumed=142 revision=204
editbox_receipt monotonic_ns=573298189035998 received=142 consumed=142 revision=205
editbox_receipt monotonic_ns=573298210486520 received=142 consumed=142 revision=206
editbox_receipt monotonic_ns=573298343842717 received=142 consumed=142 revision=207
editbox_receipt monotonic_ns=573298378067593 received=142 consumed=142 revision=208
editbox_receipt monotonic_ns=573298563718424 received=142 consumed=142 revision=209
editbox_receipt monotonic_ns=573298595688756 received=142 consumed=142 revision=210
editbox_receipt monotonic_ns=573298694919813 received=142 consumed=142 revision=211
editbox_receipt monotonic_ns=573298794020797 received=142 consumed=142 revision=212
editbox_receipt monotonic_ns=573298869638821 received=142 consumed=142 revision=213
editbox_receipt monotonic_ns=573299065959413 received=142 consumed=142 revision=214
editbox_receipt monotonic_ns=573299221123161 received=142 consumed=142 revision=215
editbox_receipt monotonic_ns=573299243127249 received=142 consumed=142 revision=216
editbox_receipt monotonic_ns=573299289400721 received=142 consumed=142 revision=217
editbox_receipt monotonic_ns=573299383443167 received=142 consumed=142 revision=218
editbox_receipt monotonic_ns=573299480871787 received=142 consumed=142 revision=219
editbox_receipt monotonic_ns=573299581214197 received=142 consumed=142 revision=220
editbox_receipt monotonic_ns=573299690051834 received=142 consumed=142 revision=221
editbox_receipt monotonic_ns=573299790197515 received=142 consumed=142 revision=222
editbox_receipt monotonic_ns=573299876963226 received=142 consumed=142 revision=223
editbox_receipt monotonic_ns=573299973966219 received=142 consumed=142 revision=224
suppressed mono_ns=573300055199000 reason=focus-pause-or-neutral
editbox_emit sequence=143 bytes=54 elapsed_us=3082 envelope=@J10000000002000000014329488|JP100000000020000000003R;
editbox_receipt monotonic_ns=573300145267483 received=142 consumed=142 revision=225
suppressed mono_ns=573300175399000 reason=focus-pause-or-neutral
editbox_receipt monotonic_ns=573300179039000 received=143 consumed=143 revision=226
control sequence=3 state=RESUME frame=277 epoch_ns=573300278842631 read_ns=573300280150040 uncertainty_ns=1100265 timestamp_resolution_ns=1000000
input_armed=true gameplay_armed=true mono_ns=573300280127138
editbox_emit sequence=144 bytes=47 elapsed_us=3332 envelope=@J10000000002000000014460972|ACK1|3|RESUME|277;
published_frame=277
editbox_receipt monotonic_ns=573300305916739 received=144 consumed=144 revision=227
published_frame=278
editbox_emit sequence=145 bytes=38 elapsed_us=2133 envelope=@J10000000002000000014504152|I422r800;
published_frame=279
published_frame=280
editbox_emit sequence=146 bytes=38 elapsed_us=1968 envelope=@J10000000002000000014647140|I422t800;
published_frame=281
published_frame=282
editbox_emit sequence=147 bytes=38 elapsed_us=2735 envelope=@J10000000002000000014724607|I422v800;
editbox_receipt monotonic_ns=573300394630120 received=146 consumed=144 revision=228
published_frame=283
published_frame=284
editbox_emit sequence=148 bytes=38 elapsed_us=2347 envelope=@J10000000002000000014802074|I422x800;
published_frame=285
published_frame=286
editbox_emit sequence=149 bytes=38 elapsed_us=1995 envelope=@J10000000002000000014945062|I422z800;
published_frame=287
published_frame=288
editbox_emit sequence=150 bytes=38 elapsed_us=2584 envelope=@J10000000002000000015035746|I422_800;
editbox_receipt monotonic_ns=573300483831194 received=149 consumed=149 revision=229
published_frame=289
published_frame=290
editbox_emit sequence=151 bytes=38 elapsed_us=2295 envelope=@J10000000002000000015105344|I422X900;
published_frame=291
published_frame=292
editbox_emit sequence=152 bytes=38 elapsed_us=2026 envelope=@J10000000002000000015248332|I422Z900;
published_frame=293
published_frame=294
editbox_emit sequence=153 bytes=38 elapsed_us=2587 envelope=@J10000000002000000015325799|I422b900;
editbox_receipt monotonic_ns=573300595357349 received=152 consumed=152 revision=230
published_frame=295
published_frame=296
editbox_emit sequence=154 bytes=38 elapsed_us=2892 envelope=@J10000000002000000015403266|I422d900;
published_frame=297
published_frame=298
editbox_emit sequence=155 bytes=38 elapsed_us=4144 envelope=@J10000000002000000015546254|I422f900;
published_frame=299
published_frame=300
editbox_emit sequence=156 bytes=38 elapsed_us=2806 envelope=@J10000000002000000015623721|I422h900;
editbox_receipt monotonic_ns=573300685335319 received=155 consumed=155 revision=231
published_frame=301
published_frame=302
editbox_emit sequence=157 bytes=38 elapsed_us=2015 envelope=@J10000000002000000015701188|I422j900;
published_frame=303
published_frame=304
editbox_emit sequence=158 bytes=38 elapsed_us=2086 envelope=@J10000000002000000015844176|I422l900;
published_frame=305
published_frame=306
editbox_emit sequence=159 bytes=38 elapsed_us=2637 envelope=@J10000000002000000015921643|I422n900;
editbox_receipt monotonic_ns=573300784212744 received=158 consumed=158 revision=232
published_frame=307
published_frame=308
editbox_emit sequence=160 bytes=38 elapsed_us=2461 envelope=@J10000000002000000016012327|I422p900;
published_frame=309
published_frame=310
editbox_emit sequence=161 bytes=38 elapsed_us=3146 envelope=@J10000000002000000016155315|I422r900;
published_frame=311
published_frame=312
editbox_emit sequence=162 bytes=38 elapsed_us=2298 envelope=@J10000000002000000016232782|I422t900;
editbox_receipt monotonic_ns=573300883698829 received=161 consumed=161 revision=233
published_frame=313
published_frame=314
editbox_emit sequence=163 bytes=38 elapsed_us=1943 envelope=@J10000000002000000016310249|I422v900;
published_frame=315
published_frame=316
editbox_emit sequence=164 bytes=38 elapsed_us=2174 envelope=@J10000000002000000016453237|I422x900;
published_frame=317
published_frame=318
editbox_emit sequence=165 bytes=38 elapsed_us=2277 envelope=@J10000000002000000016530704|I422z900;
editbox_receipt monotonic_ns=573300983553706 received=164 consumed=164 revision=234
published_frame=319
published_frame=320
editbox_emit sequence=166 bytes=38 elapsed_us=2372 envelope=@J10000000002000000016608171|I422_900;
published_frame=321
published_frame=322
editbox_emit sequence=167 bytes=38 elapsed_us=2998 envelope=@J10000000002000000016743290|I422XA00;
published_frame=323
published_frame=324
editbox_emit sequence=168 bytes=38 elapsed_us=2022 envelope=@J10000000002000000016820757|I422ZA00;
published_frame=325
published_frame=326
editbox_emit sequence=169 bytes=38 elapsed_us=2096 envelope=@J10000000002000000016963745|I422bA00;
published_frame=327
published_frame=328
editbox_emit sequence=170 bytes=38 elapsed_us=2138 envelope=@J10000000002000000017054429|I422dA00;
editbox_receipt monotonic_ns=573301159908298 received=166 consumed=166 revision=235
published_frame=329
published_frame=330
editbox_emit sequence=171 bytes=38 elapsed_us=1988 envelope=@J10000000002000000017131896|I422fA00;
published_frame=331
published_frame=332
editbox_emit sequence=172 bytes=38 elapsed_us=2549 envelope=@J10000000002000000017209363|I422hA00;
editbox_receipt monotonic_ns=573301224945157 received=170 consumed=170 revision=236
published_frame=333
published_frame=334
editbox_emit sequence=173 bytes=38 elapsed_us=2149 envelope=@J10000000002000000017352351|I422jA00;
published_frame=335
published_frame=336
editbox_emit sequence=174 bytes=38 elapsed_us=2139 envelope=@J10000000002000000017429818|I422lA00;
editbox_receipt monotonic_ns=573301287833750 received=172 consumed=172 revision=237
published_frame=337
published_frame=338
editbox_emit sequence=175 bytes=38 elapsed_us=3082 envelope=@J10000000002000000017507285|I422nA00;
published_frame=339
published_frame=340
editbox_emit sequence=176 bytes=38 elapsed_us=2938 envelope=@J10000000002000000017650273|I422pA00;
published_frame=341
published_frame=342
editbox_emit sequence=177 bytes=38 elapsed_us=2236 envelope=@J10000000002000000017727740|I422rA00;
editbox_receipt monotonic_ns=573301388199984 received=175 consumed=175 revision=238
published_frame=343
published_frame=344
editbox_emit sequence=178 bytes=38 elapsed_us=2649 envelope=@J10000000002000000017805207|I422tA00;
published_frame=345
published_frame=346
editbox_emit sequence=179 bytes=38 elapsed_us=2139 envelope=@J10000000002000000017948195|I422vA00;
published_frame=347
published_frame=348
editbox_emit sequence=180 bytes=38 elapsed_us=2096 envelope=@J10000000002000000018038879|I422xA00;
editbox_receipt monotonic_ns=573301493995882 received=179 consumed=179 revision=239
published_frame=349
published_frame=350
editbox_emit sequence=181 bytes=38 elapsed_us=2357 envelope=@J10000000002000000018116346|I422zA00;
published_frame=351
published_frame=352
editbox_emit sequence=182 bytes=38 elapsed_us=2158 envelope=@J10000000002000000018259334|I422_A00;
published_frame=353
published_frame=354
editbox_emit sequence=183 bytes=38 elapsed_us=2399 envelope=@J10000000002000000018328932|I422XB00;
editbox_receipt monotonic_ns=573301583035154 received=182 consumed=182 revision=240
published_frame=355
published_frame=356
editbox_emit sequence=184 bytes=38 elapsed_us=2557 envelope=@J10000000002000000018406399|I422ZB00;
published_frame=357
published_frame=358
editbox_emit sequence=185 bytes=38 elapsed_us=2377 envelope=@J10000000002000000018549387|I422bB00;
published_frame=359
published_frame=360
editbox_emit sequence=186 bytes=38 elapsed_us=2046 envelope=@J10000000002000000018626854|I422dB00;
editbox_receipt monotonic_ns=573301683755953 received=185 consumed=185 revision=241
published_frame=361
published_frame=362
editbox_emit sequence=187 bytes=38 elapsed_us=2120 envelope=@J10000000002000000018704321|I422fB00;
published_frame=363
published_frame=364
editbox_emit sequence=188 bytes=38 elapsed_us=2004 envelope=@J10000000002000000018847309|I422hB00;
published_frame=365
published_frame=366
editbox_emit sequence=189 bytes=38 elapsed_us=2114 envelope=@J10000000002000000018924776|I422jB00;
editbox_receipt monotonic_ns=573301782758161 received=188 consumed=188 revision=242
published_frame=367
published_frame=368
editbox_emit sequence=190 bytes=38 elapsed_us=3076 envelope=@J10000000002000000019015460|I422lB00;
published_frame=369
published_frame=370
editbox_emit sequence=191 bytes=38 elapsed_us=2402 envelope=@J10000000002000000019158448|I422nB00;
published_frame=371
editbox_receipt monotonic_ns=573301876575265 received=191 consumed=191 revision=243
published_frame=372
editbox_emit sequence=192 bytes=38 elapsed_us=2126 envelope=@J10000000002000000019235915|I422pB00;
published_frame=373
published_frame=374
editbox_emit sequence=193 bytes=38 elapsed_us=2097 envelope=@J10000000002000000019313382|I422rB00;
published_frame=375
published_frame=376
editbox_emit sequence=194 bytes=38 elapsed_us=2326 envelope=@J10000000002000000019456370|I422tB00;
published_frame=377
published_frame=378
editbox_emit sequence=195 bytes=38 elapsed_us=2267 envelope=@J10000000002000000019533837|I422vB00;
editbox_receipt monotonic_ns=573301986782729 received=193 consumed=193 revision=244
published_frame=379
published_frame=380
editbox_emit sequence=196 bytes=38 elapsed_us=2192 envelope=@J10000000002000000019611304|I422xB00;
published_frame=381
published_frame=382
editbox_emit sequence=197 bytes=38 elapsed_us=2418 envelope=@J10000000002000000019754292|I422zB00;
published_frame=383
published_frame=384
editbox_emit sequence=198 bytes=38 elapsed_us=3065 envelope=@J10000000002000000019831759|I422_B00;
published_frame=385
published_frame=386
editbox_emit sequence=199 bytes=38 elapsed_us=2392 envelope=@J10000000002000000019901357|I422XC00;
published_frame=387
published_frame=388
editbox_emit sequence=200 bytes=38 elapsed_us=2374 envelope=@J10000000002000000020033458|I422ZC00;
editbox_receipt monotonic_ns=573302160763874 received=197 consumed=197 revision=245
published_frame=389
published_frame=390
editbox_emit sequence=201 bytes=38 elapsed_us=2192 envelope=@J10000000002000000020110925|I422bC00;
published_frame=391
published_frame=392
editbox_emit sequence=202 bytes=38 elapsed_us=2759 envelope=@J10000000002000000020253913|I422dC00;
editbox_receipt monotonic_ns=573302218066081 received=200 consumed=200 revision=246
published_frame=393
published_frame=394
editbox_emit sequence=203 bytes=38 elapsed_us=2387 envelope=@J10000000002000000020331380|I422fC00;
published_frame=395
published_frame=396
editbox_emit sequence=204 bytes=38 elapsed_us=2731 envelope=@J10000000002000000020408847|I422hC00;
editbox_receipt monotonic_ns=573302284268593 received=203 consumed=203 revision=247
published_frame=397
published_frame=398
editbox_emit sequence=205 bytes=38 elapsed_us=2626 envelope=@J10000000002000000020551835|I422jC00;
published_frame=399
published_frame=400
editbox_emit sequence=206 bytes=38 elapsed_us=1970 envelope=@J10000000002000000020629302|I422lC00;
published_frame=401
published_frame=402
editbox_emit sequence=207 bytes=38 elapsed_us=3272 envelope=@J10000000002000000020706769|I422nC00;
editbox_receipt monotonic_ns=573302384912588 received=206 consumed=206 revision=248
published_frame=403
published_frame=404
editbox_emit sequence=208 bytes=38 elapsed_us=2762 envelope=@J10000000002000000020849757|I422pC00;
published_frame=405
published_frame=406
editbox_emit sequence=209 bytes=38 elapsed_us=2398 envelope=@J10000000002000000020927224|I422rC00;
published_frame=407
published_frame=408
editbox_emit sequence=210 bytes=38 elapsed_us=2411 envelope=@J10000000002000000021017908|I422tC00;
editbox_receipt monotonic_ns=573302483124987 received=209 consumed=209 revision=249
published_frame=409
published_frame=410
editbox_emit sequence=211 bytes=38 elapsed_us=2432 envelope=@J10000000002000000021160896|I422vC00;
published_frame=411
published_frame=412
editbox_emit sequence=212 bytes=38 elapsed_us=2314 envelope=@J10000000002000000021238363|I422xC00;
published_frame=413
published_frame=414
editbox_receipt monotonic_ns=573302580417052 received=211 consumed=211 revision=250
editbox_emit sequence=213 bytes=38 elapsed_us=2142 envelope=@J10000000002000000021315830|I422zC00;
published_frame=415
published_frame=416
editbox_emit sequence=214 bytes=38 elapsed_us=2215 envelope=@J10000000002000000021458818|I422_C00;
published_frame=417
published_frame=418
editbox_emit sequence=215 bytes=38 elapsed_us=2210 envelope=@J10000000002000000021528416|I422XD00;
published_frame=419
published_frame=420
editbox_emit sequence=216 bytes=38 elapsed_us=2112 envelope=@J10000000002000000021605883|I422ZD00;
published_frame=421
editbox_receipt monotonic_ns=573302698604147 received=215 consumed=215 revision=251
published_frame=422
editbox_emit sequence=217 bytes=38 elapsed_us=2178 envelope=@J10000000002000000021748871|I422bD00;
published_frame=423
published_frame=424
editbox_emit sequence=218 bytes=38 elapsed_us=2514 envelope=@J10000000002000000021826338|I422dD00;
published_frame=425
published_frame=426
editbox_emit sequence=219 bytes=38 elapsed_us=2166 envelope=@J10000000002000000021903805|I422fD00;
editbox_receipt monotonic_ns=573302783893472 received=218 consumed=218 revision=252
published_frame=427
published_frame=428
editbox_emit sequence=220 bytes=38 elapsed_us=2003 envelope=@J10000000002000000022060010|I422hD00;
published_frame=429
published_frame=430
editbox_emit sequence=221 bytes=38 elapsed_us=3015 envelope=@J10000000002000000022137477|I422jD00;
published_frame=431
published_frame=432
editbox_emit sequence=222 bytes=38 elapsed_us=2658 envelope=@J10000000002000000022214944|I422lD00;
published_frame=433
editbox_receipt monotonic_ns=573302896889421 received=221 consumed=221 revision=253
published_frame=434
editbox_emit sequence=223 bytes=38 elapsed_us=3325 envelope=@J10000000002000000022357932|I422nD00;
published_frame=435
published_frame=436
editbox_emit sequence=224 bytes=38 elapsed_us=2128 envelope=@J10000000002000000022435399|I422pD00;
published_frame=437
published_frame=438
editbox_emit sequence=225 bytes=38 elapsed_us=2587 envelope=@J10000000002000000022512866|I422rD00;
editbox_receipt monotonic_ns=573302984534650 received=224 consumed=224 revision=254
published_frame=439
published_frame=440
editbox_emit sequence=226 bytes=38 elapsed_us=2389 envelope=@J10000000002000000022655854|I422tD00;
published_frame=441
published_frame=442
editbox_emit sequence=227 bytes=38 elapsed_us=2303 envelope=@J10000000002000000022733321|I422vD00;
published_frame=443
published_frame=444
editbox_emit sequence=228 bytes=38 elapsed_us=3155 envelope=@J10000000002000000022810788|I422xD00;
published_frame=445
published_frame=446
editbox_emit sequence=229 bytes=38 elapsed_us=2621 envelope=@J10000000002000000022953776|I422zD00;
published_frame=447
published_frame=448
editbox_emit sequence=230 bytes=38 elapsed_us=3121 envelope=@J10000000002000000023044460|I422_D00;
published_frame=449
editbox_receipt monotonic_ns=573303173343649 received=227 consumed=227 revision=255
published_frame=450
editbox_emit sequence=231 bytes=38 elapsed_us=2707 envelope=@J10000000002000000023114058|I422XE00;
published_frame=451
published_frame=452
editbox_emit sequence=232 bytes=38 elapsed_us=2682 envelope=@J10000000002000000023257046|I422ZE00;
editbox_receipt monotonic_ns=573303217871009 received=230 consumed=230 revision=256
published_frame=453
published_frame=454
editbox_emit sequence=233 bytes=38 elapsed_us=2904 envelope=@J10000000002000000023334513|I422bE00;
published_frame=455
published_frame=456
editbox_emit sequence=234 bytes=38 elapsed_us=3734 envelope=@J10000000002000000023411980|I422dE00;
published_frame=457
editbox_receipt monotonic_ns=573303296900946 received=233 consumed=233 revision=257
published_frame=458
editbox_emit sequence=235 bytes=38 elapsed_us=2351 envelope=@J10000000002000000023554968|I422fE00;
published_frame=459
published_frame=460
editbox_emit sequence=236 bytes=38 elapsed_us=2831 envelope=@J10000000002000000023632435|I422hE00;
published_frame=461
published_frame=462
editbox_emit sequence=237 bytes=38 elapsed_us=2914 envelope=@J10000000002000000023709902|I422jE00;
editbox_receipt monotonic_ns=573303385841633 received=236 consumed=236 revision=258
published_frame=463
published_frame=464
editbox_emit sequence=238 bytes=38 elapsed_us=2184 envelope=@J10000000002000000023852890|I422lE00;
published_frame=465
published_frame=466
editbox_emit sequence=239 bytes=38 elapsed_us=2600 envelope=@J10000000002000000023930357|I422nE00;
published_frame=467
published_frame=468
editbox_emit sequence=240 bytes=38 elapsed_us=2495 envelope=@J10000000002000000024021041|I422pE00;
published_frame=469
editbox_receipt monotonic_ns=573303504679888 received=239 consumed=239 revision=259
published_frame=470
editbox_emit sequence=241 bytes=38 elapsed_us=1969 envelope=@J10000000002000000024164029|I422rE00;
published_frame=471
published_frame=472
editbox_emit sequence=242 bytes=38 elapsed_us=2250 envelope=@J10000000002000000024241496|I422tE00;
published_frame=473
published_frame=474
editbox_emit sequence=243 bytes=38 elapsed_us=2331 envelope=@J10000000002000000024318963|I422vE00;
editbox_receipt monotonic_ns=573303583908358 received=242 consumed=242 revision=260
published_frame=475
published_frame=476
editbox_emit sequence=244 bytes=38 elapsed_us=2278 envelope=@J10000000002000000024461951|I422xE00;
published_frame=477
published_frame=478
editbox_emit sequence=245 bytes=38 elapsed_us=2067 envelope=@J10000000002000000024539418|I422zE00;
published_frame=479
published_frame=480
editbox_emit sequence=246 bytes=38 elapsed_us=2426 envelope=@J10000000002000000024616885|I422_E00;
editbox_receipt monotonic_ns=573303684568192 received=245 consumed=245 revision=261
published_frame=481
published_frame=482
editbox_emit sequence=247 bytes=38 elapsed_us=2579 envelope=@J10000000002000000024752004|I422XF00;
published_frame=483
published_frame=484
editbox_emit sequence=248 bytes=38 elapsed_us=2346 envelope=@J10000000002000000024829471|I422ZF00;
published_frame=485
published_frame=486
editbox_emit sequence=249 bytes=38 elapsed_us=5333 envelope=@J10000000002000000024906938|I422bF00;
published_frame=487
published_frame=488
editbox_emit sequence=250 bytes=38 elapsed_us=8872 envelope=@J10000000002000000025063143|I422dF00;
editbox_receipt monotonic_ns=573303829355568 received=247 consumed=247 revision=262
published_frame=489
published_frame=490
editbox_emit sequence=251 bytes=38 elapsed_us=4104 envelope=@J10000000002000000025140610|I422fF00;
published_frame=491
published_frame=492
editbox_emit sequence=252 bytes=38 elapsed_us=10510 envelope=@J10000000002000000025218077|I422hF00;
published_frame=493
published_frame=494
editbox_emit sequence=253 bytes=38 elapsed_us=5726 envelope=@J10000000002000000025361065|I422jF00;
published_frame=495
published_frame=496
editbox_emit sequence=254 bytes=38 elapsed_us=6027 envelope=@J10000000002000000025438532|I422lF00;
published_frame=497
published_frame=498
editbox_emit sequence=255 bytes=38 elapsed_us=2577 envelope=@J10000000002000000025515999|I422nF00;
published_frame=499
editbox_receipt monotonic_ns=573304010300311 received=255 consumed=250 revision=263
published_frame=500
editbox_emit sequence=256 bytes=38 elapsed_us=2745 envelope=@J10000000002000000025658987|I422pF00;
published_frame=501
published_frame=502
editbox_emit sequence=257 bytes=38 elapsed_us=2413 envelope=@J10000000002000000025736454|I422rF00;
editbox_receipt monotonic_ns=573304052755058 received=255 consumed=255 revision=264
published_frame=503
published_frame=504
editbox_emit sequence=258 bytes=38 elapsed_us=2783 envelope=@J10000000002000000025813921|I422tF00;
published_frame=505
published_frame=506
editbox_emit sequence=259 bytes=38 elapsed_us=2321 envelope=@J10000000002000000025956909|I422vF00;
published_frame=507
published_frame=508
editbox_emit sequence=260 bytes=38 elapsed_us=2265 envelope=@J10000000002000000026047593|I422xF00;
published_frame=509
published_frame=510
editbox_emit sequence=261 bytes=38 elapsed_us=2118 envelope=@J10000000002000000026125060|I422zF00;
editbox_receipt monotonic_ns=573304183268519 received=257 consumed=257 revision=265
published_frame=511
published_frame=512
editbox_emit sequence=262 bytes=38 elapsed_us=2598 envelope=@J10000000002000000026202527|I422_F00;
published_frame=513
published_frame=514
editbox_emit sequence=263 bytes=38 elapsed_us=1995 envelope=@J10000000002000000026337646|I422XG00;
published_frame=515
published_frame=516
editbox_emit sequence=264 bytes=38 elapsed_us=2122 envelope=@J10000000002000000026415113|I422ZG00;
editbox_receipt monotonic_ns=573304283774246 received=262 consumed=261 revision=266
published_frame=517
published_frame=518
editbox_emit sequence=265 bytes=38 elapsed_us=2075 envelope=@J10000000002000000026558101|I422bG00;
published_frame=519
published_frame=520
editbox_emit sequence=266 bytes=38 elapsed_us=2146 envelope=@J10000000002000000026635568|I422dG00;
editbox_receipt monotonic_ns=573304349923829 received=265 consumed=263 revision=267
published_frame=521
published_frame=522
editbox_emit sequence=267 bytes=38 elapsed_us=2092 envelope=@J10000000002000000026713035|I422fG00;
published_frame=523
published_frame=524
editbox_emit sequence=268 bytes=38 elapsed_us=2088 envelope=@J10000000002000000026856023|I422hG00;
editbox_receipt monotonic_ns=573304415952616 received=267 consumed=266 revision=268
published_frame=525
published_frame=526
editbox_emit sequence=269 bytes=38 elapsed_us=2242 envelope=@J10000000002000000026933490|I422jG00;
published_frame=527
published_frame=528
editbox_emit sequence=270 bytes=38 elapsed_us=2043 envelope=@J10000000002000000027024174|I422lG00;
published_frame=529
editbox_receipt monotonic_ns=573304497357072 received=268 consumed=268 revision=269
published_frame=530
editbox_emit sequence=271 bytes=38 elapsed_us=2414 envelope=@J10000000002000000027101641|I422nG00;
published_frame=531
published_frame=532
editbox_emit sequence=272 bytes=38 elapsed_us=2370 envelope=@J10000000002000000027244629|I422pG00;
published_frame=533
published_frame=534
editbox_emit sequence=273 bytes=38 elapsed_us=3583 envelope=@J10000000002000000027322096|I422rG00;
editbox_receipt monotonic_ns=573304595474804 received=272 consumed=272 revision=270
published_frame=535
published_frame=536
editbox_emit sequence=274 bytes=38 elapsed_us=2879 envelope=@J10000000002000000027465084|I422tG00;
published_frame=537
published_frame=538
editbox_emit sequence=275 bytes=38 elapsed_us=2497 envelope=@J10000000002000000027542551|I422vG00;
published_frame=539
published_frame=540
editbox_emit sequence=276 bytes=38 elapsed_us=2296 envelope=@J10000000002000000027620018|I422xG00;
editbox_receipt monotonic_ns=573304687748646 received=275 consumed=275 revision=271
published_frame=541
published_frame=542
editbox_emit sequence=277 bytes=38 elapsed_us=2448 envelope=@J10000000002000000027763006|I422zG00;
event mono_ns=573304718801000 frame=543 held=1 pressed=1 released=0
published_frame=543
published_frame=544
editbox_emit sequence=278 bytes=61 elapsed_us=3484 envelope=@J10000000002000000027821639|I422_Gt001001000Fm31H03_5001Fm3;
published_frame=545
published_frame=546
editbox_emit sequence=279 bytes=50 elapsed_us=3092 envelope=@J10000000002000000027928446|I422XH5001Fm35001Fm3;
editbox_receipt monotonic_ns=573304795017063 received=278 consumed=278 revision=272
published_frame=547
published_frame=548
editbox_emit sequence=280 bytes=50 elapsed_us=3074 envelope=@J10000000002000000028048075|I422ZH5001Fm35001Fm3;
published_frame=549
published_frame=550
editbox_emit sequence=281 bytes=50 elapsed_us=3151 envelope=@J10000000002000000028112329|I422bH5001Fm35001Fm3;
published_frame=551
published_frame=552
editbox_emit sequence=282 bytes=50 elapsed_us=3088 envelope=@J10000000002000000028242104|I422dH5001Fm35001Fm3;
published_frame=553
editbox_receipt monotonic_ns=573304896077148 received=281 consumed=281 revision=273
published_frame=554
editbox_emit sequence=283 bytes=50 elapsed_us=3187 envelope=@J10000000002000000028306358|I422fH5001Fm35001Fm3;
published_frame=555
published_frame=556
editbox_emit sequence=284 bytes=50 elapsed_us=2889 envelope=@J10000000002000000028436133|I422hH5001Fm35001Fm3;
published_frame=557
published_frame=558
editbox_emit sequence=285 bytes=50 elapsed_us=2878 envelope=@J10000000002000000028500387|I422jH5001Fm35001Fm3;
editbox_receipt monotonic_ns=573304995523008 received=284 consumed=284 revision=274
published_frame=559
published_frame=560
editbox_emit sequence=286 bytes=50 elapsed_us=3252 envelope=@J10000000002000000028630162|I422lH5001Fm35001Fm3;
published_frame=561
published_frame=562
editbox_emit sequence=287 bytes=50 elapsed_us=2821 envelope=@J10000000002000000028759937|I422nH5001Fm35001Fm3;
published_frame=563
published_frame=564
editbox_emit sequence=288 bytes=50 elapsed_us=3311 envelope=@J10000000002000000028824191|I422pH5001Fm35001Fm3;
published_frame=565
published_frame=566
editbox_emit sequence=289 bytes=50 elapsed_us=2671 envelope=@J10000000002000000028953966|I422rH5001Fm35001Fm3;
published_frame=567
published_frame=568
editbox_emit sequence=290 bytes=50 elapsed_us=2718 envelope=@J10000000002000000029008074|I422tH5001Fm35001Fm3;
published_frame=569
published_frame=570
editbox_emit sequence=291 bytes=50 elapsed_us=2718 envelope=@J10000000002000000029137849|I422vH5001Fm35001Fm3;
editbox_receipt monotonic_ns=573305183461937 received=287 consumed=287 revision=275
published_frame=571
published_frame=572
editbox_emit sequence=292 bytes=50 elapsed_us=2790 envelope=@J10000000002000000029202103|I422xH5001Fm35001Fm3;
editbox_receipt monotonic_ns=573305227387520 received=290 consumed=290 revision=276
published_frame=573
published_frame=574
editbox_emit sequence=293 bytes=50 elapsed_us=2666 envelope=@J10000000002000000029331878|I422zH5001Fm35001Fm3;
published_frame=575
published_frame=576
editbox_emit sequence=294 bytes=50 elapsed_us=3110 envelope=@J10000000002000000029461653|I422_H5001Fm35001Fm3;
published_frame=577
published_frame=578
editbox_emit sequence=295 bytes=50 elapsed_us=3152 envelope=@J10000000002000000029547122|I422XI5001Fm35001Fm3;
editbox_receipt monotonic_ns=573305317802699 received=293 consumed=293 revision=277
published_frame=579
published_frame=580
editbox_emit sequence=296 bytes=50 elapsed_us=3522 envelope=@J10000000002000000029611376|I422ZI5001Fm35001Fm3;
published_frame=581
published_frame=582
editbox_emit sequence=297 bytes=50 elapsed_us=3279 envelope=@J10000000002000000029741151|I422bI5001Fm35001Fm3;
published_frame=583
published_frame=584
editbox_emit sequence=298 bytes=50 elapsed_us=3052 envelope=@J10000000002000000029805405|I422dI5001Fm35001Fm3;
editbox_receipt monotonic_ns=573305417846159 received=297 consumed=296 revision=278
published_frame=585
published_frame=586
editbox_emit sequence=299 bytes=50 elapsed_us=2774 envelope=@J10000000002000000029935180|I422fI5001Fm35001Fm3;
published_frame=587
published_frame=588
editbox_emit sequence=300 bytes=50 elapsed_us=2714 envelope=@J10000000002000000030063482|I422hI5001Fm35001Fm3;
published_frame=589
published_frame=590
editbox_emit sequence=301 bytes=50 elapsed_us=3665 envelope=@J10000000002000000030127736|I422jI5001Fm35001Fm3;
editbox_receipt monotonic_ns=573305518601974 received=298 consumed=298 revision=279
published_frame=591
published_frame=592
editbox_emit sequence=302 bytes=50 elapsed_us=2882 envelope=@J10000000002000000030257511|I422lI5001Fm35001Fm3;
published_frame=593
published_frame=594
editbox_emit sequence=303 bytes=50 elapsed_us=2938 envelope=@J10000000002000000030321765|I422nI5001Fm35001Fm3;
published_frame=595
editbox_receipt monotonic_ns=573305605582959 received=302 consumed=302 revision=280
published_frame=596
editbox_emit sequence=304 bytes=50 elapsed_us=3149 envelope=@J10000000002000000030451540|I422pI5001Fm35001Fm3;
published_frame=597
published_frame=598
editbox_emit sequence=305 bytes=50 elapsed_us=3636 envelope=@J10000000002000000030515794|I422rI5001Fm35001Fm3;
published_frame=599
published_frame=600
editbox_emit sequence=306 bytes=50 elapsed_us=2889 envelope=@J10000000002000000030645569|I422tI5001Fm35001Fm3;
editbox_receipt monotonic_ns=573305694743989 received=305 consumed=305 revision=281
published_frame=601
published_frame=602
editbox_emit sequence=307 bytes=50 elapsed_us=3249 envelope=@J10000000002000000030709823|I422vI5001Fm35001Fm3;
published_frame=603
published_frame=604
editbox_emit sequence=308 bytes=50 elapsed_us=3219 envelope=@J10000000002000000030839598|I422xI5001Fm35001Fm3;
published_frame=605
published_frame=606
editbox_emit sequence=309 bytes=50 elapsed_us=2817 envelope=@J10000000002000000030903852|I422zI5001Fm35001Fm3;
editbox_receipt monotonic_ns=573305784413511 received=308 consumed=308 revision=282
published_frame=607
published_frame=608
editbox_emit sequence=310 bytes=50 elapsed_us=3600 envelope=@J10000000002000000031023481|I422_I5001Fm35001Fm3;
published_frame=609
published_frame=610
editbox_emit sequence=311 bytes=50 elapsed_us=2762 envelope=@J10000000002000000031108950|I422XJ5001Fm35001Fm3;
published_frame=611
published_frame=612
editbox_emit sequence=312 bytes=50 elapsed_us=3214 envelope=@J10000000002000000031238725|I422ZJ5001Fm35001Fm3;
published_frame=613
editbox_receipt monotonic_ns=573305907019677 received=311 consumed=311 revision=283
published_frame=614
editbox_emit sequence=313 bytes=50 elapsed_us=2572 envelope=@J10000000002000000031302979|I422bJ5001Fm35001Fm3;
published_frame=615
published_frame=616
editbox_emit sequence=314 bytes=50 elapsed_us=2799 envelope=@J10000000002000000031432754|I422dJ5001Fm35001Fm3;
published_frame=617
published_frame=618
editbox_emit sequence=315 bytes=50 elapsed_us=3085 envelope=@J10000000002000000031562529|I422fJ5001Fm35001Fm3;
published_frame=619
editbox_receipt monotonic_ns=573306005503254 received=314 consumed=314 revision=284
published_frame=620
editbox_emit sequence=316 bytes=50 elapsed_us=3185 envelope=@J10000000002000000031626783|I422hJ5001Fm35001Fm3;
published_frame=621
published_frame=622
editbox_emit sequence=317 bytes=50 elapsed_us=2603 envelope=@J10000000002000000031756558|I422jJ5001Fm35001Fm3;
published_frame=623
published_frame=624
editbox_emit sequence=318 bytes=50 elapsed_us=3318 envelope=@J10000000002000000031820812|I422lJ5001Fm35001Fm3;
published_frame=625
published_frame=626
editbox_emit sequence=319 bytes=50 elapsed_us=3044 envelope=@J10000000002000000031950587|I422nJ5001Fm35001Fm3;
published_frame=627
published_frame=628
editbox_emit sequence=320 bytes=50 elapsed_us=2787 envelope=@J10000000002000000032004695|I422pJ5001Fm35001Fm3;
editbox_receipt monotonic_ns=573306150822958 received=317 consumed=317 revision=285
published_frame=629
published_frame=630
editbox_emit sequence=321 bytes=50 elapsed_us=2831 envelope=@J10000000002000000032134470|I422rJ5001Fm35001Fm3;
published_frame=631
published_frame=632
editbox_emit sequence=322 bytes=50 elapsed_us=2710 envelope=@J10000000002000000032264245|I422tJ5001Fm35001Fm3;
published_frame=633
published_frame=634
editbox_emit sequence=323 bytes=50 elapsed_us=3118 envelope=@J10000000002000000032328499|I422vJ5001Fm35001Fm3;
editbox_receipt monotonic_ns=573306251600172 received=321 consumed=321 revision=286
published_frame=635
published_frame=636
editbox_emit sequence=324 bytes=50 elapsed_us=2858 envelope=@J10000000002000000032458274|I422xJ5001Fm35001Fm3;
published_frame=637
published_frame=638
editbox_emit sequence=325 bytes=50 elapsed_us=2879 envelope=@J10000000002000000032522528|I422zJ5001Fm35001Fm3;
editbox_receipt monotonic_ns=573306328826671 received=324 consumed=324 revision=287
published_frame=639
published_frame=640
editbox_emit sequence=326 bytes=50 elapsed_us=3973 envelope=@J10000000002000000032652303|I422_J5001Fm35001Fm3;
published_frame=641
published_frame=642
editbox_emit sequence=327 bytes=50 elapsed_us=2880 envelope=@J10000000002000000032737772|I422XK5001Fm35001Fm3;
published_frame=643
published_frame=644
editbox_emit sequence=328 bytes=50 elapsed_us=2953 envelope=@J10000000002000000032802026|I422ZK5001Fm35001Fm3;
editbox_receipt monotonic_ns=573306419272979 received=326 consumed=326 revision=288
published_frame=645
published_frame=646
editbox_emit sequence=329 bytes=50 elapsed_us=2825 envelope=@J10000000002000000032931801|I422bK5001Fm35001Fm3;
published_frame=647
published_frame=648
editbox_emit sequence=330 bytes=50 elapsed_us=2903 envelope=@J10000000002000000033051430|I422dK5001Fm35001Fm3;
published_frame=649
editbox_receipt monotonic_ns=573306507636995 received=329 consumed=329 revision=289
published_frame=650
editbox_emit sequence=331 bytes=50 elapsed_us=2697 envelope=@J10000000002000000033115684|I422fK5001Fm35001Fm3;
published_frame=651
published_frame=652
editbox_emit sequence=332 bytes=50 elapsed_us=2790 envelope=@J10000000002000000033245459|I422hK5001Fm35001Fm3;
published_frame=653
published_frame=654
editbox_emit sequence=333 bytes=50 elapsed_us=2671 envelope=@J10000000002000000033309713|I422jK5001Fm35001Fm3;
editbox_receipt monotonic_ns=573306583905128 received=332 consumed=332 revision=290
published_frame=655
published_frame=656
editbox_emit sequence=334 bytes=50 elapsed_us=2838 envelope=@J10000000002000000033439488|I422lK5001Fm35001Fm3;
published_frame=657
published_frame=658
editbox_emit sequence=335 bytes=50 elapsed_us=2939 envelope=@J10000000002000000033503742|I422nK5001Fm35001Fm3;
published_frame=659
published_frame=660
editbox_emit sequence=336 bytes=50 elapsed_us=2614 envelope=@J10000000002000000033633517|I422pK5001Fm35001Fm3;
published_frame=661
editbox_receipt monotonic_ns=573306697087456 received=335 consumed=335 revision=291
published_frame=662
editbox_emit sequence=337 bytes=50 elapsed_us=2808 envelope=@J10000000002000000033763292|I422rK5001Fm35001Fm3;
published_frame=663
published_frame=664
editbox_emit sequence=338 bytes=50 elapsed_us=3195 envelope=@J10000000002000000033827546|I422tK5001Fm35001Fm3;
published_frame=665
published_frame=666
editbox_emit sequence=339 bytes=50 elapsed_us=2659 envelope=@J10000000002000000033957321|I422vK5001Fm35001Fm3;
editbox_receipt monotonic_ns=573306795599396 received=338 consumed=338 revision=292
published_frame=667
published_frame=668
editbox_emit sequence=340 bytes=50 elapsed_us=3210 envelope=@J10000000002000000034011429|I422xK5001Fm35001Fm3;
published_frame=669
published_frame=670
editbox_emit sequence=341 bytes=50 elapsed_us=2870 envelope=@J10000000002000000034141204|I422zK5001Fm35001Fm3;
published_frame=671
published_frame=672
editbox_emit sequence=342 bytes=50 elapsed_us=3053 envelope=@J10000000002000000034205458|I422_K5001Fm35001Fm3;
editbox_receipt monotonic_ns=573306895317727 received=341 consumed=341 revision=293
published_frame=673
published_frame=674
editbox_emit sequence=343 bytes=50 elapsed_us=3682 envelope=@J10000000002000000034356448|I422XL5001Fm35001Fm3;
published_frame=675
published_frame=676
editbox_emit sequence=344 bytes=50 elapsed_us=3307 envelope=@J10000000002000000034420702|I422ZL5001Fm35001Fm3;
published_frame=677
published_frame=678
editbox_emit sequence=345 bytes=50 elapsed_us=2784 envelope=@J10000000002000000034550477|I422bL5001Fm35001Fm3;
editbox_receipt monotonic_ns=573306993655611 received=344 consumed=344 revision=294
published_frame=679
published_frame=680
editbox_emit sequence=346 bytes=50 elapsed_us=3435 envelope=@J10000000002000000034614731|I422dL5001Fm35001Fm3;
published_frame=681
published_frame=682
editbox_emit sequence=347 bytes=50 elapsed_us=2801 envelope=@J10000000002000000034744506|I422fL5001Fm35001Fm3;
published_frame=683
published_frame=684
editbox_emit sequence=348 bytes=50 elapsed_us=2661 envelope=@J10000000002000000034808760|I422hL5001Fm35001Fm3;
published_frame=685
published_frame=686
editbox_emit sequence=349 bytes=50 elapsed_us=3216 envelope=@J10000000002000000034938535|I422jL5001Fm35001Fm3;
published_frame=687
published_frame=688
editbox_emit sequence=350 bytes=50 elapsed_us=2563 envelope=@J10000000002000000035058164|I422lL5001Fm35001Fm3;
published_frame=689
published_frame=690
editbox_emit sequence=351 bytes=50 elapsed_us=2720 envelope=@J10000000002000000035122418|I422nL5001Fm35001Fm3;
published_frame=691
editbox_receipt monotonic_ns=573307204360486 received=347 consumed=347 revision=295
published_frame=692
editbox_emit sequence=352 bytes=50 elapsed_us=2776 envelope=@J10000000002000000035252193|I422pL5001Fm35001Fm3;
published_frame=693
published_frame=694
editbox_emit sequence=353 bytes=50 elapsed_us=3628 envelope=@J10000000002000000035316447|I422rL5001Fm35001Fm3;
editbox_receipt monotonic_ns=573307262208756 received=351 consumed=351 revision=296
published_frame=695
published_frame=696
editbox_emit sequence=354 bytes=50 elapsed_us=3127 envelope=@J10000000002000000035446222|I422tL5001Fm35001Fm3;
published_frame=697
published_frame=698
editbox_emit sequence=355 bytes=50 elapsed_us=3129 envelope=@J10000000002000000035510476|I422vL5001Fm35001Fm3;
published_frame=699
editbox_receipt monotonic_ns=573307340570451 received=354 consumed=354 revision=297
published_frame=700
editbox_emit sequence=356 bytes=50 elapsed_us=2822 envelope=@J10000000002000000035640251|I422xL5001Fm35001Fm3;
published_frame=701
published_frame=702
editbox_emit sequence=357 bytes=50 elapsed_us=3222 envelope=@J10000000002000000035704505|I422zL5001Fm35001Fm3;
published_frame=703
editbox_receipt monotonic_ns=573307405838243 received=356 consumed=356 revision=298
published_frame=704
editbox_emit sequence=358 bytes=50 elapsed_us=2913 envelope=@J10000000002000000035834280|I422_L5001Fm35001Fm3;
published_frame=705
published_frame=706
editbox_emit sequence=359 bytes=50 elapsed_us=3148 envelope=@J10000000002000000035919749|I422XM5001Fm35001Fm3;
published_frame=707
published_frame=708
editbox_emit sequence=360 bytes=50 elapsed_us=2750 envelope=@J10000000002000000036039378|I422ZM5001Fm35001Fm3;
editbox_receipt monotonic_ns=573307494130535 received=359 consumed=359 revision=299
published_frame=709
published_frame=710
editbox_emit sequence=361 bytes=50 elapsed_us=3075 envelope=@J10000000002000000036103632|I422bM5001Fm35001Fm3;
published_frame=711
published_frame=712
editbox_emit sequence=362 bytes=50 elapsed_us=2758 envelope=@J10000000002000000036233407|I422dM5001Fm35001Fm3;
published_frame=713
published_frame=714
editbox_emit sequence=363 bytes=50 elapsed_us=3056 envelope=@J10000000002000000036363182|I422fM5001Fm35001Fm3;
published_frame=715
editbox_receipt monotonic_ns=573307604511304 received=362 consumed=362 revision=300
published_frame=716
editbox_emit sequence=364 bytes=50 elapsed_us=2876 envelope=@J10000000002000000036427436|I422hM5001Fm35001Fm3;
published_frame=717
published_frame=718
editbox_emit sequence=365 bytes=50 elapsed_us=3549 envelope=@J10000000002000000036557211|I422jM5001Fm35001Fm3;
published_frame=719
published_frame=720
editbox_emit sequence=366 bytes=50 elapsed_us=2954 envelope=@J10000000002000000036621465|I422lM5001Fm35001Fm3;
editbox_receipt monotonic_ns=573307695243518 received=365 consumed=365 revision=301
published_frame=721
published_frame=722
editbox_emit sequence=367 bytes=50 elapsed_us=2984 envelope=@J10000000002000000036751240|I422nM5001Fm35001Fm3;
published_frame=723
published_frame=724
editbox_emit sequence=368 bytes=50 elapsed_us=2883 envelope=@J10000000002000000036815494|I422pM5001Fm35001Fm3;
published_frame=725
published_frame=726
editbox_emit sequence=369 bytes=50 elapsed_us=3052 envelope=@J10000000002000000036945269|I422rM5001Fm35001Fm3;
editbox_receipt monotonic_ns=573307795633196 received=368 consumed=368 revision=302
published_frame=727
published_frame=728
editbox_emit sequence=370 bytes=50 elapsed_us=3095 envelope=@J10000000002000000037064898|I422tM5001Fm35001Fm3;
published_frame=729
published_frame=730
editbox_emit sequence=371 bytes=50 elapsed_us=2766 envelope=@J10000000002000000037129152|I422vM5001Fm35001Fm3;
published_frame=731
published_frame=732
editbox_emit sequence=372 bytes=50 elapsed_us=3772 envelope=@J10000000002000000037258927|I422xM5001Fm35001Fm3;
published_frame=733
editbox_receipt monotonic_ns=573307896761940 received=371 consumed=371 revision=303
published_frame=734
editbox_emit sequence=373 bytes=50 elapsed_us=2849 envelope=@J10000000002000000037323181|I422zM5001Fm35001Fm3;
published_frame=735
published_frame=736
editbox_emit sequence=374 bytes=50 elapsed_us=2935 envelope=@J10000000002000000037452956|I422_M5001Fm35001Fm3;
published_frame=737
published_frame=738
editbox_emit sequence=375 bytes=50 elapsed_us=3301 envelope=@J10000000002000000037538425|I422XN5001Fm35001Fm3;
published_frame=739
editbox_receipt monotonic_ns=573308005258909 received=374 consumed=374 revision=304
published_frame=740
editbox_emit sequence=376 bytes=50 elapsed_us=2636 envelope=@J10000000002000000037602679|I422ZN5001Fm35001Fm3;
published_frame=741
published_frame=742
editbox_emit sequence=377 bytes=50 elapsed_us=2818 envelope=@J10000000002000000037732454|I422bN5001Fm35001Fm3;
published_frame=743
published_frame=744
editbox_emit sequence=378 bytes=50 elapsed_us=2907 envelope=@J10000000002000000037862229|I422dN5001Fm35001Fm3;
published_frame=745
published_frame=746
editbox_emit sequence=379 bytes=50 elapsed_us=3744 envelope=@J10000000002000000037926483|I422fN5001Fm35001Fm3;
published_frame=747
published_frame=748
editbox_emit sequence=380 bytes=50 elapsed_us=3141 envelope=@J10000000002000000038046112|I422hN5001Fm35001Fm3;
published_frame=749
published_frame=750
editbox_emit sequence=381 bytes=50 elapsed_us=4682 envelope=@J10000000002000000038110366|I422jN5001Fm35001Fm3;
published_frame=751
editbox_receipt monotonic_ns=573308207950119 received=377 consumed=377 revision=305
published_frame=752
editbox_emit sequence=382 bytes=50 elapsed_us=3420 envelope=@J10000000002000000038240141|I422lN5001Fm35001Fm3;
published_frame=753
published_frame=754
editbox_emit sequence=383 bytes=50 elapsed_us=2855 envelope=@J10000000002000000038304395|I422nN5001Fm35001Fm3;
editbox_receipt monotonic_ns=573308251266220 received=381 consumed=381 revision=306
published_frame=755
published_frame=756
editbox_emit sequence=384 bytes=50 elapsed_us=2669 envelope=@J10000000002000000038434170|I422pN5001Fm35001Fm3;
published_frame=757
published_frame=758
editbox_emit sequence=385 bytes=50 elapsed_us=2559 envelope=@J10000000002000000038563945|I422rN5001Fm35001Fm3;
editbox_receipt monotonic_ns=573308327809879 received=384 consumed=384 revision=307
published_frame=759
published_frame=760
editbox_emit sequence=386 bytes=50 elapsed_us=2750 envelope=@J10000000002000000038628199|I422tN5001Fm35001Fm3;
published_frame=761
published_frame=762
editbox_emit sequence=387 bytes=50 elapsed_us=3797 envelope=@J10000000002000000038757974|I422vN5001Fm35001Fm3;
published_frame=763
published_frame=764
editbox_emit sequence=388 bytes=50 elapsed_us=3092 envelope=@J10000000002000000038822228|I422xN5001Fm35001Fm3;
editbox_receipt monotonic_ns=573308417478310 received=386 consumed=386 revision=308
published_frame=765
published_frame=766
editbox_emit sequence=389 bytes=50 elapsed_us=3424 envelope=@J10000000002000000038952003|I422zN5001Fm35001Fm3;
published_frame=767
published_frame=768
editbox_emit sequence=390 bytes=50 elapsed_us=3462 envelope=@J10000000002000000039006111|I422_N5001Fm35001Fm3;
published_frame=769
published_frame=770
editbox_emit sequence=391 bytes=50 elapsed_us=3924 envelope=@J10000000002000000039157101|I422XO5001Fm35001Fm3;
editbox_receipt monotonic_ns=573308518904451 received=389 consumed=389 revision=309
published_frame=771
published_frame=772
editbox_emit sequence=392 bytes=50 elapsed_us=2909 envelope=@J10000000002000000039221355|I422ZO5001Fm35001Fm3;
published_frame=773
published_frame=774
editbox_emit sequence=393 bytes=50 elapsed_us=3470 envelope=@J10000000002000000039351130|I422bO5001Fm35001Fm3;
published_frame=775
editbox_receipt monotonic_ns=573308606060123 received=392 consumed=392 revision=310
published_frame=776
editbox_emit sequence=394 bytes=50 elapsed_us=3186 envelope=@J10000000002000000039415384|I422dO5001Fm35001Fm3;
published_frame=777
published_frame=778
editbox_emit sequence=395 bytes=50 elapsed_us=2579 envelope=@J10000000002000000039545159|I422fO5001Fm35001Fm3;
published_frame=779
editbox_receipt monotonic_ns=573308675421965 received=394 consumed=394 revision=311
published_frame=780
editbox_emit sequence=396 bytes=50 elapsed_us=2744 envelope=@J10000000002000000039609413|I422hO5001Fm35001Fm3;
published_frame=781
published_frame=782
editbox_emit sequence=397 bytes=50 elapsed_us=2642 envelope=@J10000000002000000039739188|I422jO5001Fm35001Fm3;
published_frame=783
published_frame=784
editbox_emit sequence=398 bytes=50 elapsed_us=2827 envelope=@J10000000002000000039803442|I422lO5001Fm35001Fm3;
published_frame=785
published_frame=786
editbox_emit sequence=399 bytes=50 elapsed_us=2842 envelope=@J10000000002000000039933217|I422nO5001Fm35001Fm3;
editbox_receipt monotonic_ns=573308785092594 received=398 consumed=398 revision=312
published_frame=787
published_frame=788
editbox_emit sequence=400 bytes=50 elapsed_us=3029 envelope=@J10000000002000000040061519|I422pO5001Fm35001Fm3;
published_frame=789
published_frame=790
editbox_emit sequence=401 bytes=50 elapsed_us=3402 envelope=@J10000000002000000040125773|I422rO5001Fm35001Fm3;
published_frame=791
published_frame=792
editbox_emit sequence=402 bytes=50 elapsed_us=2943 envelope=@J10000000002000000040255548|I422tO5001Fm35001Fm3;
editbox_receipt monotonic_ns=573308885904634 received=401 consumed=401 revision=313
published_frame=793
published_frame=794
editbox_emit sequence=403 bytes=50 elapsed_us=3151 envelope=@J10000000002000000040319802|I422vO5001Fm35001Fm3;
published_frame=795
published_frame=796
editbox_emit sequence=404 bytes=50 elapsed_us=3327 envelope=@J10000000002000000040449577|I422xO5001Fm35001Fm3;
published_frame=797
published_frame=798
editbox_emit sequence=405 bytes=50 elapsed_us=3116 envelope=@J10000000002000000040513831|I422zO5001Fm35001Fm3;
editbox_receipt monotonic_ns=573308984349569 received=404 consumed=404 revision=314
published_frame=799
published_frame=800
editbox_emit sequence=406 bytes=50 elapsed_us=2978 envelope=@J10000000002000000040643606|I422_O5001Fm35001Fm3;
published_frame=801
published_frame=802
editbox_emit sequence=407 bytes=50 elapsed_us=3284 envelope=@J10000000002000000040729075|I422XP5001Fm35001Fm3;
published_frame=803
published_frame=804
editbox_emit sequence=408 bytes=50 elapsed_us=3391 envelope=@J10000000002000000040858850|I422ZP5001Fm35001Fm3;
published_frame=805
published_frame=806
editbox_emit sequence=409 bytes=50 elapsed_us=3531 envelope=@J10000000002000000040923104|I422bP5001Fm35001Fm3;
published_frame=807
published_frame=808
editbox_emit sequence=410 bytes=50 elapsed_us=2948 envelope=@J10000000002000000041042733|I422dP5001Fm35001Fm3;
published_frame=809
published_frame=810
editbox_emit sequence=411 bytes=50 elapsed_us=2916 envelope=@J10000000002000000041106987|I422fP5001Fm35001Fm3;
editbox_receipt monotonic_ns=573309194913260 received=407 consumed=407 revision=315
published_frame=811
published_frame=812
editbox_emit sequence=412 bytes=50 elapsed_us=2859 envelope=@J10000000002000000041236762|I422hP5001Fm35001Fm3;
published_frame=813
editbox_receipt monotonic_ns=573309238559499 received=411 consumed=411 revision=316
published_frame=814
editbox_emit sequence=413 bytes=50 elapsed_us=3696 envelope=@J10000000002000000041301016|I422jP5001Fm35001Fm3;
published_frame=815
published_frame=816
editbox_emit sequence=414 bytes=50 elapsed_us=3931 envelope=@J10000000002000000041430791|I422lP5001Fm35001Fm3;
published_frame=817
editbox_receipt monotonic_ns=573309306639580 received=413 consumed=413 revision=317
published_frame=818
editbox_emit sequence=415 bytes=50 elapsed_us=2993 envelope=@J10000000002000000041560566|I422nP5001Fm35001Fm3;
published_frame=819
published_frame=820
editbox_emit sequence=416 bytes=50 elapsed_us=2943 envelope=@J10000000002000000041624820|I422pP5001Fm35001Fm3;
published_frame=821
published_frame=822
editbox_emit sequence=417 bytes=50 elapsed_us=2851 envelope=@J10000000002000000041754595|I422rP5001Fm35001Fm3;
published_frame=823
editbox_receipt monotonic_ns=573309399961707 received=416 consumed=416 revision=318
published_frame=824
editbox_emit sequence=418 bytes=50 elapsed_us=3627 envelope=@J10000000002000000041818849|I422tP5001Fm35001Fm3;
published_frame=825
published_frame=826
editbox_emit sequence=419 bytes=50 elapsed_us=3305 envelope=@J10000000002000000041948624|I422vP5001Fm35001Fm3;
published_frame=827
published_frame=828
editbox_emit sequence=420 bytes=50 elapsed_us=3344 envelope=@J10000000002000000042002732|I422xP5001Fm35001Fm3;
published_frame=829
editbox_receipt monotonic_ns=573309496152909 received=419 consumed=419 revision=319
published_frame=830
editbox_emit sequence=421 bytes=50 elapsed_us=2949 envelope=@J10000000002000000042132507|I422zP5001Fm35001Fm3;
published_frame=831
published_frame=832
editbox_emit sequence=422 bytes=50 elapsed_us=3302 envelope=@J10000000002000000042262282|I422_P5001Fm35001Fm3;
published_frame=833
published_frame=834
editbox_emit sequence=423 bytes=50 elapsed_us=3228 envelope=@J10000000002000000042347751|I422XQ5001Fm35001Fm3;
editbox_receipt monotonic_ns=573309584532024 received=422 consumed=422 revision=320
published_frame=835
published_frame=836
editbox_emit sequence=424 bytes=50 elapsed_us=2896 envelope=@J10000000002000000042412005|I422ZQ5001Fm35001Fm3;
published_frame=837
published_frame=838
editbox_emit sequence=425 bytes=50 elapsed_us=2800 envelope=@J10000000002000000042541780|I422bQ5001Fm35001Fm3;
published_frame=839
published_frame=840
editbox_emit sequence=426 bytes=50 elapsed_us=3116 envelope=@J10000000002000000042606034|I422dQ5001Fm35001Fm3;
published_frame=841
editbox_receipt monotonic_ns=573309706476099 received=425 consumed=425 revision=321
published_frame=842
editbox_emit sequence=427 bytes=50 elapsed_us=2948 envelope=@J10000000002000000042735809|I422fQ5001Fm35001Fm3;
published_frame=843
published_frame=844
editbox_emit sequence=428 bytes=50 elapsed_us=2759 envelope=@J10000000002000000042800063|I422hQ5001Fm35001Fm3;
published_frame=845
published_frame=846
editbox_receipt monotonic_ns=573309783046308 received=428 consumed=428 revision=322
editbox_emit sequence=429 bytes=50 elapsed_us=2932 envelope=@J10000000002000000042929838|I422jQ5001Fm35001Fm3;
published_frame=847
published_frame=848
editbox_emit sequence=430 bytes=50 elapsed_us=2653 envelope=@J10000000002000000043049467|I422lQ5001Fm35001Fm3;
published_frame=849
published_frame=850
editbox_emit sequence=431 bytes=50 elapsed_us=2902 envelope=@J10000000002000000043113721|I422nQ5001Fm35001Fm3;
published_frame=851
published_frame=852
editbox_emit sequence=432 bytes=50 elapsed_us=2959 envelope=@J10000000002000000043243496|I422pQ5001Fm35001Fm3;
published_frame=853
editbox_receipt monotonic_ns=573309895977245 received=431 consumed=431 revision=323
published_frame=854
editbox_emit sequence=433 bytes=50 elapsed_us=3222 envelope=@J10000000002000000043307750|I422rQ5001Fm35001Fm3;
published_frame=855
published_frame=856
editbox_emit sequence=434 bytes=50 elapsed_us=3568 envelope=@J10000000002000000043437525|I422tQ5001Fm35001Fm3;
published_frame=857
published_frame=858
editbox_emit sequence=435 bytes=50 elapsed_us=2824 envelope=@J10000000002000000043501779|I422vQ5001Fm35001Fm3;
editbox_receipt monotonic_ns=573309985267057 received=434 consumed=434 revision=324
published_frame=859
published_frame=860
editbox_emit sequence=436 bytes=50 elapsed_us=3023 envelope=@J10000000002000000043631554|I422xQ5001Fm35001Fm3;
published_frame=861
published_frame=862
editbox_emit sequence=437 bytes=50 elapsed_us=3216 envelope=@J10000000002000000043761329|I422zQ5001Fm35001Fm3;
published_frame=863
published_frame=864
editbox_emit sequence=438 bytes=50 elapsed_us=3173 envelope=@J10000000002000000043825583|I422_Q5001Fm35001Fm3;
published_frame=865
published_frame=866
editbox_emit sequence=439 bytes=50 elapsed_us=2736 envelope=@J10000000002000000043911052|I422XR5001Fm35001Fm3;
published_frame=867
published_frame=868
editbox_emit sequence=440 bytes=50 elapsed_us=2798 envelope=@J10000000002000000044030681|I422ZR5001Fm35001Fm3;
published_frame=869
published_frame=870
editbox_emit sequence=441 bytes=50 elapsed_us=3167 envelope=@J10000000002000000044160456|I422bR5001Fm35001Fm3;
published_frame=871
editbox_receipt monotonic_ns=573310205728302 received=437 consumed=437 revision=325
published_frame=872
editbox_emit sequence=442 bytes=50 elapsed_us=2881 envelope=@J10000000002000000044224710|I422dR5001Fm35001Fm3;
published_frame=873
published_frame=874
editbox_emit sequence=443 bytes=50 elapsed_us=2875 envelope=@J10000000002000000044354485|I422fR5001Fm35001Fm3;
editbox_receipt monotonic_ns=573310251202697 received=441 consumed=441 revision=326
published_frame=875
published_frame=876
editbox_emit sequence=444 bytes=50 elapsed_us=2770 envelope=@J10000000002000000044418739|I422hR5001Fm35001Fm3;
published_frame=877
published_frame=878
editbox_emit sequence=445 bytes=50 elapsed_us=2710 envelope=@J10000000002000000044548514|I422jR5001Fm35001Fm3;
editbox_receipt monotonic_ns=573310328301857 received=444 consumed=444 revision=327
published_frame=879
published_frame=880
editbox_emit sequence=446 bytes=50 elapsed_us=3922 envelope=@J10000000002000000044612768|I422lR5001Fm35001Fm3;
published_frame=881
published_frame=882
editbox_emit sequence=447 bytes=50 elapsed_us=2835 envelope=@J10000000002000000044742543|I422nR5001Fm35001Fm3;
published_frame=883
published_frame=884
editbox_emit sequence=448 bytes=50 elapsed_us=2870 envelope=@J10000000002000000044806797|I422pR5001Fm35001Fm3;
editbox_receipt monotonic_ns=573310417033583 received=446 consumed=446 revision=328
published_frame=885
published_frame=886
editbox_emit sequence=449 bytes=50 elapsed_us=2828 envelope=@J10000000002000000044936572|I422rR5001Fm35001Fm3;
published_frame=887
published_frame=888
editbox_emit sequence=450 bytes=50 elapsed_us=2808 envelope=@J10000000002000000045056201|I422tR5001Fm35001Fm3;
match_end epoch=2 frontier=889 old_rows=drain terminal_rows=discard
input_armed=true gameplay_armed=false mono_ns=573310483804841
editbox_emit sequence=451 bytes=34 elapsed_us=2090 envelope=@J10000000002000000045116745|JE12;
suppressed mono_ns=573310483819000 reason=focus-pause-or-neutral
editbox_receipt monotonic_ns=573310536409065 received=451 consumed=451 revision=329
match_quiescent epoch=2
waiting_for_match build=chat-trace-20261005 slot=0 after_epoch=2
shutdown signal=SIGINT mailbox_release=begin
