source=/dev/input/event3 name=Some("Smashcraft Event Retention Virtual Gamepad") clock=CLOCK_MONOTONIC epoch_ns=0 frame_rule=segment_frame+floor((t-segment_epoch)*60/1e9) first=1 delay=0 pause_policy=sequenced-map-control
controller_identity=DeviceIdentity { id: InputId { bus_type: BUS_USB, vendor: 0x45e, product: 0x28e, version: 0x114 }, name: Some("Smashcraft Event Retention Virtual Gamepad"), phys: None, uniq: None } automatic_reconnect=false
waiting_for_match build=playable-0042 slot=1 start_before=final-match-confirmation
input_armed=true gameplay_armed=false mono_ns=580465517384454
menu_emit epoch=0 phase=Some(Character) key=n mono_ns=580467728321000
match_ready epoch=1 neutral_rearm=required
input_armed=true gameplay_armed=false mono_ns=580478936221859
editbox_receipt monotonic_ns=580478936321556 received=0 consumed=0 revision=3
editbox_emit sequence=1 bytes=34 elapsed_us=2401 envelope=@J10000000001000000000130780|JR11;
editbox_receipt monotonic_ns=580479002257068 received=1 consumed=1 revision=4
match_start epoch=1 epoch_ns=580479085266787 read_ns=580479085537369 uncertainty_ns=1100211
input_armed=true gameplay_armed=true mono_ns=580479085515758
published_frame=1
published_frame=2
editbox_emit sequence=2 bytes=37 elapsed_us=2045 envelope=@J10000000001000000000252069|I421100;
published_frame=3
published_frame=4
editbox_emit sequence=3 bytes=37 elapsed_us=2101 envelope=@J10000000001000000000330835|I421300;
published_frame=5
published_frame=6
editbox_emit sequence=4 bytes=37 elapsed_us=2388 envelope=@J10000000001000000000409601|I421500;
published_frame=7
published_frame=8
editbox_emit sequence=5 bytes=37 elapsed_us=2051 envelope=@J10000000001000000000553888|I421700;
published_frame=9
editbox_receipt monotonic_ns=580479239444233 received=2 consumed=2 revision=5
published_frame=10
editbox_emit sequence=6 bytes=37 elapsed_us=2165 envelope=@J10000000001000000000632654|I421900;
published_frame=11
published_frame=12
editbox_emit sequence=7 bytes=37 elapsed_us=2394 envelope=@J10000000001000000000711420|I421B00;
editbox_receipt monotonic_ns=580479295188053 received=6 consumed=4 revision=6
published_frame=13
published_frame=14
editbox_emit sequence=8 bytes=37 elapsed_us=2045 envelope=@J10000000001000000000855707|I421D00;
editbox_receipt monotonic_ns=580479327879376 received=6 consumed=6 revision=7
published_frame=15
published_frame=16
editbox_emit sequence=9 bytes=37 elapsed_us=1927 envelope=@J10000000001000000000934473|I421F00;
published_frame=17
published_frame=18
editbox_emit sequence=10 bytes=37 elapsed_us=2080 envelope=@J10000000001000000001041745|I421H00;
editbox_receipt monotonic_ns=580479400304661 received=9 consumed=9 revision=8
published_frame=19
published_frame=20
editbox_emit sequence=11 bytes=37 elapsed_us=2699 envelope=@J10000000001000000001120511|I421J00;
published_frame=21
published_frame=22
editbox_emit sequence=12 bytes=37 elapsed_us=1925 envelope=@J10000000001000000001264798|I421L00;
published_frame=23
published_frame=24
editbox_emit sequence=13 bytes=37 elapsed_us=2015 envelope=@J10000000001000000001343564|I421N00;
published_frame=25
editbox_receipt monotonic_ns=580479502339213 received=12 consumed=12 revision=9
published_frame=26
editbox_emit sequence=14 bytes=37 elapsed_us=2553 envelope=@J10000000001000000001422330|I421P00;
published_frame=27
published_frame=28
editbox_emit sequence=15 bytes=37 elapsed_us=2059 envelope=@J10000000001000000001501096|I421R00;
published_frame=29
published_frame=30
editbox_emit sequence=16 bytes=37 elapsed_us=2421 envelope=@J10000000001000000001645383|I421T00;
published_frame=31
editbox_receipt monotonic_ns=580479602496045 received=15 consumed=15 revision=10
published_frame=32
editbox_emit sequence=17 bytes=37 elapsed_us=2034 envelope=@J10000000001000000001724149|I421V00;
published_frame=33
published_frame=34
editbox_emit sequence=18 bytes=38 elapsed_us=2220 envelope=@J10000000001000000001808415|I421X100;
published_frame=35
published_frame=36
editbox_emit sequence=19 bytes=38 elapsed_us=3486 envelope=@J10000000001000000001951403|I421Z100;
published_frame=37
editbox_receipt monotonic_ns=580479702382140 received=18 consumed=18 revision=11
published_frame=38
editbox_emit sequence=20 bytes=38 elapsed_us=1963 envelope=@J10000000001000000002042087|I421b100;
published_frame=39
published_frame=40
editbox_emit sequence=21 bytes=38 elapsed_us=2464 envelope=@J10000000001000000002119554|I421d100;
published_frame=41
published_frame=42
editbox_emit sequence=22 bytes=38 elapsed_us=2050 envelope=@J10000000001000000002262542|I421f100;
published_frame=43
editbox_receipt monotonic_ns=580479808011269 received=21 consumed=21 revision=12
published_frame=44
editbox_emit sequence=23 bytes=38 elapsed_us=2330 envelope=@J10000000001000000002340009|I421h100;
published_frame=45
published_frame=46
editbox_emit sequence=24 bytes=38 elapsed_us=1976 envelope=@J10000000001000000002417476|I421j100;
published_frame=47
published_frame=48
editbox_emit sequence=25 bytes=38 elapsed_us=3885 envelope=@J10000000001000000002560464|I421l100;
published_frame=49
editbox_receipt monotonic_ns=580479903386369 received=24 consumed=24 revision=13
published_frame=50
editbox_emit sequence=26 bytes=38 elapsed_us=3398 envelope=@J10000000001000000002637931|I421n100;
published_frame=51
published_frame=52
editbox_emit sequence=27 bytes=38 elapsed_us=2381 envelope=@J10000000001000000002715398|I421p100;
published_frame=53
published_frame=54
editbox_emit sequence=28 bytes=38 elapsed_us=1996 envelope=@J10000000001000000002858386|I421r100;
published_frame=55
editbox_receipt monotonic_ns=580480010620315 received=27 consumed=27 revision=14
published_frame=56
editbox_emit sequence=29 bytes=38 elapsed_us=2038 envelope=@J10000000001000000002935853|I421t100;
published_frame=57
published_frame=58
editbox_emit sequence=30 bytes=38 elapsed_us=2138 envelope=@J10000000001000000003026537|I421v100;
published_frame=59
published_frame=60
editbox_emit sequence=31 bytes=38 elapsed_us=2554 envelope=@J10000000001000000003104004|I421x100;
published_frame=61
published_frame=62
editbox_emit sequence=32 bytes=38 elapsed_us=1989 envelope=@J10000000001000000003246992|I421z100;
published_frame=63
published_frame=64
editbox_emit sequence=33 bytes=38 elapsed_us=2031 envelope=@J10000000001000000003324459|I421_100;
published_frame=65
published_frame=66
editbox_emit sequence=34 bytes=38 elapsed_us=1906 envelope=@J10000000001000000003459578|I421X200;
editbox_receipt monotonic_ns=580480194095790 received=30 consumed=30 revision=15
published_frame=67
published_frame=68
editbox_emit sequence=35 bytes=38 elapsed_us=1956 envelope=@J10000000001000000003537045|I421Z200;
published_frame=69
published_frame=70
editbox_emit sequence=36 bytes=38 elapsed_us=2519 envelope=@J10000000001000000003614512|I421b200;
editbox_receipt monotonic_ns=580480258177738 received=33 consumed=33 revision=16
published_frame=71
published_frame=72
editbox_emit sequence=37 bytes=38 elapsed_us=2367 envelope=@J10000000001000000003757500|I421d200;
published_frame=73
published_frame=74
editbox_emit sequence=38 bytes=38 elapsed_us=2524 envelope=@J10000000001000000003834967|I421f200;
editbox_receipt monotonic_ns=580480323669127 received=37 consumed=37 revision=17
published_frame=75
published_frame=76
editbox_emit sequence=39 bytes=38 elapsed_us=2154 envelope=@J10000000001000000003912434|I421h200;
published_frame=77
published_frame=78
editbox_emit sequence=40 bytes=38 elapsed_us=2143 envelope=@J10000000001000000004003118|I421j200;
published_frame=79
published_frame=80
editbox_emit sequence=41 bytes=38 elapsed_us=2100 envelope=@J10000000001000000004146106|I421l200;
editbox_receipt monotonic_ns=580480423327976 received=39 consumed=39 revision=18
published_frame=81
published_frame=82
editbox_emit sequence=42 bytes=38 elapsed_us=2708 envelope=@J10000000001000000004223573|I421n200;
published_frame=83
published_frame=84
editbox_emit sequence=43 bytes=38 elapsed_us=1977 envelope=@J10000000001000000004301040|I421p200;
published_frame=85
editbox_receipt monotonic_ns=580480513858245 received=42 consumed=42 revision=19
published_frame=86
editbox_emit sequence=44 bytes=38 elapsed_us=2269 envelope=@J10000000001000000004444028|I421r200;
published_frame=87
published_frame=88
editbox_emit sequence=45 bytes=38 elapsed_us=2708 envelope=@J10000000001000000004521495|I421t200;
published_frame=89
published_frame=90
editbox_emit sequence=46 bytes=38 elapsed_us=2112 envelope=@J10000000001000000004664483|I421v200;
editbox_receipt monotonic_ns=580480601902295 received=45 consumed=45 revision=20
published_frame=91
published_frame=92
editbox_emit sequence=47 bytes=38 elapsed_us=2198 envelope=@J10000000001000000004741950|I421x200;
published_frame=93
published_frame=94
editbox_emit sequence=48 bytes=38 elapsed_us=2032 envelope=@J10000000001000000004819417|I421z200;
published_frame=95
published_frame=96
editbox_emit sequence=49 bytes=38 elapsed_us=2043 envelope=@J10000000001000000004962405|I421_200;
published_frame=97
editbox_receipt monotonic_ns=580480711906263 received=48 consumed=48 revision=21
published_frame=98
editbox_emit sequence=50 bytes=38 elapsed_us=2480 envelope=@J10000000001000000005045220|I421X300;
published_frame=99
published_frame=100
editbox_emit sequence=51 bytes=38 elapsed_us=2375 envelope=@J10000000001000000005122687|I421Z300;
published_frame=101
published_frame=102
editbox_emit sequence=52 bytes=38 elapsed_us=2001 envelope=@J10000000001000000005200154|I421b300;
event mono_ns=580480790350000 frame=103 held=1 pressed=1 released=0
event mono_ns=580480795571000 frame=103 held=0 pressed=0 released=1
published_frame=103
editbox_receipt monotonic_ns=580480812534849 received=51 consumed=51 revision=22
published_frame=104
editbox_emit sequence=53 bytes=49 elapsed_us=2614 envelope=@J10000000001000000005312103|I421d3o0010011H03_0;
published_frame=105
published_frame=106
editbox_emit sequence=54 bytes=38 elapsed_us=1954 envelope=@J10000000001000000005420609|I421f300;
published_frame=107
published_frame=108
editbox_emit sequence=55 bytes=38 elapsed_us=1947 envelope=@J10000000001000000005563597|I421h300;
published_frame=109
editbox_receipt monotonic_ns=580480911048622 received=54 consumed=54 revision=23
published_frame=110
editbox_emit sequence=56 bytes=38 elapsed_us=2153 envelope=@J10000000001000000005641064|I421j300;
published_frame=111
published_frame=112
editbox_emit sequence=57 bytes=38 elapsed_us=1981 envelope=@J10000000001000000005718531|I421l300;
published_frame=113
published_frame=114
editbox_emit sequence=58 bytes=38 elapsed_us=2184 envelope=@J10000000001000000005861519|I421n300;
published_frame=115
published_frame=116
editbox_emit sequence=59 bytes=38 elapsed_us=2008 envelope=@J10000000001000000005938986|I421p300;
editbox_receipt monotonic_ns=580481022676103 received=57 consumed=57 revision=24
published_frame=117
published_frame=118
editbox_emit sequence=60 bytes=38 elapsed_us=2021 envelope=@J10000000001000000006029670|I421r300;
published_frame=119
published_frame=120
editbox_emit sequence=61 bytes=38 elapsed_us=2109 envelope=@J10000000001000000006107137|I421t300;
published_frame=121
published_frame=122
editbox_emit sequence=62 bytes=38 elapsed_us=2306 envelope=@J10000000001000000006250125|I421v300;
published_frame=123
published_frame=124
editbox_emit sequence=63 bytes=38 elapsed_us=2426 envelope=@J10000000001000000006327592|I421x300;
published_frame=125
published_frame=126
editbox_emit sequence=64 bytes=38 elapsed_us=2461 envelope=@J10000000001000000006405059|I421z300;
editbox_receipt monotonic_ns=580481191509926 received=60 consumed=60 revision=25
published_frame=127
published_frame=128
editbox_emit sequence=65 bytes=38 elapsed_us=1928 envelope=@J10000000001000000006548047|I421_300;
published_frame=129
published_frame=130
editbox_emit sequence=66 bytes=38 elapsed_us=2024 envelope=@J10000000001000000006617645|I421X400;
published_frame=131
editbox_receipt monotonic_ns=580481270323625 received=63 consumed=63 revision=26
published_frame=132
editbox_emit sequence=67 bytes=38 elapsed_us=2759 envelope=@J10000000001000000006760633|I421Z400;
published_frame=133
published_frame=134
editbox_emit sequence=68 bytes=38 elapsed_us=2473 envelope=@J10000000001000000006838100|I421b400;
published_frame=135
editbox_receipt monotonic_ns=580481338407573 received=66 consumed=66 revision=27
published_frame=136
editbox_emit sequence=69 bytes=38 elapsed_us=2131 envelope=@J10000000001000000006915567|I421d400;
published_frame=137
published_frame=138
editbox_emit sequence=70 bytes=38 elapsed_us=2014 envelope=@J10000000001000000007006251|I421f400;
published_frame=139
editbox_receipt monotonic_ns=580481412878082 received=69 consumed=69 revision=28
published_frame=140
editbox_emit sequence=71 bytes=38 elapsed_us=2178 envelope=@J10000000001000000007149239|I421h400;
published_frame=141
published_frame=142
editbox_emit sequence=72 bytes=38 elapsed_us=1941 envelope=@J10000000001000000007226706|I421j400;
published_frame=143
published_frame=144
editbox_emit sequence=73 bytes=38 elapsed_us=2104 envelope=@J10000000001000000007304173|I421l400;
published_frame=145
editbox_receipt monotonic_ns=580481511189225 received=72 consumed=72 revision=29
published_frame=146
editbox_emit sequence=74 bytes=38 elapsed_us=2409 envelope=@J10000000001000000007447161|I421n400;
published_frame=147
event mono_ns=580481545920000 frame=148 held=2 pressed=2 released=0
event mono_ns=580481551347000 frame=148 held=0 pressed=0 released=2
published_frame=148
editbox_emit sequence=75 bytes=49 elapsed_us=3375 envelope=@J10000000001000000007557251|I421p40o0020022Y07-;
published_frame=149
published_frame=150
editbox_emit sequence=76 bytes=38 elapsed_us=2170 envelope=@J10000000001000000007602095|I421r400;
published_frame=151
published_frame=152
editbox_emit sequence=77 bytes=38 elapsed_us=2668 envelope=@J10000000001000000007745083|I421t400;
editbox_receipt monotonic_ns=580481624209066 received=75 consumed=75 revision=30
published_frame=153
published_frame=154
editbox_emit sequence=78 bytes=38 elapsed_us=2015 envelope=@J10000000001000000007822550|I421v400;
published_frame=155
published_frame=156
editbox_emit sequence=79 bytes=38 elapsed_us=2550 envelope=@J10000000001000000007900017|I421x400;
published_frame=157
editbox_receipt monotonic_ns=580481712896912 received=78 consumed=78 revision=31
published_frame=158
editbox_emit sequence=80 bytes=38 elapsed_us=2299 envelope=@J10000000001000000008056222|I421z400;
published_frame=159
published_frame=160
editbox_emit sequence=81 bytes=38 elapsed_us=2062 envelope=@J10000000001000000008133689|I421_400;
published_frame=161
published_frame=162
editbox_emit sequence=82 bytes=38 elapsed_us=1974 envelope=@J10000000001000000008203287|I421X500;
published_frame=163
editbox_receipt monotonic_ns=580481810960310 received=81 consumed=81 revision=32
published_frame=164
editbox_emit sequence=83 bytes=38 elapsed_us=2979 envelope=@J10000000001000000008346275|I421Z500;
published_frame=165
published_frame=166
editbox_emit sequence=84 bytes=38 elapsed_us=2119 envelope=@J10000000001000000008423742|I421b500;
published_frame=167
published_frame=168
editbox_emit sequence=85 bytes=38 elapsed_us=2023 envelope=@J10000000001000000008501209|I421d500;
published_frame=169
editbox_receipt monotonic_ns=580481911612942 received=84 consumed=84 revision=33
published_frame=170
editbox_emit sequence=86 bytes=38 elapsed_us=2284 envelope=@J10000000001000000008644197|I421f500;
published_frame=171
published_frame=172
editbox_emit sequence=87 bytes=38 elapsed_us=2124 envelope=@J10000000001000000008721664|I421h500;
published_frame=173
published_frame=174
editbox_emit sequence=88 bytes=38 elapsed_us=1998 envelope=@J10000000001000000008864652|I421j500;
published_frame=175
editbox_receipt monotonic_ns=580482011617489 received=87 consumed=87 revision=34
published_frame=176
editbox_emit sequence=89 bytes=38 elapsed_us=2025 envelope=@J10000000001000000008942119|I421l500;
published_frame=177
published_frame=178
editbox_emit sequence=90 bytes=38 elapsed_us=2158 envelope=@J10000000001000000009032803|I421n500;
published_frame=179
published_frame=180
editbox_emit sequence=91 bytes=38 elapsed_us=1952 envelope=@J10000000001000000009110270|I421p500;
published_frame=181
published_frame=182
editbox_emit sequence=92 bytes=38 elapsed_us=1957 envelope=@J10000000001000000009253258|I421r500;
published_frame=183
published_frame=184
editbox_emit sequence=93 bytes=38 elapsed_us=2281 envelope=@J10000000001000000009330725|I421t500;
published_frame=185
published_frame=186
editbox_emit sequence=94 bytes=38 elapsed_us=2280 envelope=@J10000000001000000009408192|I421v500;
editbox_receipt monotonic_ns=580482200536867 received=90 consumed=90 revision=35
published_frame=187
published_frame=188
editbox_emit sequence=95 bytes=38 elapsed_us=2054 envelope=@J10000000001000000009551180|I421x500;
published_frame=189
editbox_receipt monotonic_ns=580482244767738 received=94 consumed=94 revision=36
published_frame=190
editbox_emit sequence=96 bytes=38 elapsed_us=2467 envelope=@J10000000001000000009628647|I421z500;
published_frame=191
published_frame=192
editbox_emit sequence=97 bytes=38 elapsed_us=2091 envelope=@J10000000001000000009706114|I421_500;
event mono_ns=580482301699000 frame=193 held=4 pressed=4 released=0
published_frame=193
event mono_ns=580482307090000 frame=194 held=0 pressed=0 released=4
editbox_receipt monotonic_ns=580482311322731 received=96 consumed=96 revision=37
published_frame=194
editbox_emit sequence=98 bytes=61 elapsed_us=3655 envelope=@J10000000001000000009845904|I421X6t00400400003zFC0012000004;
published_frame=195
published_frame=196
editbox_emit sequence=99 bytes=38 elapsed_us=2153 envelope=@J10000000001000000009918700|I421Z600;
published_frame=197
published_frame=198
editbox_emit sequence=100 bytes=38 elapsed_us=2362 envelope=@J10000000001000000010050801|I421b600;
published_frame=199
published_frame=200
editbox_emit sequence=101 bytes=38 elapsed_us=2123 envelope=@J10000000001000000010128268|I421d600;
editbox_receipt monotonic_ns=580482423802249 received=99 consumed=99 revision=38
published_frame=201
published_frame=202
editbox_emit sequence=102 bytes=38 elapsed_us=2152 envelope=@J10000000001000000010205735|I421f600;
published_frame=203
published_frame=204
editbox_emit sequence=103 bytes=38 elapsed_us=2354 envelope=@J10000000001000000010348723|I421h600;
published_frame=205
editbox_receipt monotonic_ns=580482512313735 received=102 consumed=102 revision=39
published_frame=206
editbox_emit sequence=104 bytes=38 elapsed_us=2033 envelope=@J10000000001000000010426190|I421j600;
published_frame=207
published_frame=208
editbox_emit sequence=105 bytes=38 elapsed_us=2111 envelope=@J10000000001000000010503657|I421l600;
published_frame=209
published_frame=210
editbox_emit sequence=106 bytes=38 elapsed_us=2094 envelope=@J10000000001000000010646645|I421n600;
published_frame=211
published_frame=212
editbox_receipt monotonic_ns=580482619090064 received=105 consumed=105 revision=40
editbox_emit sequence=107 bytes=38 elapsed_us=2026 envelope=@J10000000001000000010724112|I421p600;
published_frame=213
published_frame=214
editbox_emit sequence=108 bytes=38 elapsed_us=2137 envelope=@J10000000001000000010801579|I421r600;
published_frame=215
published_frame=216
editbox_emit sequence=109 bytes=38 elapsed_us=2145 envelope=@J10000000001000000010944567|I421t600;
published_frame=217
editbox_receipt monotonic_ns=580482715625629 received=108 consumed=108 revision=41
published_frame=218
editbox_emit sequence=110 bytes=38 elapsed_us=2185 envelope=@J10000000001000000011035251|I421v600;
published_frame=219
published_frame=220
editbox_emit sequence=111 bytes=38 elapsed_us=2130 envelope=@J10000000001000000011112718|I421x600;
published_frame=221
published_frame=222
editbox_emit sequence=112 bytes=38 elapsed_us=2267 envelope=@J10000000001000000011255706|I421z600;
published_frame=223
editbox_receipt monotonic_ns=580482812654077 received=111 consumed=111 revision=42
published_frame=224
editbox_emit sequence=113 bytes=38 elapsed_us=2341 envelope=@J10000000001000000011333173|I421_600;
published_frame=225
published_frame=226
editbox_emit sequence=114 bytes=38 elapsed_us=2814 envelope=@J10000000001000000011402771|I421X700;
published_frame=227
published_frame=228
editbox_emit sequence=115 bytes=38 elapsed_us=2230 envelope=@J10000000001000000011545759|I421Z700;
published_frame=229
editbox_receipt monotonic_ns=580482913153482 received=114 consumed=114 revision=43
published_frame=230
editbox_emit sequence=116 bytes=38 elapsed_us=2234 envelope=@J10000000001000000011623226|I421b700;
published_frame=231
published_frame=232
editbox_emit sequence=117 bytes=38 elapsed_us=1992 envelope=@J10000000001000000011700693|I421d700;
published_frame=233
published_frame=234
editbox_emit sequence=118 bytes=38 elapsed_us=2147 envelope=@J10000000001000000011843681|I421f700;
published_frame=235
editbox_receipt monotonic_ns=580483013147248 received=117 consumed=117 revision=44
published_frame=236
editbox_emit sequence=119 bytes=38 elapsed_us=2084 envelope=@J10000000001000000011921148|I421h700;
published_frame=237
published_frame=238
editbox_emit sequence=120 bytes=38 elapsed_us=1986 envelope=@J10000000001000000012011832|I421j700;
event mono_ns=580483057407000 frame=239 held=24 pressed=24 released=0
event mono_ns=580483062722000 frame=239 held=0 pressed=0 released=24
published_frame=239
published_frame=240
editbox_emit sequence=121 bytes=49 elapsed_us=2918 envelope=@J10000000001000000012151743|I421l7o00O00OUO0020;
published_frame=241
published_frame=242
editbox_emit sequence=122 bytes=38 elapsed_us=1920 envelope=@J10000000001000000012232287|I421n700;
published_frame=243
published_frame=244
editbox_emit sequence=123 bytes=38 elapsed_us=2131 envelope=@J10000000001000000012309754|I421p700;
published_frame=245
published_frame=246
editbox_emit sequence=124 bytes=38 elapsed_us=2177 envelope=@J10000000001000000012452742|I421r700;
editbox_receipt monotonic_ns=580483190095088 received=120 consumed=120 revision=45
published_frame=247
published_frame=248
editbox_emit sequence=125 bytes=38 elapsed_us=2567 envelope=@J10000000001000000012530209|I421t700;
published_frame=249
published_frame=250
editbox_emit sequence=126 bytes=38 elapsed_us=2093 envelope=@J10000000001000000012607676|I421v700;
editbox_receipt monotonic_ns=580483256640152 received=123 consumed=123 revision=46
published_frame=251
published_frame=252
editbox_emit sequence=127 bytes=38 elapsed_us=2182 envelope=@J10000000001000000012750664|I421x700;
published_frame=253
published_frame=254
editbox_emit sequence=128 bytes=38 elapsed_us=2042 envelope=@J10000000001000000012828131|I421z700;
editbox_receipt monotonic_ns=580483323355796 received=126 consumed=126 revision=47
published_frame=255
published_frame=256
editbox_emit sequence=129 bytes=38 elapsed_us=2467 envelope=@J10000000001000000012905598|I421_700;
published_frame=257
published_frame=258
editbox_emit sequence=130 bytes=38 elapsed_us=2233 envelope=@J10000000001000000013053934|I421X800;
published_frame=259
published_frame=260
editbox_emit sequence=131 bytes=38 elapsed_us=2078 envelope=@J10000000001000000013131401|I421Z800;
editbox_receipt monotonic_ns=580483423595253 received=129 consumed=129 revision=48
published_frame=261
published_frame=262
editbox_emit sequence=132 bytes=38 elapsed_us=2013 envelope=@J10000000001000000013208868|I421b800;
published_frame=263
published_frame=264
editbox_emit sequence=133 bytes=38 elapsed_us=1923 envelope=@J10000000001000000013351856|I421d800;
published_frame=265
editbox_receipt monotonic_ns=580483517861475 received=132 consumed=132 revision=49
published_frame=266
editbox_emit sequence=134 bytes=38 elapsed_us=2134 envelope=@J10000000001000000013429323|I421f800;
published_frame=267
published_frame=268
editbox_emit sequence=135 bytes=38 elapsed_us=2128 envelope=@J10000000001000000013506790|I421h800;
published_frame=269
published_frame=270
editbox_emit sequence=136 bytes=38 elapsed_us=1946 envelope=@J10000000001000000013649778|I421j800;
published_frame=271
editbox_receipt monotonic_ns=580483616952820 received=135 consumed=135 revision=50
published_frame=272
editbox_emit sequence=137 bytes=38 elapsed_us=2191 envelope=@J10000000001000000013727245|I421l800;
published_frame=273
published_frame=274
editbox_emit sequence=138 bytes=38 elapsed_us=3146 envelope=@J10000000001000000013804712|I421n800;
published_frame=275
published_frame=276
editbox_emit sequence=139 bytes=38 elapsed_us=2342 envelope=@J10000000001000000013947700|I421p800;
published_frame=277
editbox_receipt monotonic_ns=580483715630069 received=138 consumed=138 revision=51
published_frame=278
editbox_emit sequence=140 bytes=38 elapsed_us=2641 envelope=@J10000000001000000014038384|I421r800;
published_frame=279
published_frame=280
editbox_emit sequence=141 bytes=38 elapsed_us=2014 envelope=@J10000000001000000014115851|I421t800;
published_frame=281
published_frame=282
editbox_emit sequence=142 bytes=38 elapsed_us=2029 envelope=@J10000000001000000014258839|I421v800;
editbox_receipt monotonic_ns=580483801252640 received=141 consumed=141 revision=52
published_frame=283
event mono_ns=580483813139000 frame=284 held=16 pressed=16 released=0
event mono_ns=580483818486000 frame=284 held=0 pressed=0 released=16
published_frame=284
editbox_emit sequence=143 bytes=44 elapsed_us=3188 envelope=@J10000000001000000014334895|I421x80200G00G;
published_frame=285
published_frame=286
editbox_emit sequence=144 bytes=38 elapsed_us=2313 envelope=@J10000000001000000014413773|I421z800;
published_frame=287
published_frame=288
editbox_emit sequence=145 bytes=38 elapsed_us=2015 envelope=@J10000000001000000014556761|I421_800;
editbox_receipt monotonic_ns=580483900681287 received=144 consumed=144 revision=53
published_frame=289
published_frame=290
editbox_emit sequence=146 bytes=38 elapsed_us=2246 envelope=@J10000000001000000014626359|I421X900;
published_frame=291
published_frame=292
editbox_emit sequence=147 bytes=38 elapsed_us=2189 envelope=@J10000000001000000014703826|I421Z900;
published_frame=293
published_frame=294
editbox_emit sequence=148 bytes=38 elapsed_us=2096 envelope=@J10000000001000000014846814|I421b900;
published_frame=295
published_frame=296
editbox_emit sequence=149 bytes=38 elapsed_us=1941 envelope=@J10000000001000000014924281|I421d900;
editbox_receipt monotonic_ns=580484023277968 received=147 consumed=147 revision=54
published_frame=297
published_frame=298
editbox_emit sequence=150 bytes=38 elapsed_us=1945 envelope=@J10000000001000000015014965|I421f900;
published_frame=299
published_frame=300
editbox_emit sequence=151 bytes=38 elapsed_us=1986 envelope=@J10000000001000000015157953|I421h900;
published_frame=301
published_frame=302
editbox_emit sequence=152 bytes=38 elapsed_us=1952 envelope=@J10000000001000000015235420|I421j900;
published_frame=303
published_frame=304
editbox_emit sequence=153 bytes=38 elapsed_us=2137 envelope=@J10000000001000000015312887|I421l900;
published_frame=305
published_frame=306
editbox_emit sequence=154 bytes=38 elapsed_us=1942 envelope=@J10000000001000000015455875|I421n900;
editbox_receipt monotonic_ns=580484189471902 received=150 consumed=150 revision=55
published_frame=307
published_frame=308
editbox_emit sequence=155 bytes=38 elapsed_us=1950 envelope=@J10000000001000000015533342|I421p900;
published_frame=309
published_frame=310
editbox_emit sequence=156 bytes=38 elapsed_us=2322 envelope=@J10000000001000000015610809|I421r900;
editbox_receipt monotonic_ns=580484256093240 received=153 consumed=153 revision=56
published_frame=311
published_frame=312
editbox_emit sequence=157 bytes=38 elapsed_us=2041 envelope=@J10000000001000000015753797|I421t900;
published_frame=313
editbox_receipt monotonic_ns=580484310611101 received=156 consumed=156 revision=57
published_frame=314
editbox_emit sequence=158 bytes=38 elapsed_us=2354 envelope=@J10000000001000000015831264|I421v900;
published_frame=315
published_frame=316
editbox_emit sequence=159 bytes=38 elapsed_us=2129 envelope=@J10000000001000000015908731|I421x900;
published_frame=317
published_frame=318
editbox_emit sequence=160 bytes=38 elapsed_us=2168 envelope=@J10000000001000000016064936|I421z900;
published_frame=319
published_frame=320
editbox_emit sequence=161 bytes=38 elapsed_us=2015 envelope=@J10000000001000000016142403|I421_900;
editbox_receipt monotonic_ns=580484422614417 received=159 consumed=159 revision=58
published_frame=321
published_frame=322
editbox_emit sequence=162 bytes=38 elapsed_us=1996 envelope=@J10000000001000000016212001|I421XA00;
published_frame=323
published_frame=324
editbox_emit sequence=163 bytes=38 elapsed_us=2388 envelope=@J10000000001000000016354989|I421ZA00;
published_frame=325
editbox_receipt monotonic_ns=580484510657725 received=162 consumed=162 revision=59
published_frame=326
editbox_emit sequence=164 bytes=38 elapsed_us=2032 envelope=@J10000000001000000016432456|I421bA00;
published_frame=327
published_frame=328
editbox_emit sequence=165 bytes=38 elapsed_us=2123 envelope=@J10000000001000000016509923|I421dA00;
event mono_ns=580484568861000 frame=330 held=16 pressed=16 released=0
published_frame=329
event mono_ns=580484574148000 frame=330 held=0 pressed=0 released=16
published_frame=330
editbox_emit sequence=166 bytes=44 elapsed_us=3066 envelope=@J10000000001000000016617580|I421fA0200G00G;
published_frame=331
editbox_receipt monotonic_ns=580484611668618 received=165 consumed=165 revision=60
published_frame=332
editbox_emit sequence=167 bytes=38 elapsed_us=2329 envelope=@J10000000001000000016730378|I421hA00;
published_frame=333
published_frame=334
editbox_emit sequence=168 bytes=38 elapsed_us=2637 envelope=@J10000000001000000016807845|I421jA00;
published_frame=335
published_frame=336
editbox_emit sequence=169 bytes=38 elapsed_us=2177 envelope=@J10000000001000000016950833|I421lA00;
published_frame=337
editbox_receipt monotonic_ns=580484709060959 received=168 consumed=168 revision=61
published_frame=338
editbox_emit sequence=170 bytes=38 elapsed_us=2025 envelope=@J10000000001000000017041517|I421nA00;
published_frame=339
published_frame=340
editbox_emit sequence=171 bytes=38 elapsed_us=2175 envelope=@J10000000001000000017118984|I421pA00;
published_frame=341
published_frame=342
editbox_emit sequence=172 bytes=38 elapsed_us=1974 envelope=@J10000000001000000017261972|I421rA00;
published_frame=343
editbox_receipt monotonic_ns=580484815774731 received=171 consumed=171 revision=62
published_frame=344
editbox_emit sequence=173 bytes=38 elapsed_us=2017 envelope=@J10000000001000000017339439|I421tA00;
published_frame=345
published_frame=346
editbox_emit sequence=174 bytes=38 elapsed_us=2156 envelope=@J10000000001000000017416906|I421vA00;
published_frame=347
published_frame=348
editbox_emit sequence=175 bytes=38 elapsed_us=2227 envelope=@J10000000001000000017559894|I421xA00;
published_frame=349
editbox_receipt monotonic_ns=580484913441856 received=174 consumed=174 revision=63
published_frame=350
editbox_emit sequence=176 bytes=38 elapsed_us=2143 envelope=@J10000000001000000017637361|I421zA00;
published_frame=351
published_frame=352
editbox_emit sequence=177 bytes=38 elapsed_us=2507 envelope=@J10000000001000000017714828|I421_A00;
published_frame=353
published_frame=354
editbox_emit sequence=178 bytes=38 elapsed_us=2149 envelope=@J10000000001000000017849947|I421XB00;
published_frame=355
editbox_receipt monotonic_ns=580485013818200 received=177 consumed=177 revision=64
published_frame=356
editbox_emit sequence=179 bytes=38 elapsed_us=2285 envelope=@J10000000001000000017927414|I421ZB00;
published_frame=357
published_frame=358
editbox_emit sequence=180 bytes=38 elapsed_us=2095 envelope=@J10000000001000000018018098|I421bB00;
published_frame=359
published_frame=360
editbox_emit sequence=181 bytes=38 elapsed_us=2390 envelope=@J10000000001000000018161086|I421dB00;
published_frame=361
published_frame=362
editbox_emit sequence=182 bytes=38 elapsed_us=1995 envelope=@J10000000001000000018238553|I421fB00;
published_frame=363
published_frame=364
editbox_emit sequence=183 bytes=38 elapsed_us=2693 envelope=@J10000000001000000018316020|I421hB00;
published_frame=365
published_frame=366
editbox_emit sequence=184 bytes=38 elapsed_us=2017 envelope=@J10000000001000000018459008|I421jB00;
editbox_receipt monotonic_ns=580485200511105 received=180 consumed=180 revision=65
published_frame=367
published_frame=368
editbox_emit sequence=185 bytes=38 elapsed_us=1998 envelope=@J10000000001000000018536475|I421lB00;
published_frame=369
published_frame=370
editbox_emit sequence=186 bytes=38 elapsed_us=2063 envelope=@J10000000001000000018613942|I421nB00;
editbox_receipt monotonic_ns=580485256118459 received=184 consumed=184 revision=66
published_frame=371
published_frame=372
editbox_emit sequence=187 bytes=38 elapsed_us=2232 envelope=@J10000000001000000018756930|I421pB00;
published_frame=373
published_frame=374
editbox_emit sequence=188 bytes=38 elapsed_us=2279 envelope=@J10000000001000000018834397|I421rB00;
editbox_receipt monotonic_ns=580485323739810 received=186 consumed=186 revision=67
event mono_ns=580485324678000 frame=375 held=32 pressed=32 released=0
event mono_ns=580485329994000 frame=375 held=0 pressed=0 released=32
published_frame=375
published_frame=376
editbox_emit sequence=189 bytes=44 elapsed_us=3054 envelope=@J10000000001000000018907169|I421tB200W00W0;
published_frame=377
published_frame=378
editbox_emit sequence=190 bytes=38 elapsed_us=2504 envelope=@J10000000001000000019002548|I421vB00;
published_frame=379
published_frame=380
editbox_emit sequence=191 bytes=38 elapsed_us=2188 envelope=@J10000000001000000019145536|I421xB00;
editbox_receipt monotonic_ns=580485422952072 received=190 consumed=190 revision=68
published_frame=381
published_frame=382
editbox_emit sequence=192 bytes=38 elapsed_us=1997 envelope=@J10000000001000000019223003|I421zB00;
published_frame=383
published_frame=384
editbox_emit sequence=193 bytes=38 elapsed_us=2229 envelope=@J10000000001000000019300470|I421_B00;
published_frame=385
published_frame=386
editbox_emit sequence=194 bytes=38 elapsed_us=2231 envelope=@J10000000001000000019435589|I421XC00;
editbox_receipt monotonic_ns=580485523555622 received=192 consumed=192 revision=69
published_frame=387
published_frame=388
editbox_emit sequence=195 bytes=38 elapsed_us=2015 envelope=@J10000000001000000019513056|I421ZC00;
published_frame=389
published_frame=390
editbox_emit sequence=196 bytes=38 elapsed_us=1978 envelope=@J10000000001000000019656044|I421bC00;
published_frame=391
published_frame=392
editbox_receipt monotonic_ns=580485619606117 received=195 consumed=195 revision=70
editbox_emit sequence=197 bytes=38 elapsed_us=1983 envelope=@J10000000001000000019733511|I421dC00;
published_frame=393
published_frame=394
editbox_emit sequence=198 bytes=38 elapsed_us=2385 envelope=@J10000000001000000019810978|I421fC00;
published_frame=395
published_frame=396
editbox_emit sequence=199 bytes=38 elapsed_us=2206 envelope=@J10000000001000000019953966|I421hC00;
published_frame=397
editbox_receipt monotonic_ns=580485716573702 received=198 consumed=198 revision=71
published_frame=398
editbox_emit sequence=200 bytes=38 elapsed_us=1986 envelope=@J10000000001000000020020546|I421jC00;
published_frame=399
published_frame=400
editbox_emit sequence=201 bytes=38 elapsed_us=2413 envelope=@J10000000001000000020163534|I421lC00;
published_frame=401
published_frame=402
editbox_emit sequence=202 bytes=38 elapsed_us=2188 envelope=@J10000000001000000020241001|I421nC00;
published_frame=403
editbox_receipt monotonic_ns=580485813649740 received=201 consumed=201 revision=72
published_frame=404
editbox_emit sequence=203 bytes=38 elapsed_us=2290 envelope=@J10000000001000000020318468|I421pC00;
published_frame=405
published_frame=406
editbox_emit sequence=204 bytes=38 elapsed_us=2128 envelope=@J10000000001000000020461456|I421rC00;
published_frame=407
published_frame=408
editbox_emit sequence=205 bytes=38 elapsed_us=2085 envelope=@J10000000001000000020538923|I421tC00;
published_frame=409
editbox_receipt monotonic_ns=580485902292431 received=204 consumed=204 revision=73
published_frame=410
editbox_emit sequence=206 bytes=38 elapsed_us=2511 envelope=@J10000000001000000020616390|I421vC00;
published_frame=411
published_frame=412
editbox_emit sequence=207 bytes=38 elapsed_us=2147 envelope=@J10000000001000000020759378|I421xC00;
published_frame=413
published_frame=414
editbox_emit sequence=208 bytes=38 elapsed_us=2086 envelope=@J10000000001000000020836845|I421zC00;
published_frame=415
editbox_receipt monotonic_ns=580486011328796 received=207 consumed=207 revision=74
published_frame=416
editbox_emit sequence=209 bytes=38 elapsed_us=2688 envelope=@J10000000001000000020914312|I421_C00;
published_frame=417
published_frame=418
editbox_emit sequence=210 bytes=38 elapsed_us=2354 envelope=@J10000000001000000021062648|I421XD00;
published_frame=419
event mono_ns=580486080323000 frame=420 held=64 pressed=64 released=0
event mono_ns=580486085502000 frame=421 held=0 pressed=0 released=64
published_frame=420
editbox_emit sequence=211 bytes=47 elapsed_us=2446 envelope=@J10000000001000000021119736|I421ZD03010010000;
published_frame=421
published_frame=422
editbox_emit sequence=212 bytes=44 elapsed_us=2397 envelope=@J10000000001000000021203991|I421bD20000100;
published_frame=423
published_frame=424
editbox_emit sequence=213 bytes=38 elapsed_us=2090 envelope=@J10000000001000000021360570|I421dD00;
published_frame=425
published_frame=426
editbox_emit sequence=214 bytes=38 elapsed_us=2051 envelope=@J10000000001000000021438037|I421fD00;
editbox_receipt monotonic_ns=580486200275606 received=210 consumed=210 revision=75
published_frame=427
published_frame=428
editbox_emit sequence=215 bytes=38 elapsed_us=2142 envelope=@J10000000001000000021515504|I421hD00;
published_frame=429
editbox_receipt monotonic_ns=580486244295872 received=214 consumed=214 revision=76
published_frame=430
editbox_emit sequence=216 bytes=38 elapsed_us=2274 envelope=@J10000000001000000021658492|I421jD00;
published_frame=431
published_frame=432
editbox_emit sequence=217 bytes=38 elapsed_us=1991 envelope=@J10000000001000000021735959|I421lD00;
published_frame=433
editbox_receipt monotonic_ns=580486311567628 received=216 consumed=216 revision=77
published_frame=434
editbox_emit sequence=218 bytes=38 elapsed_us=2059 envelope=@J10000000001000000021813426|I421nD00;
published_frame=435
published_frame=436
editbox_emit sequence=219 bytes=38 elapsed_us=2153 envelope=@J10000000001000000021956414|I421pD00;
published_frame=437
published_frame=438
editbox_emit sequence=220 bytes=38 elapsed_us=2578 envelope=@J10000000001000000022047098|I421rD00;
published_frame=439
published_frame=440
editbox_emit sequence=221 bytes=38 elapsed_us=2195 envelope=@J10000000001000000022124565|I421tD00;
editbox_receipt monotonic_ns=580486422748823 received=219 consumed=219 revision=78
published_frame=441
published_frame=442
editbox_emit sequence=222 bytes=38 elapsed_us=2070 envelope=@J10000000001000000022202032|I421vD00;
published_frame=443
published_frame=444
editbox_emit sequence=223 bytes=38 elapsed_us=2155 envelope=@J10000000001000000022345020|I421xD00;
published_frame=445
editbox_receipt monotonic_ns=580486510897729 received=222 consumed=222 revision=79
published_frame=446
editbox_emit sequence=224 bytes=38 elapsed_us=2123 envelope=@J10000000001000000022422487|I421zD00;
published_frame=447
published_frame=448
editbox_emit sequence=225 bytes=38 elapsed_us=2309 envelope=@J10000000001000000022565475|I421_D00;
published_frame=449
published_frame=450
editbox_emit sequence=226 bytes=38 elapsed_us=2117 envelope=@J10000000001000000022635073|I421XE00;
editbox_receipt monotonic_ns=580486600643799 received=225 consumed=225 revision=80
published_frame=451
published_frame=452
editbox_emit sequence=227 bytes=38 elapsed_us=2836 envelope=@J10000000001000000022712540|I421ZE00;
published_frame=453
published_frame=454
editbox_emit sequence=228 bytes=38 elapsed_us=2281 envelope=@J10000000001000000022855528|I421bE00;
published_frame=455
published_frame=456
editbox_emit sequence=229 bytes=38 elapsed_us=2195 envelope=@J10000000001000000022932995|I421dE00;
published_frame=457
editbox_receipt monotonic_ns=580486705183505 received=228 consumed=228 revision=81
published_frame=458
editbox_emit sequence=230 bytes=38 elapsed_us=3161 envelope=@J10000000001000000023023679|I421fE00;
published_frame=459
published_frame=460
editbox_emit sequence=231 bytes=38 elapsed_us=2116 envelope=@J10000000001000000023101146|I421hE00;
published_frame=461
published_frame=462
editbox_emit sequence=232 bytes=38 elapsed_us=2094 envelope=@J10000000001000000023244134|I421jE00;
published_frame=463
editbox_receipt monotonic_ns=580486815680067 received=231 consumed=231 revision=82
published_frame=464
editbox_emit sequence=233 bytes=38 elapsed_us=2317 envelope=@J10000000001000000023321601|I421lE00;
event mono_ns=580486835952000 frame=466 held=256 pressed=256 released=0
published_frame=465
event mono_ns=580486841258000 frame=466 held=0 pressed=0 released=256
published_frame=466
editbox_emit sequence=234 bytes=44 elapsed_us=2792 envelope=@J10000000001000000023434198|I421nE02040040;
published_frame=467
published_frame=468
editbox_emit sequence=235 bytes=38 elapsed_us=2040 envelope=@J10000000001000000023542056|I421pE00;
published_frame=469
editbox_receipt monotonic_ns=580486913170492 received=234 consumed=234 revision=83
published_frame=470
editbox_emit sequence=236 bytes=38 elapsed_us=2435 envelope=@J10000000001000000023619523|I421rE00;
published_frame=471
published_frame=472
editbox_emit sequence=237 bytes=38 elapsed_us=2207 envelope=@J10000000001000000023762511|I421tE00;
published_frame=473
published_frame=474
editbox_emit sequence=238 bytes=38 elapsed_us=2118 envelope=@J10000000001000000023839978|I421vE00;
published_frame=475
editbox_receipt monotonic_ns=580487012128677 received=237 consumed=237 revision=84
published_frame=476
editbox_emit sequence=239 bytes=38 elapsed_us=2183 envelope=@J10000000001000000023917445|I421xE00;
published_frame=477
published_frame=478
editbox_emit sequence=240 bytes=38 elapsed_us=2074 envelope=@J10000000001000000024008129|I421zE00;
published_frame=479
published_frame=480
editbox_emit sequence=241 bytes=38 elapsed_us=2811 envelope=@J10000000001000000024151117|I421_E00;
published_frame=481
published_frame=482
editbox_emit sequence=242 bytes=38 elapsed_us=2516 envelope=@J10000000001000000024220715|I421XF00;
published_frame=483
published_frame=484
editbox_emit sequence=243 bytes=38 elapsed_us=2283 envelope=@J10000000001000000024363703|I421ZF00;
published_frame=485
published_frame=486
editbox_emit sequence=244 bytes=38 elapsed_us=2339 envelope=@J10000000001000000024441170|I421bF00;
published_frame=487
editbox_receipt monotonic_ns=580487212512102 received=240 consumed=240 revision=85
published_frame=488
editbox_emit sequence=245 bytes=38 elapsed_us=2141 envelope=@J10000000001000000024518637|I421dF00;
published_frame=489
published_frame=490
editbox_emit sequence=246 bytes=38 elapsed_us=2185 envelope=@J10000000001000000024661625|I421fF00;
editbox_receipt monotonic_ns=580487256634680 received=244 consumed=244 revision=86
published_frame=491
published_frame=492
editbox_emit sequence=247 bytes=38 elapsed_us=2704 envelope=@J10000000001000000024739092|I421hF00;
published_frame=493
published_frame=494
editbox_emit sequence=248 bytes=38 elapsed_us=2934 envelope=@J10000000001000000024816559|I421jF00;
editbox_receipt monotonic_ns=580487326245391 received=246 consumed=246 revision=87
published_frame=495
published_frame=496
editbox_emit sequence=249 bytes=38 elapsed_us=2371 envelope=@J10000000001000000024959547|I421lF00;
published_frame=497
published_frame=498
editbox_emit sequence=250 bytes=38 elapsed_us=2255 envelope=@J10000000001000000025050231|I421nF00;
published_frame=499
published_frame=500
editbox_emit sequence=251 bytes=38 elapsed_us=2034 envelope=@J10000000001000000025127698|I421pF00;
editbox_receipt monotonic_ns=580487423461120 received=249 consumed=249 revision=88
published_frame=501
published_frame=502
editbox_emit sequence=252 bytes=38 elapsed_us=2010 envelope=@J10000000001000000025205165|I421rF00;
published_frame=503
published_frame=504
editbox_emit sequence=253 bytes=38 elapsed_us=2582 envelope=@J10000000001000000025348153|I421tF00;
published_frame=505
editbox_receipt monotonic_ns=580487517960158 received=252 consumed=252 revision=89
published_frame=506
editbox_emit sequence=254 bytes=38 elapsed_us=1998 envelope=@J10000000001000000025425620|I421vF00;
published_frame=507
published_frame=508
editbox_emit sequence=255 bytes=38 elapsed_us=2405 envelope=@J10000000001000000025503087|I421xF00;
published_frame=509
published_frame=510
editbox_emit sequence=256 bytes=38 elapsed_us=2053 envelope=@J10000000001000000025646075|I421zF00;
event mono_ns=580487591647000 frame=511 held=512 pressed=512 released=0
event mono_ns=580487596984000 frame=511 held=0 pressed=0 released=512
published_frame=511
editbox_receipt monotonic_ns=580487615379289 received=255 consumed=255 revision=90
published_frame=512
editbox_emit sequence=257 bytes=44 elapsed_us=2993 envelope=@J10000000001000000025755633|I421_F20800800;
published_frame=513
published_frame=514
editbox_emit sequence=258 bytes=38 elapsed_us=2174 envelope=@J10000000001000000025858661|I421XG00;
published_frame=515
published_frame=516
editbox_emit sequence=259 bytes=38 elapsed_us=2693 envelope=@J10000000001000000025936128|I421ZG00;
published_frame=517
editbox_receipt monotonic_ns=580487713885207 received=258 consumed=258 revision=91
published_frame=518
editbox_emit sequence=260 bytes=38 elapsed_us=1923 envelope=@J10000000001000000026026812|I421bG00;
published_frame=519
published_frame=520
editbox_emit sequence=261 bytes=38 elapsed_us=2130 envelope=@J10000000001000000026104279|I421dG00;
published_frame=521
published_frame=522
editbox_emit sequence=262 bytes=38 elapsed_us=2156 envelope=@J10000000001000000026247267|I421fG00;
published_frame=523
editbox_receipt monotonic_ns=580487803579059 received=261 consumed=261 revision=92
published_frame=524
editbox_emit sequence=263 bytes=38 elapsed_us=2341 envelope=@J10000000001000000026324734|I421hG00;
published_frame=525
published_frame=526
editbox_emit sequence=264 bytes=38 elapsed_us=2422 envelope=@J10000000001000000026402201|I421jG00;
published_frame=527
published_frame=528
editbox_emit sequence=265 bytes=38 elapsed_us=2203 envelope=@J10000000001000000026545189|I421lG00;
published_frame=529
editbox_receipt monotonic_ns=580487913103308 received=264 consumed=264 revision=93
published_frame=530
editbox_emit sequence=266 bytes=38 elapsed_us=2138 envelope=@J10000000001000000026622656|I421nG00;
published_frame=531
published_frame=532
editbox_emit sequence=267 bytes=38 elapsed_us=2041 envelope=@J10000000001000000026700123|I421pG00;
published_frame=533
published_frame=534
editbox_emit sequence=268 bytes=38 elapsed_us=2638 envelope=@J10000000001000000026843111|I421rG00;
published_frame=535
editbox_receipt monotonic_ns=580488013263857 received=267 consumed=267 revision=94
published_frame=536
editbox_emit sequence=269 bytes=38 elapsed_us=2406 envelope=@J10000000001000000026920578|I421tG00;
published_frame=537
published_frame=538
editbox_emit sequence=270 bytes=38 elapsed_us=2131 envelope=@J10000000001000000027011262|I421vG00;
published_frame=539
published_frame=540
editbox_emit sequence=271 bytes=38 elapsed_us=2244 envelope=@J10000000001000000027154250|I421xG00;
published_frame=541
published_frame=542
editbox_emit sequence=272 bytes=38 elapsed_us=2281 envelope=@J10000000001000000027231717|I421zG00;
published_frame=543
published_frame=544
editbox_emit sequence=273 bytes=38 elapsed_us=2226 envelope=@J10000000001000000027309184|I421_G00;
published_frame=545
published_frame=546
editbox_emit sequence=274 bytes=38 elapsed_us=2215 envelope=@J10000000001000000027444303|I421XH00;
editbox_receipt monotonic_ns=580488189661145 received=270 consumed=270 revision=95
published_frame=547
published_frame=548
editbox_emit sequence=275 bytes=38 elapsed_us=2147 envelope=@J10000000001000000027521770|I421ZH00;
published_frame=549
published_frame=550
editbox_emit sequence=276 bytes=38 elapsed_us=2026 envelope=@J10000000001000000027664758|I421bH00;
editbox_receipt monotonic_ns=580488255707174 received=273 consumed=273 revision=96
published_frame=551
published_frame=552
editbox_emit sequence=277 bytes=38 elapsed_us=2024 envelope=@J10000000001000000027742225|I421dH00;
published_frame=553
published_frame=554
editbox_emit sequence=278 bytes=38 elapsed_us=2064 envelope=@J10000000001000000027819692|I421fH00;
editbox_receipt monotonic_ns=580488323359794 received=276 consumed=276 revision=97
published_frame=555
event mono_ns=580488347341000 frame=556 held=128 pressed=128 released=0
event mono_ns=580488352626000 frame=557 held=0 pressed=0 released=128
published_frame=556
editbox_emit sequence=279 bytes=47 elapsed_us=2393 envelope=@J10000000001000000027931752|I421hH03020020000;
published_frame=557
published_frame=558
editbox_emit sequence=280 bytes=44 elapsed_us=2360 envelope=@J10000000001000000028038282|I421jH20000200;
published_frame=559
published_frame=560
editbox_emit sequence=281 bytes=38 elapsed_us=2229 envelope=@J10000000001000000028130831|I421lH00;
editbox_receipt monotonic_ns=580488423132216 received=279 consumed=279 revision=98
published_frame=561
published_frame=562
editbox_emit sequence=282 bytes=38 elapsed_us=2037 envelope=@J10000000001000000028208298|I421nH00;
published_frame=563
published_frame=564
editbox_emit sequence=283 bytes=38 elapsed_us=2034 envelope=@J10000000001000000028351286|I421pH00;
published_frame=565
editbox_receipt monotonic_ns=580488510601919 received=282 consumed=282 revision=99
published_frame=566
editbox_emit sequence=284 bytes=38 elapsed_us=2101 envelope=@J10000000001000000028428753|I421rH00;
published_frame=567
published_frame=568
editbox_emit sequence=285 bytes=38 elapsed_us=2006 envelope=@J10000000001000000028506220|I421tH00;
published_frame=569
published_frame=570
editbox_emit sequence=286 bytes=38 elapsed_us=2341 envelope=@J10000000001000000028649208|I421vH00;
published_frame=571
editbox_receipt monotonic_ns=580488611509237 received=285 consumed=285 revision=100
published_frame=572
editbox_emit sequence=287 bytes=38 elapsed_us=2351 envelope=@J10000000001000000028726675|I421xH00;
published_frame=573
published_frame=574
editbox_emit sequence=288 bytes=38 elapsed_us=2414 envelope=@J10000000001000000028804142|I421zH00;
published_frame=575
published_frame=576
editbox_emit sequence=289 bytes=38 elapsed_us=3579 envelope=@J10000000001000000028947130|I421_H00;
published_frame=577
published_frame=578
editbox_emit sequence=290 bytes=38 elapsed_us=2107 envelope=@J10000000001000000029029945|I421XI00;
editbox_receipt monotonic_ns=580488723032574 received=288 consumed=288 revision=101
published_frame=579
published_frame=580
editbox_emit sequence=291 bytes=38 elapsed_us=2146 envelope=@J10000000001000000029107412|I421ZI00;
published_frame=581
published_frame=582
editbox_emit sequence=292 bytes=38 elapsed_us=2115 envelope=@J10000000001000000029250400|I421bI00;
published_frame=583
editbox_receipt monotonic_ns=580488811276057 received=291 consumed=291 revision=102
published_frame=584
editbox_emit sequence=293 bytes=38 elapsed_us=2839 envelope=@J10000000001000000029327867|I421dI00;
published_frame=585
published_frame=586
editbox_emit sequence=294 bytes=38 elapsed_us=2037 envelope=@J10000000001000000029405334|I421fI00;
published_frame=587
published_frame=588
editbox_emit sequence=295 bytes=38 elapsed_us=2023 envelope=@J10000000001000000029548322|I421hI00;
published_frame=589
editbox_receipt monotonic_ns=580488911221332 received=294 consumed=294 revision=103
published_frame=590
editbox_emit sequence=296 bytes=38 elapsed_us=2338 envelope=@J10000000001000000029625789|I421jI00;
published_frame=591
published_frame=592
editbox_emit sequence=297 bytes=38 elapsed_us=2012 envelope=@J10000000001000000029703256|I421lI00;
published_frame=593
published_frame=594
editbox_emit sequence=298 bytes=38 elapsed_us=2111 envelope=@J10000000001000000029846244|I421nI00;
published_frame=595
editbox_receipt monotonic_ns=580489011384326 received=297 consumed=297 revision=104
published_frame=596
editbox_emit sequence=299 bytes=38 elapsed_us=2194 envelope=@J10000000001000000029923711|I421pI00;
published_frame=597
published_frame=598
editbox_emit sequence=300 bytes=38 elapsed_us=2457 envelope=@J10000000001000000030055812|I421rI00;
published_frame=599
published_frame=600
editbox_emit sequence=301 bytes=38 elapsed_us=2078 envelope=@J10000000001000000030133279|I421tI00;
event mono_ns=580489102971000 frame=602 held=16384 pressed=16384 released=0
published_frame=601
event mono_ns=580489108249000 frame=602 held=0 pressed=0 released=16384
published_frame=602
editbox_emit sequence=302 bytes=44 elapsed_us=2340 envelope=@J10000000001000000030202844|I421vI02400400;
published_frame=603
published_frame=604
editbox_emit sequence=303 bytes=38 elapsed_us=2245 envelope=@J10000000001000000030353734|I421xI00;
published_frame=605
published_frame=606
editbox_emit sequence=304 bytes=38 elapsed_us=2068 envelope=@J10000000001000000030431201|I421zI00;
editbox_receipt monotonic_ns=580489190855526 received=300 consumed=300 revision=105
published_frame=607
published_frame=608
editbox_emit sequence=305 bytes=38 elapsed_us=2311 envelope=@J10000000001000000030508668|I421_I00;
editbox_receipt monotonic_ns=580489223558931 received=303 consumed=303 revision=106
published_frame=609
published_frame=610
editbox_emit sequence=306 bytes=38 elapsed_us=2339 envelope=@J10000000001000000030643787|I421XJ00;
published_frame=611
published_frame=612
editbox_emit sequence=307 bytes=38 elapsed_us=1901 envelope=@J10000000001000000030721254|I421ZJ00;
published_frame=613
published_frame=614
editbox_emit sequence=308 bytes=38 elapsed_us=2154 envelope=@J10000000001000000030864242|I421bJ00;
editbox_receipt monotonic_ns=580489322827368 received=306 consumed=306 revision=107
published_frame=615
published_frame=616
editbox_emit sequence=309 bytes=38 elapsed_us=2072 envelope=@J10000000001000000030941709|I421dJ00;
published_frame=617
published_frame=618
editbox_emit sequence=310 bytes=38 elapsed_us=2257 envelope=@J10000000001000000031032393|I421fJ00;
published_frame=619
published_frame=620
editbox_emit sequence=311 bytes=38 elapsed_us=2114 envelope=@J10000000001000000031109860|I421hJ00;
editbox_receipt monotonic_ns=580489424477128 received=309 consumed=309 revision=108
published_frame=621
published_frame=622
editbox_emit sequence=312 bytes=38 elapsed_us=2025 envelope=@J10000000001000000031252848|I421jJ00;
published_frame=623
published_frame=624
editbox_emit sequence=313 bytes=38 elapsed_us=2132 envelope=@J10000000001000000031330315|I421lJ00;
published_frame=625
editbox_receipt monotonic_ns=580489510944753 received=312 consumed=312 revision=109
published_frame=626
editbox_emit sequence=314 bytes=38 elapsed_us=2509 envelope=@J10000000001000000031407782|I421nJ00;
published_frame=627
published_frame=628
editbox_emit sequence=315 bytes=38 elapsed_us=2206 envelope=@J10000000001000000031550770|I421pJ00;
published_frame=629
published_frame=630
editbox_emit sequence=316 bytes=38 elapsed_us=1999 envelope=@J10000000001000000031628237|I421rJ00;
editbox_receipt monotonic_ns=580489601212600 received=315 consumed=315 revision=110
published_frame=631
published_frame=632
editbox_emit sequence=317 bytes=38 elapsed_us=2343 envelope=@J10000000001000000031705704|I421tJ00;
published_frame=633
published_frame=634
editbox_emit sequence=318 bytes=38 elapsed_us=2043 envelope=@J10000000001000000031848692|I421vJ00;
published_frame=635
published_frame=636
editbox_emit sequence=319 bytes=38 elapsed_us=2013 envelope=@J10000000001000000031926159|I421xJ00;
published_frame=637
editbox_receipt monotonic_ns=580489712228305 received=318 consumed=318 revision=111
published_frame=638
editbox_emit sequence=320 bytes=38 elapsed_us=2157 envelope=@J10000000001000000032016843|I421zJ00;
published_frame=639
published_frame=640
editbox_emit sequence=321 bytes=38 elapsed_us=2119 envelope=@J10000000001000000032159831|I421_J00;
published_frame=641
published_frame=642
editbox_emit sequence=322 bytes=38 elapsed_us=2112 envelope=@J10000000001000000032229429|I421XK00;
editbox_receipt monotonic_ns=580489800524507 received=321 consumed=321 revision=112
published_frame=643
published_frame=644
editbox_emit sequence=323 bytes=38 elapsed_us=2530 envelope=@J10000000001000000032306896|I421ZK00;
published_frame=645
published_frame=646
editbox_emit sequence=324 bytes=38 elapsed_us=2274 envelope=@J10000000001000000032449884|I421bK00;
event mono_ns=580489858487000 frame=647 held=1 pressed=1 released=0
event mono_ns=580489863695000 frame=647 held=0 pressed=0 released=1
published_frame=647
published_frame=648
editbox_emit sequence=325 bytes=49 elapsed_us=2747 envelope=@J10000000001000000032523413|I421dKo0010011H03_0;
published_frame=649
event mono_ns=580489908986000 frame=650 held=2 pressed=2 released=0
event mono_ns=580489914224000 frame=650 held=0 pressed=0 released=2
published_frame=650
editbox_emit sequence=326 bytes=49 elapsed_us=2924 envelope=@J10000000001000000032645183|I421fK0o0020022Y07-;
editbox_receipt monotonic_ns=580489923582412 received=324 consumed=324 revision=113
published_frame=651
published_frame=652
editbox_emit sequence=327 bytes=38 elapsed_us=2161 envelope=@J10000000001000000032747806|I421hK00;
event mono_ns=580489959470000 frame=653 held=4 pressed=4 released=0
event mono_ns=580489964671000 frame=653 held=0 pressed=0 released=4
published_frame=653
published_frame=654
editbox_emit sequence=328 bytes=49 elapsed_us=2653 envelope=@J10000000001000000032842678|I421jKo004004FC0010;
published_frame=655
event mono_ns=580490010153000 frame=656 held=24 pressed=24 released=0
editbox_receipt monotonic_ns=580490012343586 received=327 consumed=327 revision=114
event mono_ns=580490015486000 frame=656 held=0 pressed=0 released=24
published_frame=656
editbox_emit sequence=329 bytes=49 elapsed_us=2554 envelope=@J10000000001000000032935785|I421lK0o00O00OUO002;
published_frame=657
published_frame=658
editbox_emit sequence=330 bytes=38 elapsed_us=2142 envelope=@J10000000001000000033058945|I421nK00;
event mono_ns=580490060942000 frame=659 held=16 pressed=16 released=0
event mono_ns=580490066238000 frame=659 held=0 pressed=0 released=16
published_frame=659
published_frame=660
editbox_emit sequence=331 bytes=44 elapsed_us=2403 envelope=@J10000000001000000033138420|I421pK200G00G0;
published_frame=661
event mono_ns=580490111477000 frame=662 held=16 pressed=16 released=0
event mono_ns=580490116704000 frame=662 held=0 pressed=0 released=16
published_frame=662
editbox_emit sequence=332 bytes=44 elapsed_us=2473 envelope=@J10000000001000000033233205|I421rK0200G00G;
published_frame=663
published_frame=664
editbox_emit sequence=333 bytes=38 elapsed_us=1999 envelope=@J10000000001000000033356867|I421tK00;
event mono_ns=580490161986000 frame=665 held=32 pressed=32 released=0
event mono_ns=580490167278000 frame=665 held=0 pressed=0 released=32
published_frame=665
editbox_receipt monotonic_ns=580490176267355 received=330 consumed=330 revision=115
published_frame=666
editbox_emit sequence=334 bytes=44 elapsed_us=2819 envelope=@J10000000001000000033453284|I421vK200W00W0;
published_frame=667
event mono_ns=580490212632000 frame=668 held=64 pressed=64 released=0
event mono_ns=580490217863000 frame=668 held=0 pressed=0 released=64
published_frame=668
editbox_emit sequence=335 bytes=44 elapsed_us=2378 envelope=@J10000000001000000033520387|I421xK02010010;
published_frame=669
published_frame=670
editbox_emit sequence=336 bytes=38 elapsed_us=2307 envelope=@J10000000001000000033654789|I421zK00;
event mono_ns=580490263158000 frame=671 held=256 pressed=256 released=0
event mono_ns=580490268364000 frame=671 held=0 pressed=0 released=256
published_frame=671
editbox_receipt monotonic_ns=580490277782132 received=334 consumed=334 revision=116
published_frame=672
editbox_emit sequence=337 bytes=44 elapsed_us=2786 envelope=@J10000000001000000033749123|I421_K20400400;
published_frame=673
event mono_ns=580490313783000 frame=674 held=512 pressed=512 released=0
event mono_ns=580490318947000 frame=675 held=0 pressed=0 released=512
published_frame=674
editbox_emit sequence=338 bytes=50 elapsed_us=3290 envelope=@J10000000001000000033835931|I421XL0B08008000003_;
published_frame=675
editbox_receipt monotonic_ns=580490336339986 received=337 consumed=337 revision=117
published_frame=676
editbox_emit sequence=339 bytes=44 elapsed_us=2520 envelope=@J10000000001000000033933607|I421ZL20000800;
event mono_ns=580490364154000 frame=677 held=128 pressed=128 released=0
published_frame=677
event mono_ns=580490369365000 frame=678 held=0 pressed=0 released=128
published_frame=678
editbox_emit sequence=340 bytes=53 elapsed_us=2778 envelope=@J10000000001000000034031827|I421bL30200200002000020;
published_frame=679
event mono_ns=580490414788000 frame=680 held=16384 pressed=16384 released=0
published_frame=680
editbox_emit sequence=341 bytes=47 elapsed_us=2483 envelope=@J10000000001000000034150934|I421dL03400400000;
event mono_ns=580490420112000 frame=681 held=0 pressed=0 released=16384
editbox_receipt monotonic_ns=580490424513789 received=339 consumed=339 revision=118
published_frame=681
published_frame=682
editbox_emit sequence=342 bytes=44 elapsed_us=2178 envelope=@J10000000001000000034263070|I421fL20004000;
event mono_ns=580490465679000 frame=683 held=32 pressed=32 released=0
event mono_ns=580490465712000 frame=683 held=96 pressed=64 released=0
published_frame=683
event mono_ns=580490470824000 frame=684 held=64 pressed=0 released=32
event mono_ns=580490471046000 frame=684 held=0 pressed=0 released=64
published_frame=684
editbox_emit sequence=343 bytes=53 elapsed_us=2989 envelope=@J10000000001000000034345781|I421hL301W01W000200001W;
published_frame=685
event mono_ns=580490516351000 frame=686 held=1 pressed=1 released=0
published_frame=686
editbox_emit sequence=344 bytes=55 elapsed_us=3677 envelope=@J10000000001000000034430218|I421jL0t001001000Fm31H03_;
event mono_ns=580490521565000 frame=687 held=0 pressed=0 released=1
published_frame=687
editbox_receipt monotonic_ns=580490548868194 received=342 consumed=342 revision=119
published_frame=688
editbox_emit sequence=345 bytes=44 elapsed_us=2362 envelope=@J10000000001000000034500080|I421lL20000010;
event mono_ns=580490567012000 frame=689 held=2 pressed=2 released=0
published_frame=689
event mono_ns=580490572253000 frame=690 held=0 pressed=0 released=2
published_frame=690
editbox_emit sequence=346 bytes=61 elapsed_us=3605 envelope=@J10000000001000000034631709|I421nLt002002000Fq22Y07-2000002;
published_frame=691
event mono_ns=580490617545000 frame=692 held=4 pressed=4 released=0
published_frame=692
editbox_emit sequence=347 bytes=55 elapsed_us=2769 envelope=@J10000000001000000034727960|I421pL0t00400400003zFC001;
event mono_ns=580490622774000 frame=693 held=0 pressed=0 released=4
editbox_receipt monotonic_ns=580490625061933 received=346 consumed=346 revision=120
published_frame=693
published_frame=694
editbox_emit sequence=348 bytes=44 elapsed_us=2802 envelope=@J10000000001000000034828352|I421rL20000040;
event mono_ns=580490668031000 frame=695 held=24 pressed=24 released=0
published_frame=695
event mono_ns=580490673235000 frame=696 held=0 pressed=0 released=24
published_frame=696
editbox_emit sequence=349 bytes=61 elapsed_us=3687 envelope=@J10000000001000000034932293|I421tLt00O00O00003-UO002200000O;
published_frame=697
event mono_ns=580490718477000 frame=698 held=16 pressed=16 released=0
published_frame=698
editbox_emit sequence=350 bytes=47 elapsed_us=2618 envelope=@J10000000001000000035017970|I421vL0300G00G000;
event mono_ns=580490723644000 frame=699 held=0 pressed=0 released=16
editbox_receipt monotonic_ns=580490734681320 received=349 consumed=349 revision=121
published_frame=699
published_frame=700
editbox_emit sequence=351 bytes=44 elapsed_us=2320 envelope=@J10000000001000000035115428|I421xL200000G0;
event mono_ns=580490768921000 frame=702 held=16 pressed=16 released=0
published_frame=701
event mono_ns=580490774148000 frame=702 held=0 pressed=0 released=16
published_frame=702
editbox_emit sequence=352 bytes=44 elapsed_us=2426 envelope=@J10000000001000000035259063|I421zL0200G00G;
published_frame=703
event mono_ns=580490819521000 frame=705 held=32 pressed=32 released=0
published_frame=704
editbox_emit sequence=353 bytes=38 elapsed_us=2378 envelope=@J10000000001000000035317898|I421_L00;
event mono_ns=580490824818000 frame=705 held=0 pressed=0 released=32
published_frame=705
editbox_receipt monotonic_ns=580490840951581 received=351 consumed=351 revision=122
published_frame=706
editbox_emit sequence=354 bytes=44 elapsed_us=2693 envelope=@J10000000001000000035408450|I421XM200W00W0;
published_frame=707
event mono_ns=580490870054000 frame=708 held=64 pressed=64 released=0
event mono_ns=580490875297000 frame=708 held=0 pressed=0 released=64
published_frame=708
editbox_emit sequence=355 bytes=44 elapsed_us=2256 envelope=@J10000000001000000035541074|I421ZM02010010;
published_frame=709
published_frame=710
editbox_emit sequence=356 bytes=38 elapsed_us=2470 envelope=@J10000000001000000035607951|I421bM00;
event mono_ns=580490920500000 frame=711 held=256 pressed=256 released=0
event mono_ns=580490925681000 frame=711 held=0 pressed=0 released=256
published_frame=711
editbox_receipt monotonic_ns=580490936220912 received=355 consumed=355 revision=123
published_frame=712
editbox_emit sequence=357 bytes=44 elapsed_us=3567 envelope=@J10000000001000000035704289|I421dM20400400;
published_frame=713
event mono_ns=580490970982000 frame=714 held=512 pressed=512 released=0
event mono_ns=580490976225000 frame=714 held=0 pressed=0 released=512
published_frame=714
editbox_emit sequence=358 bytes=44 elapsed_us=2407 envelope=@J10000000001000000035834391|I421fM02080080;
published_frame=715
published_frame=716
editbox_emit sequence=359 bytes=38 elapsed_us=1981 envelope=@J10000000001000000035905873|I421hM00;
event mono_ns=580491021541000 frame=717 held=128 pressed=128 released=0
event mono_ns=580491026798000 frame=717 held=0 pressed=0 released=128
published_frame=717
editbox_receipt monotonic_ns=580491038570614 received=358 consumed=358 revision=124
published_frame=718
editbox_emit sequence=360 bytes=44 elapsed_us=2574 envelope=@J10000000001000000036016848|I421jM20200200;
published_frame=719
event mono_ns=580491072064000 frame=720 held=16384 pressed=16384 released=0
event mono_ns=580491077326000 frame=720 held=0 pressed=0 released=16384
published_frame=720
editbox_emit sequence=361 bytes=44 elapsed_us=2290 envelope=@J10000000001000000036100553|I421lM02400400;
published_frame=721
published_frame=722
editbox_emit sequence=362 bytes=38 elapsed_us=2106 envelope=@J10000000001000000036217012|I421nM00;
event mono_ns=580491122604000 frame=723 held=32 pressed=32 released=0
event mono_ns=580491122676000 frame=723 held=96 pressed=64 released=0
event mono_ns=580491127853000 frame=723 held=64 pressed=0 released=32
event mono_ns=580491127897000 frame=723 held=0 pressed=0 released=64
published_frame=723
published_frame=724
editbox_emit sequence=363 bytes=44 elapsed_us=2556 envelope=@J10000000001000000036300544|I421pM201W01W0;
published_frame=725
event mono_ns=580491173140000 frame=726 held=1 pressed=1 released=0
event mono_ns=580491178398000 frame=726 held=0 pressed=0 released=1
published_frame=726
editbox_emit sequence=364 bytes=49 elapsed_us=2653 envelope=@J10000000001000000036462132|I421rM0o0010011H03_;
editbox_receipt monotonic_ns=580491190626189 received=360 consumed=360 revision=125
published_frame=727
published_frame=728
editbox_emit sequence=365 bytes=38 elapsed_us=2034 envelope=@J10000000001000000036514934|I421tM00;
event mono_ns=580491223650000 frame=729 held=2 pressed=2 released=0
event mono_ns=580491228769000 frame=729 held=0 pressed=0 released=2
published_frame=729
published_frame=730
editbox_emit sequence=366 bytes=49 elapsed_us=2557 envelope=@J10000000001000000036652389|I421vMo0020022Y07-0;
published_frame=731
event mono_ns=580491274018000 frame=732 held=4 pressed=4 released=0
event mono_ns=580491279288000 frame=732 held=0 pressed=0 released=4
published_frame=732
editbox_emit sequence=367 bytes=49 elapsed_us=2841 envelope=@J10000000001000000036716121|I421xM0o004004FC001;
editbox_receipt monotonic_ns=580491301199886 received=365 consumed=365 revision=126
published_frame=733
published_frame=734
editbox_emit sequence=368 bytes=38 elapsed_us=2288 envelope=@J10000000001000000036812856|I421zM00;
event mono_ns=580491324516000 frame=735 held=24 pressed=24 released=0
event mono_ns=580491329765000 frame=735 held=0 pressed=0 released=24
published_frame=735
published_frame=736
editbox_emit sequence=369 bytes=49 elapsed_us=3503 envelope=@J10000000001000000036923056|I421_Mo00O00OUO0020;
published_frame=737
event mono_ns=580491375098000 frame=738 held=16 pressed=16 released=0
event mono_ns=580491380388000 frame=738 held=0 pressed=0 released=16
published_frame=738
editbox_emit sequence=370 bytes=44 elapsed_us=2699 envelope=@J10000000001000000037061404|I421XN0200G00G;
editbox_receipt monotonic_ns=580491391996715 received=369 consumed=367 revision=127
published_frame=739
published_frame=740
editbox_emit sequence=371 bytes=38 elapsed_us=2102 envelope=@J10000000001000000037116126|I421ZN00;
event mono_ns=580491425780000 frame=741 held=16 pressed=16 released=0
event mono_ns=580491430949000 frame=741 held=0 pressed=0 released=16
published_frame=741
published_frame=742
editbox_emit sequence=372 bytes=44 elapsed_us=3253 envelope=@J10000000001000000037228617|I421bN200G00G0;
published_frame=743
event mono_ns=580491476290000 frame=744 held=32 pressed=32 released=0
editbox_receipt monotonic_ns=580491480276736 received=369 consumed=369 revision=128
event mono_ns=580491481614000 frame=744 held=0 pressed=0 released=32
published_frame=744
editbox_emit sequence=373 bytes=44 elapsed_us=2747 envelope=@J10000000001000000037358853|I421dN0200W00W;
published_frame=745
published_frame=746
editbox_emit sequence=374 bytes=38 elapsed_us=2098 envelope=@J10000000001000000037414048|I421fN00;
event mono_ns=580491526977000 frame=747 held=64 pressed=64 released=0
event mono_ns=580491532238000 frame=747 held=0 pressed=0 released=64
published_frame=747
editbox_receipt monotonic_ns=580491544953719 received=372 consumed=372 revision=129
published_frame=748
editbox_emit sequence=375 bytes=44 elapsed_us=2412 envelope=@J10000000001000000037521783|I421hN20100100;
published_frame=749
event mono_ns=580491577453000 frame=750 held=256 pressed=256 released=0
event mono_ns=580491582684000 frame=750 held=0 pressed=0 released=256
published_frame=750
editbox_emit sequence=376 bytes=44 elapsed_us=2390 envelope=@J10000000001000000037661447|I421jN02040040;
published_frame=751
published_frame=752
editbox_emit sequence=377 bytes=38 elapsed_us=2154 envelope=@J10000000001000000037711970|I421lN00;
event mono_ns=580491627944000 frame=753 held=512 pressed=512 released=0
event mono_ns=580491633243000 frame=753 held=0 pressed=0 released=512
published_frame=753
published_frame=754
editbox_emit sequence=378 bytes=44 elapsed_us=2225 envelope=@J10000000001000000037847851|I421nN20800800;
editbox_receipt monotonic_ns=580491656544301 received=376 consumed=376 revision=130
published_frame=755
event mono_ns=580491678703000 frame=756 held=128 pressed=128 released=0
event mono_ns=580491683834000 frame=756 held=0 pressed=0 released=128
published_frame=756
editbox_emit sequence=379 bytes=44 elapsed_us=2195 envelope=@J10000000001000000037933217|I421pN02020020;
published_frame=757
published_frame=758
editbox_emit sequence=380 bytes=38 elapsed_us=2000 envelope=@J10000000001000000038023109|I421rN00;
event mono_ns=580491729286000 frame=759 held=16384 pressed=16384 released=0
editbox_receipt monotonic_ns=580491733323527 received=379 consumed=379 revision=131
event mono_ns=580491734557000 frame=759 held=0 pressed=0 released=16384
published_frame=759
published_frame=760
editbox_emit sequence=381 bytes=44 elapsed_us=2424 envelope=@J10000000001000000038159462|I421tN24004000;
published_frame=761
event mono_ns=580491779838000 frame=762 held=32 pressed=32 released=0
event mono_ns=580491780172000 frame=762 held=96 pressed=64 released=0
event mono_ns=580491785359000 frame=763 held=64 pressed=0 released=32
event mono_ns=580491785455000 frame=763 held=0 pressed=0 released=64
published_frame=762
editbox_emit sequence=382 bytes=47 elapsed_us=2599 envelope=@J10000000001000000038254641|I421vN0301W01W000;
published_frame=763
editbox_receipt monotonic_ns=580491811762474 received=381 consumed=381 revision=132
published_frame=764
editbox_emit sequence=383 bytes=44 elapsed_us=2480 envelope=@J10000000001000000038338711|I421xN200001W0;
event mono_ns=580491830693000 frame=765 held=1 pressed=1 released=0
published_frame=765
event mono_ns=580491835925000 frame=766 held=0 pressed=0 released=1
published_frame=766
editbox_emit sequence=384 bytes=61 elapsed_us=3125 envelope=@J10000000001000000038409616|I421zNt001001000Fm31H03_2000001;
published_frame=767
event mono_ns=580491881194000 frame=768 held=2 pressed=2 released=0
published_frame=768
editbox_emit sequence=385 bytes=55 elapsed_us=3281 envelope=@J10000000001000000038559143|I421_N0t002002000Fq22Y07-;
event mono_ns=580491886528000 frame=769 held=0 pressed=0 released=2
published_frame=769
published_frame=770
editbox_emit sequence=386 bytes=44 elapsed_us=2331 envelope=@J10000000001000000038656049|I421XO20000020;
event mono_ns=580491931870000 frame=771 held=4 pressed=4 released=0
editbox_receipt monotonic_ns=580491933355433 received=384 consumed=384 revision=133
published_frame=771
event mono_ns=580491937079000 frame=772 held=0 pressed=0 released=4
published_frame=772
editbox_emit sequence=387 bytes=61 elapsed_us=3273 envelope=@J10000000001000000038740026|I421ZOt00400400003zFC0012000004;
published_frame=773
event mono_ns=580491982376000 frame=774 held=24 pressed=24 released=0
published_frame=774
editbox_emit sequence=388 bytes=55 elapsed_us=3523 envelope=@J10000000001000000038817675|I421bO0t00O00O00003-UO002;
event mono_ns=580491987646000 frame=775 held=0 pressed=0 released=24
published_frame=775
published_frame=776
editbox_emit sequence=389 bytes=44 elapsed_us=2548 envelope=@J10000000001000000038923569|I421dO200000O0;
event mono_ns=580492032985000 frame=777 held=16 pressed=16 released=0
editbox_receipt monotonic_ns=580492034455283 received=387 consumed=387 revision=134
published_frame=777
event mono_ns=580492038197000 frame=778 held=0 pressed=0 released=16
published_frame=778
editbox_emit sequence=390 bytes=53 elapsed_us=3450 envelope=@J10000000001000000039037461|I421fO300G00G000200000G;
published_frame=779
event mono_ns=580492083485000 frame=780 held=16 pressed=16 released=0
published_frame=780
editbox_emit sequence=391 bytes=47 elapsed_us=2768 envelope=@J10000000001000000039131695|I421hO0300G00G000;
event mono_ns=580492088742000 frame=781 held=0 pressed=0 released=16
published_frame=781
published_frame=782
editbox_emit sequence=392 bytes=44 elapsed_us=2306 envelope=@J10000000001000000039205625|I421jO200000G0;
event mono_ns=580492134098000 frame=783 held=32 pressed=32 released=0
published_frame=783
event mono_ns=580492139357000 frame=784 held=0 pressed=0 released=32
published_frame=784
editbox_emit sequence=393 bytes=53 elapsed_us=2860 envelope=@J10000000001000000039360692|I421lO300W00W000200000W;
published_frame=785
event mono_ns=580492184715000 frame=786 held=64 pressed=64 released=0
published_frame=786
editbox_emit sequence=394 bytes=47 elapsed_us=2294 envelope=@J10000000001000000039438994|I421nO03010010000;
event mono_ns=580492189974000 frame=787 held=0 pressed=0 released=64
published_frame=787
published_frame=788
editbox_emit sequence=395 bytes=44 elapsed_us=2235 envelope=@J10000000001000000039526608|I421pO20000100;
event mono_ns=580492235391000 frame=790 held=256 pressed=256 released=0
published_frame=789
event mono_ns=580492240586000 frame=790 held=0 pressed=0 released=256
editbox_receipt monotonic_ns=580492244792003 received=390 consumed=390 revision=135
published_frame=790
editbox_emit sequence=396 bytes=44 elapsed_us=2281 envelope=@J10000000001000000039621784|I421rO02040040;
published_frame=791
event mono_ns=580492285846000 frame=793 held=512 pressed=512 released=0
published_frame=792
editbox_emit sequence=397 bytes=38 elapsed_us=2516 envelope=@J10000000001000000039738522|I421tO00;
event mono_ns=580492291139000 frame=793 held=0 pressed=0 released=512
published_frame=793
published_frame=794
editbox_emit sequence=398 bytes=44 elapsed_us=2826 envelope=@J10000000001000000039808188|I421vO20800800;
editbox_receipt monotonic_ns=580492323257389 received=395 consumed=395 revision=136
published_frame=795
event mono_ns=580492336482000 frame=796 held=128 pressed=128 released=0
event mono_ns=580492341739000 frame=796 held=0 pressed=0 released=128
published_frame=796
editbox_emit sequence=399 bytes=44 elapsed_us=2690 envelope=@J10000000001000000039959075|I421xO02020020;
published_frame=797
published_frame=798
editbox_emit sequence=400 bytes=38 elapsed_us=2095 envelope=@J10000000001000000040025557|I421zO00;
event mono_ns=580492387073000 frame=799 held=16384 pressed=16384 released=0
event mono_ns=580492392289000 frame=799 held=0 pressed=0 released=16384
editbox_receipt monotonic_ns=580492399665931 received=399 consumed=397 revision=137
published_frame=799
published_frame=800
editbox_emit sequence=401 bytes=44 elapsed_us=2423 envelope=@J10000000001000000040154601|I421_O24004000;
published_frame=801
event mono_ns=580492437644000 frame=802 held=32 pressed=32 released=0
event mono_ns=580492437733000 frame=802 held=96 pressed=64 released=0
event mono_ns=580492442933000 frame=802 held=64 pressed=0 released=32
event mono_ns=580492443022000 frame=802 held=0 pressed=0 released=64
published_frame=802
editbox_emit sequence=402 bytes=44 elapsed_us=2583 envelope=@J10000000001000000040217516|I421XP0201W01W;
published_frame=803
published_frame=804
editbox_emit sequence=403 bytes=38 elapsed_us=2048 envelope=@J10000000001000000040315610|I421ZP00;
event mono_ns=580492488501000 frame=805 held=32 pressed=32 released=0
editbox_receipt monotonic_ns=580492489303557 received=399 consumed=399 revision=138
event mono_ns=580492493723000 frame=805 held=0 pressed=0 released=32
published_frame=805
published_frame=806
editbox_emit sequence=404 bytes=44 elapsed_us=2593 envelope=@J10000000001000000040407030|I421bP200W00W0;
published_frame=807
event mono_ns=580492539064000 frame=808 held=32 pressed=32 released=0
event mono_ns=580492544326000 frame=808 held=0 pressed=0 released=32
published_frame=808
editbox_emit sequence=405 bytes=44 elapsed_us=2788 envelope=@J10000000001000000040549921|I421dP0200W00W;
published_frame=809
published_frame=810
editbox_emit sequence=406 bytes=38 elapsed_us=2426 envelope=@J10000000001000000040613532|I421fP00;
event mono_ns=580492589654000 frame=811 held=32 pressed=32 released=0
editbox_receipt monotonic_ns=580492590906579 received=402 consumed=402 revision=139
event mono_ns=580492594946000 frame=811 held=0 pressed=0 released=32
published_frame=811
published_frame=812
editbox_emit sequence=407 bytes=44 elapsed_us=3236 envelope=@J10000000001000000040734549|I421hP200W00W0;
published_frame=813
event mono_ns=580492640253000 frame=814 held=32 pressed=32 released=0
event mono_ns=580492645584000 frame=814 held=0 pressed=0 released=32
published_frame=814
editbox_emit sequence=408 bytes=44 elapsed_us=2573 envelope=@J10000000001000000040811919|I421jP0200W00W;
editbox_receipt monotonic_ns=580492667793968 received=405 consumed=405 revision=140
published_frame=815
published_frame=816
editbox_emit sequence=409 bytes=38 elapsed_us=2179 envelope=@J10000000001000000040911454|I421lP00;
published_frame=817
published_frame=818
editbox_emit sequence=410 bytes=38 elapsed_us=1957 envelope=@J10000000001000000041002138|I421nP00;
published_frame=819
published_frame=820
editbox_emit sequence=411 bytes=38 elapsed_us=2371 envelope=@J10000000001000000041145126|I421pP00;
editbox_receipt monotonic_ns=580492756710573 received=409 consumed=409 revision=141
published_frame=821
published_frame=822
editbox_emit sequence=412 bytes=38 elapsed_us=2165 envelope=@J10000000001000000041222593|I421rP00;
published_frame=823
published_frame=824
editbox_emit sequence=413 bytes=38 elapsed_us=2131 envelope=@J10000000001000000041300060|I421tP00;
editbox_receipt monotonic_ns=580492823425676 received=412 consumed=412 revision=142
published_frame=825
published_frame=826
editbox_emit sequence=414 bytes=38 elapsed_us=2202 envelope=@J10000000001000000041443048|I421vP00;
published_frame=827
published_frame=828
editbox_emit sequence=415 bytes=38 elapsed_us=2577 envelope=@J10000000001000000041520515|I421xP00;
published_frame=829
editbox_receipt monotonic_ns=580492912359082 received=414 consumed=414 revision=143
published_frame=830
editbox_emit sequence=416 bytes=38 elapsed_us=2476 envelope=@J10000000001000000041663503|I421zP00;
published_frame=831
published_frame=832
editbox_emit sequence=417 bytes=38 elapsed_us=2657 envelope=@J10000000001000000041740970|I421_P00;
published_frame=833
published_frame=834
editbox_emit sequence=418 bytes=38 elapsed_us=2593 envelope=@J10000000001000000041810568|I421XQ00;
editbox_receipt monotonic_ns=580492991015426 received=417 consumed=417 revision=144
published_frame=835
published_frame=836
editbox_emit sequence=419 bytes=38 elapsed_us=2326 envelope=@J10000000001000000041953556|I421ZQ00;
published_frame=837
published_frame=838
editbox_emit sequence=420 bytes=38 elapsed_us=2138 envelope=@J10000000001000000042044240|I421bQ00;
published_frame=839
published_frame=840
editbox_emit sequence=421 bytes=38 elapsed_us=2870 envelope=@J10000000001000000042121707|I421dQ00;
published_frame=841
published_frame=842
editbox_emit sequence=422 bytes=38 elapsed_us=2018 envelope=@J10000000001000000042264695|I421fQ00;
published_frame=843
published_frame=844
editbox_emit sequence=423 bytes=38 elapsed_us=2491 envelope=@J10000000001000000042342162|I421hQ00;
published_frame=845
editbox_receipt monotonic_ns=580493180586085 received=420 consumed=420 revision=145
published_frame=846
editbox_emit sequence=424 bytes=38 elapsed_us=1965 envelope=@J10000000001000000042419629|I421jQ00;
published_frame=847
published_frame=848
editbox_emit sequence=425 bytes=38 elapsed_us=2609 envelope=@J10000000001000000042562617|I421lQ00;
editbox_receipt monotonic_ns=580493232468788 received=423 consumed=423 revision=146
published_frame=849
published_frame=850
editbox_emit sequence=426 bytes=38 elapsed_us=2197 envelope=@J10000000001000000042640084|I421nQ00;
published_frame=851
published_frame=852
editbox_emit sequence=427 bytes=38 elapsed_us=2622 envelope=@J10000000001000000042717551|I421pQ00;
published_frame=853
published_frame=854
editbox_emit sequence=428 bytes=38 elapsed_us=1967 envelope=@J10000000001000000042860539|I421rQ00;
published_frame=855
event mono_ns=580493338677000 frame=856 held=1 pressed=1 released=0
event mono_ns=580493344091000 frame=856 held=0 pressed=0 released=1
published_frame=856
editbox_emit sequence=429 bytes=49 elapsed_us=2964 envelope=@J10000000001000000042912544|I421tQ0o0010011H03_;
editbox_receipt monotonic_ns=580493356883867 received=427 consumed=427 revision=147
published_frame=857
published_frame=858
editbox_emit sequence=430 bytes=38 elapsed_us=2880 envelope=@J10000000001000000043028690|I421vQ00;
event mono_ns=580493389574000 frame=859 held=2 pressed=2 released=0
event mono_ns=580493394874000 frame=859 held=0 pressed=0 released=2
published_frame=859
published_frame=860
editbox_emit sequence=431 bytes=49 elapsed_us=2622 envelope=@J10000000001000000043131736|I421xQo0020022Y07-0;
editbox_receipt monotonic_ns=580493435224659 received=430 consumed=430 revision=148
published_frame=861
event mono_ns=580493440223000 frame=862 held=4 pressed=4 released=0
event mono_ns=580493445494000 frame=862 held=0 pressed=0 released=4
published_frame=862
editbox_emit sequence=432 bytes=49 elapsed_us=3292 envelope=@J10000000001000000043260989|I421zQ0o004004FC001;
published_frame=863
published_frame=864
editbox_emit sequence=433 bytes=38 elapsed_us=2226 envelope=@J10000000001000000043326612|I421_Q00;
event mono_ns=580493490795000 frame=865 held=24 pressed=24 released=0
event mono_ns=580493496108000 frame=865 held=0 pressed=0 released=24
published_frame=865
published_frame=866
editbox_emit sequence=434 bytes=49 elapsed_us=3131 envelope=@J10000000001000000043405620|I421XRo00O00OUO0020;
editbox_receipt monotonic_ns=580493523962839 received=432 consumed=432 revision=149
published_frame=867
event mono_ns=580493541477000 frame=868 held=16 pressed=16 released=0
event mono_ns=580493546876000 frame=868 held=0 pressed=0 released=16
published_frame=868
editbox_emit sequence=435 bytes=44 elapsed_us=2967 envelope=@J10000000001000000043517911|I421ZR0200G00G;
published_frame=869
published_frame=870
editbox_emit sequence=436 bytes=38 elapsed_us=2326 envelope=@J10000000001000000043616665|I421bR00;
event mono_ns=580493592199000 frame=871 held=16 pressed=16 released=0
event mono_ns=580493597458000 frame=871 held=0 pressed=0 released=16
published_frame=871
published_frame=872
editbox_emit sequence=437 bytes=44 elapsed_us=2598 envelope=@J10000000001000000043750645|I421dR200G00G0;
editbox_receipt monotonic_ns=580493625248608 received=436 consumed=436 revision=150
published_frame=873
event mono_ns=580493643227000 frame=874 held=32 pressed=32 released=0
event mono_ns=580493648697000 frame=874 held=0 pressed=0 released=32
published_frame=874
editbox_emit sequence=438 bytes=44 elapsed_us=2522 envelope=@J10000000001000000043815360|I421fR0200W00W;
published_frame=875
published_frame=876
editbox_emit sequence=439 bytes=38 elapsed_us=2278 envelope=@J10000000001000000043914587|I421hR00;
event mono_ns=580493694026000 frame=877 held=64 pressed=64 released=0
event mono_ns=580493699340000 frame=877 held=0 pressed=0 released=64
published_frame=877
editbox_receipt monotonic_ns=580493713324717 received=438 consumed=438 revision=151
published_frame=878
editbox_emit sequence=440 bytes=44 elapsed_us=2891 envelope=@J10000000001000000044000356|I421jR20100100;
published_frame=879
event mono_ns=580493744594000 frame=880 held=256 pressed=256 released=0
event mono_ns=580493749846000 frame=880 held=0 pressed=0 released=256
published_frame=880
editbox_emit sequence=441 bytes=44 elapsed_us=2216 envelope=@J10000000001000000044140020|I421lR02040040;
published_frame=881
published_frame=882
editbox_emit sequence=442 bytes=38 elapsed_us=2276 envelope=@J10000000001000000044225726|I421nR00;
event mono_ns=580493795184000 frame=883 held=512 pressed=512 released=0
event mono_ns=580493800431000 frame=883 held=0 pressed=0 released=512
published_frame=883
published_frame=884
editbox_emit sequence=443 bytes=44 elapsed_us=2747 envelope=@J10000000001000000044326424|I421pR20800800;
editbox_receipt monotonic_ns=580493834464227 received=442 consumed=442 revision=152
published_frame=885
event mono_ns=580493845828000 frame=886 held=128 pressed=128 released=0
event mono_ns=580493851047000 frame=886 held=0 pressed=0 released=128
published_frame=886
editbox_emit sequence=444 bytes=44 elapsed_us=2351 envelope=@J10000000001000000044411790|I421rR02020020;
published_frame=887
published_frame=888
editbox_emit sequence=445 bytes=38 elapsed_us=2485 envelope=@J10000000001000000044523648|I421tR00;
event mono_ns=580493896422000 frame=889 held=16384 pressed=16384 released=0
event mono_ns=580493901747000 frame=889 held=0 pressed=0 released=16384
published_frame=889
editbox_receipt monotonic_ns=580493913030271 received=445 consumed=445 revision=153
published_frame=890
editbox_emit sequence=446 bytes=44 elapsed_us=2712 envelope=@J10000000001000000044615969|I421vR24004000;
published_frame=891
event mono_ns=580493947225000 frame=892 held=32 pressed=32 released=0
event mono_ns=580493947266000 frame=892 held=96 pressed=64 released=0
event mono_ns=580493952658000 frame=893 held=64 pressed=0 released=32
event mono_ns=580493952706000 frame=893 held=0 pressed=0 released=64
published_frame=892
editbox_emit sequence=447 bytes=47 elapsed_us=2819 envelope=@J10000000001000000044710252|I421xR0301W01W000;
published_frame=893
published_frame=894
editbox_emit sequence=448 bytes=44 elapsed_us=3363 envelope=@J10000000001000000044860739|I421zR200001W0;
event mono_ns=580493998012000 frame=895 held=1 pressed=1 released=0
published_frame=895
event mono_ns=580494003248000 frame=896 held=0 pressed=0 released=1
editbox_receipt monotonic_ns=580494004061029 received=447 consumed=447 revision=154
published_frame=896
editbox_emit sequence=449 bytes=61 elapsed_us=3453 envelope=@J10000000001000000044950716|I421_Rt001001000Fm31H03_2000001;
published_frame=897
event mono_ns=580494048628000 frame=898 held=2 pressed=2 released=0
published_frame=898
editbox_emit sequence=450 bytes=55 elapsed_us=3795 envelope=@J10000000001000000045016361|I421XS0t002002000Fq22Y07-;
event mono_ns=580494053858000 frame=899 held=0 pressed=0 released=2
published_frame=899
published_frame=900
editbox_emit sequence=451 bytes=44 elapsed_us=2548 envelope=@J10000000001000000045134622|I421ZS20000020;
event mono_ns=580494099149000 frame=901 held=4 pressed=4 released=0
published_frame=901
event mono_ns=580494104444000 frame=902 held=0 pressed=0 released=4
published_frame=902
editbox_emit sequence=452 bytes=61 elapsed_us=3735 envelope=@J10000000001000000045231743|I421bSt00400400003zFC0012000004;
published_frame=903
event mono_ns=580494149778000 frame=904 held=24 pressed=24 released=0
published_frame=904
editbox_emit sequence=453 bytes=55 elapsed_us=3344 envelope=@J10000000001000000045323329|I421dS0t00O00O00003-UO002;
event mono_ns=580494155007000 frame=905 held=0 pressed=0 released=24
published_frame=905
published_frame=906
editbox_emit sequence=454 bytes=44 elapsed_us=2293 envelope=@J10000000001000000045402142|I421fS200000O0;
event mono_ns=580494200353000 frame=907 held=16 pressed=16 released=0
published_frame=907
event mono_ns=580494205581000 frame=908 held=0 pressed=0 released=16
published_frame=908
editbox_emit sequence=455 bytes=53 elapsed_us=2826 envelope=@J10000000001000000045525369|I421hS300G00G000200000G;
editbox_receipt monotonic_ns=580494223449815 received=451 consumed=451 revision=155
published_frame=909
event mono_ns=580494250874000 frame=910 held=16 pressed=16 released=0
published_frame=910
editbox_emit sequence=456 bytes=47 elapsed_us=2688 envelope=@J10000000001000000045652827|I421jS0300G00G000;
event mono_ns=580494256108000 frame=911 held=0 pressed=0 released=16
published_frame=911
published_frame=912
editbox_emit sequence=457 bytes=44 elapsed_us=2432 envelope=@J10000000001000000045727653|I421lS200000G0;
event mono_ns=580494301446000 frame=913 held=32 pressed=32 released=0
published_frame=913
event mono_ns=580494306680000 frame=914 held=0 pressed=0 released=32
published_frame=914
editbox_emit sequence=458 bytes=53 elapsed_us=3065 envelope=@J10000000001000000045848600|I421nS300W00W000200000W;
editbox_receipt monotonic_ns=580494324226288 received=456 consumed=456 revision=156
published_frame=915
event mono_ns=580494352015000 frame=917 held=64 pressed=64 released=0
published_frame=916
editbox_emit sequence=459 bytes=38 elapsed_us=2292 envelope=@J10000000001000000045941139|I421pS00;
event mono_ns=580494357263000 frame=917 held=0 pressed=0 released=64
editbox_receipt monotonic_ns=580494367220021 received=456 consumed=456 revision=157
published_frame=917
published_frame=918
editbox_emit sequence=460 bytes=44 elapsed_us=2742 envelope=@J10000000001000000046026214|I421rS20100100;
event mono_ns=580494402577000 frame=920 held=256 pressed=256 released=0
published_frame=919
event mono_ns=580494407844000 frame=920 held=0 pressed=0 released=256
published_frame=920
editbox_emit sequence=461 bytes=44 elapsed_us=2333 envelope=@J10000000001000000046100357|I421tS02040040;
published_frame=921
published_frame=922
editbox_emit sequence=462 bytes=38 elapsed_us=2438 envelope=@J10000000001000000046252278|I421vS00;
event mono_ns=580494453058000 frame=923 held=512 pressed=512 released=0
event mono_ns=580494458273000 frame=923 held=0 pressed=0 released=512
published_frame=923
published_frame=924
editbox_emit sequence=463 bytes=44 elapsed_us=2284 envelope=@J10000000001000000046352282|I421xS20800800;
published_frame=925
event mono_ns=580494503480000 frame=926 held=128 pressed=128 released=0
event mono_ns=580494508678000 frame=926 held=0 pressed=0 released=128
editbox_receipt monotonic_ns=580494511867531 received=460 consumed=460 revision=158
published_frame=926
editbox_emit sequence=464 bytes=44 elapsed_us=3808 envelope=@J10000000001000000046437648|I421zS02020020;
published_frame=927
published_frame=928
editbox_emit sequence=465 bytes=38 elapsed_us=2186 envelope=@J10000000001000000046550200|I421_S00;
event mono_ns=580494554013000 frame=929 held=16384 pressed=16384 released=0
event mono_ns=580494559296000 frame=929 held=0 pressed=0 released=16384
published_frame=929
published_frame=930
editbox_emit sequence=466 bytes=44 elapsed_us=3179 envelope=@J10000000001000000046636656|I421XT24004000;
published_frame=931
event mono_ns=580494604627000 frame=932 held=32 pressed=32 released=0
event mono_ns=580494604731000 frame=932 held=96 pressed=64 released=0
event mono_ns=580494609896000 frame=932 held=64 pressed=0 released=32
event mono_ns=580494609986000 frame=932 held=0 pressed=0 released=64
editbox_receipt monotonic_ns=580494613010792 received=465 consumed=464 revision=159
published_frame=932
editbox_emit sequence=467 bytes=44 elapsed_us=3058 envelope=@J10000000001000000046704742|I421ZT0201W01W;
published_frame=933
published_frame=934
editbox_emit sequence=468 bytes=38 elapsed_us=2297 envelope=@J10000000001000000046840253|I421bT00;
event mono_ns=580494655281000 frame=935 held=1 pressed=1 released=0
event mono_ns=580494660513000 frame=935 held=0 pressed=0 released=1
editbox_receipt monotonic_ns=580494667934615 received=467 consumed=466 revision=160
published_frame=935
published_frame=936
editbox_emit sequence=469 bytes=49 elapsed_us=3078 envelope=@J10000000001000000046957692|I421dTo0010011H03_0;
published_frame=937
event mono_ns=580494705943000 frame=938 held=2 pressed=2 released=0
event mono_ns=580494711138000 frame=938 held=0 pressed=0 released=2
published_frame=938
editbox_emit sequence=470 bytes=49 elapsed_us=2781 envelope=@J10000000001000000047042876|I421fT0o0020022Y07-;
published_frame=939
editbox_receipt monotonic_ns=580494746063751 received=469 consumed=469 revision=161
published_frame=940
editbox_emit sequence=471 bytes=38 elapsed_us=2184 envelope=@J10000000001000000047151392|I421hT00;
event mono_ns=580494756421000 frame=941 held=4 pressed=4 released=0
event mono_ns=580494761739000 frame=941 held=0 pressed=0 released=4
published_frame=941
published_frame=942
editbox_emit sequence=472 bytes=49 elapsed_us=2678 envelope=@J10000000001000000047240371|I421jTo004004FC0010;
published_frame=943
event mono_ns=580494807093000 frame=944 held=24 pressed=24 released=0
event mono_ns=580494812372000 frame=944 held=0 pressed=0 released=24
published_frame=944
editbox_emit sequence=473 bytes=49 elapsed_us=2705 envelope=@J10000000001000000047333478|I421lT0o00O00OUO002;
published_frame=945
published_frame=946
editbox_emit sequence=474 bytes=38 elapsed_us=1967 envelope=@J10000000001000000047449314|I421nT00;
event mono_ns=580494857629000 frame=947 held=16 pressed=16 released=0
event mono_ns=580494863071000 frame=947 held=0 pressed=0 released=16
published_frame=947
published_frame=948
editbox_emit sequence=475 bytes=44 elapsed_us=2707 envelope=@J10000000001000000047518494|I421pT200G00G0;
editbox_receipt monotonic_ns=580494900388940 received=474 consumed=472 revision=162
published_frame=949
event mono_ns=580494908452000 frame=950 held=16 pressed=16 released=0
event mono_ns=580494913720000 frame=950 held=0 pressed=0 released=16
published_frame=950
editbox_emit sequence=476 bytes=44 elapsed_us=2584 envelope=@J10000000001000000047613279|I421rT0200G00G;
published_frame=951
published_frame=952
editbox_emit sequence=477 bytes=38 elapsed_us=2313 envelope=@J10000000001000000047747236|I421tT00;
event mono_ns=580494958993000 frame=953 held=32 pressed=32 released=0
event mono_ns=580494964256000 frame=953 held=0 pressed=0 released=32
editbox_receipt monotonic_ns=580494967189422 received=476 consumed=475 revision=163
published_frame=953
published_frame=954
editbox_emit sequence=478 bytes=44 elapsed_us=2737 envelope=@J10000000001000000047833358|I421vT200W00W0;
published_frame=955
event mono_ns=580495009539000 frame=956 held=64 pressed=64 released=0
event mono_ns=580495014723000 frame=956 held=0 pressed=0 released=64
published_frame=956
editbox_emit sequence=479 bytes=44 elapsed_us=2244 envelope=@J10000000001000000047900461|I421xT02010010;
editbox_receipt monotonic_ns=580495033736941 received=478 consumed=478 revision=164
published_frame=957
published_frame=958
editbox_emit sequence=480 bytes=38 elapsed_us=2699 envelope=@J10000000001000000048058375|I421zT00;
event mono_ns=580495060035000 frame=959 held=256 pressed=256 released=0
event mono_ns=580495065243000 frame=959 held=0 pressed=0 released=256
published_frame=959
published_frame=960
editbox_emit sequence=481 bytes=44 elapsed_us=2813 envelope=@J10000000001000000048151263|I421_T20400400;
published_frame=961
event mono_ns=580495110552000 frame=962 held=512 pressed=512 released=0
event mono_ns=580495115775000 frame=962 held=0 pressed=0 released=512
published_frame=962
editbox_emit sequence=482 bytes=44 elapsed_us=2483 envelope=@J10000000001000000048210673|I421XU02080080;
published_frame=963
published_frame=964
editbox_emit sequence=483 bytes=38 elapsed_us=3118 envelope=@J10000000001000000048348428|I421ZU00;
event mono_ns=580495161085000 frame=965 held=128 pressed=128 released=0
event mono_ns=580495166271000 frame=965 held=0 pressed=0 released=128
published_frame=965
editbox_receipt monotonic_ns=580495178703099 received=480 consumed=480 revision=165
published_frame=966
editbox_emit sequence=484 bytes=44 elapsed_us=2908 envelope=@J10000000001000000048436585|I421bU20200200;
published_frame=967
event mono_ns=580495211469000 frame=968 held=16384 pressed=16384 released=0
event mono_ns=580495216635000 frame=968 held=0 pressed=0 released=16384
published_frame=968
editbox_emit sequence=485 bytes=44 elapsed_us=2428 envelope=@J10000000001000000048520290|I421dU02400400;
published_frame=969
published_frame=970
editbox_emit sequence=486 bytes=38 elapsed_us=2112 envelope=@J10000000001000000048646350|I421fU00;
event mono_ns=580495262012000 frame=971 held=32 pressed=32 released=0
event mono_ns=580495262055000 frame=971 held=96 pressed=64 released=0
event mono_ns=580495267352000 frame=971 held=64 pressed=0 released=32
event mono_ns=580495267380000 frame=971 held=0 pressed=0 released=64
published_frame=971
published_frame=972
editbox_emit sequence=487 bytes=44 elapsed_us=2485 envelope=@J10000000001000000048720281|I421hU201W01W0;
published_frame=973
editbox_receipt monotonic_ns=580495310745493 received=484 consumed=484 revision=166
event mono_ns=580495318117000 frame=974 held=32 pressed=32 released=0
published_frame=974
editbox_emit sequence=488 bytes=47 elapsed_us=2509 envelope=@J10000000001000000048825785|I421jU0300W00W000;
event mono_ns=580495323327000 frame=975 held=0 pressed=0 released=32
published_frame=975
published_frame=976
editbox_emit sequence=489 bytes=44 elapsed_us=2453 envelope=@J10000000001000000048953456|I421lU200000W0;
event mono_ns=580495368709000 frame=978 held=32 pressed=32 released=0
published_frame=977
event mono_ns=580495373856000 frame=978 held=0 pressed=0 released=32
published_frame=978
editbox_emit sequence=490 bytes=44 elapsed_us=2322 envelope=@J10000000001000000049019550|I421nU0200W00W;
published_frame=979
event mono_ns=580495419201000 frame=981 held=32 pressed=32 released=0
published_frame=980
editbox_emit sequence=491 bytes=38 elapsed_us=2072 envelope=@J10000000001000000049112423|I421pU00;
event mono_ns=580495424490000 frame=981 held=0 pressed=0 released=32
published_frame=981
published_frame=982
editbox_emit sequence=492 bytes=44 elapsed_us=2265 envelope=@J10000000001000000049204178|I421rU200W00W0;
event mono_ns=580495469776000 frame=984 held=32 pressed=32 released=0
published_frame=983
event mono_ns=580495475044000 frame=984 held=0 pressed=0 released=32
published_frame=984
editbox_emit sequence=493 bytes=44 elapsed_us=3026 envelope=@J10000000001000000049347069|I421tU0200W00W;
published_frame=985
published_frame=986
editbox_emit sequence=494 bytes=38 elapsed_us=2390 envelope=@J10000000001000000049410345|I421vU00;
published_frame=987
published_frame=988
editbox_emit sequence=495 bytes=38 elapsed_us=2502 envelope=@J10000000001000000049553333|I421xU00;
editbox_emit sequence=485 bytes=44 elapsed_us=2821 envelope=@J10000000001000000048520290|I421dU02400400;
published_frame=989
published_frame=990
published_frame=991
published_frame=992
published_frame=993
published_frame=994
published_frame=995
published_frame=996
published_frame=997
published_frame=998
published_frame=999
published_frame=1000
published_frame=1001
published_frame=1002
editbox_receipt monotonic_ns=580495791239544 received=495 consumed=488 revision=167
editbox_emit sequence=496 bytes=38 elapsed_us=2442 envelope=@J10000000001000000049630800|I421zU00;
editbox_emit sequence=497 bytes=38 elapsed_us=2228 envelope=@J10000000001000000049708267|I421_U00;
editbox_emit sequence=498 bytes=38 elapsed_us=2276 envelope=@J10000000001000000049843386|I421XV00;
published_frame=1003
editbox_emit sequence=499 bytes=38 elapsed_us=2479 envelope=@J10000000001000000049920853|I421ZV00;
editbox_emit sequence=500 bytes=38 elapsed_us=1951 envelope=@J10000000001000000050052954|I421bV00;
editbox_emit sequence=501 bytes=38 elapsed_us=2059 envelope=@J10000000001000000050130421|I421dV00;
editbox_emit sequence=502 bytes=38 elapsed_us=1827 envelope=@J10000000001000000050207888|I421fV00;
published_frame=1004
editbox_emit sequence=503 bytes=38 elapsed_us=2003 envelope=@J10000000001000000050350876|I421hV00;
editbox_receipt monotonic_ns=580495835159914 received=495 consumed=494 revision=168
published_frame=1005
published_frame=1006
editbox_emit sequence=504 bytes=38 elapsed_us=1950 envelope=@J10000000001000000050428343|I421jV00;
editbox_receipt monotonic_ns=580495857337941 received=495 consumed=495 revision=169
published_frame=1007
published_frame=1008
editbox_emit sequence=505 bytes=38 elapsed_us=1978 envelope=@J10000000001000000050505810|I421lV00;
editbox_receipt monotonic_ns=580495889041503 received=495 consumed=495 revision=170
published_frame=1009
published_frame=1010
editbox_emit sequence=506 bytes=38 elapsed_us=2004 envelope=@J10000000001000000050648798|I421nV00;
published_frame=1011
published_frame=1012
editbox_emit sequence=507 bytes=38 elapsed_us=1873 envelope=@J10000000001000000050726265|I421pV00;
editbox_receipt monotonic_ns=580495955780831 received=495 consumed=495 revision=171
published_frame=1013
published_frame=1014
editbox_emit sequence=508 bytes=38 elapsed_us=1994 envelope=@J10000000001000000050803732|I421rV00;
published_frame=1015
published_frame=1016
editbox_emit sequence=509 bytes=38 elapsed_us=2236 envelope=@J10000000001000000050946720|I421tV00;
published_frame=1017
editbox_emit sequence=496 bytes=38 elapsed_us=2425 envelope=@J10000000001000000049630800|I421zU00;
published_frame=1018
published_frame=1019
published_frame=1020
published_frame=1021
published_frame=1022
published_frame=1023
published_frame=1024
event mono_ns=580496168652000 frame=1026 held=1 pressed=1 released=0
published_frame=1025
event mono_ns=580496173825000 frame=1026 held=0 pressed=0 released=1
published_frame=1026
published_frame=1027
published_frame=1028
event mono_ns=580496219059000 frame=1029 held=2 pressed=2 released=0
editbox_receipt monotonic_ns=580496224354093 received=509 consumed=497 revision=172
editbox_emit sequence=510 bytes=38 elapsed_us=2634 envelope=@J10000000001000000051037404|I421vV00;
event mono_ns=580496224339000 frame=1029 held=0 pressed=0 released=2
editbox_emit sequence=511 bytes=38 elapsed_us=1918 envelope=@J10000000001000000051114871|I421xV00;
editbox_emit sequence=512 bytes=38 elapsed_us=1894 envelope=@J10000000001000000051257859|I421zV00;
editbox_emit sequence=513 bytes=38 elapsed_us=1931 envelope=@J10000000001000000051335326|I421_V00;
published_frame=1029
published_frame=1030
editbox_receipt monotonic_ns=580496266732833 received=509 consumed=503 revision=173
editbox_emit sequence=514 bytes=50 elapsed_us=2798 envelope=@J10000000001000000051445595|I421XW10o0010011H03_;
event mono_ns=580496269587000 frame=1032 held=4 pressed=4 released=0
published_frame=1031
editbox_emit sequence=515 bytes=39 elapsed_us=1978 envelope=@J10000000001000000051533050|I421ZW100;
editbox_emit sequence=516 bytes=50 elapsed_us=3451 envelope=@J10000000001000000051611632|I421bW1o0020022Y07-0;
event mono_ns=580496274772000 frame=1032 held=0 pressed=0 released=4
published_frame=1032
editbox_emit sequence=517 bytes=50 elapsed_us=2978 envelope=@J10000000001000000051728775|I421dW10o004004FC001;
editbox_receipt monotonic_ns=580496301861303 received=509 consumed=508 revision=174
published_frame=1033
published_frame=1034
editbox_emit sequence=518 bytes=39 elapsed_us=2821 envelope=@J10000000001000000051835640|I421fW100;
event mono_ns=580496320064000 frame=1035 held=24 pressed=24 released=0
event mono_ns=580496325469000 frame=1035 held=0 pressed=0 released=24
published_frame=1035
published_frame=1036
editbox_emit sequence=519 bytes=50 elapsed_us=3516 envelope=@J10000000001000000051911490|I421hW1o00O00OUO0020;
published_frame=1037
event mono_ns=580496370782000 frame=1038 held=16 pressed=16 released=0
event mono_ns=580496375987000 frame=1038 held=0 pressed=0 released=16
published_frame=1038
editbox_emit sequence=520 bytes=45 elapsed_us=2765 envelope=@J10000000001000000052007976|I421jW10200G00G;
editbox_receipt monotonic_ns=580496400137911 received=509 consumed=508 revision=175
published_frame=1039
published_frame=1040
editbox_emit sequence=521 bytes=39 elapsed_us=2473 envelope=@J10000000001000000052114126|I421lW100;
event mono_ns=580496421254000 frame=1041 held=16 pressed=16 released=0
event mono_ns=580496426407000 frame=1041 held=0 pressed=0 released=16
published_frame=1041
published_frame=1042
editbox_emit sequence=522 bytes=45 elapsed_us=2693 envelope=@J10000000001000000052240740|I421nW1200G00G0;
editbox_receipt monotonic_ns=580496467661880 received=509 consumed=508 revision=176
published_frame=1043
event mono_ns=580496471770000 frame=1044 held=32 pressed=32 released=0
editbox_emit sequence=510 bytes=38 elapsed_us=2347 envelope=@J10000000001000000051037404|I421vV00;
event mono_ns=580496476978000 frame=1044 held=0 pressed=0 released=32
published_frame=1044
published_frame=1045
published_frame=1046
event mono_ns=580496522261000 frame=1047 held=64 pressed=64 released=0
event mono_ns=580496527421000 frame=1047 held=0 pressed=0 released=64
published_frame=1047
published_frame=1048
published_frame=1049
event mono_ns=580496572706000 frame=1050 held=256 pressed=256 released=0
event mono_ns=580496577962000 frame=1050 held=0 pressed=0 released=256
published_frame=1050
published_frame=1051
published_frame=1052
event mono_ns=580496623319000 frame=1053 held=512 pressed=512 released=0
event mono_ns=580496628544000 frame=1053 held=0 pressed=0 released=512
published_frame=1053
published_frame=1054
published_frame=1055
event mono_ns=580496673800000 frame=1056 held=128 pressed=128 released=0
event mono_ns=580496679089000 frame=1056 held=0 pressed=0 released=128
published_frame=1056
published_frame=1057
published_frame=1058
event mono_ns=580496724407000 frame=1059 held=16384 pressed=16384 released=0
event mono_ns=580496729758000 frame=1059 held=0 pressed=0 released=16384
published_frame=1059
published_frame=1060
published_frame=1061
event mono_ns=580496775121000 frame=1062 held=32 pressed=32 released=0
event mono_ns=580496775189000 frame=1062 held=96 pressed=64 released=0
event mono_ns=580496780364000 frame=1062 held=64 pressed=0 released=32
event mono_ns=580496780417000 frame=1062 held=0 pressed=0 released=64
published_frame=1062
editbox_receipt monotonic_ns=580496788794764 received=522 consumed=514 revision=177
editbox_emit sequence=523 bytes=45 elapsed_us=2427 envelope=@J10000000001000000052305470|I421pW10200W00W;
editbox_emit sequence=524 bytes=39 elapsed_us=1984 envelope=@J10000000001000000052416716|I421rW100;
editbox_emit sequence=525 bytes=45 elapsed_us=2254 envelope=@J10000000001000000052533951|I421tW120100100;
editbox_emit sequence=526 bytes=45 elapsed_us=2124 envelope=@J10000000001000000052608109|I421vW102040040;
published_frame=1063
editbox_emit sequence=527 bytes=39 elapsed_us=1948 envelope=@J10000000001000000052719306|I421xW100;
editbox_emit sequence=528 bytes=45 elapsed_us=2081 envelope=@J10000000001000000052860064|I421zW120800800;
editbox_emit sequence=529 bytes=45 elapsed_us=2160 envelope=@J10000000001000000052945445|I421_W102020020;
editbox_emit sequence=530 bytes=39 elapsed_us=2151 envelope=@J10000000001000000053053824|I421XX100;
published_frame=1064
event mono_ns=580496825693000 frame=1065 held=1 pressed=1 released=0
event mono_ns=580496830991000 frame=1065 held=0 pressed=0 released=1
published_frame=1065
published_frame=1066
published_frame=1067
event mono_ns=580496876300000 frame=1068 held=2 pressed=2 released=0
event mono_ns=580496881553000 frame=1068 held=0 pressed=0 released=2
published_frame=1068
published_frame=1069
published_frame=1070
event mono_ns=580496926847000 frame=1071 held=4 pressed=4 released=0
event mono_ns=580496932066000 frame=1071 held=0 pressed=0 released=4
published_frame=1071
editbox_receipt monotonic_ns=580496936759962 received=530 consumed=520 revision=178
editbox_emit sequence=531 bytes=45 elapsed_us=2415 envelope=@J10000000001000000053131434|I421ZX124004000;
editbox_emit sequence=532 bytes=45 elapsed_us=2320 envelope=@J10000000001000000053265056|I421bX10201W01W;
editbox_emit sequence=533 bytes=39 elapsed_us=1919 envelope=@J10000000001000000053356414|I421dX100;
editbox_emit sequence=534 bytes=50 elapsed_us=2322 envelope=@J10000000001000000053400232|I421fX1o0010011H03_0;
editbox_emit sequence=535 bytes=50 elapsed_us=2363 envelope=@J10000000001000000053509892|I421hX10o0020022Y07-;
published_frame=1072
editbox_emit sequence=536 bytes=39 elapsed_us=1956 envelope=@J10000000001000000053659004|I421jX100;
published_frame=1073
editbox_receipt monotonic_ns=580496969017231 received=530 consumed=521 revision=179
editbox_emit sequence=537 bytes=50 elapsed_us=2405 envelope=@J10000000001000000053748688|I421lX1o004004FC0010;
event mono_ns=580496977331000 frame=1074 held=24 pressed=24 released=0
event mono_ns=580496982729000 frame=1074 held=0 pressed=0 released=24
published_frame=1074
editbox_receipt monotonic_ns=580496990476562 received=530 consumed=521 revision=180
published_frame=1075
published_frame=1076
editbox_receipt monotonic_ns=580497021580460 received=530 consumed=521 revision=181
event mono_ns=580497028014000 frame=1077 held=16 pressed=16 released=0
event mono_ns=580497033298000 frame=1077 held=0 pressed=0 released=16
published_frame=1077
editbox_receipt monotonic_ns=580497042397366 received=530 consumed=521 revision=182
published_frame=1078
published_frame=1079
event mono_ns=580497078577000 frame=1080 held=16 pressed=16 released=0
event mono_ns=580497083797000 frame=1080 held=0 pressed=0 released=16
published_frame=1080
published_frame=1081
published_frame=1082
event mono_ns=580497129224000 frame=1083 held=32 pressed=32 released=0
event mono_ns=580497134474000 frame=1083 held=0 pressed=0 released=32
published_frame=1083
published_frame=1084
published_frame=1085
event mono_ns=580497179719000 frame=1086 held=64 pressed=64 released=0
event mono_ns=580497184926000 frame=1086 held=0 pressed=0 released=64
published_frame=1086
editbox_emit sequence=531 bytes=45 elapsed_us=3883 envelope=@J10000000001000000053131434|I421ZX124004000;
published_frame=1087
published_frame=1088
event mono_ns=580497230124000 frame=1089 held=256 pressed=256 released=0
event mono_ns=580497235407000 frame=1090 held=0 pressed=0 released=256
published_frame=1089
published_frame=1090
editbox_receipt monotonic_ns=580497255912554 received=537 consumed=522 revision=183
editbox_emit sequence=538 bytes=50 elapsed_us=3427 envelope=@J10000000001000000053829685|I421nX10o00O00OUO002;
published_frame=1091
event mono_ns=580497280624000 frame=1092 held=512 pressed=512 released=0
event mono_ns=580497285888000 frame=1093 held=0 pressed=0 released=512
published_frame=1092
published_frame=1093
published_frame=1094
editbox_receipt monotonic_ns=580497320627338 received=537 consumed=528 revision=184
editbox_emit sequence=539 bytes=39 elapsed_us=3144 envelope=@J10000000001000000053961594|I421pX100;
editbox_emit sequence=540 bytes=45 elapsed_us=3903 envelope=@J10000000001000000054026143|I421rX1200G00G0;
editbox_emit sequence=541 bytes=45 elapsed_us=3878 envelope=@J10000000001000000054120943|I421tX10200G00G;
event mono_ns=580497331171000 frame=1095 held=128 pressed=128 released=0
event mono_ns=580497336334000 frame=1096 held=0 pressed=0 released=128
published_frame=1095
editbox_emit sequence=542 bytes=39 elapsed_us=3495 envelope=@J10000000001000000054240080|I421vX100;
editbox_emit sequence=543 bytes=45 elapsed_us=2807 envelope=@J10000000001000000054341052|I421xX1200W00W0;
editbox_emit sequence=544 bytes=45 elapsed_us=2561 envelope=@J10000000001000000054408170|I421zX102010010;
published_frame=1096
published_frame=1097
event mono_ns=580497381602000 frame=1098 held=16384 pressed=16384 released=0
published_frame=1098
event mono_ns=580497386779000 frame=1099 held=0 pressed=0 released=16384
published_frame=1099
published_frame=1100
event mono_ns=580497432111000 frame=1101 held=32 pressed=32 released=0
event mono_ns=580497432237000 frame=1101 held=96 pressed=64 released=0
published_frame=1101
event mono_ns=580497437537000 frame=1102 held=64 pressed=0 released=32
event mono_ns=580497437717000 frame=1102 held=0 pressed=0 released=64
editbox_receipt monotonic_ns=580497437837613 received=537 consumed=534 revision=185
editbox_emit sequence=545 bytes=39 elapsed_us=2313 envelope=@J10000000001000000054542670|I421_X100;
editbox_emit sequence=546 bytes=57 elapsed_us=3150 envelope=@J10000000001000000054630043|I421XY1B040040000Fy02000040;
editbox_emit sequence=547 bytes=51 elapsed_us=3008 envelope=@J10000000001000000054758470|I421ZY10B08008000003_;
editbox_emit sequence=548 bytes=45 elapsed_us=2457 envelope=@J10000000001000000054839120|I421bY120000800;
published_frame=1102
editbox_emit sequence=549 bytes=54 elapsed_us=2680 envelope=@J10000000001000000054916039|I421dY130200200002000020;
editbox_emit sequence=550 bytes=48 elapsed_us=2457 envelope=@J10000000001000000055053514|I421fY103400400000;
published_frame=1103
event mono_ns=580497483035000 frame=1104 held=1 pressed=1 released=0
published_frame=1104
event mono_ns=580497488272000 frame=1105 held=0 pressed=0 released=1
published_frame=1105
editbox_emit sequence=538 bytes=50 elapsed_us=2982 envelope=@J10000000001000000053829685|I421nX10o00O00OUO002;
published_frame=1106
event mono_ns=580497533592000 frame=1107 held=2 pressed=2 released=0
published_frame=1107
event mono_ns=580497538973000 frame=1108 held=0 pressed=0 released=2
published_frame=1108
published_frame=1109
event mono_ns=580497584404000 frame=1110 held=4 pressed=4 released=0
published_frame=1110
event mono_ns=580497589742000 frame=1111 held=0 pressed=0 released=4
published_frame=1111
published_frame=1112
event mono_ns=580497635054000 frame=1113 held=24 pressed=24 released=0
published_frame=1113
event mono_ns=580497640338000 frame=1114 held=0 pressed=0 released=24
published_frame=1114
published_frame=1115
event mono_ns=580497685662000 frame=1117 held=16 pressed=16 released=0
published_frame=1116
event mono_ns=580497691057000 frame=1117 held=0 pressed=0 released=16
published_frame=1117
published_frame=1118
published_frame=1119
event mono_ns=580497736450000 frame=1120 held=16 pressed=16 released=0
event mono_ns=580497741758000 frame=1120 held=0 pressed=0 released=16
published_frame=1120
published_frame=1121
editbox_receipt monotonic_ns=580497769195531 received=550 consumed=537 revision=186
editbox_emit sequence=551 bytes=45 elapsed_us=2571 envelope=@J10000000001000000055115843|I421hY120004000;
editbox_emit sequence=552 bytes=54 elapsed_us=3202 envelope=@J10000000001000000055218681|I421jY1301W01W000200001W;
editbox_emit sequence=553 bytes=56 elapsed_us=2724 envelope=@J10000000001000000055347956|I421lY10t001001000Fm31H03_;
published_frame=1122
event mono_ns=580497787151000 frame=1123 held=32 pressed=32 released=0
event mono_ns=580497792469000 frame=1123 held=0 pressed=0 released=32
published_frame=1123
editbox_receipt monotonic_ns=580497803315651 received=550 consumed=537 revision=187
published_frame=1124
editbox_receipt monotonic_ns=580497824435065 received=550 consumed=537 revision=188
published_frame=1125
event mono_ns=580497837775000 frame=1126 held=64 pressed=64 released=0
event mono_ns=580497842989000 frame=1126 held=0 pressed=0 released=64
published_frame=1126
editbox_receipt monotonic_ns=580497856373948 received=550 consumed=537 revision=189
published_frame=1127
published_frame=1128
event mono_ns=580497888237000 frame=1129 held=256 pressed=256 released=0
event mono_ns=580497893555000 frame=1129 held=0 pressed=0 released=256
published_frame=1129
published_frame=1130
editbox_receipt monotonic_ns=580497923344259 received=550 consumed=537 revision=190
published_frame=1131
event mono_ns=580497938761000 frame=1132 held=512 pressed=512 released=0
event mono_ns=580497944022000 frame=1132 held=0 pressed=0 released=512
published_frame=1132
published_frame=1133
published_frame=1134
event mono_ns=580497989300000 frame=1135 held=128 pressed=128 released=0
event mono_ns=580497994647000 frame=1135 held=0 pressed=0 released=128
editbox_receipt monotonic_ns=580497997233468 received=550 consumed=543 revision=191
editbox_emit sequence=554 bytes=45 elapsed_us=2913 envelope=@J10000000001000000055418419|I421nY120000010;
editbox_emit sequence=555 bytes=62 elapsed_us=4689 envelope=@J10000000001000000055530927|I421pY1t002002000Fq22Y07-2000002;
published_frame=1135
editbox_emit sequence=556 bytes=56 elapsed_us=3540 envelope=@J10000000001000000055641558|I421rY10t00400400003zFC001;
editbox_emit sequence=557 bytes=45 elapsed_us=3108 envelope=@J10000000001000000055746736|I421tY120000040;
editbox_emit sequence=558 bytes=62 elapsed_us=4272 envelope=@J10000000001000000055832987|I421vY1t00O00O00003-UO002200000O;
published_frame=1136
editbox_emit sequence=551 bytes=45 elapsed_us=2901 envelope=@J10000000001000000055115843|I421hY120004000;
published_frame=1137
event mono_ns=580498039956000 frame=1138 held=16384 pressed=16384 released=0
event mono_ns=580498045200000 frame=1138 held=0 pressed=0 released=16384
published_frame=1138
published_frame=1139
published_frame=1140
event mono_ns=580498090616000 frame=1141 held=32 pressed=32 released=0
event mono_ns=580498090657000 frame=1141 held=96 pressed=64 released=0
event mono_ns=580498095897000 frame=1141 held=64 pressed=0 released=32
event mono_ns=580498095918000 frame=1141 held=0 pressed=0 released=64
published_frame=1141
published_frame=1142
published_frame=1143
published_frame=1144
published_frame=1145
published_frame=1146
published_frame=1147
published_frame=1148
editbox_receipt monotonic_ns=580498231080984 received=558 consumed=549 revision=192
editbox_emit sequence=559 bytes=39 elapsed_us=2566 envelope=@J10000000001000000055943004|I421xY100;
editbox_emit sequence=560 bytes=45 elapsed_us=3032 envelope=@J10000000001000000056029922|I421zY1200G00G0;
published_frame=1149
editbox_emit sequence=561 bytes=45 elapsed_us=3499 envelope=@J10000000001000000056124722|I421_Y10200G00G;
editbox_emit sequence=562 bytes=39 elapsed_us=2336 envelope=@J10000000001000000056212001|I421XZ100;
editbox_emit sequence=563 bytes=45 elapsed_us=3227 envelope=@J10000000001000000056357330|I421ZZ1200W00W0;
published_frame=1150
editbox_emit sequence=564 bytes=45 elapsed_us=2134 envelope=@J10000000001000000056424448|I421bZ102010010;
editbox_emit sequence=565 bytes=39 elapsed_us=1949 envelope=@J10000000001000000056514591|I421dZ100;
published_frame=1151
editbox_receipt monotonic_ns=580498278957067 received=558 consumed=553 revision=193
editbox_emit sequence=566 bytes=45 elapsed_us=2861 envelope=@J10000000001000000056653214|I421fZ120400400;
editbox_emit sequence=567 bytes=45 elapsed_us=2632 envelope=@J10000000001000000056717810|I421hZ102080080;
published_frame=1152
editbox_emit sequence=568 bytes=39 elapsed_us=2321 envelope=@J10000000001000000056817181|I421jZ100;
editbox_emit sequence=569 bytes=45 elapsed_us=3827 envelope=@J10000000001000000056943752|I421lZ120200200;
published_frame=1153
editbox_receipt monotonic_ns=580498313489711 received=558 consumed=553 revision=194
published_frame=1154
published_frame=1155
published_frame=1156
published_frame=1157
published_frame=1158
published_frame=1159
published_frame=1160
editbox_receipt monotonic_ns=580498421441203 received=558 consumed=553 revision=195
published_frame=1161
published_frame=1162
editbox_receipt monotonic_ns=580498454535571 received=558 consumed=553 revision=196
published_frame=1163
editbox_emit sequence=559 bytes=39 elapsed_us=3114 envelope=@J10000000001000000055943004|I421xY100;
published_frame=1164
published_frame=1165
published_frame=1166
published_frame=1167
published_frame=1168
published_frame=1169
published_frame=1170
published_frame=1171
published_frame=1172
published_frame=1173
published_frame=1174
published_frame=1175
editbox_receipt monotonic_ns=580498679121748 received=569 consumed=553 revision=197
published_frame=1176
published_frame=1177
published_frame=1178
editbox_receipt monotonic_ns=580498721294843 received=569 consumed=553 revision=198
published_frame=1179
published_frame=1180
published_frame=1181
published_frame=1182
published_frame=1183
published_frame=1184
published_frame=1185
editbox_receipt monotonic_ns=580498837706190 received=569 consumed=557 revision=199
editbox_emit sequence=570 bytes=45 elapsed_us=3474 envelope=@J10000000001000000057062274|I421nZ102400400;
editbox_emit sequence=571 bytes=39 elapsed_us=3007 envelope=@J10000000001000000057161188|I421pZ100;
editbox_emit sequence=572 bytes=45 elapsed_us=3444 envelope=@J10000000001000000057262295|I421rZ1201W01W0;
published_frame=1186
editbox_emit sequence=573 bytes=39 elapsed_us=2666 envelope=@J10000000001000000057319234|I421tZ100;
published_frame=1187
editbox_receipt monotonic_ns=580498884249195 received=569 consumed=563 revision=200
editbox_emit sequence=574 bytes=39 elapsed_us=2648 envelope=@J10000000001000000057463778|I421vZ100;
published_frame=1188
editbox_emit sequence=575 bytes=39 elapsed_us=2871 envelope=@J10000000001000000057542801|I421xZ100;
editbox_emit sequence=576 bytes=39 elapsed_us=3274 envelope=@J10000000001000000057621824|I421zZ100;
editbox_emit sequence=577 bytes=39 elapsed_us=2975 envelope=@J10000000001000000057700847|I421_Z100;
published_frame=1189
editbox_emit sequence=578 bytes=39 elapsed_us=2656 envelope=@J10000000001000000057835902|I421Xa100;
editbox_emit sequence=579 bytes=39 elapsed_us=3017 envelope=@J10000000001000000057914925|I421Za100;
published_frame=1190
published_frame=1191
published_frame=1192
published_frame=1193
published_frame=1194
published_frame=1195
published_frame=1196
published_frame=1197
published_frame=1198
published_frame=1199
editbox_receipt monotonic_ns=580499073919030 received=579 consumed=569 revision=201
editbox_emit sequence=580 bytes=39 elapsed_us=2593 envelope=@J10000000001000000058035365|I421ba100;
editbox_emit sequence=581 bytes=39 elapsed_us=2326 envelope=@J10000000001000000058114388|I421da100;
editbox_emit sequence=582 bytes=39 elapsed_us=2639 envelope=@J10000000001000000058258932|I421fa100;
published_frame=1200
editbox_emit sequence=583 bytes=39 elapsed_us=2453 envelope=@J10000000001000000058337955|I421ha100;
editbox_emit sequence=584 bytes=39 elapsed_us=2414 envelope=@J10000000001000000058416978|I421ja100;
editbox_emit sequence=585 bytes=39 elapsed_us=2602 envelope=@J10000000001000000058561522|I421la100;
editbox_receipt monotonic_ns=580499097784270 received=579 consumed=569 revision=202
published_frame=1201
published_frame=1202
published_frame=1203
published_frame=1204
published_frame=1205
published_frame=1206
published_frame=1207
published_frame=1208
editbox_receipt monotonic_ns=580499225143016 received=585 consumed=569 revision=203
published_frame=1209
published_frame=1210
published_frame=1211
published_frame=1212
editbox_receipt monotonic_ns=580499288020105 received=585 consumed=575 revision=204
editbox_emit sequence=586 bytes=39 elapsed_us=2338 envelope=@J10000000001000000058640545|I421na100;
editbox_emit sequence=587 bytes=39 elapsed_us=2080 envelope=@J10000000001000000058719568|I421pa100;
editbox_emit sequence=588 bytes=39 elapsed_us=2069 envelope=@J10000000001000000058864112|I421ra100;
editbox_emit sequence=589 bytes=39 elapsed_us=2027 envelope=@J10000000001000000058943135|I421ta100;
published_frame=1213
editbox_emit sequence=590 bytes=39 elapsed_us=1845 envelope=@J10000000001000000059063575|I421va100;
editbox_emit sequence=591 bytes=39 elapsed_us=1899 envelope=@J10000000001000000059142598|I421xa100;
published_frame=1214
published_frame=1215
published_frame=1216
published_frame=1217
published_frame=1218
published_frame=1219
published_frame=1220
published_frame=1221
editbox_receipt monotonic_ns=580499439367563 received=585 consumed=581 revision=205
editbox_emit sequence=592 bytes=39 elapsed_us=2176 envelope=@J10000000001000000059221621|I421za100;
editbox_emit sequence=593 bytes=39 elapsed_us=2072 envelope=@J10000000001000000059300644|I421_a100;
editbox_emit sequence=594 bytes=39 elapsed_us=2299 envelope=@J10000000001000000059435699|I421Xb100;
editbox_emit sequence=595 bytes=39 elapsed_us=2042 envelope=@J10000000001000000059514722|I421Zb100;
published_frame=1222
editbox_emit sequence=596 bytes=39 elapsed_us=2016 envelope=@J10000000001000000059659266|I421bb100;
editbox_emit sequence=597 bytes=39 elapsed_us=1911 envelope=@J10000000001000000059738289|I421db100;
published_frame=1223
published_frame=1224
published_frame=1225
published_frame=1226
published_frame=1227
editbox_emit sequence=586 bytes=39 elapsed_us=2131 envelope=@J10000000001000000058640545|I421na100;
published_frame=1228
published_frame=1229
published_frame=1230
published_frame=1231
published_frame=1232
published_frame=1233
published_frame=1234
published_frame=1235
editbox_receipt monotonic_ns=580499672496973 received=597 consumed=583 revision=206
editbox_emit sequence=598 bytes=39 elapsed_us=2065 envelope=@J10000000001000000059817312|I421fb100;
editbox_emit sequence=599 bytes=39 elapsed_us=2264 envelope=@J10000000001000000059961856|I421hb100;
published_frame=1236
editbox_receipt monotonic_ns=580499694079865 received=597 consumed=583 revision=207
published_frame=1237
published_frame=1238
published_frame=1239
published_frame=1240
editbox_receipt monotonic_ns=580499768398249 received=597 consumed=583 revision=208
published_frame=1241
published_frame=1242
published_frame=1243
published_frame=1244
published_frame=1245
published_frame=1246
editbox_receipt monotonic_ns=580499856477254 received=599 consumed=589 revision=209
editbox_emit sequence=600 bytes=39 elapsed_us=2613 envelope=@J10000000001000000060060124|I421jb100;
editbox_emit sequence=601 bytes=39 elapsed_us=2491 envelope=@J10000000001000000060139147|I421lb100;
editbox_emit sequence=602 bytes=39 elapsed_us=2016 envelope=@J10000000001000000060218170|I421nb100;
editbox_emit sequence=603 bytes=39 elapsed_us=2421 envelope=@J10000000001000000060362714|I421pb100;
published_frame=1247
editbox_emit sequence=604 bytes=39 elapsed_us=2729 envelope=@J10000000001000000060441737|I421rb100;
editbox_emit sequence=605 bytes=39 elapsed_us=2496 envelope=@J10000000001000000060520760|I421tb100;
editbox_receipt monotonic_ns=580499880569349 received=599 consumed=595 revision=210
editbox_emit sequence=606 bytes=39 elapsed_us=2727 envelope=@J10000000001000000060665304|I421vb100;
editbox_emit sequence=607 bytes=39 elapsed_us=2530 envelope=@J10000000001000000060744327|I421xb100;
published_frame=1248
editbox_emit sequence=608 bytes=39 elapsed_us=2537 envelope=@J10000000001000000060823350|I421zb100;
editbox_emit sequence=609 bytes=39 elapsed_us=2356 envelope=@J10000000001000000060902373|I421_b100;
editbox_emit sequence=610 bytes=39 elapsed_us=2216 envelope=@J10000000001000000061013324|I421Xc100;
editbox_emit sequence=611 bytes=39 elapsed_us=2275 envelope=@J10000000001000000061157868|I421Zc100;
published_frame=1249
editbox_receipt monotonic_ns=580499915022314 received=599 consumed=597 revision=211
editbox_emit sequence=612 bytes=39 elapsed_us=2493 envelope=@J10000000001000000061236891|I421bc100;
published_frame=1250
editbox_emit sequence=613 bytes=39 elapsed_us=2247 envelope=@J10000000001000000061315914|I421dc100;
published_frame=1251
published_frame=1252
editbox_receipt monotonic_ns=580499956835243 received=599 consumed=597 revision=212
published_frame=1253
published_frame=1254
published_frame=1255
published_frame=1256
published_frame=1257
published_frame=1258
published_frame=1259
published_frame=1260
published_frame=1261
editbox_emit sequence=600 bytes=39 elapsed_us=2110 envelope=@J10000000001000000060060124|I421jb100;
published_frame=1262
published_frame=1263
published_frame=1264
published_frame=1265
published_frame=1266
published_frame=1267
editbox_receipt monotonic_ns=580500212806044 received=613 consumed=597 revision=213
published_frame=1268
published_frame=1269
editbox_receipt monotonic_ns=580500244425017 received=613 consumed=597 revision=214
published_frame=1270
published_frame=1271
editbox_receipt monotonic_ns=580500276370191 received=613 consumed=597 revision=215
published_frame=1272
published_frame=1273
published_frame=1274
published_frame=1275
published_frame=1276
editbox_receipt monotonic_ns=580500362950197 received=613 consumed=598 revision=216
editbox_emit sequence=614 bytes=39 elapsed_us=2176 envelope=@J10000000001000000061460458|I421fc100;
published_frame=1277
published_frame=1278
published_frame=1279
editbox_receipt monotonic_ns=580500405560310 received=613 consumed=601 revision=217
editbox_emit sequence=615 bytes=39 elapsed_us=2050 envelope=@J10000000001000000061539481|I421hc100;
editbox_emit sequence=616 bytes=39 elapsed_us=2008 envelope=@J10000000001000000061618504|I421jc100;
editbox_emit sequence=617 bytes=39 elapsed_us=2069 envelope=@J10000000001000000061763048|I421lc100;
published_frame=1280
published_frame=1281
published_frame=1282
published_frame=1283
editbox_receipt monotonic_ns=580500468866063 received=617 consumed=601 revision=218
published_frame=1284
published_frame=1285
editbox_receipt monotonic_ns=580500512117528 received=617 consumed=601 revision=219
published_frame=1286
published_frame=1287
published_frame=1288
published_frame=1289
published_frame=1290
editbox_receipt monotonic_ns=580500587447277 received=617 consumed=601 revision=220
published_frame=1291
published_frame=1292
published_frame=1293
published_frame=1294
published_frame=1295
published_frame=1296
editbox_receipt monotonic_ns=580500696881738 received=617 consumed=601 revision=221
published_frame=1297
published_frame=1298
published_frame=1299
published_frame=1300
published_frame=1301
control sequence=1 state=PREPARE frame=1302 epoch_ns=580500781020798
input_armed=true gameplay_armed=false mono_ns=580500782932522
editbox_receipt monotonic_ns=580500901567918 received=617 consumed=604 revision=222
editbox_emit sequence=618 bytes=39 elapsed_us=2705 envelope=@J10000000001000000061842071|I421nc100;
editbox_emit sequence=619 bytes=39 elapsed_us=2456 envelope=@J10000000001000000061921094|I421pc100;
editbox_emit sequence=620 bytes=39 elapsed_us=2372 envelope=@J10000000001000000062041534|I421rc100;
editbox_receipt monotonic_ns=580500981171607 received=620 consumed=610 revision=223
editbox_emit sequence=621 bytes=39 elapsed_us=2123 envelope=@J10000000001000000062120557|I421tc100;
editbox_emit sequence=622 bytes=39 elapsed_us=2239 envelope=@J10000000001000000062265101|I421vc100;
editbox_emit sequence=623 bytes=39 elapsed_us=2070 envelope=@J10000000001000000062344124|I421xc100;
editbox_emit sequence=624 bytes=39 elapsed_us=2155 envelope=@J10000000001000000062423147|I421zc100;
editbox_emit sequence=625 bytes=39 elapsed_us=1962 envelope=@J10000000001000000062502170|I421_c100;
editbox_emit sequence=626 bytes=39 elapsed_us=2739 envelope=@J10000000001000000062637225|I421Xd100;
editbox_receipt monotonic_ns=580501077659222 received=626 consumed=616 revision=224
editbox_emit sequence=627 bytes=39 elapsed_us=2474 envelope=@J10000000001000000062716248|I421Zd100;
editbox_emit sequence=628 bytes=39 elapsed_us=2348 envelope=@J10000000001000000062860792|I421bd100;
editbox_emit sequence=629 bytes=39 elapsed_us=2033 envelope=@J10000000001000000062939815|I421dd100;
editbox_emit sequence=630 bytes=39 elapsed_us=2180 envelope=@J10000000001000000063060255|I421fd100;
editbox_emit sequence=631 bytes=39 elapsed_us=2414 envelope=@J10000000001000000063139278|I421hd100;
editbox_emit sequence=632 bytes=39 elapsed_us=1854 envelope=@J10000000001000000063218301|I421jd100;
editbox_receipt monotonic_ns=580501184121182 received=632 consumed=616 revision=225
editbox_receipt monotonic_ns=580501252910953 received=632 consumed=616 revision=226
editbox_receipt monotonic_ns=580501310256034 received=632 consumed=616 revision=227
editbox_receipt monotonic_ns=580501428197209 received=632 consumed=619 revision=228
editbox_emit sequence=633 bytes=39 elapsed_us=2074 envelope=@J10000000001000000063362845|I421ld100;
editbox_emit sequence=634 bytes=39 elapsed_us=1964 envelope=@J10000000001000000063441868|I421nd100;
editbox_emit sequence=635 bytes=39 elapsed_us=2033 envelope=@J10000000001000000063520891|I421pd100;
editbox_receipt monotonic_ns=580501527558370 received=635 consumed=625 revision=229
editbox_emit sequence=636 bytes=39 elapsed_us=2611 envelope=@J10000000001000000063665435|I421rd100;
editbox_emit sequence=637 bytes=39 elapsed_us=2623 envelope=@J10000000001000000063744458|I421td100;
editbox_emit sequence=638 bytes=39 elapsed_us=2181 envelope=@J10000000001000000063823481|I421vd100;
editbox_emit sequence=639 bytes=39 elapsed_us=1828 envelope=@J10000000001000000063902504|I421xd100;
editbox_emit sequence=640 bytes=39 elapsed_us=2017 envelope=@J10000000001000000064022944|I421zd100;
editbox_emit sequence=641 bytes=39 elapsed_us=2681 envelope=@J10000000001000000064101967|I421_d100;
editbox_receipt monotonic_ns=580501639836390 received=641 consumed=631 revision=230
editbox_emit sequence=642 bytes=39 elapsed_us=2522 envelope=@J10000000001000000064237022|I421Xe100;
editbox_emit sequence=643 bytes=39 elapsed_us=3013 envelope=@J10000000001000000064316045|I421Ze100;
editbox_emit sequence=644 bytes=39 elapsed_us=2373 envelope=@J10000000001000000064460589|I421be100;
editbox_emit sequence=645 bytes=39 elapsed_us=2404 envelope=@J10000000001000000064539612|I421de100;
editbox_emit sequence=646 bytes=39 elapsed_us=2001 envelope=@J10000000001000000064618635|I421fe100;
editbox_emit sequence=647 bytes=39 elapsed_us=2093 envelope=@J10000000001000000064763179|I421he100;
editbox_receipt monotonic_ns=580501741123080 received=647 consumed=632 revision=231
editbox_emit sequence=648 bytes=39 elapsed_us=2047 envelope=@J10000000001000000064842202|I421je100;
editbox_receipt monotonic_ns=580501808443548 received=648 consumed=632 revision=232
editbox_receipt monotonic_ns=580501905439596 received=648 consumed=632 revision=233
editbox_receipt monotonic_ns=580502031651252 received=648 consumed=636 revision=234
editbox_emit sequence=649 bytes=39 elapsed_us=2216 envelope=@J10000000001000000064921225|I421le100;
editbox_emit sequence=650 bytes=39 elapsed_us=1968 envelope=@J10000000001000000065041665|I421ne100;
editbox_emit sequence=651 bytes=39 elapsed_us=2533 envelope=@J10000000001000000065120688|I421pe100;
editbox_emit sequence=652 bytes=38 elapsed_us=2227 envelope=@J10000000001000000065252057|I411re10;
editbox_receipt monotonic_ns=580502128277386 received=652 consumed=642 revision=235
editbox_emit sequence=653 bytes=49 elapsed_us=3800 envelope=@J10000000001000000065351337|ACK1|1|PREPARE|1302;
editbox_receipt monotonic_ns=580502202499419 received=653 consumed=648 revision=236
editbox_receipt monotonic_ns=580502289279550 received=653 consumed=648 revision=237
editbox_receipt monotonic_ns=580502399980464 received=653 consumed=648 revision=238
editbox_receipt monotonic_ns=580502517194376 received=653 consumed=651 revision=239
editbox_receipt monotonic_ns=580502591529080 received=653 consumed=653 revision=240
editbox_receipt monotonic_ns=580502699644118 received=653 consumed=653 revision=241
editbox_receipt monotonic_ns=580502797913563 received=653 consumed=653 revision=242
editbox_receipt monotonic_ns=580502897441646 received=653 consumed=653 revision=243
editbox_receipt monotonic_ns=580503013713723 received=653 consumed=653 revision=244
editbox_receipt monotonic_ns=580503091353021 received=653 consumed=653 revision=245
editbox_receipt monotonic_ns=580503200984912 received=653 consumed=653 revision=246
editbox_receipt monotonic_ns=580503286313341 received=653 consumed=653 revision=247
control sequence=2 state=PAUSE_COMMIT target=1335 frontier=1302 epoch_ns=580503434812070
input_armed=true gameplay_armed=true mono_ns=580503434901357
editbox_receipt monotonic_ns=580503445707831 received=653 consumed=653 revision=248
published_frame=1302
published_frame=1303
editbox_emit sequence=654 bytes=39 elapsed_us=2056 envelope=@J10000000001000000065438689|I421se100;
published_frame=1304
published_frame=1305
editbox_emit sequence=655 bytes=39 elapsed_us=5163 envelope=@J10000000001000000065517712|I421ue100;
editbox_receipt monotonic_ns=580503509605814 received=654 consumed=654 revision=249
published_frame=1306
published_frame=1307
editbox_emit sequence=656 bytes=39 elapsed_us=2538 envelope=@J10000000001000000065662256|I421we100;
published_frame=1308
published_frame=1309
editbox_emit sequence=657 bytes=39 elapsed_us=2114 envelope=@J10000000001000000065741279|I421ye100;
published_frame=1310
published_frame=1311
editbox_emit sequence=658 bytes=39 elapsed_us=2314 envelope=@J10000000001000000065820302|I421-e100;
editbox_receipt monotonic_ns=580503606972797 received=657 consumed=657 revision=250
published_frame=1312
published_frame=1313
editbox_emit sequence=659 bytes=39 elapsed_us=2740 envelope=@J10000000001000000065955357|I421Wf100;
published_frame=1314
published_frame=1315
editbox_emit sequence=660 bytes=39 elapsed_us=2611 envelope=@J10000000001000000066010276|I421Yf100;
published_frame=1316
published_frame=1317
editbox_emit sequence=661 bytes=39 elapsed_us=2090 envelope=@J10000000001000000066154820|I421af100;
published_frame=1318
editbox_receipt monotonic_ns=580503718684166 received=660 consumed=660 revision=251
published_frame=1319
editbox_emit sequence=662 bytes=39 elapsed_us=2278 envelope=@J10000000001000000066233843|I421cf100;
published_frame=1320
published_frame=1321
editbox_emit sequence=663 bytes=39 elapsed_us=3863 envelope=@J10000000001000000066312866|I421ef100;
published_frame=1322
published_frame=1323
editbox_emit sequence=664 bytes=39 elapsed_us=2049 envelope=@J10000000001000000066457410|I421gf100;
editbox_receipt monotonic_ns=580503816625225 received=663 consumed=663 revision=252
published_frame=1324
published_frame=1325
editbox_emit sequence=665 bytes=39 elapsed_us=2042 envelope=@J10000000001000000066536433|I421if100;
published_frame=1326
published_frame=1327
editbox_emit sequence=666 bytes=39 elapsed_us=2183 envelope=@J10000000001000000066615456|I421kf100;
published_frame=1328
published_frame=1329
editbox_emit sequence=667 bytes=39 elapsed_us=2581 envelope=@J10000000001000000066760000|I421mf100;
published_frame=1330
editbox_receipt monotonic_ns=580503930010921 received=667 consumed=667 revision=253
published_frame=1331
editbox_emit sequence=668 bytes=39 elapsed_us=2280 envelope=@J10000000001000000066839023|I421of100;
published_frame=1332
published_frame=1333
editbox_emit sequence=669 bytes=39 elapsed_us=2994 envelope=@J10000000001000000066918046|I421qf100;
published_frame=1334
control sequence=2 state=PAUSE frame=1335 epoch_ns=580503986194094
editbox_emit sequence=670 bytes=38 elapsed_us=2324 envelope=@J10000000001000000067055605|I411sf10;
input_armed=true gameplay_armed=false mono_ns=580503990095807
editbox_emit sequence=671 bytes=47 elapsed_us=3085 envelope=@J10000000001000000067104348|ACK1|2|PAUSE|1335;
editbox_receipt monotonic_ns=580504039395098 received=671 consumed=670 revision=254
editbox_receipt monotonic_ns=580504107129742 received=671 consumed=671 revision=255
editbox_receipt monotonic_ns=580504197678606 received=671 consumed=671 revision=256
editbox_receipt monotonic_ns=580504294480309 received=671 consumed=671 revision=257
editbox_receipt monotonic_ns=580504405209738 received=671 consumed=671 revision=258
editbox_receipt monotonic_ns=580504490923519 received=671 consumed=671 revision=259
editbox_receipt monotonic_ns=580504590886879 received=671 consumed=671 revision=260
editbox_receipt monotonic_ns=580504700051975 received=671 consumed=671 revision=261
editbox_receipt monotonic_ns=580504798371112 received=671 consumed=671 revision=262
editbox_receipt monotonic_ns=580504897763482 received=671 consumed=671 revision=263
editbox_receipt monotonic_ns=580504995586870 received=671 consumed=671 revision=264
editbox_receipt monotonic_ns=580505100430637 received=671 consumed=671 revision=265
editbox_receipt monotonic_ns=580505231169068 received=671 consumed=671 revision=266
editbox_receipt monotonic_ns=580505308960641 received=671 consumed=671 revision=267
editbox_receipt monotonic_ns=580505397138451 received=671 consumed=671 revision=268
editbox_receipt monotonic_ns=580505493599506 received=671 consumed=671 revision=269
editbox_receipt monotonic_ns=580505592626550 received=671 consumed=671 revision=270
editbox_receipt monotonic_ns=580505690554645 received=671 consumed=671 revision=271
editbox_receipt monotonic_ns=580505801402665 received=671 consumed=671 revision=272
editbox_receipt monotonic_ns=580505887993501 received=671 consumed=671 revision=273
editbox_receipt monotonic_ns=580505997986990 received=671 consumed=671 revision=274
editbox_receipt monotonic_ns=580506089643710 received=671 consumed=671 revision=275
editbox_receipt monotonic_ns=580506200020648 received=671 consumed=671 revision=276
editbox_receipt monotonic_ns=580506298598119 received=671 consumed=671 revision=277
editbox_receipt monotonic_ns=580506399465573 received=671 consumed=671 revision=278
editbox_receipt monotonic_ns=580506498535979 received=671 consumed=671 revision=279
editbox_receipt monotonic_ns=580506596796126 received=671 consumed=671 revision=280
editbox_receipt monotonic_ns=580506706833868 received=671 consumed=671 revision=281
editbox_receipt monotonic_ns=580506793374680 received=671 consumed=671 revision=282
editbox_receipt monotonic_ns=580506901180678 received=671 consumed=671 revision=283
editbox_receipt monotonic_ns=580506998895464 received=671 consumed=671 revision=284
editbox_receipt monotonic_ns=580507088100419 received=671 consumed=671 revision=285
editbox_receipt monotonic_ns=580507197469477 received=671 consumed=671 revision=286
editbox_receipt monotonic_ns=580507305486812 received=671 consumed=671 revision=287
editbox_receipt monotonic_ns=580507400744411 received=671 consumed=671 revision=288
editbox_receipt monotonic_ns=580507496686353 received=671 consumed=671 revision=289
editbox_receipt monotonic_ns=580507600540575 received=671 consumed=671 revision=290
editbox_receipt monotonic_ns=580507697157292 received=671 consumed=671 revision=291
editbox_receipt monotonic_ns=580507799890914 received=671 consumed=671 revision=292
editbox_receipt monotonic_ns=580507897917243 received=671 consumed=671 revision=293
editbox_receipt monotonic_ns=580507997784382 received=671 consumed=671 revision=294
editbox_receipt monotonic_ns=580508095141186 received=671 consumed=671 revision=295
editbox_receipt monotonic_ns=580508194466139 received=671 consumed=671 revision=296
editbox_receipt monotonic_ns=580508302695711 received=671 consumed=671 revision=297
editbox_receipt monotonic_ns=580508391067435 received=671 consumed=671 revision=298
editbox_receipt monotonic_ns=580508500410624 received=671 consumed=671 revision=299
editbox_receipt monotonic_ns=580508598121512 received=671 consumed=671 revision=300
editbox_receipt monotonic_ns=580508694524959 received=671 consumed=671 revision=301
editbox_receipt monotonic_ns=580508790366123 received=671 consumed=671 revision=302
editbox_receipt monotonic_ns=580508888901375 received=671 consumed=671 revision=303
editbox_receipt monotonic_ns=580508996889285 received=671 consumed=671 revision=304
editbox_receipt monotonic_ns=580509095918584 received=671 consumed=671 revision=305
editbox_receipt monotonic_ns=580509191813197 received=671 consumed=671 revision=306
editbox_receipt monotonic_ns=580509302754713 received=671 consumed=671 revision=307
editbox_receipt monotonic_ns=580509391055754 received=671 consumed=671 revision=308
editbox_receipt monotonic_ns=580509491165688 received=671 consumed=671 revision=309
editbox_receipt monotonic_ns=580509598805896 received=671 consumed=671 revision=310
editbox_receipt monotonic_ns=580509695649478 received=671 consumed=671 revision=311
editbox_receipt monotonic_ns=580509790870439 received=671 consumed=671 revision=312
editbox_receipt monotonic_ns=580509899320525 received=671 consumed=671 revision=313
editbox_receipt monotonic_ns=580509995733209 received=671 consumed=671 revision=314
editbox_receipt monotonic_ns=580510134052729 received=671 consumed=671 revision=315
editbox_receipt monotonic_ns=580510198157710 received=671 consumed=671 revision=316
editbox_receipt monotonic_ns=580510295059511 received=671 consumed=671 revision=317
editbox_receipt monotonic_ns=580510392578058 received=671 consumed=671 revision=318
editbox_receipt monotonic_ns=580510490839888 received=671 consumed=671 revision=319
editbox_receipt monotonic_ns=580510597579368 received=671 consumed=671 revision=320
editbox_receipt monotonic_ns=580510703549345 received=671 consumed=671 revision=321
editbox_receipt monotonic_ns=580510790420616 received=671 consumed=671 revision=322
editbox_receipt monotonic_ns=580510890415184 received=671 consumed=671 revision=323
editbox_receipt monotonic_ns=580510998083635 received=671 consumed=671 revision=324
editbox_receipt monotonic_ns=580511103248063 received=671 consumed=671 revision=325
editbox_receipt monotonic_ns=580511190337162 received=671 consumed=671 revision=326
editbox_receipt monotonic_ns=580511289212242 received=671 consumed=671 revision=327
editbox_receipt monotonic_ns=580511397098782 received=671 consumed=671 revision=328
editbox_receipt monotonic_ns=580511495963782 received=671 consumed=671 revision=329
editbox_receipt monotonic_ns=580511594140283 received=671 consumed=671 revision=330
editbox_receipt monotonic_ns=580511694927967 received=671 consumed=671 revision=331
editbox_receipt monotonic_ns=580511793299884 received=671 consumed=671 revision=332
editbox_receipt monotonic_ns=580511903454324 received=671 consumed=671 revision=333
control sequence=3 state=RESUME frame=1335 epoch_ns=580512008481069 read_ns=580512009597075 uncertainty_ns=1100210 timestamp_resolution_ns=1000000
input_armed=true gameplay_armed=true mono_ns=580512009563092
editbox_emit sequence=672 bytes=48 elapsed_us=3505 envelope=@J10000000001000000067204381|ACK1|3|RESUME|1335;
published_frame=1335
editbox_receipt monotonic_ns=580512040952043 received=672 consumed=672 revision=334
published_frame=1336
editbox_emit sequence=673 bytes=39 elapsed_us=2188 envelope=@J10000000001000000067301240|I421tf100;
published_frame=1337
published_frame=1338
editbox_emit sequence=674 bytes=39 elapsed_us=2241 envelope=@J10000000001000000067445784|I421vf100;
published_frame=1339
editbox_receipt monotonic_ns=580512094160631 received=674 consumed=672 revision=335
published_frame=1340
editbox_emit sequence=675 bytes=39 elapsed_us=2754 envelope=@J10000000001000000067524807|I421xf100;
published_frame=1341
published_frame=1342
editbox_emit sequence=676 bytes=39 elapsed_us=2314 envelope=@J10000000001000000067603830|I421zf100;
published_frame=1343
published_frame=1344
editbox_emit sequence=677 bytes=39 elapsed_us=2171 envelope=@J10000000001000000067748374|I421_f100;
published_frame=1345
editbox_receipt monotonic_ns=580512203818651 received=677 consumed=675 revision=336
published_frame=1346
editbox_emit sequence=678 bytes=39 elapsed_us=2345 envelope=@J10000000001000000067817908|I421Xg100;
published_frame=1347
published_frame=1348
editbox_emit sequence=679 bytes=39 elapsed_us=3283 envelope=@J10000000001000000067962452|I421Zg100;
published_frame=1349
published_frame=1350
editbox_emit sequence=680 bytes=39 elapsed_us=2149 envelope=@J10000000001000000068017371|I421bg100;
published_frame=1351
published_frame=1352
editbox_emit sequence=681 bytes=39 elapsed_us=2059 envelope=@J10000000001000000068161915|I421dg100;
editbox_receipt monotonic_ns=580512324138314 received=680 consumed=680 revision=337
published_frame=1353
published_frame=1354
editbox_emit sequence=682 bytes=39 elapsed_us=2337 envelope=@J10000000001000000068240938|I421fg100;
published_frame=1355
published_frame=1356
editbox_emit sequence=683 bytes=39 elapsed_us=2329 envelope=@J10000000001000000068319961|I421hg100;
published_frame=1357
published_frame=1358
editbox_emit sequence=684 bytes=39 elapsed_us=2265 envelope=@J10000000001000000068464505|I421jg100;
editbox_receipt monotonic_ns=580512414631714 received=683 consumed=683 revision=338
published_frame=1359
published_frame=1360
editbox_emit sequence=685 bytes=39 elapsed_us=2286 envelope=@J10000000001000000068543528|I421lg100;
published_frame=1361
published_frame=1362
editbox_emit sequence=686 bytes=39 elapsed_us=2290 envelope=@J10000000001000000068622551|I421ng100;
published_frame=1363
published_frame=1364
editbox_emit sequence=687 bytes=39 elapsed_us=2160 envelope=@J10000000001000000068701574|I421pg100;
editbox_receipt monotonic_ns=580512513074022 received=686 consumed=686 revision=339
published_frame=1365
published_frame=1366
editbox_emit sequence=688 bytes=39 elapsed_us=2164 envelope=@J10000000001000000068846118|I421rg100;
published_frame=1367
published_frame=1368
editbox_emit sequence=689 bytes=39 elapsed_us=2753 envelope=@J10000000001000000068925141|I421tg100;
published_frame=1369
published_frame=1370
editbox_emit sequence=690 bytes=39 elapsed_us=2520 envelope=@J10000000001000000069045581|I421vg100;
editbox_receipt monotonic_ns=580512623898288 received=689 consumed=689 revision=340
published_frame=1371
published_frame=1372
editbox_emit sequence=691 bytes=39 elapsed_us=1971 envelope=@J10000000001000000069124604|I421xg100;
published_frame=1373
published_frame=1374
editbox_emit sequence=692 bytes=39 elapsed_us=2945 envelope=@J10000000001000000069203627|I421zg100;
event mono_ns=580512678073000 frame=1375 held=1 pressed=1 released=0
event mono_ns=580512683408000 frame=1375 held=0 pressed=0 released=1
published_frame=1375
published_frame=1376
editbox_emit sequence=693 bytes=50 elapsed_us=2610 envelope=@J10000000001000000069308082|I421_g1o0010011H03_0;
editbox_receipt monotonic_ns=580512724937324 received=692 consumed=692 revision=341
published_frame=1377
event mono_ns=580512728812000 frame=1378 held=2 pressed=2 released=0
event mono_ns=580512734145000 frame=1378 held=0 pressed=0 released=2
published_frame=1378
editbox_emit sequence=694 bytes=50 elapsed_us=2798 envelope=@J10000000001000000069438957|I421Xh10o0020022Y07-;
published_frame=1379
published_frame=1380
editbox_emit sequence=695 bytes=39 elapsed_us=2894 envelope=@J10000000001000000069562249|I421Zh100;
event mono_ns=580512779466000 frame=1381 held=4 pressed=4 released=0
event mono_ns=580512784670000 frame=1381 held=0 pressed=0 released=4
published_frame=1381
published_frame=1382
editbox_emit sequence=696 bytes=50 elapsed_us=2633 envelope=@J10000000001000000069612232|I421bh1o004004FC0010;
editbox_receipt monotonic_ns=580512813846074 received=695 consumed=695 revision=342
published_frame=1383
event mono_ns=580512829952000 frame=1384 held=24 pressed=24 released=0
event mono_ns=580512835230000 frame=1384 held=0 pressed=0 released=24
published_frame=1384
editbox_emit sequence=697 bytes=50 elapsed_us=3058 envelope=@J10000000001000000069758750|I421dh10o00O00OUO002;
published_frame=1385
published_frame=1386
editbox_emit sequence=698 bytes=39 elapsed_us=1987 envelope=@J10000000001000000069864839|I421fh100;
event mono_ns=580512880501000 frame=1387 held=16 pressed=16 released=0
event mono_ns=580512885807000 frame=1387 held=0 pressed=0 released=16
published_frame=1387
published_frame=1388
editbox_emit sequence=699 bytes=45 elapsed_us=2484 envelope=@J10000000001000000069912974|I421hh1200G00G0;
editbox_receipt monotonic_ns=580512924262816 received=698 consumed=698 revision=343
published_frame=1389
event mono_ns=580512931123000 frame=1390 held=16 pressed=16 released=0
event mono_ns=580512936377000 frame=1390 held=0 pressed=0 released=16
published_frame=1390
editbox_emit sequence=700 bytes=45 elapsed_us=2370 envelope=@J10000000001000000070063585|I421jh10200G00G;
published_frame=1391
published_frame=1392
editbox_emit sequence=701 bytes=39 elapsed_us=1976 envelope=@J10000000001000000070121153|I421lh100;
event mono_ns=580512981674000 frame=1393 held=32 pressed=32 released=0
event mono_ns=580512986895000 frame=1393 held=0 pressed=0 released=32
published_frame=1393
published_frame=1394
editbox_emit sequence=702 bytes=45 elapsed_us=2712 envelope=@J10000000001000000070218173|I421nh1200W00W0;
published_frame=1395
event mono_ns=580513032240000 frame=1396 held=64 pressed=64 released=0
event mono_ns=580513037503000 frame=1396 held=0 pressed=0 released=64
published_frame=1396
editbox_emit sequence=703 bytes=45 elapsed_us=2450 envelope=@J10000000001000000070350812|I421ph102010010;
editbox_receipt monotonic_ns=580513052070734 received=702 consumed=701 revision=344
published_frame=1397
published_frame=1398
editbox_emit sequence=704 bytes=39 elapsed_us=2032 envelope=@J10000000001000000070423743|I421rh100;
event mono_ns=580513082940000 frame=1399 held=256 pressed=256 released=0
event mono_ns=580513088261000 frame=1399 held=0 pressed=0 released=256
published_frame=1399
published_frame=1400
editbox_emit sequence=705 bytes=45 elapsed_us=2157 envelope=@J10000000001000000070514057|I421th120400400;
published_frame=1401
event mono_ns=580513133550000 frame=1402 held=512 pressed=512 released=0
event mono_ns=580513138768000 frame=1402 held=0 pressed=0 released=512
published_frame=1402
editbox_emit sequence=706 bytes=45 elapsed_us=2791 envelope=@J10000000001000000070644174|I421vh102080080;
editbox_receipt monotonic_ns=580513151102577 received=704 consumed=704 revision=345
published_frame=1403
published_frame=1404
editbox_emit sequence=707 bytes=39 elapsed_us=2136 envelope=@J10000000001000000070726333|I421xh100;
event mono_ns=580513184116000 frame=1405 held=128 pressed=128 released=0
event mono_ns=580513189320000 frame=1405 held=0 pressed=0 released=128
published_frame=1405
published_frame=1406
editbox_emit sequence=708 bytes=45 elapsed_us=2570 envelope=@J10000000001000000070804595|I421zh120200200;
published_frame=1407
event mono_ns=580513234654000 frame=1408 held=16384 pressed=16384 released=0
event mono_ns=580513239879000 frame=1408 held=0 pressed=0 released=16384
published_frame=1408
editbox_emit sequence=709 bytes=45 elapsed_us=2403 envelope=@J10000000001000000070953836|I421_h102400400;
published_frame=1409
editbox_receipt monotonic_ns=580513266865740 received=709 consumed=707 revision=346
published_frame=1410
editbox_emit sequence=710 bytes=39 elapsed_us=2111 envelope=@J10000000001000000071060851|I421Xi100;
published_frame=1411
published_frame=1412
editbox_emit sequence=711 bytes=39 elapsed_us=2149 envelope=@J10000000001000000071139874|I421Zi100;
published_frame=1413
published_frame=1414
editbox_emit sequence=712 bytes=39 elapsed_us=1985 envelope=@J10000000001000000071218897|I421bi100;
editbox_receipt monotonic_ns=580513346414997 received=711 consumed=711 revision=347
published_frame=1415
published_frame=1416
editbox_emit sequence=713 bytes=39 elapsed_us=2153 envelope=@J10000000001000000071363441|I421di100;
published_frame=1417
published_frame=1418
editbox_emit sequence=714 bytes=39 elapsed_us=2089 envelope=@J10000000001000000071442464|I421fi100;
published_frame=1419
published_frame=1420
editbox_receipt monotonic_ns=580513442545242 received=714 consumed=713 revision=348
editbox_emit sequence=715 bytes=39 elapsed_us=2000 envelope=@J10000000001000000071521487|I421hi100;
published_frame=1421
published_frame=1422
editbox_emit sequence=716 bytes=39 elapsed_us=2028 envelope=@J10000000001000000071600510|I421ji100;
published_frame=1423
published_frame=1424
editbox_emit sequence=717 bytes=39 elapsed_us=2271 envelope=@J10000000001000000071745054|I421li100;
published_frame=1425
editbox_receipt monotonic_ns=580513528949348 received=716 consumed=716 revision=349
published_frame=1426
editbox_emit sequence=718 bytes=39 elapsed_us=2456 envelope=@J10000000001000000071824077|I421ni100;
published_frame=1427
published_frame=1428
editbox_emit sequence=719 bytes=39 elapsed_us=2209 envelope=@J10000000001000000071903100|I421pi100;
published_frame=1429
published_frame=1430
editbox_emit sequence=720 bytes=39 elapsed_us=2113 envelope=@J10000000001000000072023540|I421ri100;
editbox_receipt monotonic_ns=580513615110558 received=719 consumed=719 revision=350
published_frame=1431
published_frame=1432
editbox_emit sequence=721 bytes=39 elapsed_us=1972 envelope=@J10000000001000000072102563|I421ti100;
published_frame=1433
published_frame=1434
editbox_emit sequence=722 bytes=39 elapsed_us=2599 envelope=@J10000000001000000072247107|I421vi100;
published_frame=1435
published_frame=1436
editbox_emit sequence=723 bytes=39 elapsed_us=1903 envelope=@J10000000001000000072326130|I421xi100;
editbox_receipt monotonic_ns=580513713016632 received=722 consumed=722 revision=351
published_frame=1437
published_frame=1438
editbox_emit sequence=724 bytes=39 elapsed_us=2165 envelope=@J10000000001000000072405153|I421zi100;
published_frame=1439
published_frame=1440
editbox_emit sequence=725 bytes=39 elapsed_us=2308 envelope=@J10000000001000000072549697|I421_i100;
published_frame=1441
published_frame=1442
editbox_emit sequence=726 bytes=39 elapsed_us=2676 envelope=@J10000000001000000072619231|I421Xj100;
editbox_receipt monotonic_ns=580513824804113 received=725 consumed=725 revision=352
published_frame=1443
published_frame=1444
editbox_emit sequence=727 bytes=39 elapsed_us=2036 envelope=@J10000000001000000072763775|I421Zj100;
published_frame=1445
published_frame=1446
editbox_emit sequence=728 bytes=39 elapsed_us=2251 envelope=@J10000000001000000072842798|I421bj100;
published_frame=1447
published_frame=1448
editbox_emit sequence=729 bytes=39 elapsed_us=1914 envelope=@J10000000001000000072921821|I421dj100;
editbox_receipt monotonic_ns=580513922569593 received=728 consumed=728 revision=353
published_frame=1449
published_frame=1450
editbox_emit sequence=730 bytes=39 elapsed_us=2306 envelope=@J10000000001000000073042261|I421fj100;
published_frame=1451
published_frame=1452
editbox_emit sequence=731 bytes=39 elapsed_us=2547 envelope=@J10000000001000000073121284|I421hj100;
published_frame=1453
editbox_receipt monotonic_ns=580514000321652 received=730 consumed=730 revision=354
published_frame=1454
editbox_emit sequence=732 bytes=39 elapsed_us=1943 envelope=@J10000000001000000073200307|I421jj100;
published_frame=1455
published_frame=1456
editbox_emit sequence=733 bytes=39 elapsed_us=2143 envelope=@J10000000001000000073344851|I421lj100;
published_frame=1457
published_frame=1458
editbox_emit sequence=734 bytes=39 elapsed_us=2358 envelope=@J10000000001000000073423874|I421nj100;
published_frame=1459
published_frame=1460
editbox_emit sequence=735 bytes=39 elapsed_us=1991 envelope=@J10000000001000000073502897|I421pj100;
editbox_receipt monotonic_ns=580514113844816 received=734 consumed=734 revision=355
published_frame=1461
published_frame=1462
editbox_emit sequence=736 bytes=39 elapsed_us=2188 envelope=@J10000000001000000073647441|I421rj100;
published_frame=1463
published_frame=1464
editbox_emit sequence=737 bytes=39 elapsed_us=2802 envelope=@J10000000001000000073726464|I421tj100;
published_frame=1465
published_frame=1466
editbox_emit sequence=738 bytes=39 elapsed_us=2056 envelope=@J10000000001000000073805487|I421vj100;
editbox_receipt monotonic_ns=580514212788023 received=737 consumed=737 revision=356
published_frame=1467
published_frame=1468
editbox_emit sequence=739 bytes=39 elapsed_us=2154 envelope=@J10000000001000000073950031|I421xj100;
published_frame=1469
published_frame=1470
editbox_emit sequence=740 bytes=39 elapsed_us=2114 envelope=@J10000000001000000074004950|I421zj100;
published_frame=1471
published_frame=1472
editbox_emit sequence=741 bytes=39 elapsed_us=2398 envelope=@J10000000001000000074149494|I421_j100;
editbox_receipt monotonic_ns=580514313141995 received=740 consumed=740 revision=357
published_frame=1473
published_frame=1474
editbox_emit sequence=742 bytes=39 elapsed_us=2167 envelope=@J10000000001000000074219028|I421Xk100;
published_frame=1475
published_frame=1476
editbox_emit sequence=743 bytes=39 elapsed_us=2205 envelope=@J10000000001000000074363572|I421Zk100;
published_frame=1477
published_frame=1478
editbox_emit sequence=744 bytes=39 elapsed_us=2317 envelope=@J10000000001000000074442595|I421bk100;
editbox_receipt monotonic_ns=580514413306802 received=743 consumed=743 revision=358
published_frame=1479
published_frame=1480
editbox_emit sequence=745 bytes=39 elapsed_us=2194 envelope=@J10000000001000000074521618|I421dk100;
published_frame=1481
published_frame=1482
editbox_emit sequence=746 bytes=39 elapsed_us=2026 envelope=@J10000000001000000074600641|I421fk100;
published_frame=1483
editbox_receipt monotonic_ns=580514502176208 received=746 consumed=746 revision=359
published_frame=1484
editbox_emit sequence=747 bytes=39 elapsed_us=2433 envelope=@J10000000001000000074745185|I421hk100;
published_frame=1485
published_frame=1486
editbox_emit sequence=748 bytes=39 elapsed_us=1914 envelope=@J10000000001000000074824208|I421jk100;
published_frame=1487
published_frame=1488
editbox_emit sequence=749 bytes=39 elapsed_us=2214 envelope=@J10000000001000000074903231|I421lk100;
published_frame=1489
published_frame=1490
editbox_emit sequence=750 bytes=39 elapsed_us=1971 envelope=@J10000000001000000075023671|I421nk100;
editbox_receipt monotonic_ns=580514623298876 received=749 consumed=749 revision=360
published_frame=1491
published_frame=1492
editbox_emit sequence=751 bytes=39 elapsed_us=1931 envelope=@J10000000001000000075102694|I421pk100;
published_frame=1493
published_frame=1494
editbox_emit sequence=752 bytes=39 elapsed_us=1984 envelope=@J10000000001000000075247238|I421rk100;
published_frame=1495
published_frame=1496
editbox_emit sequence=753 bytes=39 elapsed_us=2710 envelope=@J10000000001000000075326261|I421tk100;
editbox_receipt monotonic_ns=580514724257671 received=752 consumed=752 revision=361
published_frame=1497
published_frame=1498
editbox_emit sequence=754 bytes=39 elapsed_us=2784 envelope=@J10000000001000000075405284|I421vk100;
published_frame=1499
published_frame=1500
editbox_emit sequence=755 bytes=39 elapsed_us=2235 envelope=@J10000000001000000075549828|I421xk100;
published_frame=1501
published_frame=1502
editbox_emit sequence=756 bytes=39 elapsed_us=2977 envelope=@J10000000001000000075628851|I421zk100;
editbox_receipt monotonic_ns=580514813319869 received=755 consumed=755 revision=362
published_frame=1503
published_frame=1504
editbox_emit sequence=757 bytes=39 elapsed_us=2988 envelope=@J10000000001000000075707874|I421_k100;
published_frame=1505
published_frame=1506
editbox_emit sequence=758 bytes=39 elapsed_us=2051 envelope=@J10000000001000000075842929|I421Xl100;
published_frame=1507
published_frame=1508
editbox_emit sequence=759 bytes=39 elapsed_us=2413 envelope=@J10000000001000000075921952|I421Zl100;
editbox_receipt monotonic_ns=580514924555826 received=758 consumed=758 revision=363
published_frame=1509
published_frame=1510
editbox_emit sequence=760 bytes=39 elapsed_us=1994 envelope=@J10000000001000000076042392|I421bl100;
published_frame=1511
published_frame=1512
editbox_emit sequence=761 bytes=39 elapsed_us=2968 envelope=@J10000000001000000076121415|I421dl100;
published_frame=1513
published_frame=1514
editbox_emit sequence=762 bytes=39 elapsed_us=2146 envelope=@J10000000001000000076200438|I421fl100;
editbox_receipt monotonic_ns=580515012353994 received=761 consumed=761 revision=364
published_frame=1515
published_frame=1516
editbox_emit sequence=763 bytes=39 elapsed_us=2454 envelope=@J10000000001000000076344982|I421hl100;
published_frame=1517
published_frame=1518
editbox_emit sequence=764 bytes=39 elapsed_us=2040 envelope=@J10000000001000000076424005|I421jl100;
published_frame=1519
published_frame=1520
editbox_emit sequence=765 bytes=39 elapsed_us=1993 envelope=@J10000000001000000076503028|I421ll100;
editbox_receipt monotonic_ns=580515112081792 received=764 consumed=764 revision=365
published_frame=1521
published_frame=1522
editbox_emit sequence=766 bytes=39 elapsed_us=2020 envelope=@J10000000001000000076647572|I421nl100;
published_frame=1523
published_frame=1524
editbox_emit sequence=767 bytes=39 elapsed_us=1972 envelope=@J10000000001000000076726595|I421pl100;
published_frame=1525
published_frame=1526
editbox_emit sequence=768 bytes=39 elapsed_us=2132 envelope=@J10000000001000000076805618|I421rl100;
editbox_receipt monotonic_ns=580515213296677 received=767 consumed=767 revision=366
published_frame=1527
published_frame=1528
editbox_emit sequence=769 bytes=39 elapsed_us=1947 envelope=@J10000000001000000076950162|I421tl100;
published_frame=1529
published_frame=1530
editbox_emit sequence=770 bytes=39 elapsed_us=3385 envelope=@J10000000001000000077005081|I421vl100;
published_frame=1531
published_frame=1532
editbox_emit sequence=771 bytes=39 elapsed_us=2121 envelope=@J10000000001000000077149625|I421xl100;
editbox_receipt monotonic_ns=580515312917645 received=770 consumed=770 revision=367
published_frame=1533
published_frame=1534
editbox_emit sequence=772 bytes=39 elapsed_us=2403 envelope=@J10000000001000000077228648|I421zl100;
published_frame=1535
published_frame=1536
editbox_emit sequence=773 bytes=39 elapsed_us=2512 envelope=@J10000000001000000077307671|I421_l100;
published_frame=1537
published_frame=1538
editbox_emit sequence=774 bytes=39 elapsed_us=1998 envelope=@J10000000001000000077442726|I421Xm100;
published_frame=1539
editbox_receipt monotonic_ns=580515434229498 received=773 consumed=773 revision=368
published_frame=1540
editbox_emit sequence=775 bytes=39 elapsed_us=2292 envelope=@J10000000001000000077521749|I421Zm100;
published_frame=1541
published_frame=1542
editbox_emit sequence=776 bytes=39 elapsed_us=2019 envelope=@J10000000001000000077600772|I421bm100;
match_end epoch=1 frontier=1543 old_rows=drain terminal_rows=discard
input_armed=true gameplay_armed=false mono_ns=580515478876248
editbox_emit sequence=777 bytes=34 elapsed_us=1750 envelope=@J10000000001000000077717615|JE11;
editbox_receipt monotonic_ns=580515531998744 received=777 consumed=777 revision=369
match_quiescent epoch=1
waiting_for_match build=playable-0042 slot=1 after_epoch=1
menu_emit epoch=1 phase=Some(Result) key=y mono_ns=580543679624000
menu_emit epoch=1 phase=Some(Character) key=n mono_ns=580549757104000
match_ready epoch=2 neutral_rearm=required
input_armed=true gameplay_armed=false mono_ns=580558396034246
editbox_receipt monotonic_ns=580558396167856 received=0 consumed=0 revision=1
editbox_emit sequence=1 bytes=34 elapsed_us=1840 envelope=@J10000000002000000000144738|JR12;
editbox_receipt monotonic_ns=580558439447294 received=1 consumed=1 revision=3
editbox_receipt monotonic_ns=580558483455378 received=1 consumed=1 revision=4
match_start epoch=2 epoch_ns=580558562571849 read_ns=580558563482751 uncertainty_ns=1100210
input_armed=true gameplay_armed=true mono_ns=580558563460169
published_frame=1
published_frame=2
editbox_emit sequence=2 bytes=37 elapsed_us=2452 envelope=@J10000000002000000000230575|I422100;
published_frame=3
published_frame=4
editbox_emit sequence=3 bytes=37 elapsed_us=2490 envelope=@J10000000002000000000309341|I422300;
published_frame=5
published_frame=6
editbox_emit sequence=4 bytes=37 elapsed_us=2372 envelope=@J10000000002000000000453628|I422500;
published_frame=7
published_frame=8
editbox_emit sequence=5 bytes=37 elapsed_us=2678 envelope=@J10000000002000000000532394|I422700;
published_frame=9
published_frame=10
editbox_emit sequence=6 bytes=37 elapsed_us=1925 envelope=@J10000000002000000000611160|I422900;
published_frame=11
published_frame=12
editbox_receipt monotonic_ns=580558763787478 received=3 consumed=3 revision=5
editbox_emit sequence=7 bytes=37 elapsed_us=2454 envelope=@J10000000002000000000755447|I422B00;
published_frame=13
published_frame=14
editbox_emit sequence=8 bytes=37 elapsed_us=2585 envelope=@J10000000002000000000834213|I422D00;
published_frame=15
editbox_receipt monotonic_ns=580558828615664 received=8 consumed=4 revision=6
published_frame=16
editbox_emit sequence=9 bytes=37 elapsed_us=2455 envelope=@J10000000002000000000912979|I422F00;
published_frame=17
editbox_receipt monotonic_ns=580558860619959 received=8 consumed=8 revision=7
published_frame=18
editbox_emit sequence=10 bytes=37 elapsed_us=2152 envelope=@J10000000002000000001020251|I422H00;
published_frame=19
published_frame=20
editbox_emit sequence=11 bytes=37 elapsed_us=2140 envelope=@J10000000002000000001164538|I422J00;
published_frame=21
editbox_receipt monotonic_ns=580558913683966 received=10 consumed=10 revision=8
published_frame=22
editbox_emit sequence=12 bytes=37 elapsed_us=2402 envelope=@J10000000002000000001243304|I422L00;
published_frame=23
published_frame=24
editbox_emit sequence=13 bytes=37 elapsed_us=2475 envelope=@J10000000002000000001322070|I422N00;
published_frame=25
published_frame=26
editbox_emit sequence=14 bytes=37 elapsed_us=2204 envelope=@J10000000002000000001400836|I422P00;
editbox_receipt monotonic_ns=580559010439583 received=13 consumed=13 revision=9
published_frame=27
published_frame=28
editbox_emit sequence=15 bytes=37 elapsed_us=2156 envelope=@J10000000002000000001545123|I422R00;
published_frame=29
published_frame=30
editbox_emit sequence=16 bytes=37 elapsed_us=2326 envelope=@J10000000002000000001623889|I422T00;
published_frame=31
published_frame=32
editbox_emit sequence=17 bytes=37 elapsed_us=2037 envelope=@J10000000002000000001702655|I422V00;
published_frame=33
editbox_receipt monotonic_ns=580559113195346 received=16 consumed=16 revision=10
published_frame=34
editbox_emit sequence=18 bytes=38 elapsed_us=2256 envelope=@J10000000002000000001851664|I422X100;
published_frame=35
published_frame=36
editbox_emit sequence=19 bytes=38 elapsed_us=2065 envelope=@J10000000002000000001929131|I422Z100;
published_frame=37
editbox_receipt monotonic_ns=580559189029730 received=18 consumed=18 revision=11
published_frame=38
editbox_emit sequence=20 bytes=38 elapsed_us=3320 envelope=@J10000000002000000002019815|I422b100;
published_frame=39
published_frame=40
editbox_emit sequence=21 bytes=38 elapsed_us=2059 envelope=@J10000000002000000002162803|I422d100;
published_frame=41
published_frame=42
editbox_emit sequence=22 bytes=38 elapsed_us=2216 envelope=@J10000000002000000002240270|I422f100;
editbox_receipt monotonic_ns=580559278564624 received=21 consumed=21 revision=12
published_frame=43
published_frame=44
editbox_emit sequence=23 bytes=38 elapsed_us=1959 envelope=@J10000000002000000002317737|I422h100;
published_frame=45
published_frame=46
editbox_emit sequence=24 bytes=38 elapsed_us=2082 envelope=@J10000000002000000002460725|I422j100;
published_frame=47
published_frame=48
editbox_emit sequence=25 bytes=38 elapsed_us=2067 envelope=@J10000000002000000002538192|I422l100;
published_frame=49
published_frame=50
editbox_emit sequence=26 bytes=38 elapsed_us=2431 envelope=@J10000000002000000002615659|I422n100;
editbox_receipt monotonic_ns=580559406491354 received=25 consumed=25 revision=13
published_frame=51
published_frame=52
editbox_emit sequence=27 bytes=38 elapsed_us=2130 envelope=@J10000000002000000002758647|I422p100;
published_frame=53
published_frame=54
editbox_emit sequence=28 bytes=38 elapsed_us=2130 envelope=@J10000000002000000002836114|I422r100;
published_frame=55
published_frame=56
editbox_emit sequence=29 bytes=38 elapsed_us=2157 envelope=@J10000000002000000002913581|I422t100;
published_frame=57
editbox_receipt monotonic_ns=580559514042825 received=28 consumed=28 revision=14
published_frame=58
editbox_emit sequence=30 bytes=38 elapsed_us=3052 envelope=@J10000000002000000003004265|I422v100;
published_frame=59
published_frame=60
editbox_emit sequence=31 bytes=38 elapsed_us=2049 envelope=@J10000000002000000003147253|I422x100;
published_frame=61
published_frame=62
editbox_emit sequence=32 bytes=38 elapsed_us=1919 envelope=@J10000000002000000003224720|I422z100;
published_frame=63
published_frame=64
editbox_emit sequence=33 bytes=38 elapsed_us=2119 envelope=@J10000000002000000003302187|I422_100;
published_frame=65
published_frame=66
editbox_emit sequence=34 bytes=38 elapsed_us=2020 envelope=@J10000000002000000003437306|I422X200;
published_frame=67
published_frame=68
editbox_emit sequence=35 bytes=38 elapsed_us=2478 envelope=@J10000000002000000003514773|I422Z200;
published_frame=69
published_frame=70
editbox_emit sequence=36 bytes=38 elapsed_us=2084 envelope=@J10000000002000000003657761|I422b200;
editbox_receipt monotonic_ns=580559744829023 received=35 consumed=31 revision=15
published_frame=71
published_frame=72
editbox_emit sequence=37 bytes=38 elapsed_us=2069 envelope=@J10000000002000000003735228|I422d200;
published_frame=73
published_frame=74
editbox_emit sequence=38 bytes=38 elapsed_us=2164 envelope=@J10000000002000000003812695|I422f200;
editbox_receipt monotonic_ns=580559800753040 received=35 consumed=35 revision=16
published_frame=75
published_frame=76
editbox_emit sequence=39 bytes=38 elapsed_us=2160 envelope=@J10000000002000000003955683|I422h200;
published_frame=77
published_frame=78
editbox_emit sequence=40 bytes=38 elapsed_us=1940 envelope=@J10000000002000000004046367|I422j200;
published_frame=79
editbox_receipt monotonic_ns=580559888971827 received=39 consumed=38 revision=17
published_frame=80
editbox_emit sequence=41 bytes=38 elapsed_us=2000 envelope=@J10000000002000000004123834|I422l200;
published_frame=81
published_frame=82
editbox_emit sequence=42 bytes=38 elapsed_us=2052 envelope=@J10000000002000000004201301|I422n200;
published_frame=83
published_frame=84
editbox_emit sequence=43 bytes=38 elapsed_us=1884 envelope=@J10000000002000000004344289|I422p200;
editbox_receipt monotonic_ns=580559971733355 received=42 consumed=40 revision=18
published_frame=85
published_frame=86
editbox_emit sequence=44 bytes=38 elapsed_us=2008 envelope=@J10000000002000000004421756|I422r200;
published_frame=87
published_frame=88
editbox_emit sequence=45 bytes=38 elapsed_us=1986 envelope=@J10000000002000000004564744|I422t200;
published_frame=89
published_frame=90
editbox_emit sequence=46 bytes=38 elapsed_us=2457 envelope=@J10000000002000000004642211|I422v200;
editbox_receipt monotonic_ns=580560067750698 received=45 consumed=43 revision=19
published_frame=91
published_frame=92
editbox_emit sequence=47 bytes=38 elapsed_us=2225 envelope=@J10000000002000000004719678|I422x200;
published_frame=93
published_frame=94
editbox_emit sequence=48 bytes=38 elapsed_us=2023 envelope=@J10000000002000000004862666|I422z200;
published_frame=95
editbox_receipt monotonic_ns=580560152403781 received=48 consumed=46 revision=20
published_frame=96
editbox_emit sequence=49 bytes=38 elapsed_us=2054 envelope=@J10000000002000000004940133|I422_200;
published_frame=97
published_frame=98
editbox_emit sequence=50 bytes=38 elapsed_us=2318 envelope=@J10000000002000000005022948|I422X300;
published_frame=99
published_frame=100
editbox_emit sequence=51 bytes=38 elapsed_us=2099 envelope=@J10000000002000000005100415|I422Z300;
editbox_receipt monotonic_ns=580560236516502 received=50 consumed=49 revision=21
published_frame=101
published_frame=102
editbox_emit sequence=52 bytes=38 elapsed_us=2125 envelope=@J10000000002000000005243403|I422b300;
event mono_ns=580560275200000 frame=103 held=1 pressed=1 released=0
published_frame=103
event mono_ns=580560280573000 frame=104 held=0 pressed=0 released=1
published_frame=104
editbox_emit sequence=53 bytes=61 elapsed_us=3563 envelope=@J10000000002000000005343471|I422d3t001001000Fm31H03_2000001;
published_frame=105
editbox_receipt monotonic_ns=580560323138165 received=52 consumed=52 revision=22
published_frame=106
editbox_emit sequence=54 bytes=38 elapsed_us=2210 envelope=@J10000000002000000005463858|I422f300;
published_frame=107
published_frame=108
editbox_emit sequence=55 bytes=38 elapsed_us=2106 envelope=@J10000000002000000005541325|I422h300;
published_frame=109
published_frame=110
editbox_emit sequence=56 bytes=38 elapsed_us=2279 envelope=@J10000000002000000005618792|I422j300;
published_frame=111
published_frame=112
editbox_emit sequence=57 bytes=38 elapsed_us=2184 envelope=@J10000000002000000005761780|I422l300;
editbox_receipt monotonic_ns=580560433901897 received=54 consumed=54 revision=23
published_frame=113
published_frame=114
editbox_emit sequence=58 bytes=38 elapsed_us=2088 envelope=@J10000000002000000005839247|I422n300;
published_frame=115
published_frame=116
editbox_emit sequence=59 bytes=38 elapsed_us=2173 envelope=@J10000000002000000005916714|I422p300;
published_frame=117
published_frame=118
editbox_emit sequence=60 bytes=38 elapsed_us=1888 envelope=@J10000000002000000006007398|I422r300;
editbox_receipt monotonic_ns=580560542912474 received=58 consumed=58 revision=24
published_frame=119
published_frame=120
editbox_emit sequence=61 bytes=38 elapsed_us=1905 envelope=@J10000000002000000006150386|I422t300;
published_frame=121
published_frame=122
editbox_emit sequence=62 bytes=38 elapsed_us=2126 envelope=@J10000000002000000006227853|I422v300;
published_frame=123
published_frame=124
editbox_emit sequence=63 bytes=38 elapsed_us=1953 envelope=@J10000000002000000006305320|I422x300;
published_frame=125
published_frame=126
editbox_emit sequence=64 bytes=38 elapsed_us=2176 envelope=@J10000000002000000006448308|I422z300;
published_frame=127
published_frame=128
editbox_emit sequence=65 bytes=38 elapsed_us=2154 envelope=@J10000000002000000006525775|I422_300;
published_frame=129
published_frame=130
editbox_emit sequence=66 bytes=38 elapsed_us=2342 envelope=@J10000000002000000006660894|I422X400;
editbox_receipt monotonic_ns=580560744747088 received=62 consumed=62 revision=25
published_frame=131
published_frame=132
editbox_emit sequence=67 bytes=38 elapsed_us=2592 envelope=@J10000000002000000006738361|I422Z400;
published_frame=133
published_frame=134
editbox_emit sequence=68 bytes=38 elapsed_us=2036 envelope=@J10000000002000000006815828|I422b400;
published_frame=135
published_frame=136
editbox_emit sequence=69 bytes=38 elapsed_us=2020 envelope=@J10000000002000000006958816|I422d400;
published_frame=137
published_frame=138
editbox_emit sequence=70 bytes=38 elapsed_us=2251 envelope=@J10000000002000000007049500|I422f400;
editbox_receipt monotonic_ns=580560867080104 received=68 consumed=66 revision=26
published_frame=139
published_frame=140
editbox_emit sequence=71 bytes=38 elapsed_us=2078 envelope=@J10000000002000000007126967|I422h400;
editbox_receipt monotonic_ns=580560900900943 received=68 consumed=68 revision=27
published_frame=141
published_frame=142
editbox_emit sequence=72 bytes=38 elapsed_us=2037 envelope=@J10000000002000000007204434|I422j400;
published_frame=143
published_frame=144
editbox_emit sequence=73 bytes=38 elapsed_us=2063 envelope=@J10000000002000000007347422|I422l400;
published_frame=145
editbox_receipt monotonic_ns=580560987719295 received=72 consumed=71 revision=28
published_frame=146
editbox_emit sequence=74 bytes=38 elapsed_us=2107 envelope=@J10000000002000000007424889|I422n400;
published_frame=147
published_frame=148
editbox_emit sequence=75 bytes=38 elapsed_us=2542 envelope=@J10000000002000000007502356|I422p400;
event mono_ns=580561030839000 frame=149 held=2 pressed=2 released=0
event mono_ns=580561036150000 frame=149 held=0 pressed=0 released=2
published_frame=149
published_frame=150
editbox_emit sequence=76 bytes=49 elapsed_us=2525 envelope=@J10000000002000000007630187|I422r4o0020022Y07-0;
published_frame=151
editbox_receipt monotonic_ns=580561084652365 received=75 consumed=73 revision=29
published_frame=152
editbox_emit sequence=77 bytes=38 elapsed_us=2009 envelope=@J10000000002000000007722811|I422t400;
published_frame=153
published_frame=154
editbox_emit sequence=78 bytes=38 elapsed_us=2175 envelope=@J10000000002000000007800278|I422v400;
published_frame=155
published_frame=156
editbox_emit sequence=79 bytes=38 elapsed_us=2117 envelope=@J10000000002000000007943266|I422x400;
published_frame=157
editbox_receipt monotonic_ns=580561179929821 received=75 consumed=75 revision=30
published_frame=158
editbox_emit sequence=80 bytes=38 elapsed_us=2150 envelope=@J10000000002000000008033950|I422z400;
published_frame=159
published_frame=160
editbox_emit sequence=81 bytes=38 elapsed_us=2260 envelope=@J10000000002000000008111417|I422_400;
published_frame=161
published_frame=162
editbox_emit sequence=82 bytes=38 elapsed_us=2124 envelope=@J10000000002000000008246536|I422X500;
editbox_receipt monotonic_ns=580561277863075 received=79 consumed=79 revision=31
published_frame=163
published_frame=164
editbox_emit sequence=83 bytes=38 elapsed_us=2164 envelope=@J10000000002000000008324003|I422Z500;
published_frame=165
published_frame=166
editbox_emit sequence=84 bytes=38 elapsed_us=1936 envelope=@J10000000002000000008401470|I422b500;
published_frame=167
published_frame=168
editbox_emit sequence=85 bytes=38 elapsed_us=2259 envelope=@J10000000002000000008544458|I422d500;
published_frame=169
editbox_receipt monotonic_ns=580561390796825 received=82 consumed=82 revision=32
published_frame=170
editbox_emit sequence=86 bytes=38 elapsed_us=2173 envelope=@J10000000002000000008621925|I422f500;
published_frame=171
published_frame=172
editbox_emit sequence=87 bytes=38 elapsed_us=2208 envelope=@J10000000002000000008764913|I422h500;
published_frame=173
published_frame=174
editbox_emit sequence=88 bytes=38 elapsed_us=2388 envelope=@J10000000002000000008842380|I422j500;
editbox_receipt monotonic_ns=580561477483750 received=85 consumed=85 revision=33
published_frame=175
published_frame=176
editbox_emit sequence=89 bytes=38 elapsed_us=2122 envelope=@J10000000002000000008919847|I422l500;
published_frame=177
published_frame=178
editbox_emit sequence=90 bytes=38 elapsed_us=2468 envelope=@J10000000002000000009010531|I422n500;
published_frame=179
published_frame=180
editbox_emit sequence=91 bytes=38 elapsed_us=2217 envelope=@J10000000002000000009153519|I422p500;
editbox_receipt monotonic_ns=580561566909108 received=88 consumed=88 revision=34
published_frame=181
published_frame=182
editbox_emit sequence=92 bytes=38 elapsed_us=2307 envelope=@J10000000002000000009230986|I422r500;
published_frame=183
published_frame=184
editbox_emit sequence=93 bytes=38 elapsed_us=2078 envelope=@J10000000002000000009308453|I422t500;
published_frame=185
published_frame=186
editbox_emit sequence=94 bytes=38 elapsed_us=2149 envelope=@J10000000002000000009451441|I422v500;
published_frame=187
published_frame=188
editbox_emit sequence=95 bytes=38 elapsed_us=2285 envelope=@J10000000002000000009528908|I422x500;
published_frame=189
published_frame=190
editbox_emit sequence=96 bytes=38 elapsed_us=2250 envelope=@J10000000002000000009606375|I422z500;
published_frame=191
published_frame=192
editbox_emit sequence=97 bytes=38 elapsed_us=2368 envelope=@J10000000002000000009749363|I422_500;
published_frame=193
event mono_ns=580561786519000 frame=194 held=4 pressed=4 released=0
event mono_ns=580561791809000 frame=194 held=0 pressed=0 released=4
published_frame=194
editbox_emit sequence=98 bytes=49 elapsed_us=3062 envelope=@J10000000002000000009820514|I422X60o004004FC001;
editbox_receipt monotonic_ns=580561811535907 received=97 consumed=91 revision=35
published_frame=195
published_frame=196
editbox_emit sequence=99 bytes=38 elapsed_us=2304 envelope=@J10000000002000000009961949|I422Z600;
published_frame=197
published_frame=198
editbox_emit sequence=100 bytes=38 elapsed_us=2130 envelope=@J10000000002000000010028529|I422b600;
editbox_receipt monotonic_ns=580561877741184 received=97 consumed=97 revision=36
published_frame=199
published_frame=200
editbox_emit sequence=101 bytes=38 elapsed_us=2178 envelope=@J10000000002000000010105996|I422d600;
published_frame=201
published_frame=202
editbox_emit sequence=102 bytes=38 elapsed_us=2023 envelope=@J10000000002000000010248984|I422f600;
published_frame=203
published_frame=204
editbox_emit sequence=103 bytes=38 elapsed_us=2143 envelope=@J10000000002000000010326451|I422h600;
editbox_receipt monotonic_ns=580561972428775 received=97 consumed=97 revision=37
published_frame=205
published_frame=206
editbox_emit sequence=104 bytes=38 elapsed_us=2269 envelope=@J10000000002000000010403918|I422j600;
published_frame=207
editbox_receipt monotonic_ns=580562025532085 received=102 consumed=102 revision=38
published_frame=208
editbox_emit sequence=105 bytes=38 elapsed_us=2042 envelope=@J10000000002000000010546906|I422l600;
published_frame=209
published_frame=210
editbox_emit sequence=106 bytes=38 elapsed_us=2379 envelope=@J10000000002000000010624373|I422n600;
published_frame=211
published_frame=212
editbox_emit sequence=107 bytes=38 elapsed_us=2184 envelope=@J10000000002000000010701840|I422p600;
published_frame=213
editbox_receipt monotonic_ns=580562121389559 received=102 consumed=102 revision=39
published_frame=214
editbox_emit sequence=108 bytes=38 elapsed_us=2126 envelope=@J10000000002000000010844828|I422r600;
published_frame=215
published_frame=216
editbox_emit sequence=109 bytes=38 elapsed_us=1946 envelope=@J10000000002000000010922295|I422t600;
published_frame=217
published_frame=218
editbox_emit sequence=110 bytes=38 elapsed_us=2598 envelope=@J10000000002000000011012979|I422v600;
editbox_receipt monotonic_ns=580562201411823 received=107 consumed=107 revision=40
published_frame=219
published_frame=220
editbox_emit sequence=111 bytes=38 elapsed_us=2077 envelope=@J10000000002000000011155967|I422x600;
published_frame=221
published_frame=222
editbox_emit sequence=112 bytes=38 elapsed_us=2497 envelope=@J10000000002000000011233434|I422z600;
published_frame=223
published_frame=224
editbox_emit sequence=113 bytes=38 elapsed_us=2450 envelope=@J10000000002000000011310901|I422_600;
published_frame=225
editbox_receipt monotonic_ns=580562321965354 received=112 consumed=110 revision=41
published_frame=226
editbox_emit sequence=114 bytes=38 elapsed_us=2312 envelope=@J10000000002000000011446020|I422X700;
published_frame=227
published_frame=228
editbox_emit sequence=115 bytes=38 elapsed_us=2128 envelope=@J10000000002000000011523487|I422Z700;
published_frame=229
published_frame=230
editbox_emit sequence=116 bytes=38 elapsed_us=2374 envelope=@J10000000002000000011600954|I422b700;
published_frame=231
editbox_receipt monotonic_ns=580562422857514 received=112 consumed=112 revision=42
published_frame=232
editbox_emit sequence=117 bytes=38 elapsed_us=2251 envelope=@J10000000002000000011743942|I422d700;
published_frame=233
published_frame=234
editbox_emit sequence=118 bytes=38 elapsed_us=2468 envelope=@J10000000002000000011821409|I422f700;
editbox_receipt monotonic_ns=580562478111946 received=116 consumed=116 revision=43
published_frame=235
published_frame=236
editbox_emit sequence=119 bytes=38 elapsed_us=3039 envelope=@J10000000002000000011964397|I422h700;
published_frame=237
published_frame=238
editbox_emit sequence=120 bytes=38 elapsed_us=2148 envelope=@J10000000002000000012055081|I422j700;
event mono_ns=580562542134000 frame=239 held=24 pressed=24 released=0
published_frame=239
event mono_ns=580562547444000 frame=240 held=0 pressed=0 released=24
published_frame=240
editbox_emit sequence=121 bytes=61 elapsed_us=4172 envelope=@J10000000002000000012138544|I422l7t00O00O00003-UO002200000O;
editbox_receipt monotonic_ns=580562569265092 received=119 consumed=119 revision=44
published_frame=241
published_frame=242
editbox_emit sequence=122 bytes=38 elapsed_us=2625 envelope=@J10000000002000000012210015|I422n700;
published_frame=243
published_frame=244
editbox_emit sequence=123 bytes=38 elapsed_us=2115 envelope=@J10000000002000000012353003|I422p700;
published_frame=245
published_frame=246
editbox_emit sequence=124 bytes=38 elapsed_us=2098 envelope=@J10000000002000000012430470|I422r700;
published_frame=247
published_frame=248
editbox_emit sequence=125 bytes=38 elapsed_us=2117 envelope=@J10000000002000000012507937|I422t700;
published_frame=249
published_frame=250
editbox_emit sequence=126 bytes=38 elapsed_us=2068 envelope=@J10000000002000000012650925|I422v700;
published_frame=251
published_frame=252
editbox_emit sequence=127 bytes=38 elapsed_us=2126 envelope=@J10000000002000000012728392|I422x700;
editbox_receipt monotonic_ns=580562766771484 received=122 consumed=122 revision=45
published_frame=253
published_frame=254
editbox_emit sequence=128 bytes=38 elapsed_us=2493 envelope=@J10000000002000000012805859|I422z700;
published_frame=255
published_frame=256
editbox_emit sequence=129 bytes=38 elapsed_us=2571 envelope=@J10000000002000000012948847|I422_700;
published_frame=257
published_frame=258
editbox_emit sequence=130 bytes=38 elapsed_us=2333 envelope=@J10000000002000000013031662|I422X800;
published_frame=259
editbox_receipt monotonic_ns=580562889885444 received=129 consumed=125 revision=46
published_frame=260
editbox_emit sequence=131 bytes=38 elapsed_us=2198 envelope=@J10000000002000000013109129|I422Z800;
published_frame=261
published_frame=262
editbox_emit sequence=132 bytes=38 elapsed_us=2106 envelope=@J10000000002000000013252117|I422b800;
editbox_receipt monotonic_ns=580562944689712 received=129 consumed=129 revision=47
published_frame=263
published_frame=264
editbox_emit sequence=133 bytes=38 elapsed_us=2030 envelope=@J10000000002000000013329584|I422d800;
published_frame=265
published_frame=266
editbox_emit sequence=134 bytes=38 elapsed_us=2122 envelope=@J10000000002000000013407051|I422f800;
published_frame=267
published_frame=268
editbox_emit sequence=135 bytes=38 elapsed_us=2498 envelope=@J10000000002000000013550039|I422h800;
editbox_receipt monotonic_ns=580563034083722 received=134 consumed=130 revision=48
published_frame=269
published_frame=270
editbox_emit sequence=136 bytes=38 elapsed_us=2076 envelope=@J10000000002000000013627506|I422j800;
published_frame=271
published_frame=272
editbox_emit sequence=137 bytes=38 elapsed_us=1951 envelope=@J10000000002000000013704973|I422l800;
editbox_receipt monotonic_ns=580563100539007 received=134 consumed=134 revision=49
published_frame=273
published_frame=274
editbox_emit sequence=138 bytes=38 elapsed_us=2367 envelope=@J10000000002000000013847961|I422n800;
published_frame=275
published_frame=276
editbox_emit sequence=139 bytes=38 elapsed_us=2537 envelope=@J10000000002000000013925428|I422p800;
published_frame=277
published_frame=278
editbox_emit sequence=140 bytes=38 elapsed_us=2511 envelope=@J10000000002000000014016112|I422r800;
editbox_receipt monotonic_ns=580563211356600 received=138 consumed=138 revision=50
published_frame=279
published_frame=280
editbox_emit sequence=141 bytes=38 elapsed_us=2351 envelope=@J10000000002000000014159100|I422t800;
published_frame=281
published_frame=282
editbox_emit sequence=142 bytes=38 elapsed_us=3040 envelope=@J10000000002000000014236567|I422v800;
published_frame=283
published_frame=284
editbox_emit sequence=143 bytes=38 elapsed_us=1981 envelope=@J10000000002000000014314034|I422x800;
event mono_ns=580563297709000 frame=285 held=16 pressed=16 released=0
event mono_ns=580563302910000 frame=285 held=0 pressed=0 released=16
editbox_receipt monotonic_ns=580563310430592 received=142 consumed=139 revision=51
published_frame=285
published_frame=286
editbox_emit sequence=144 bytes=44 elapsed_us=2892 envelope=@J10000000002000000014453862|I422z8200G00G0;
published_frame=287
published_frame=288
editbox_emit sequence=145 bytes=38 elapsed_us=2543 envelope=@J10000000002000000014534489|I422_800;
editbox_receipt monotonic_ns=580563368177557 received=142 consumed=142 revision=52
published_frame=289
published_frame=290
editbox_emit sequence=146 bytes=38 elapsed_us=2464 envelope=@J10000000002000000014604087|I422X900;
published_frame=291
published_frame=292
editbox_emit sequence=147 bytes=38 elapsed_us=2135 envelope=@J10000000002000000014747075|I422Z900;
published_frame=293
published_frame=294
editbox_emit sequence=148 bytes=38 elapsed_us=2392 envelope=@J10000000002000000014824542|I422b900;
published_frame=295
editbox_receipt monotonic_ns=580563489895329 received=146 consumed=146 revision=53
published_frame=296
editbox_emit sequence=149 bytes=38 elapsed_us=2051 envelope=@J10000000002000000014902009|I422d900;
published_frame=297
published_frame=298
editbox_emit sequence=150 bytes=38 elapsed_us=2681 envelope=@J10000000002000000015058214|I422f900;
published_frame=299
published_frame=300
editbox_emit sequence=151 bytes=38 elapsed_us=2075 envelope=@J10000000002000000015135681|I422h900;
published_frame=301
editbox_receipt monotonic_ns=580563588582046 received=150 consumed=149 revision=54
published_frame=302
editbox_emit sequence=152 bytes=38 elapsed_us=2361 envelope=@J10000000002000000015213148|I422j900;
published_frame=303
published_frame=304
editbox_emit sequence=153 bytes=38 elapsed_us=2346 envelope=@J10000000002000000015356136|I422l900;
published_frame=305
published_frame=306
editbox_emit sequence=154 bytes=38 elapsed_us=2326 envelope=@J10000000002000000015433603|I422n900;
published_frame=307
published_frame=308
editbox_emit sequence=155 bytes=38 elapsed_us=2186 envelope=@J10000000002000000015511070|I422p900;
published_frame=309
published_frame=310
editbox_emit sequence=156 bytes=38 elapsed_us=2329 envelope=@J10000000002000000015654058|I422r900;
published_frame=311
published_frame=312
editbox_emit sequence=157 bytes=38 elapsed_us=2239 envelope=@J10000000002000000015731525|I422t900;
published_frame=313
published_frame=314
editbox_emit sequence=158 bytes=38 elapsed_us=2379 envelope=@J10000000002000000015808992|I422v900;
published_frame=315
published_frame=316
editbox_emit sequence=159 bytes=38 elapsed_us=2652 envelope=@J10000000002000000015951980|I422x900;
editbox_emit sequence=151 bytes=38 elapsed_us=2119 envelope=@J10000000002000000015135681|I422h900;
published_frame=317
editbox_receipt monotonic_ns=580563854777991 received=158 consumed=151 revision=55
editbox_emit sequence=159 bytes=38 elapsed_us=2154 envelope=@J10000000002000000015951980|I422x900;
published_frame=318
editbox_emit sequence=160 bytes=38 elapsed_us=1997 envelope=@J10000000002000000016042664|I422z900;
published_frame=319
published_frame=320
editbox_emit sequence=161 bytes=38 elapsed_us=1966 envelope=@J10000000002000000016120131|I422_900;
published_frame=321
editbox_receipt monotonic_ns=580563922030701 received=158 consumed=157 revision=56
published_frame=322
editbox_emit sequence=162 bytes=38 elapsed_us=2141 envelope=@J10000000002000000016255250|I422XA00;
published_frame=323
editbox_receipt monotonic_ns=580563955768465 received=158 consumed=158 revision=57
published_frame=324
editbox_emit sequence=163 bytes=38 elapsed_us=2531 envelope=@J10000000002000000016332717|I422ZA00;
published_frame=325
published_frame=326
editbox_emit sequence=164 bytes=38 elapsed_us=2474 envelope=@J10000000002000000016410184|I422bA00;
published_frame=327
published_frame=328
editbox_emit sequence=165 bytes=38 elapsed_us=2139 envelope=@J10000000002000000016553172|I422dA00;
published_frame=329
event mono_ns=580564053233000 frame=330 held=16 pressed=16 released=0
event mono_ns=580564058495000 frame=330 held=0 pressed=0 released=16
published_frame=330
editbox_emit sequence=166 bytes=44 elapsed_us=2556 envelope=@J10000000002000000016612986|I422fA0200G00G;
published_frame=331
published_frame=332
editbox_emit sequence=167 bytes=38 elapsed_us=2163 envelope=@J10000000002000000016708106|I422hA00;
editbox_receipt monotonic_ns=580564100569453 received=165 consumed=161 revision=58
published_frame=333
published_frame=334
editbox_emit sequence=168 bytes=38 elapsed_us=2158 envelope=@J10000000002000000016851094|I422jA00;
published_frame=335
editbox_receipt monotonic_ns=580564154914891 received=165 consumed=165 revision=59
published_frame=336
editbox_emit sequence=169 bytes=38 elapsed_us=2413 envelope=@J10000000002000000016928561|I422lA00;
published_frame=337
published_frame=338
editbox_emit sequence=170 bytes=38 elapsed_us=2708 envelope=@J10000000002000000017019245|I422nA00;
published_frame=339
published_frame=340
editbox_emit sequence=171 bytes=38 elapsed_us=2468 envelope=@J10000000002000000017162233|I422pA00;
published_frame=341
editbox_receipt monotonic_ns=580564254726847 received=170 consumed=167 revision=60
published_frame=342
editbox_emit sequence=172 bytes=38 elapsed_us=2387 envelope=@J10000000002000000017239700|I422rA00;
published_frame=343
published_frame=344
editbox_emit sequence=173 bytes=38 elapsed_us=2426 envelope=@J10000000002000000017317167|I422tA00;
published_frame=345
published_frame=346
editbox_emit sequence=174 bytes=38 elapsed_us=2306 envelope=@J10000000002000000017460155|I422vA00;
editbox_receipt monotonic_ns=580564334030153 received=170 consumed=170 revision=61
published_frame=347
published_frame=348
editbox_emit sequence=175 bytes=38 elapsed_us=2387 envelope=@J10000000002000000017537622|I422xA00;
published_frame=349
published_frame=350
editbox_emit sequence=176 bytes=38 elapsed_us=2959 envelope=@J10000000002000000017615089|I422zA00;
published_frame=351
published_frame=352
editbox_emit sequence=177 bytes=38 elapsed_us=2738 envelope=@J10000000002000000017758077|I422_A00;
editbox_receipt monotonic_ns=580564434751643 received=175 consumed=173 revision=62
published_frame=353
published_frame=354
editbox_emit sequence=178 bytes=38 elapsed_us=2115 envelope=@J10000000002000000017827675|I422XB00;
published_frame=355
editbox_receipt monotonic_ns=580564488089213 received=175 consumed=175 revision=63
published_frame=356
editbox_emit sequence=179 bytes=38 elapsed_us=2738 envelope=@J10000000002000000017905142|I422ZB00;
published_frame=357
published_frame=358
editbox_emit sequence=180 bytes=38 elapsed_us=2607 envelope=@J10000000002000000018061347|I422bB00;
published_frame=359
published_frame=360
editbox_emit sequence=181 bytes=38 elapsed_us=2882 envelope=@J10000000002000000018138814|I422dB00;
published_frame=361
published_frame=362
editbox_emit sequence=182 bytes=38 elapsed_us=1954 envelope=@J10000000002000000018216281|I422fB00;
editbox_receipt monotonic_ns=580564610891107 received=180 consumed=180 revision=64
published_frame=363
published_frame=364
editbox_emit sequence=183 bytes=38 elapsed_us=2370 envelope=@J10000000002000000018359269|I422hB00;
published_frame=365
published_frame=366
editbox_emit sequence=184 bytes=38 elapsed_us=1940 envelope=@J10000000002000000018436736|I422jB00;
published_frame=367
published_frame=368
editbox_emit sequence=185 bytes=38 elapsed_us=2926 envelope=@J10000000002000000018514203|I422lB00;
published_frame=369
published_frame=370
editbox_emit sequence=186 bytes=38 elapsed_us=2378 envelope=@J10000000002000000018657191|I422nB00;
published_frame=371
published_frame=372
editbox_emit sequence=187 bytes=38 elapsed_us=1934 envelope=@J10000000002000000018734658|I422pB00;
published_frame=373
editbox_receipt monotonic_ns=580564787746664 received=183 consumed=182 revision=65
published_frame=374
editbox_emit sequence=188 bytes=38 elapsed_us=2066 envelope=@J10000000002000000018812125|I422rB00;
event mono_ns=580564808851000 frame=375 held=32 pressed=32 released=0
published_frame=375
event mono_ns=580564814205000 frame=376 held=0 pressed=0 released=32
published_frame=376
editbox_emit sequence=189 bytes=53 elapsed_us=3152 envelope=@J10000000002000000018935420|I422tB300W00W000200000W;
published_frame=377
published_frame=378
editbox_emit sequence=190 bytes=38 elapsed_us=2367 envelope=@J10000000002000000019045797|I422vB00;
published_frame=379
published_frame=380
editbox_emit sequence=191 bytes=38 elapsed_us=2322 envelope=@J10000000002000000019123264|I422xB00;
published_frame=381
editbox_receipt monotonic_ns=580564921843970 received=183 consumed=183 revision=66
published_frame=382
editbox_emit sequence=192 bytes=38 elapsed_us=2453 envelope=@J10000000002000000019200731|I422zB00;
published_frame=383
published_frame=384
editbox_emit sequence=193 bytes=38 elapsed_us=2463 envelope=@J10000000002000000019343719|I422_B00;
editbox_receipt monotonic_ns=580564978026100 received=191 consumed=189 revision=67
published_frame=385
published_frame=386
editbox_emit sequence=194 bytes=38 elapsed_us=3050 envelope=@J10000000002000000019413317|I422XC00;
published_frame=387
editbox_receipt monotonic_ns=580565021847334 received=191 consumed=191 revision=68
published_frame=388
editbox_emit sequence=195 bytes=38 elapsed_us=2364 envelope=@J10000000002000000019556305|I422ZC00;
published_frame=389
published_frame=390
editbox_emit sequence=196 bytes=38 elapsed_us=2148 envelope=@J10000000002000000019633772|I422bC00;
published_frame=391
published_frame=392
editbox_emit sequence=197 bytes=38 elapsed_us=2083 envelope=@J10000000002000000019711239|I422dC00;
published_frame=393
editbox_receipt monotonic_ns=580565120849191 received=196 consumed=194 revision=69
published_frame=394
editbox_emit sequence=198 bytes=38 elapsed_us=2209 envelope=@J10000000002000000019854227|I422fC00;
published_frame=395
published_frame=396
editbox_emit sequence=199 bytes=38 elapsed_us=2009 envelope=@J10000000002000000019931694|I422hC00;
editbox_receipt monotonic_ns=580565167298439 received=196 consumed=196 revision=70
published_frame=397
published_frame=398
editbox_emit sequence=200 bytes=38 elapsed_us=2215 envelope=@J10000000002000000020063795|I422jC00;
published_frame=399
published_frame=400
editbox_emit sequence=201 bytes=38 elapsed_us=1995 envelope=@J10000000002000000020141262|I422lC00;
published_frame=401
published_frame=402
editbox_emit sequence=202 bytes=38 elapsed_us=2100 envelope=@J10000000002000000020218729|I422nC00;
published_frame=403
editbox_receipt monotonic_ns=580565285498349 received=199 consumed=199 revision=71
published_frame=404
editbox_emit sequence=203 bytes=38 elapsed_us=1977 envelope=@J10000000002000000020361717|I422pC00;
published_frame=405
published_frame=406
editbox_emit sequence=204 bytes=38 elapsed_us=2136 envelope=@J10000000002000000020439184|I422rC00;
published_frame=407
published_frame=408
editbox_emit sequence=205 bytes=38 elapsed_us=2016 envelope=@J10000000002000000020516651|I422tC00;
published_frame=409
editbox_receipt monotonic_ns=580565393164726 received=203 consumed=203 revision=72
published_frame=410
editbox_emit sequence=206 bytes=38 elapsed_us=2456 envelope=@J10000000002000000020659639|I422vC00;
published_frame=411
published_frame=412
editbox_emit sequence=207 bytes=38 elapsed_us=2140 envelope=@J10000000002000000020737106|I422xC00;
published_frame=413
published_frame=414
editbox_emit sequence=208 bytes=38 elapsed_us=2116 envelope=@J10000000002000000020814573|I422zC00;
editbox_receipt monotonic_ns=580565477903219 received=207 consumed=206 revision=73
published_frame=415
published_frame=416
editbox_emit sequence=209 bytes=38 elapsed_us=2290 envelope=@J10000000002000000020957561|I422_C00;
published_frame=417
published_frame=418
editbox_emit sequence=210 bytes=38 elapsed_us=2099 envelope=@J10000000002000000021040376|I422XD00;
published_frame=419
published_frame=420
editbox_emit sequence=211 bytes=38 elapsed_us=2268 envelope=@J10000000002000000021117843|I422ZD00;
event mono_ns=580565564493000 frame=421 held=64 pressed=64 released=0
event mono_ns=580565569667000 frame=421 held=0 pressed=0 released=64
editbox_receipt monotonic_ns=580565573706882 received=210 consumed=209 revision=74
published_frame=421
published_frame=422
editbox_emit sequence=212 bytes=44 elapsed_us=2639 envelope=@J10000000002000000021220430|I422bD20100100;
published_frame=423
published_frame=424
editbox_emit sequence=213 bytes=38 elapsed_us=2028 envelope=@J10000000002000000021338298|I422dD00;
published_frame=425
published_frame=426
editbox_emit sequence=214 bytes=38 elapsed_us=2358 envelope=@J10000000002000000021415765|I422fD00;
published_frame=427
published_frame=428
editbox_emit sequence=215 bytes=38 elapsed_us=2023 envelope=@J10000000002000000021558753|I422hD00;
published_frame=429
published_frame=430
editbox_emit sequence=216 bytes=38 elapsed_us=2443 envelope=@J10000000002000000021636220|I422jD00;
published_frame=431
editbox_receipt monotonic_ns=580565751404817 received=212 consumed=212 revision=75
published_frame=432
editbox_emit sequence=217 bytes=38 elapsed_us=1962 envelope=@J10000000002000000021713687|I422lD00;
published_frame=433
published_frame=434
editbox_emit sequence=218 bytes=38 elapsed_us=2074 envelope=@J10000000002000000021856675|I422nD00;
published_frame=435
published_frame=436
editbox_emit sequence=219 bytes=38 elapsed_us=2041 envelope=@J10000000002000000021934142|I422pD00;
published_frame=437
published_frame=438
editbox_emit sequence=220 bytes=38 elapsed_us=2073 envelope=@J10000000002000000022024826|I422rD00;
editbox_receipt monotonic_ns=580565877888313 received=219 consumed=215 revision=76
published_frame=439
published_frame=440
editbox_emit sequence=221 bytes=38 elapsed_us=2398 envelope=@J10000000002000000022102293|I422tD00;
published_frame=441
editbox_receipt monotonic_ns=580565922677941 received=219 consumed=219 revision=77
published_frame=442
editbox_emit sequence=222 bytes=38 elapsed_us=2481 envelope=@J10000000002000000022245281|I422vD00;
published_frame=443
published_frame=444
editbox_emit sequence=223 bytes=38 elapsed_us=2433 envelope=@J10000000002000000022322748|I422xD00;
published_frame=445
published_frame=446
editbox_emit sequence=224 bytes=38 elapsed_us=2176 envelope=@J10000000002000000022400215|I422zD00;
published_frame=447
editbox_receipt monotonic_ns=580566021558771 received=223 consumed=221 revision=78
published_frame=448
editbox_emit sequence=225 bytes=38 elapsed_us=2159 envelope=@J10000000002000000022543203|I422_D00;
published_frame=449
published_frame=450
editbox_emit sequence=226 bytes=38 elapsed_us=2689 envelope=@J10000000002000000022612801|I422XE00;
published_frame=451
published_frame=452
editbox_emit sequence=227 bytes=38 elapsed_us=2113 envelope=@J10000000002000000022755789|I422ZE00;
published_frame=453
editbox_receipt monotonic_ns=580566122206363 received=223 consumed=223 revision=79
published_frame=454
editbox_emit sequence=228 bytes=38 elapsed_us=2668 envelope=@J10000000002000000022833256|I422bE00;
published_frame=455
published_frame=456
editbox_emit sequence=229 bytes=38 elapsed_us=2353 envelope=@J10000000002000000022910723|I422dE00;
published_frame=457
published_frame=458
editbox_emit sequence=230 bytes=38 elapsed_us=2362 envelope=@J10000000002000000023001407|I422fE00;
editbox_receipt monotonic_ns=580566200888174 received=227 consumed=227 revision=80
published_frame=459
published_frame=460
editbox_emit sequence=231 bytes=38 elapsed_us=2023 envelope=@J10000000002000000023144395|I422hE00;
published_frame=461
published_frame=462
editbox_emit sequence=232 bytes=38 elapsed_us=2045 envelope=@J10000000002000000023221862|I422jE00;
published_frame=463
editbox_receipt monotonic_ns=580566284286426 received=231 consumed=230 revision=81
published_frame=464
editbox_emit sequence=233 bytes=38 elapsed_us=2069 envelope=@J10000000002000000023364850|I422lE00;
published_frame=465
event mono_ns=580566320147000 frame=466 held=256 pressed=256 released=0
event mono_ns=580566325481000 frame=466 held=0 pressed=0 released=256
published_frame=466
editbox_emit sequence=234 bytes=44 elapsed_us=2343 envelope=@J10000000002000000023429604|I422nE02040040;
published_frame=467
published_frame=468
editbox_emit sequence=235 bytes=38 elapsed_us=2295 envelope=@J10000000002000000023519784|I422pE00;
editbox_receipt monotonic_ns=580566368886109 received=234 consumed=233 revision=82
published_frame=469
published_frame=470
editbox_emit sequence=236 bytes=38 elapsed_us=2152 envelope=@J10000000002000000023662772|I422rE00;
published_frame=471
published_frame=472
editbox_emit sequence=237 bytes=38 elapsed_us=1907 envelope=@J10000000002000000023740239|I422tE00;
published_frame=473
published_frame=474
editbox_emit sequence=238 bytes=38 elapsed_us=3007 envelope=@J10000000002000000023817706|I422vE00;
published_frame=475
published_frame=476
editbox_emit sequence=239 bytes=38 elapsed_us=2684 envelope=@J10000000002000000023960694|I422xE00;
editbox_receipt monotonic_ns=580566511909855 received=236 consumed=236 revision=83
published_frame=477
published_frame=478
editbox_emit sequence=240 bytes=38 elapsed_us=2079 envelope=@J10000000002000000024051378|I422zE00;
published_frame=479
published_frame=480
editbox_emit sequence=241 bytes=38 elapsed_us=2173 envelope=@J10000000002000000024128845|I422_E00;
published_frame=481
editbox_receipt monotonic_ns=580566588696204 received=239 consumed=239 revision=84
published_frame=482
editbox_emit sequence=242 bytes=38 elapsed_us=2497 envelope=@J10000000002000000024263964|I422XF00;
published_frame=483
published_frame=484
editbox_emit sequence=243 bytes=38 elapsed_us=3195 envelope=@J10000000002000000024341431|I422ZF00;
published_frame=485
published_frame=486
editbox_emit sequence=244 bytes=38 elapsed_us=2926 envelope=@J10000000002000000024418898|I422bF00;
published_frame=487
published_frame=488
editbox_emit sequence=245 bytes=38 elapsed_us=2877 envelope=@J10000000002000000024561886|I422dF00;
published_frame=489
published_frame=490
editbox_emit sequence=246 bytes=38 elapsed_us=2359 envelope=@J10000000002000000024639353|I422fF00;
published_frame=491
published_frame=492
editbox_emit sequence=247 bytes=38 elapsed_us=2221 envelope=@J10000000002000000024716820|I422hF00;
editbox_receipt monotonic_ns=580566766726823 received=241 consumed=241 revision=85
published_frame=493
published_frame=494
editbox_emit sequence=248 bytes=38 elapsed_us=2622 envelope=@J10000000002000000024859808|I422jF00;
published_frame=495
published_frame=496
editbox_emit sequence=249 bytes=38 elapsed_us=2985 envelope=@J10000000002000000024937275|I422lF00;
published_frame=497
published_frame=498
editbox_emit sequence=250 bytes=38 elapsed_us=1917 envelope=@J10000000002000000025027959|I422nF00;
published_frame=499
published_frame=500
editbox_emit sequence=251 bytes=38 elapsed_us=2080 envelope=@J10000000002000000025105426|I422pF00;
editbox_receipt monotonic_ns=580566910689549 received=249 consumed=246 revision=86
published_frame=501
published_frame=502
editbox_emit sequence=252 bytes=38 elapsed_us=2287 envelope=@J10000000002000000025248414|I422rF00;
published_frame=503
published_frame=504
editbox_emit sequence=253 bytes=38 elapsed_us=2333 envelope=@J10000000002000000025325881|I422tF00;
published_frame=505
editbox_receipt monotonic_ns=580566989362204 received=252 consumed=252 revision=87
published_frame=506
editbox_emit sequence=254 bytes=38 elapsed_us=2511 envelope=@J10000000002000000025403348|I422vF00;
published_frame=507
published_frame=508
editbox_emit sequence=255 bytes=38 elapsed_us=3321 envelope=@J10000000002000000025546336|I422xF00;
published_frame=509
editbox_receipt monotonic_ns=580567056281860 received=252 consumed=252 revision=88
published_frame=510
editbox_emit sequence=256 bytes=38 elapsed_us=2292 envelope=@J10000000002000000025623803|I422zF00;
event mono_ns=580567075917000 frame=511 held=512 pressed=512 released=0
published_frame=511
event mono_ns=580567081262000 frame=512 held=0 pressed=0 released=512
published_frame=512
editbox_emit sequence=257 bytes=56 elapsed_us=2892 envelope=@J10000000002000000025700131|I422_FB08008000003_2000080;
editbox_receipt monotonic_ns=580567112049664 received=255 consumed=255 revision=89
published_frame=513
published_frame=514
editbox_emit sequence=258 bytes=38 elapsed_us=2138 envelope=@J10000000002000000025836389|I422XG00;
published_frame=515
published_frame=516
editbox_emit sequence=259 bytes=38 elapsed_us=2779 envelope=@J10000000002000000025913856|I422ZG00;
published_frame=517
published_frame=518
editbox_emit sequence=260 bytes=38 elapsed_us=2497 envelope=@J10000000002000000026004540|I422bG00;
published_frame=519
published_frame=520
editbox_emit sequence=261 bytes=38 elapsed_us=2156 envelope=@J10000000002000000026147528|I422dG00;
published_frame=521
editbox_receipt monotonic_ns=580567255403920 received=258 consumed=257 revision=90
published_frame=522
editbox_emit sequence=262 bytes=38 elapsed_us=2368 envelope=@J10000000002000000026224995|I422fG00;
published_frame=523
published_frame=524
editbox_emit sequence=263 bytes=38 elapsed_us=2889 envelope=@J10000000002000000026302462|I422hG00;
editbox_receipt monotonic_ns=580567311662965 received=261 consumed=261 revision=91
published_frame=525
published_frame=526
editbox_emit sequence=264 bytes=38 elapsed_us=2582 envelope=@J10000000002000000026445450|I422jG00;
published_frame=527
published_frame=528
editbox_emit sequence=265 bytes=38 elapsed_us=2355 envelope=@J10000000002000000026522917|I422lG00;
editbox_receipt monotonic_ns=580567378150571 received=261 consumed=261 revision=92
published_frame=529
published_frame=530
editbox_emit sequence=266 bytes=38 elapsed_us=2319 envelope=@J10000000002000000026600384|I422nG00;
published_frame=531
published_frame=532
editbox_emit sequence=267 bytes=38 elapsed_us=2279 envelope=@J10000000002000000026743372|I422pG00;
published_frame=533
published_frame=534
editbox_emit sequence=268 bytes=38 elapsed_us=2195 envelope=@J10000000002000000026820839|I422rG00;
published_frame=535
editbox_receipt monotonic_ns=580567488886020 received=264 consumed=264 revision=93
published_frame=536
editbox_emit sequence=269 bytes=38 elapsed_us=2370 envelope=@J10000000002000000026963827|I422tG00;
published_frame=537
published_frame=538
editbox_emit sequence=270 bytes=38 elapsed_us=2142 envelope=@J10000000002000000027054511|I422vG00;
editbox_receipt monotonic_ns=580567544280134 received=268 consumed=268 revision=94
published_frame=539
published_frame=540
editbox_emit sequence=271 bytes=38 elapsed_us=3037 envelope=@J10000000002000000027131978|I422xG00;
published_frame=541
published_frame=542
editbox_emit sequence=272 bytes=38 elapsed_us=2452 envelope=@J10000000002000000027209445|I422zG00;
published_frame=543
published_frame=544
editbox_emit sequence=273 bytes=38 elapsed_us=2476 envelope=@J10000000002000000027352433|I422_G00;
published_frame=545
published_frame=546
editbox_emit sequence=274 bytes=38 elapsed_us=2443 envelope=@J10000000002000000027422031|I422XH00;
published_frame=547
published_frame=548
editbox_emit sequence=275 bytes=38 elapsed_us=2464 envelope=@J10000000002000000027565019|I422ZH00;
published_frame=549
published_frame=550
editbox_emit sequence=276 bytes=38 elapsed_us=2429 envelope=@J10000000002000000027642486|I422bH00;
published_frame=551
published_frame=552
editbox_emit sequence=277 bytes=38 elapsed_us=2459 envelope=@J10000000002000000027719953|I422dH00;
published_frame=553
editbox_emit sequence=269 bytes=38 elapsed_us=2448 envelope=@J10000000002000000026963827|I422tG00;
published_frame=554
published_frame=555
published_frame=556
event mono_ns=580567831555000 frame=557 held=128 pressed=128 released=0
event mono_ns=580567836806000 frame=557 held=0 pressed=0 released=128
published_frame=557
editbox_receipt monotonic_ns=580567853118633 received=274 consumed=273 revision=95
editbox_emit sequence=275 bytes=38 elapsed_us=2194 envelope=@J10000000002000000027565019|I422ZH00;
published_frame=558
published_frame=559
published_frame=560
editbox_receipt monotonic_ns=580567904471523 received=277 consumed=277 revision=96
editbox_emit sequence=278 bytes=38 elapsed_us=2402 envelope=@J10000000002000000027862941|I422fH00;
editbox_emit sequence=279 bytes=38 elapsed_us=2138 envelope=@J10000000002000000027940408|I422hH00;
editbox_emit sequence=280 bytes=44 elapsed_us=2044 envelope=@J10000000002000000028010233|I422jH20200200;
published_frame=561
editbox_emit sequence=281 bytes=38 elapsed_us=2082 envelope=@J10000000002000000028108559|I422lH00;
published_frame=562
editbox_emit sequence=282 bytes=38 elapsed_us=2083 envelope=@J10000000002000000028251547|I422nH00;
published_frame=563
editbox_receipt monotonic_ns=580567957751985 received=277 consumed=277 revision=97
published_frame=564
editbox_emit sequence=283 bytes=38 elapsed_us=2381 envelope=@J10000000002000000028329014|I422pH00;
published_frame=565
published_frame=566
editbox_emit sequence=284 bytes=38 elapsed_us=2473 envelope=@J10000000002000000028406481|I422rH00;
published_frame=567
published_frame=568
editbox_emit sequence=285 bytes=38 elapsed_us=2305 envelope=@J10000000002000000028549469|I422tH00;
published_frame=569
published_frame=570
editbox_emit sequence=286 bytes=38 elapsed_us=2378 envelope=@J10000000002000000028626936|I422vH00;
published_frame=571
published_frame=572
editbox_emit sequence=287 bytes=38 elapsed_us=2194 envelope=@J10000000002000000028704403|I422xH00;
published_frame=573
published_frame=574
editbox_emit sequence=288 bytes=38 elapsed_us=1956 envelope=@J10000000002000000028847391|I422zH00;
editbox_receipt monotonic_ns=580568132841321 received=286 consumed=280 revision=98
published_frame=575
published_frame=576
editbox_emit sequence=289 bytes=38 elapsed_us=2175 envelope=@J10000000002000000028924858|I422_H00;
editbox_receipt monotonic_ns=580568166545733 received=286 consumed=286 revision=99
published_frame=577
published_frame=578
editbox_emit sequence=290 bytes=38 elapsed_us=2823 envelope=@J10000000002000000029007673|I422XI00;
published_frame=579
published_frame=580
editbox_emit sequence=291 bytes=38 elapsed_us=3069 envelope=@J10000000002000000029150661|I422ZI00;
published_frame=581
published_frame=582
editbox_emit sequence=292 bytes=38 elapsed_us=2905 envelope=@J10000000002000000029228128|I422bI00;
editbox_receipt monotonic_ns=580568278899315 received=291 consumed=288 revision=100
published_frame=583
published_frame=584
editbox_emit sequence=293 bytes=38 elapsed_us=2489 envelope=@J10000000002000000029305595|I422dI00;
published_frame=585
published_frame=586
editbox_emit sequence=294 bytes=38 elapsed_us=2915 envelope=@J10000000002000000029448583|I422fI00;
editbox_receipt monotonic_ns=580568334600154 received=291 consumed=291 revision=101
published_frame=587
published_frame=588
editbox_emit sequence=295 bytes=38 elapsed_us=2536 envelope=@J10000000002000000029526050|I422hI00;
published_frame=589
published_frame=590
editbox_emit sequence=296 bytes=38 elapsed_us=2468 envelope=@J10000000002000000029603517|I422jI00;
published_frame=591
published_frame=592
editbox_emit sequence=297 bytes=38 elapsed_us=2444 envelope=@J10000000002000000029746505|I422lI00;
published_frame=593
published_frame=594
editbox_emit sequence=298 bytes=38 elapsed_us=2387 envelope=@J10000000002000000029823972|I422nI00;
published_frame=595
published_frame=596
editbox_emit sequence=299 bytes=38 elapsed_us=2402 envelope=@J10000000002000000029901439|I422pI00;
editbox_receipt monotonic_ns=580568500754112 received=291 consumed=291 revision=102
published_frame=597
published_frame=598
editbox_emit sequence=292 bytes=38 elapsed_us=2221 envelope=@J10000000002000000029228128|I422bI00;
published_frame=599
published_frame=600
published_frame=601
event mono_ns=580568587064000 frame=602 held=16384 pressed=16384 released=0
event mono_ns=580568592344000 frame=602 held=0 pressed=0 released=16384
editbox_receipt monotonic_ns=580568595724503 received=298 consumed=297 revision=103
editbox_emit sequence=299 bytes=38 elapsed_us=2285 envelope=@J10000000002000000029901439|I422pI00;
published_frame=602
editbox_emit sequence=300 bytes=38 elapsed_us=2175 envelope=@J10000000002000000030033540|I422rI00;
editbox_emit sequence=301 bytes=38 elapsed_us=2106 envelope=@J10000000002000000030111007|I422tI00;
editbox_emit sequence=302 bytes=44 elapsed_us=2190 envelope=@J10000000002000000030263771|I422vI02400400;
published_frame=603
published_frame=604
editbox_emit sequence=303 bytes=38 elapsed_us=2214 envelope=@J10000000002000000030331462|I422xI00;
published_frame=605
published_frame=606
editbox_emit sequence=304 bytes=38 elapsed_us=2739 envelope=@J10000000002000000030408929|I422zI00;
published_frame=607
published_frame=608
editbox_emit sequence=305 bytes=38 elapsed_us=2985 envelope=@J10000000002000000030551917|I422_I00;
published_frame=609
published_frame=610
editbox_emit sequence=306 bytes=38 elapsed_us=3611 envelope=@J10000000002000000030621515|I422XJ00;
editbox_receipt monotonic_ns=580568734710071 received=304 consumed=302 revision=104
published_frame=611
published_frame=612
editbox_emit sequence=307 bytes=38 elapsed_us=2533 envelope=@J10000000002000000030764503|I422ZJ00;
published_frame=613
published_frame=614
editbox_emit sequence=308 bytes=38 elapsed_us=2317 envelope=@J10000000002000000030841970|I422bJ00;
published_frame=615
published_frame=616
editbox_emit sequence=309 bytes=38 elapsed_us=2639 envelope=@J10000000002000000030919437|I422dJ00;
published_frame=617
published_frame=618
editbox_emit sequence=310 bytes=38 elapsed_us=2149 envelope=@J10000000002000000031010121|I422fJ00;
editbox_receipt monotonic_ns=580568878135600 received=304 consumed=304 revision=105
published_frame=619
published_frame=620
editbox_emit sequence=311 bytes=38 elapsed_us=1973 envelope=@J10000000002000000031153109|I422hJ00;
published_frame=621
published_frame=622
editbox_emit sequence=312 bytes=38 elapsed_us=2590 envelope=@J10000000002000000031230576|I422jJ00;
editbox_receipt monotonic_ns=580568944291304 received=304 consumed=304 revision=106
published_frame=623
published_frame=624
editbox_emit sequence=313 bytes=38 elapsed_us=2523 envelope=@J10000000002000000031308043|I422lJ00;
published_frame=625
editbox_emit sequence=305 bytes=38 elapsed_us=2152 envelope=@J10000000002000000030551917|I422_I00;
published_frame=626
published_frame=627
published_frame=628
published_frame=629
published_frame=630
published_frame=631
published_frame=632
published_frame=633
published_frame=634
editbox_receipt monotonic_ns=580569145834663 received=313 consumed=309 revision=107
editbox_emit sequence=314 bytes=38 elapsed_us=2213 envelope=@J10000000002000000031451031|I422nJ00;
published_frame=635
editbox_emit sequence=315 bytes=38 elapsed_us=1968 envelope=@J10000000002000000031528498|I422pJ00;
editbox_emit sequence=316 bytes=38 elapsed_us=2029 envelope=@J10000000002000000031605965|I422rJ00;
editbox_emit sequence=317 bytes=38 elapsed_us=2050 envelope=@J10000000002000000031748953|I422tJ00;
editbox_emit sequence=318 bytes=38 elapsed_us=1864 envelope=@J10000000002000000031826420|I422vJ00;
published_frame=636
editbox_emit sequence=319 bytes=38 elapsed_us=1958 envelope=@J10000000002000000031903887|I422xJ00;
editbox_receipt monotonic_ns=580569176996318 received=313 consumed=313 revision=108
published_frame=637
published_frame=638
editbox_emit sequence=320 bytes=38 elapsed_us=1963 envelope=@J10000000002000000032060092|I422zJ00;
published_frame=639
published_frame=640
editbox_emit sequence=321 bytes=38 elapsed_us=2501 envelope=@J10000000002000000032137559|I422_J00;
published_frame=641
published_frame=642
editbox_emit sequence=322 bytes=38 elapsed_us=2561 envelope=@J10000000002000000032207157|I422XK00;
published_frame=643
published_frame=644
editbox_emit sequence=323 bytes=38 elapsed_us=2581 envelope=@J10000000002000000032350145|I422ZK00;
published_frame=645
published_frame=646
editbox_emit sequence=324 bytes=38 elapsed_us=3029 envelope=@J10000000002000000032427612|I422bK00;
event mono_ns=580569342616000 frame=647 held=1 pressed=1 released=0
published_frame=647
event mono_ns=580569347949000 frame=648 held=0 pressed=0 released=1
editbox_receipt monotonic_ns=580569349571031 received=323 consumed=314 revision=109
published_frame=648
editbox_emit sequence=325 bytes=61 elapsed_us=4025 envelope=@J10000000002000000032539657|I422dKt001001000Fm31H03_2000001;
published_frame=649
editbox_receipt monotonic_ns=580569392580623 received=323 consumed=320 revision=110
event mono_ns=580569393257000 frame=650 held=2 pressed=2 released=0
published_frame=650
editbox_emit sequence=326 bytes=55 elapsed_us=3596 envelope=@J10000000002000000032626020|I422fK0t002002000Fq22Y07-;
event mono_ns=580569398552000 frame=651 held=0 pressed=0 released=2
published_frame=651
published_frame=652
editbox_emit sequence=327 bytes=44 elapsed_us=2274 envelope=@J10000000002000000032753746|I422hK20000020;
event mono_ns=580569443949000 frame=653 held=4 pressed=4 released=0
published_frame=653
event mono_ns=580569449165000 frame=654 held=0 pressed=0 released=4
editbox_receipt monotonic_ns=580569456830185 received=323 consumed=323 revision=111
published_frame=654
editbox_emit sequence=328 bytes=61 elapsed_us=3017 envelope=@J10000000002000000032856217|I422jKt00400400003zFC0012000004;
published_frame=655
event mono_ns=580569494535000 frame=656 held=24 pressed=24 released=0
published_frame=656
editbox_emit sequence=329 bytes=55 elapsed_us=3315 envelope=@J10000000002000000032932988|I422lK0t00O00O00003-UO002;
event mono_ns=580569499801000 frame=657 held=0 pressed=0 released=24
editbox_receipt monotonic_ns=580569501402967 received=323 consumed=323 revision=112
published_frame=657
published_frame=658
editbox_emit sequence=330 bytes=44 elapsed_us=2489 envelope=@J10000000002000000033043332|I422nK200000O0;
event mono_ns=580569545161000 frame=659 held=16 pressed=16 released=0
published_frame=659
event mono_ns=580569550337000 frame=660 held=0 pressed=0 released=16
published_frame=660
editbox_emit sequence=331 bytes=53 elapsed_us=2971 envelope=@J10000000002000000033142473|I422pK300G00G000200000G;
published_frame=661
event mono_ns=580569595716000 frame=662 held=16 pressed=16 released=0
published_frame=662
editbox_emit sequence=332 bytes=47 elapsed_us=2427 envelope=@J10000000002000000033262383|I422rK0300G00G000;
event mono_ns=580569600890000 frame=663 held=0 pressed=0 released=16
editbox_emit sequence=324 bytes=38 elapsed_us=2109 envelope=@J10000000002000000032427612|I422bK00;
published_frame=663
published_frame=664
event mono_ns=580569646202000 frame=666 held=32 pressed=32 released=0
published_frame=665
event mono_ns=580569651459000 frame=666 held=0 pressed=0 released=32
published_frame=666
published_frame=667
published_frame=668
event mono_ns=580569696697000 frame=669 held=64 pressed=64 released=0
event mono_ns=580569701932000 frame=669 held=0 pressed=0 released=64
published_frame=669
published_frame=670
editbox_receipt monotonic_ns=580569741219049 received=332 consumed=325 revision=113
editbox_emit sequence=333 bytes=44 elapsed_us=2993 envelope=@J10000000002000000033303322|I422tK200000G0;
editbox_emit sequence=334 bytes=44 elapsed_us=2875 envelope=@J10000000002000000033416887|I422vK0200W00W;
event mono_ns=580569747189000 frame=672 held=256 pressed=256 released=0
published_frame=671
editbox_emit sequence=335 bytes=38 elapsed_us=2545 envelope=@J10000000002000000033555050|I422xK00;
event mono_ns=580569752406000 frame=672 held=0 pressed=0 released=256
editbox_emit sequence=336 bytes=44 elapsed_us=2569 envelope=@J10000000002000000033645338|I422zK20100100;
published_frame=672
editbox_emit sequence=337 bytes=44 elapsed_us=2764 envelope=@J10000000002000000033719481|I422_K02040040;
published_frame=673
published_frame=674
editbox_emit sequence=338 bytes=38 elapsed_us=2620 envelope=@J10000000002000000033845103|I422XL00;
event mono_ns=580569797658000 frame=675 held=512 pressed=512 released=0
event mono_ns=580569802919000 frame=675 held=0 pressed=0 released=512
published_frame=675
published_frame=676
editbox_emit sequence=339 bytes=44 elapsed_us=2765 envelope=@J10000000002000000033900714|I422ZL20800800;
published_frame=677
event mono_ns=580569848247000 frame=678 held=128 pressed=128 released=0
event mono_ns=580569853553000 frame=678 held=0 pressed=0 released=128
published_frame=678
editbox_emit sequence=340 bytes=44 elapsed_us=4082 envelope=@J10000000002000000034008146|I422bL02020020;
published_frame=679
published_frame=680
editbox_emit sequence=341 bytes=38 elapsed_us=3081 envelope=@J10000000002000000034156242|I422dL00;
event mono_ns=580569898798000 frame=681 held=16384 pressed=16384 released=0
event mono_ns=580569903998000 frame=681 held=0 pressed=0 released=16384
published_frame=681
editbox_receipt monotonic_ns=580569913059185 received=340 consumed=331 revision=114
published_frame=682
editbox_emit sequence=342 bytes=44 elapsed_us=2237 envelope=@J10000000002000000034212325|I422fL24004000;
published_frame=683
event mono_ns=580569949522000 frame=684 held=32 pressed=32 released=0
event mono_ns=580569949538000 frame=684 held=96 pressed=64 released=0
event mono_ns=580569954844000 frame=684 held=64 pressed=0 released=32
event mono_ns=580569954874000 frame=684 held=0 pressed=0 released=64
published_frame=684
editbox_emit sequence=343 bytes=44 elapsed_us=2536 envelope=@J10000000002000000034345932|I422hL0201W01W;
published_frame=685
published_frame=686
editbox_emit sequence=344 bytes=38 elapsed_us=2009 envelope=@J10000000002000000034454164|I422jL00;
event mono_ns=580570000025000 frame=687 held=1 pressed=1 released=0
event mono_ns=580570005315000 frame=687 held=0 pressed=0 released=1
published_frame=687
published_frame=688
editbox_emit sequence=345 bytes=49 elapsed_us=2713 envelope=@J10000000002000000034522779|I422lLo0010011H03_0;
editbox_receipt monotonic_ns=580570044666093 received=340 consumed=337 revision=115
published_frame=689
event mono_ns=580570050589000 frame=690 held=2 pressed=2 released=0
event mono_ns=580570055983000 frame=690 held=0 pressed=0 released=2
published_frame=690
editbox_emit sequence=346 bytes=49 elapsed_us=2571 envelope=@J10000000002000000034644549|I422nL0o0020022Y07-;
published_frame=691
editbox_receipt monotonic_ns=580570087739043 received=340 consumed=340 revision=116
published_frame=692
editbox_emit sequence=347 bytes=38 elapsed_us=1911 envelope=@J10000000002000000034752086|I422pL00;
event mono_ns=580570101289000 frame=693 held=4 pressed=4 released=0
event mono_ns=580570106572000 frame=693 held=0 pressed=0 released=4
published_frame=693
published_frame=694
editbox_emit sequence=348 bytes=49 elapsed_us=2484 envelope=@J10000000002000000034842044|I422rLo004004FC0010;
published_frame=695
event mono_ns=580570151846000 frame=696 held=24 pressed=24 released=0
event mono_ns=580570157165000 frame=696 held=0 pressed=0 released=24
published_frame=696
editbox_emit sequence=341 bytes=38 elapsed_us=1894 envelope=@J10000000002000000034156242|I422dL00;
editbox_receipt monotonic_ns=580570167110367 received=340 consumed=340 revision=117
published_frame=697
published_frame=698
editbox_receipt monotonic_ns=580570197976288 received=340 consumed=340 revision=118
event mono_ns=580570202589000 frame=699 held=16 pressed=16 released=0
event mono_ns=580570207777000 frame=699 held=0 pressed=0 released=16
published_frame=699
published_frame=700
published_frame=701
event mono_ns=580570253115000 frame=702 held=16 pressed=16 released=0
event mono_ns=580570258446000 frame=702 held=0 pressed=0 released=16
published_frame=702
published_frame=703
published_frame=704
event mono_ns=580570303822000 frame=705 held=32 pressed=32 released=0
event mono_ns=580570309243000 frame=705 held=0 pressed=0 released=32
published_frame=705
published_frame=706
published_frame=707
event mono_ns=580570354549000 frame=708 held=64 pressed=64 released=0
event mono_ns=580570359705000 frame=708 held=0 pressed=0 released=64
published_frame=708
published_frame=709
published_frame=710
event mono_ns=580570404999000 frame=711 held=256 pressed=256 released=0
event mono_ns=580570410202000 frame=711 held=0 pressed=0 released=256
published_frame=711
editbox_emit sequence=341 bytes=38 elapsed_us=2690 envelope=@J10000000002000000034156242|I422dL00;
editbox_receipt monotonic_ns=580570425814971 received=348 consumed=345 revision=119
editbox_emit sequence=349 bytes=49 elapsed_us=3175 envelope=@J10000000002000000034935151|I422tL0o00O00OUO002;
published_frame=712
editbox_emit sequence=350 bytes=38 elapsed_us=2433 envelope=@J10000000002000000035063225|I422vL00;
editbox_emit sequence=351 bytes=44 elapsed_us=2732 envelope=@J10000000002000000035159684|I422xL200G00G0;
editbox_emit sequence=352 bytes=44 elapsed_us=2672 envelope=@J10000000002000000035254469|I422zL0200G00G;
editbox_emit sequence=353 bytes=38 elapsed_us=2270 envelope=@J10000000002000000035361147|I422_L00;
published_frame=713
editbox_emit sequence=354 bytes=44 elapsed_us=2898 envelope=@J10000000002000000035403856|I422XM200W00W0;
editbox_emit sequence=355 bytes=44 elapsed_us=2656 envelope=@J10000000002000000035536480|I422ZM02010010;
editbox_emit sequence=356 bytes=38 elapsed_us=2475 envelope=@J10000000002000000035651200|I422bM00;
event mono_ns=580570455460000 frame=714 held=512 pressed=512 released=0
editbox_emit sequence=357 bytes=44 elapsed_us=3098 envelope=@J10000000002000000035765216|I422dM20400400;
event mono_ns=580570460737000 frame=714 held=0 pressed=0 released=512
published_frame=714
editbox_receipt monotonic_ns=580570463692575 received=348 consumed=348 revision=120
editbox_emit sequence=358 bytes=44 elapsed_us=2619 envelope=@J10000000002000000035829797|I422fM02080080;
published_frame=715
published_frame=716
editbox_emit sequence=359 bytes=38 elapsed_us=3066 envelope=@J10000000002000000035949122|I422hM00;
event mono_ns=580570505973000 frame=717 held=128 pressed=128 released=0
event mono_ns=580570511128000 frame=717 held=0 pressed=0 released=128
published_frame=717
editbox_receipt monotonic_ns=580570528864325 received=348 consumed=348 revision=121
published_frame=718
editbox_emit sequence=360 bytes=44 elapsed_us=2727 envelope=@J10000000002000000036012254|I422jM20200200;
published_frame=719
event mono_ns=580570556367000 frame=720 held=16384 pressed=16384 released=0
event mono_ns=580570561510000 frame=720 held=0 pressed=0 released=16384
published_frame=720
editbox_emit sequence=361 bytes=44 elapsed_us=3523 envelope=@J10000000002000000036161480|I422lM02400400;
editbox_receipt monotonic_ns=580570570732788 received=348 consumed=348 revision=122
published_frame=721
published_frame=722
editbox_emit sequence=362 bytes=38 elapsed_us=2800 envelope=@J10000000002000000036260261|I422nM00;
event mono_ns=580570606789000 frame=723 held=32 pressed=32 released=0
event mono_ns=580570606994000 frame=723 held=96 pressed=64 released=0
event mono_ns=580570612211000 frame=723 held=64 pressed=0 released=32
event mono_ns=580570612259000 frame=723 held=0 pressed=0 released=64
published_frame=723
published_frame=724
editbox_emit sequence=363 bytes=44 elapsed_us=2719 envelope=@J10000000002000000036361471|I422pM201W01W0;
published_frame=725
event mono_ns=580570657528000 frame=726 held=1 pressed=1 released=0
event mono_ns=580570662785000 frame=727 held=0 pressed=0 released=1
published_frame=726
editbox_emit sequence=364 bytes=55 elapsed_us=3730 envelope=@J10000000002000000036439560|I422rM0t001001000Fm31H03_;
editbox_emit sequence=349 bytes=49 elapsed_us=3068 envelope=@J10000000002000000034935151|I422tL0o00O00OUO002;
published_frame=727
published_frame=728
event mono_ns=580570708161000 frame=729 held=2 pressed=2 released=0
event mono_ns=580570713426000 frame=730 held=0 pressed=0 released=2
published_frame=729
published_frame=730
published_frame=731
event mono_ns=580570758820000 frame=732 held=4 pressed=4 released=0
published_frame=732
event mono_ns=580570764016000 frame=733 held=0 pressed=0 released=4
published_frame=733
published_frame=734
event mono_ns=580570809289000 frame=735 held=24 pressed=24 released=0
published_frame=735
event mono_ns=580570814465000 frame=736 held=0 pressed=0 released=24
published_frame=736
published_frame=737
event mono_ns=580570859797000 frame=738 held=16 pressed=16 released=0
published_frame=738
event mono_ns=580570864935000 frame=739 held=0 pressed=0 released=16
published_frame=739
published_frame=740
event mono_ns=580570910210000 frame=741 held=16 pressed=16 released=0
published_frame=741
event mono_ns=580570915362000 frame=742 held=0 pressed=0 released=16
published_frame=742
published_frame=743
event mono_ns=580570960580000 frame=744 held=32 pressed=32 released=0
published_frame=744
event mono_ns=580570965843000 frame=745 held=0 pressed=0 released=32
published_frame=745
published_frame=746
event mono_ns=580571011126000 frame=747 held=64 pressed=64 released=0
published_frame=747
event mono_ns=580571016338000 frame=748 held=0 pressed=0 released=64
editbox_receipt monotonic_ns=580571025945994 received=364 consumed=350 revision=123
editbox_emit sequence=365 bytes=44 elapsed_us=2747 envelope=@J10000000002000000036521344|I422tM20000010;
published_frame=748
editbox_emit sequence=366 bytes=61 elapsed_us=3525 envelope=@J10000000002000000036660854|I422vMt002002000Fq22Y07-2000002;
published_frame=749
event mono_ns=580571061618000 frame=750 held=256 pressed=256 released=0
published_frame=750
event mono_ns=580571066897000 frame=751 held=0 pressed=0 released=256
published_frame=751
published_frame=752
event mono_ns=580571112176000 frame=753 held=512 pressed=512 released=0
published_frame=753
event mono_ns=580571117378000 frame=754 held=0 pressed=0 released=512
published_frame=754
published_frame=755
editbox_receipt monotonic_ns=580571152742626 received=364 consumed=356 revision=124
editbox_emit sequence=367 bytes=55 elapsed_us=3065 envelope=@J10000000002000000036737302|I422xM0t00400400003zFC001;
editbox_emit sequence=368 bytes=44 elapsed_us=2687 envelope=@J10000000002000000036849616|I422zM20000040;
editbox_emit sequence=369 bytes=61 elapsed_us=3319 envelope=@J10000000002000000036961438|I422_Mt00O00O00003-UO002200000O;
event mono_ns=580571162600000 frame=757 held=128 pressed=128 released=0
published_frame=756
editbox_emit sequence=370 bytes=47 elapsed_us=2588 envelope=@J10000000002000000037019607|I422XN0300G00G000;
event mono_ns=580571167887000 frame=757 held=0 pressed=0 released=128
editbox_emit sequence=371 bytes=44 elapsed_us=3135 envelope=@J10000000002000000037131521|I422ZN200000G0;
editbox_emit sequence=372 bytes=53 elapsed_us=2700 envelope=@J10000000002000000037234731|I422bN300G00G000200000G;
published_frame=757
published_frame=758
event mono_ns=580571213167000 frame=760 held=16384 pressed=16384 released=0
published_frame=759
event mono_ns=580571218353000 frame=760 held=0 pressed=0 released=16384
published_frame=760
published_frame=761
published_frame=762
event mono_ns=580571263694000 frame=763 held=32 pressed=32 released=0
event mono_ns=580571263815000 frame=763 held=96 pressed=64 released=0
event mono_ns=580571269016000 frame=763 held=64 pressed=0 released=32
event mono_ns=580571269062000 frame=763 held=0 pressed=0 released=64
editbox_emit sequence=365 bytes=44 elapsed_us=2435 envelope=@J10000000002000000036521344|I422tM20000010;
published_frame=763
published_frame=764
editbox_receipt monotonic_ns=580571308229902 received=364 consumed=362 revision=125
published_frame=765
event mono_ns=580571314301000 frame=766 held=1 pressed=1 released=0
event mono_ns=580571319519000 frame=766 held=0 pressed=0 released=1
published_frame=766
published_frame=767
published_frame=768
event mono_ns=580571364736000 frame=769 held=2 pressed=2 released=0
event mono_ns=580571370036000 frame=769 held=0 pressed=0 released=2
published_frame=769
published_frame=770
published_frame=771
event mono_ns=580571415355000 frame=772 held=4 pressed=4 released=0
event mono_ns=580571420567000 frame=772 held=0 pressed=0 released=4
published_frame=772
published_frame=773
published_frame=774
event mono_ns=580571465856000 frame=775 held=24 pressed=24 released=0
event mono_ns=580571471140000 frame=775 held=0 pressed=0 released=24
published_frame=775
published_frame=776
published_frame=777
event mono_ns=580571516404000 frame=778 held=16 pressed=16 released=0
event mono_ns=580571521706000 frame=778 held=0 pressed=0 released=16
editbox_receipt monotonic_ns=580571524463364 received=372 consumed=368 revision=126
editbox_emit sequence=373 bytes=47 elapsed_us=3481 envelope=@J10000000002000000037357981|I422dN0300W00W000;
editbox_emit sequence=374 bytes=44 elapsed_us=3074 envelope=@J10000000002000000037463056|I422fN200000W0;
published_frame=778
editbox_emit sequence=375 bytes=53 elapsed_us=3205 envelope=@J10000000002000000037501644|I422hN30100100002000010;
editbox_emit sequence=376 bytes=50 elapsed_us=3093 envelope=@J10000000002000000037626484|I422jN0B040040000Fy0;
editbox_emit sequence=377 bytes=44 elapsed_us=2450 envelope=@J10000000002000000037706942|I422lN20000400;
published_frame=779
editbox_emit sequence=378 bytes=56 elapsed_us=3727 envelope=@J10000000002000000037843493|I422nNB08008000003_2000080;
editbox_emit sequence=379 bytes=38 elapsed_us=2462 envelope=@J10000000002000000037910153|I422pN00;
editbox_emit sequence=380 bytes=44 elapsed_us=2473 envelope=@J10000000002000000038038112|I422rN20200200;
editbox_emit sequence=381 bytes=44 elapsed_us=3032 envelope=@J10000000002000000038121817|I422tN02400400;
published_frame=780
editbox_receipt monotonic_ns=580571565196800 received=372 consumed=372 revision=127
editbox_emit sequence=382 bytes=38 elapsed_us=4012 envelope=@J10000000002000000038221292|I422vN00;
event mono_ns=580571566916000 frame=781 held=16 pressed=16 released=0
editbox_emit sequence=383 bytes=44 elapsed_us=2652 envelope=@J10000000002000000038321808|I422xN201W01W0;
event mono_ns=580571572223000 frame=781 held=0 pressed=0 released=16
editbox_emit sequence=384 bytes=49 elapsed_us=3310 envelope=@J10000000002000000038461498|I422zN0o0010011H03_;
published_frame=781
editbox_emit sequence=385 bytes=38 elapsed_us=2480 envelope=@J10000000002000000038519214|I422_N00;
editbox_emit sequence=386 bytes=49 elapsed_us=3140 envelope=@J10000000002000000038654972|I422XOo0020022Y07-0;
editbox_emit sequence=387 bytes=49 elapsed_us=3277 envelope=@J10000000002000000038718704|I422ZO0o004004FC001;
editbox_emit sequence=388 bytes=38 elapsed_us=2350 envelope=@J10000000002000000038809267|I422bO00;
published_frame=782
published_frame=783
event mono_ns=580571617591000 frame=784 held=32 pressed=32 released=0
event mono_ns=580571622992000 frame=784 held=0 pressed=0 released=32
editbox_receipt monotonic_ns=580571627210400 received=372 consumed=372 revision=128
published_frame=784
published_frame=785
editbox_receipt monotonic_ns=580571658488394 received=372 consumed=372 revision=129
published_frame=786
event mono_ns=580571668398000 frame=787 held=64 pressed=64 released=0
event mono_ns=580571673687000 frame=787 held=0 pressed=0 released=64
published_frame=787
published_frame=788
published_frame=789
event mono_ns=580571719093000 frame=790 held=256 pressed=256 released=0
event mono_ns=580571724332000 frame=790 held=0 pressed=0 released=256
published_frame=790
editbox_receipt monotonic_ns=580571744993418 received=372 consumed=372 revision=130
published_frame=791
published_frame=792
event mono_ns=580571769696000 frame=793 held=512 pressed=512 released=0
editbox_emit sequence=373 bytes=47 elapsed_us=3441 envelope=@J10000000002000000037357981|I422dN0300W00W000;
event mono_ns=580571774925000 frame=793 held=0 pressed=0 released=512
published_frame=793
editbox_receipt monotonic_ns=580571790486876 received=372 consumed=372 revision=131
published_frame=794
published_frame=795
event mono_ns=580571820231000 frame=796 held=128 pressed=128 released=0
editbox_receipt monotonic_ns=580571823184971 received=372 consumed=372 revision=132
event mono_ns=580571825492000 frame=796 held=0 pressed=0 released=128
published_frame=796
published_frame=797
editbox_receipt monotonic_ns=580571854637672 received=372 consumed=372 revision=133
published_frame=798
event mono_ns=580571870799000 frame=799 held=16384 pressed=16384 released=0
event mono_ns=580571876018000 frame=799 held=0 pressed=0 released=16384
published_frame=799
published_frame=800
published_frame=801
editbox_receipt monotonic_ns=580571919321337 received=372 consumed=372 revision=134
event mono_ns=580571921342000 frame=802 held=32 pressed=32 released=0
event mono_ns=580571921476000 frame=802 held=96 pressed=64 released=0
event mono_ns=580571926653000 frame=802 held=64 pressed=0 released=32
event mono_ns=580571926771000 frame=802 held=0 pressed=0 released=64
published_frame=802
published_frame=803
published_frame=804
event mono_ns=580571972058000 frame=805 held=1 pressed=1 released=0
event mono_ns=580571977305000 frame=805 held=0 pressed=0 released=1
published_frame=805
published_frame=806
published_frame=807
event mono_ns=580572022666000 frame=808 held=2 pressed=2 released=0
editbox_emit sequence=373 bytes=47 elapsed_us=4521 envelope=@J10000000002000000037357981|I422dN0300W00W000;
event mono_ns=580572027828000 frame=808 held=0 pressed=0 released=2
published_frame=808
published_frame=809
published_frame=810
event mono_ns=580572073232000 frame=811 held=4 pressed=4 released=0
event mono_ns=580572078544000 frame=811 held=0 pressed=0 released=4
published_frame=811
published_frame=812
published_frame=813
event mono_ns=580572123788000 frame=814 held=24 pressed=24 released=0
event mono_ns=580572129085000 frame=814 held=0 pressed=0 released=24
published_frame=814
published_frame=815
published_frame=816
event mono_ns=580572174476000 frame=817 held=16 pressed=16 released=0
event mono_ns=580572179735000 frame=818 held=0 pressed=0 released=16
published_frame=817
published_frame=818
published_frame=819
event mono_ns=580572225062000 frame=820 held=16 pressed=16 released=0
event mono_ns=580572230291000 frame=821 held=0 pressed=0 released=16
published_frame=820
published_frame=821
published_frame=822
event mono_ns=580572275724000 frame=823 held=32 pressed=32 released=0
published_frame=823
event mono_ns=580572281076000 frame=824 held=0 pressed=0 released=32
published_frame=824
published_frame=825
event mono_ns=580572326441000 frame=826 held=64 pressed=64 released=0
published_frame=826
event mono_ns=580572331683000 frame=827 held=0 pressed=0 released=64
published_frame=827
published_frame=828
event mono_ns=580572376992000 frame=829 held=256 pressed=256 released=0
published_frame=829
event mono_ns=580572382324000 frame=830 held=0 pressed=0 released=256
published_frame=830
published_frame=831
event mono_ns=580572427712000 frame=832 held=512 pressed=512 released=0
published_frame=832
event mono_ns=580572432993000 frame=833 held=0 pressed=0 released=512
published_frame=833
published_frame=834
event mono_ns=580572478342000 frame=835 held=128 pressed=128 released=0
published_frame=835
event mono_ns=580572483546000 frame=836 held=0 pressed=0 released=128
published_frame=836
published_frame=837
event mono_ns=580572528844000 frame=838 held=16384 pressed=16384 released=0
published_frame=838
event mono_ns=580572534168000 frame=839 held=0 pressed=0 released=16384
editbox_receipt monotonic_ns=580572537698678 received=388 consumed=377 revision=135
editbox_emit sequence=389 bytes=49 elapsed_us=3304 envelope=@J10000000002000000038925639|I422dOo00O00OUO0020;
editbox_emit sequence=390 bytes=44 elapsed_us=3174 envelope=@J10000000002000000039017147|I422fO0200G00G;
published_frame=839
editbox_emit sequence=391 bytes=38 elapsed_us=2799 envelope=@J10000000002000000039120406|I422hO00;
editbox_emit sequence=392 bytes=44 elapsed_us=3208 envelope=@J10000000002000000039249881|I422jO200G00G0;
editbox_emit sequence=393 bytes=44 elapsed_us=3235 envelope=@J10000000002000000039314596|I422lO0200W00W;
published_frame=840
event mono_ns=580572579593000 frame=842 held=32 pressed=32 released=0
event mono_ns=580572579637000 frame=842 held=96 pressed=64 released=0
published_frame=841
event mono_ns=580572584922000 frame=842 held=64 pressed=0 released=32
event mono_ns=580572584958000 frame=842 held=0 pressed=0 released=64
editbox_receipt monotonic_ns=580572594975301 received=388 consumed=383 revision=136
editbox_emit sequence=394 bytes=38 elapsed_us=2191 envelope=@J10000000002000000039418328|I422nO00;
published_frame=842
editbox_emit sequence=395 bytes=44 elapsed_us=2496 envelope=@J10000000002000000039543047|I422pO20100100;
editbox_emit sequence=396 bytes=44 elapsed_us=2595 envelope=@J10000000002000000039617190|I422rO02040040;
editbox_emit sequence=397 bytes=38 elapsed_us=2167 envelope=@J10000000002000000039716250|I422tO00;
editbox_emit sequence=398 bytes=44 elapsed_us=2488 envelope=@J10000000002000000039803594|I422vO20800800;
published_frame=843
editbox_emit sequence=399 bytes=44 elapsed_us=2549 envelope=@J10000000002000000039954481|I422xO02020020;
published_frame=844
event mono_ns=580572630227000 frame=845 held=1 pressed=1 released=0
event mono_ns=580572635573000 frame=845 held=0 pressed=0 released=1
editbox_receipt monotonic_ns=580572638830187 received=388 consumed=388 revision=137
editbox_emit sequence=400 bytes=38 elapsed_us=2256 envelope=@J10000000002000000040003285|I422zO00;
editbox_emit sequence=401 bytes=44 elapsed_us=2558 envelope=@J10000000002000000040150007|I422_O24004000;
published_frame=845
editbox_emit sequence=402 bytes=44 elapsed_us=2748 envelope=@J10000000002000000040212922|I422XP0201W01W;
editbox_emit sequence=403 bytes=38 elapsed_us=2219 envelope=@J10000000002000000040358859|I422ZP00;
editbox_emit sequence=404 bytes=49 elapsed_us=2772 envelope=@J10000000002000000040449486|I422bPo0010011H03_0;
published_frame=846
editbox_receipt monotonic_ns=580572671982744 received=388 consumed=388 revision=138
published_frame=847
event mono_ns=580572680892000 frame=848 held=2 pressed=2 released=0
event mono_ns=580572686221000 frame=848 held=0 pressed=0 released=2
published_frame=848
editbox_receipt monotonic_ns=580572703864820 received=388 consumed=388 revision=139
published_frame=849
published_frame=850
event mono_ns=580572731466000 frame=851 held=4 pressed=4 released=0
editbox_receipt monotonic_ns=580572735418620 received=388 consumed=388 revision=140
event mono_ns=580572736745000 frame=851 held=0 pressed=0 released=4
published_frame=851
published_frame=852
published_frame=853
event mono_ns=580572782061000 frame=854 held=24 pressed=24 released=0
event mono_ns=580572787321000 frame=854 held=0 pressed=0 released=24
editbox_emit sequence=389 bytes=49 elapsed_us=2892 envelope=@J10000000002000000038925639|I422dOo00O00OUO0020;
published_frame=854
published_frame=855
editbox_receipt monotonic_ns=580572819083892 received=388 consumed=388 revision=141
published_frame=856
event mono_ns=580572832570000 frame=857 held=16 pressed=16 released=0
event mono_ns=580572837738000 frame=857 held=0 pressed=0 released=16
published_frame=857
editbox_receipt monotonic_ns=580572861933474 received=388 consumed=388 revision=142
published_frame=858
published_frame=859
event mono_ns=580572883051000 frame=860 held=16 pressed=16 released=0
event mono_ns=580572888237000 frame=860 held=0 pressed=0 released=16
published_frame=860
published_frame=861
published_frame=862
event mono_ns=580572933556000 frame=863 held=32 pressed=32 released=0
event mono_ns=580572938915000 frame=863 held=0 pressed=0 released=32
published_frame=863
published_frame=864
published_frame=865
event mono_ns=580572984377000 frame=866 held=64 pressed=64 released=0
event mono_ns=580572989584000 frame=866 held=0 pressed=0 released=64
published_frame=866
published_frame=867
published_frame=868
event mono_ns=580573034829000 frame=869 held=256 pressed=256 released=0
editbox_emit sequence=389 bytes=49 elapsed_us=2824 envelope=@J10000000002000000038925639|I422dOo00O00OUO0020;
event mono_ns=580573040108000 frame=869 held=0 pressed=0 released=256
published_frame=869
published_frame=870
published_frame=871
event mono_ns=580573085375000 frame=872 held=512 pressed=512 released=0
event mono_ns=580573090720000 frame=872 held=0 pressed=0 released=512
published_frame=872
published_frame=873
published_frame=874
event mono_ns=580573136076000 frame=875 held=128 pressed=128 released=0
event mono_ns=580573141256000 frame=875 held=0 pressed=0 released=128
published_frame=875
published_frame=876
published_frame=877
event mono_ns=580573186576000 frame=878 held=16384 pressed=16384 released=0
event mono_ns=580573191719000 frame=878 held=0 pressed=0 released=16384
published_frame=878
published_frame=879
published_frame=880
event mono_ns=580573237017000 frame=881 held=32 pressed=32 released=0
event mono_ns=580573237069000 frame=881 held=96 pressed=64 released=0
event mono_ns=580573242294000 frame=881 held=64 pressed=0 released=32
event mono_ns=580573242394000 frame=881 held=0 pressed=0 released=64
published_frame=881
published_frame=882
published_frame=883
editbox_receipt monotonic_ns=580573287580746 received=404 consumed=392 revision=143
editbox_emit sequence=405 bytes=49 elapsed_us=3174 envelope=@J10000000002000000040505735|I422dP0o0020022Y07-;
event mono_ns=580573287647000 frame=884 held=1 pressed=1 released=0
editbox_emit sequence=406 bytes=38 elapsed_us=2136 envelope=@J10000000002000000040656781|I422fP00;
event mono_ns=580573292974000 frame=884 held=0 pressed=0 released=1
editbox_emit sequence=407 bytes=49 elapsed_us=2767 envelope=@J10000000002000000040703230|I422hPo004004FC0010;
published_frame=884
editbox_emit sequence=408 bytes=49 elapsed_us=2964 envelope=@J10000000002000000040861858|I422jP0o00O00OUO002;
published_frame=885
published_frame=886
editbox_receipt monotonic_ns=580573332094226 received=404 consumed=398 revision=144
editbox_emit sequence=409 bytes=38 elapsed_us=2156 envelope=@J10000000002000000040954703|I422lP00;
editbox_emit sequence=410 bytes=53 elapsed_us=3972 envelope=@J10000000002000000041049076|I422nP300G00G000200000G;
event mono_ns=580573338335000 frame=887 held=2 pressed=2 released=0
editbox_emit sequence=411 bytes=47 elapsed_us=2684 envelope=@J10000000002000000041113499|I422pP0300G00G000;
event mono_ns=580573343774000 frame=887 held=0 pressed=0 released=2
editbox_emit sequence=412 bytes=44 elapsed_us=2279 envelope=@J10000000002000000041261691|I422rP200000G0;
published_frame=887
editbox_emit sequence=413 bytes=53 elapsed_us=2804 envelope=@J10000000002000000041306786|I422tP300W00W000200000W;
editbox_emit sequence=414 bytes=47 elapsed_us=2394 envelope=@J10000000002000000041420798|I422vP03010010000;
published_frame=888
published_frame=889
event mono_ns=580573389157000 frame=890 held=4 pressed=4 released=0
event mono_ns=580573394456000 frame=890 held=0 pressed=0 released=4
published_frame=890
published_frame=891
published_frame=892
event mono_ns=580573439831000 frame=893 held=24 pressed=24 released=0
event mono_ns=580573445100000 frame=893 held=0 pressed=0 released=24
published_frame=893
published_frame=894
editbox_receipt monotonic_ns=580573465161692 received=404 consumed=404 revision=145
editbox_emit sequence=415 bytes=44 elapsed_us=2756 envelope=@J10000000002000000041517153|I422xP20000100;
editbox_emit sequence=416 bytes=56 elapsed_us=4188 envelope=@J10000000002000000041609129|I422zPB040040000Fy02000040;
editbox_emit sequence=417 bytes=50 elapsed_us=2969 envelope=@J10000000002000000041706939|I422_P0B08008000003_;
published_frame=895
editbox_emit sequence=418 bytes=44 elapsed_us=2159 envelope=@J10000000002000000041821861|I422XQ20000800;
editbox_emit sequence=419 bytes=53 elapsed_us=2703 envelope=@J10000000002000000041957217|I422ZQ30200200002000020;
editbox_emit sequence=420 bytes=47 elapsed_us=2436 envelope=@J10000000002000000042008101|I422bQ03400400000;
event mono_ns=580573490438000 frame=896 held=16 pressed=16 released=0
editbox_receipt monotonic_ns=580573491771165 received=404 consumed=404 revision=146
event mono_ns=580573495739000 frame=896 held=0 pressed=0 released=16
published_frame=896
published_frame=897
published_frame=898
editbox_emit sequence=405 bytes=49 elapsed_us=3244 envelope=@J10000000002000000040505735|I422dP0o0020022Y07-;
event mono_ns=580573541018000 frame=899 held=16 pressed=16 released=0
event mono_ns=580573546269000 frame=900 held=0 pressed=0 released=16
published_frame=899
editbox_receipt monotonic_ns=580573556170648 received=404 consumed=404 revision=147
published_frame=900
published_frame=901
event mono_ns=580573591583000 frame=902 held=32 pressed=32 released=0
event mono_ns=580573596884000 frame=903 held=0 pressed=0 released=32
published_frame=902
editbox_receipt monotonic_ns=580573598331659 received=404 consumed=404 revision=148
published_frame=903
published_frame=904
editbox_receipt monotonic_ns=580573630483280 received=404 consumed=404 revision=149
event mono_ns=580573642243000 frame=905 held=64 pressed=64 released=0
published_frame=905
event mono_ns=580573647438000 frame=906 held=0 pressed=0 released=64
published_frame=906
editbox_receipt monotonic_ns=580573662841358 received=404 consumed=404 revision=150
published_frame=907
event mono_ns=580573692751000 frame=908 held=256 pressed=256 released=0
published_frame=908
event mono_ns=580573697956000 frame=909 held=0 pressed=0 released=256
published_frame=909
published_frame=910
event mono_ns=580573743296000 frame=911 held=512 pressed=512 released=0
published_frame=911
event mono_ns=580573748517000 frame=912 held=0 pressed=0 released=512
published_frame=912
published_frame=913
editbox_emit sequence=405 bytes=49 elapsed_us=3084 envelope=@J10000000002000000040505735|I422dP0o0020022Y07-;
event mono_ns=580573793841000 frame=914 held=128 pressed=128 released=0
published_frame=914
event mono_ns=580573799067000 frame=915 held=0 pressed=0 released=128
published_frame=915
published_frame=916
event mono_ns=580573844426000 frame=917 held=16384 pressed=16384 released=0
published_frame=917
event mono_ns=580573849550000 frame=918 held=0 pressed=0 released=16384
published_frame=918
published_frame=919
event mono_ns=580573894989000 frame=920 held=32 pressed=32 released=0
event mono_ns=580573895043000 frame=920 held=96 pressed=64 released=0
published_frame=920
event mono_ns=580573900290000 frame=921 held=64 pressed=0 released=32
event mono_ns=580573900345000 frame=921 held=0 pressed=0 released=64
published_frame=921
published_frame=922
event mono_ns=580573945541000 frame=923 held=1 pressed=1 released=0
published_frame=923
event mono_ns=580573950721000 frame=924 held=0 pressed=0 released=1
published_frame=924
published_frame=925
published_frame=926
event mono_ns=580573996097000 frame=927 held=2 pressed=2 released=0
event mono_ns=580574001391000 frame=927 held=0 pressed=0 released=2
published_frame=927
published_frame=928
event mono_ns=580574046746000 frame=930 held=4 pressed=4 released=0
published_frame=929
event mono_ns=580574051996000 frame=930 held=0 pressed=0 released=4
published_frame=930
published_frame=931
published_frame=932
event mono_ns=580574097357000 frame=933 held=24 pressed=24 released=0
event mono_ns=580574102706000 frame=933 held=0 pressed=0 released=24
editbox_receipt monotonic_ns=580574103438259 received=420 consumed=404 revision=151
published_frame=933
published_frame=934
published_frame=935
event mono_ns=580574148167000 frame=936 held=16 pressed=16 released=0
event mono_ns=580574153410000 frame=936 held=0 pressed=0 released=16
published_frame=936
published_frame=937
published_frame=938
editbox_receipt monotonic_ns=580574196722350 received=420 consumed=406 revision=152
editbox_emit sequence=421 bytes=44 elapsed_us=3198 envelope=@J10000000002000000042151324|I422dQ20004000;
event mono_ns=580574198729000 frame=939 held=16 pressed=16 released=0
editbox_emit sequence=422 bytes=44 elapsed_us=2334 envelope=@J10000000002000000042238780|I422fQ0201W01W;
event mono_ns=580574203994000 frame=939 held=0 pressed=0 released=16
published_frame=939
published_frame=940
published_frame=941
event mono_ns=580574249383000 frame=942 held=32 pressed=32 released=0
event mono_ns=580574254753000 frame=942 held=0 pressed=0 released=32
published_frame=942
editbox_receipt monotonic_ns=580574271314316 received=420 consumed=412 revision=153
editbox_emit sequence=423 bytes=38 elapsed_us=2188 envelope=@J10000000002000000042319890|I422hQ00;
editbox_emit sequence=424 bytes=49 elapsed_us=2750 envelope=@J10000000002000000042430979|I422jQo0010011H03_0;
editbox_emit sequence=425 bytes=49 elapsed_us=2529 envelope=@J10000000002000000042552749|I422lQ0o0020022Y07-;
published_frame=943
editbox_emit sequence=426 bytes=38 elapsed_us=2072 envelope=@J10000000002000000042617812|I422nQ00;
editbox_emit sequence=427 bytes=49 elapsed_us=2713 envelope=@J10000000002000000042750244|I422pQo004004FC0010;
editbox_emit sequence=428 bytes=49 elapsed_us=2645 envelope=@J10000000002000000042843351|I422rQ0o00O00OUO002;
published_frame=944
event mono_ns=580574300221000 frame=945 held=64 pressed=64 released=0
editbox_receipt monotonic_ns=580574304806449 received=420 consumed=418 revision=154
editbox_emit sequence=429 bytes=38 elapsed_us=2027 envelope=@J10000000002000000042915734|I422tQ00;
event mono_ns=580574305504000 frame=945 held=0 pressed=0 released=64
editbox_emit sequence=430 bytes=44 elapsed_us=2519 envelope=@J10000000002000000043052532|I422vQ200G00G0;
editbox_emit sequence=431 bytes=44 elapsed_us=2354 envelope=@J10000000002000000043147317|I422xQ0200G00G;
published_frame=945
editbox_emit sequence=432 bytes=38 elapsed_us=2100 envelope=@J10000000002000000043226873|I422zQ00;
editbox_emit sequence=433 bytes=44 elapsed_us=2271 envelope=@J10000000002000000043301875|I422_Q200W00W0;
editbox_emit sequence=434 bytes=44 elapsed_us=2598 envelope=@J10000000002000000043429328|I422XR02010010;
published_frame=946
published_frame=947
event mono_ns=580574350741000 frame=948 held=256 pressed=256 released=0
event mono_ns=580574356014000 frame=948 held=0 pressed=0 released=256
published_frame=948
published_frame=949
published_frame=950
event mono_ns=580574401335000 frame=951 held=512 pressed=512 released=0
event mono_ns=580574406697000 frame=951 held=0 pressed=0 released=512
published_frame=951
published_frame=952
published_frame=953
editbox_emit sequence=421 bytes=44 elapsed_us=2480 envelope=@J10000000002000000042151324|I422dQ20004000;
event mono_ns=580574451961000 frame=954 held=128 pressed=128 released=0
event mono_ns=580574457267000 frame=954 held=0 pressed=0 released=128
published_frame=954
published_frame=955
editbox_receipt monotonic_ns=580574491089295 received=420 consumed=420 revision=155
published_frame=956
event mono_ns=580574502540000 frame=957 held=16384 pressed=16384 released=0
event mono_ns=580574507782000 frame=957 held=0 pressed=0 released=16384
published_frame=957
editbox_receipt monotonic_ns=580574522774702 received=420 consumed=420 revision=156
published_frame=958
published_frame=959
event mono_ns=580574553162000 frame=960 held=32 pressed=32 released=0
event mono_ns=580574553275000 frame=960 held=96 pressed=64 released=0
editbox_receipt monotonic_ns=580574554084906 received=420 consumed=420 revision=157
event mono_ns=580574558532000 frame=960 held=64 pressed=0 released=32
event mono_ns=580574558572000 frame=960 held=0 pressed=0 released=64
published_frame=960
published_frame=961
editbox_receipt monotonic_ns=580574586546528 received=420 consumed=420 revision=158
published_frame=962
event mono_ns=580574603804000 frame=963 held=1 pressed=1 released=0
event mono_ns=580574609082000 frame=963 held=0 pressed=0 released=1
published_frame=963
editbox_receipt monotonic_ns=580574619464696 received=420 consumed=420 revision=159
published_frame=964
published_frame=965
event mono_ns=580574654497000 frame=966 held=2 pressed=2 released=0
event mono_ns=580574659803000 frame=966 held=0 pressed=0 released=2
published_frame=966
published_frame=967
published_frame=968
editbox_emit sequence=421 bytes=44 elapsed_us=2426 envelope=@J10000000002000000042151324|I422dQ20004000;
event mono_ns=580574705130000 frame=969 held=4 pressed=4 released=0
event mono_ns=580574710356000 frame=969 held=0 pressed=0 released=4
published_frame=969
published_frame=970
published_frame=971
event mono_ns=580574755638000 frame=972 held=24 pressed=24 released=0
event mono_ns=580574760810000 frame=972 held=0 pressed=0 released=24
published_frame=972
published_frame=973
published_frame=974
event mono_ns=580574806223000 frame=975 held=16 pressed=16 released=0
event mono_ns=580574811460000 frame=975 held=0 pressed=0 released=16
published_frame=975
published_frame=976
published_frame=977
event mono_ns=580574856770000 frame=978 held=16 pressed=16 released=0
event mono_ns=580574861959000 frame=978 held=0 pressed=0 released=16
published_frame=978
published_frame=979
published_frame=980
event mono_ns=580574907257000 frame=981 held=32 pressed=32 released=0
event mono_ns=580574912488000 frame=981 held=0 pressed=0 released=32
published_frame=981
published_frame=982
published_frame=983
event mono_ns=580574957772000 frame=984 held=64 pressed=64 released=0
published_frame=984
event mono_ns=580574963015000 frame=985 held=0 pressed=0 released=64
published_frame=985
published_frame=986
editbox_receipt monotonic_ns=580575007197675 received=434 consumed=420 revision=160
editbox_emit sequence=435 bytes=38 elapsed_us=2442 envelope=@J10000000002000000043516926|I422ZR00;
event mono_ns=580575008351000 frame=987 held=256 pressed=256 released=0
editbox_emit sequence=436 bytes=44 elapsed_us=2309 envelope=@J10000000002000000043658064|I422bR20400400;
event mono_ns=580575013685000 frame=988 held=0 pressed=0 released=256
published_frame=987
published_frame=988
published_frame=989
event mono_ns=580575059048000 frame=990 held=512 pressed=512 released=0
published_frame=990
event mono_ns=580575064309000 frame=991 held=0 pressed=0 released=512
published_frame=991
published_frame=992
event mono_ns=580575109576000 frame=993 held=128 pressed=128 released=0
published_frame=993
event mono_ns=580575114747000 frame=994 held=0 pressed=0 released=128
editbox_receipt monotonic_ns=580575125676508 received=434 consumed=425 revision=161
editbox_emit sequence=437 bytes=44 elapsed_us=2894 envelope=@J10000000002000000043722645|I422dR02080080;
published_frame=994
editbox_emit sequence=438 bytes=38 elapsed_us=2331 envelope=@J10000000002000000043814848|I422fR00;
editbox_emit sequence=439 bytes=44 elapsed_us=2594 envelope=@J10000000002000000043948557|I422hR20200200;
editbox_emit sequence=440 bytes=44 elapsed_us=2522 envelope=@J10000000002000000044054328|I422jR02400400;
editbox_emit sequence=441 bytes=38 elapsed_us=2576 envelope=@J10000000002000000044125987|I422lR00;
published_frame=995
editbox_receipt monotonic_ns=580575159924217 received=434 consumed=431 revision=162
editbox_emit sequence=442 bytes=44 elapsed_us=3093 envelope=@J10000000002000000044254319|I422nR201W01W0;
event mono_ns=580575160061000 frame=996 held=16384 pressed=16384 released=0
published_frame=996
editbox_emit sequence=443 bytes=49 elapsed_us=3410 envelope=@J10000000002000000044322684|I422pR0o0010011H03_;
event mono_ns=580575165297000 frame=997 held=0 pressed=0 released=16384
editbox_emit sequence=444 bytes=38 elapsed_us=2582 envelope=@J10000000002000000044423909|I422rR00;
editbox_emit sequence=445 bytes=49 elapsed_us=2729 envelope=@J10000000002000000044512941|I422tRo0020022Y07-0;
editbox_emit sequence=446 bytes=49 elapsed_us=2772 envelope=@J10000000002000000044642194|I422vR0o004004FC001;
published_frame=997
editbox_emit sequence=447 bytes=38 elapsed_us=1790 envelope=@J10000000002000000044721831|I422xR00;
published_frame=998
editbox_receipt monotonic_ns=580575196694605 received=434 consumed=434 revision=163
editbox_emit sequence=448 bytes=49 elapsed_us=2490 envelope=@J10000000002000000044849129|I422zRo00O00OUO0020;
editbox_emit sequence=449 bytes=44 elapsed_us=2203 envelope=@J10000000002000000044932763|I422_R0200G00G;
editbox_emit sequence=450 bytes=38 elapsed_us=1877 envelope=@J10000000002000000045025101|I422XS00;
event mono_ns=580575210577000 frame=999 held=32 pressed=32 released=0
event mono_ns=580575210615000 frame=999 held=96 pressed=64 released=0
published_frame=999
event mono_ns=580575215930000 frame=1000 held=64 pressed=0 released=32
event mono_ns=580575215965000 frame=1000 held=0 pressed=0 released=64
editbox_receipt monotonic_ns=580575228095499 received=434 consumed=434 revision=164
published_frame=1000
published_frame=1001
editbox_emit sequence=435 bytes=38 elapsed_us=3615 envelope=@J10000000002000000043516926|I422ZR00;
event mono_ns=580575261224000 frame=1002 held=1 pressed=1 released=0
published_frame=1002
event mono_ns=580575266507000 frame=1003 held=0 pressed=0 released=1
published_frame=1003
published_frame=1004
event mono_ns=580575311984000 frame=1005 held=2 pressed=2 released=0
published_frame=1005
event mono_ns=580575317215000 frame=1006 held=0 pressed=0 released=2
published_frame=1006
published_frame=1007
editbox_receipt monotonic_ns=580575362219405 received=434 consumed=434 revision=165
event mono_ns=580575362526000 frame=1008 held=4 pressed=4 released=0
published_frame=1008
event mono_ns=580575367830000 frame=1009 held=0 pressed=0 released=4
published_frame=1009
editbox_receipt monotonic_ns=580575394454021 received=434 consumed=434 revision=166
published_frame=1010
event mono_ns=580575413152000 frame=1012 held=24 pressed=24 released=0
published_frame=1011
event mono_ns=580575418422000 frame=1012 held=0 pressed=0 released=24
editbox_receipt monotonic_ns=580575426856543 received=434 consumed=434 revision=167
published_frame=1012
published_frame=1013
editbox_receipt monotonic_ns=580575459616233 received=434 consumed=434 revision=168
event mono_ns=580575463791000 frame=1015 held=16 pressed=16 released=0
published_frame=1014
event mono_ns=580575469087000 frame=1015 held=0 pressed=0 released=16
published_frame=1015
published_frame=1016
editbox_emit sequence=435 bytes=38 elapsed_us=2230 envelope=@J10000000002000000043516926|I422ZR00;
published_frame=1017
event mono_ns=580575514379000 frame=1018 held=16 pressed=16 released=0
event mono_ns=580575519625000 frame=1018 held=0 pressed=0 released=16
published_frame=1018
published_frame=1019
published_frame=1020
event mono_ns=580575564966000 frame=1021 held=32 pressed=32 released=0
event mono_ns=580575570315000 frame=1021 held=0 pressed=0 released=32
published_frame=1021
published_frame=1022
published_frame=1023
event mono_ns=580575615708000 frame=1024 held=64 pressed=64 released=0
event mono_ns=580575620998000 frame=1024 held=0 pressed=0 released=64
published_frame=1024
published_frame=1025
published_frame=1026
event mono_ns=580575666341000 frame=1027 held=256 pressed=256 released=0
event mono_ns=580575671703000 frame=1027 held=0 pressed=0 released=256
published_frame=1027
published_frame=1028
published_frame=1029
event mono_ns=580575717095000 frame=1030 held=512 pressed=512 released=0
event mono_ns=580575722341000 frame=1030 held=0 pressed=0 released=512
published_frame=1030
published_frame=1031
published_frame=1032
event mono_ns=580575767684000 frame=1033 held=128 pressed=128 released=0
event mono_ns=580575772955000 frame=1033 held=0 pressed=0 released=128
published_frame=1033
published_frame=1034
published_frame=1035
event mono_ns=580575818304000 frame=1036 held=16384 pressed=16384 released=0
event mono_ns=580575823555000 frame=1036 held=0 pressed=0 released=16384
published_frame=1036
published_frame=1037
published_frame=1038
event mono_ns=580575868871000 frame=1039 held=32 pressed=32 released=0
event mono_ns=580575869011000 frame=1039 held=96 pressed=64 released=0
editbox_receipt monotonic_ns=580575869791456 received=450 consumed=436 revision=169
editbox_emit sequence=451 bytes=53 elapsed_us=3887 envelope=@J10000000002000000045141334|I422ZS300G00G000200000G;
event mono_ns=580575874192000 frame=1039 held=64 pressed=0 released=32
event mono_ns=580575874282000 frame=1039 held=0 pressed=0 released=64
editbox_emit sequence=452 bytes=47 elapsed_us=2471 envelope=@J10000000002000000045209097|I422bS0300W00W000;
published_frame=1039
published_frame=1040
published_frame=1041
published_frame=1042
editbox_receipt monotonic_ns=580575943948837 received=450 consumed=442 revision=170
editbox_emit sequence=453 bytes=44 elapsed_us=2252 envelope=@J10000000002000000045355904|I422dS200000W0;
published_frame=1043
editbox_emit sequence=454 bytes=53 elapsed_us=2552 envelope=@J10000000002000000045408247|I422fS30100100002000010;
editbox_emit sequence=455 bytes=50 elapsed_us=2617 envelope=@J10000000002000000045553533|I422hS0B040040000Fy0;
editbox_emit sequence=456 bytes=44 elapsed_us=2068 envelope=@J10000000002000000045665311|I422jS20000400;
editbox_emit sequence=457 bytes=56 elapsed_us=2953 envelope=@J10000000002000000045719036|I422lSB08008000003_2000080;
published_frame=1044
editbox_emit sequence=458 bytes=47 elapsed_us=2295 envelope=@J10000000002000000045823695|I422nS03020020000;
editbox_receipt monotonic_ns=580575978428642 received=450 consumed=448 revision=171
editbox_emit sequence=459 bytes=44 elapsed_us=2375 envelope=@J10000000002000000045932349|I422pS20000200;
published_frame=1045
editbox_emit sequence=460 bytes=53 elapsed_us=2524 envelope=@J10000000002000000046026644|I422rS34004000002000400;
editbox_emit sequence=461 bytes=47 elapsed_us=2326 envelope=@J10000000002000000046111808|I422tS0301W01W000;
editbox_emit sequence=462 bytes=44 elapsed_us=2393 envelope=@J10000000002000000046226965|I422vS200001W0;
editbox_emit sequence=463 bytes=61 elapsed_us=3231 envelope=@J10000000002000000046304369|I422xSt001001000Fm31H03_2000001;
published_frame=1046
editbox_emit sequence=464 bytes=38 elapsed_us=1812 envelope=@J10000000002000000046450461|I422zS00;
editbox_receipt monotonic_ns=580576012155325 received=450 consumed=450 revision=172
editbox_emit sequence=465 bytes=49 elapsed_us=2555 envelope=@J10000000002000000046559955|I422_So0020022Y07-0;
published_frame=1047
editbox_emit sequence=466 bytes=49 elapsed_us=2468 envelope=@J10000000002000000046626904|I422XT0o004004FC001;
published_frame=1048
editbox_receipt monotonic_ns=580576043314105 received=450 consumed=450 revision=173
published_frame=1049
published_frame=1050
editbox_receipt monotonic_ns=580576075196482 received=450 consumed=450 revision=174
published_frame=1051
published_frame=1052
published_frame=1053
editbox_emit sequence=451 bytes=53 elapsed_us=3152 envelope=@J10000000002000000045141334|I422ZS300G00G000200000G;
published_frame=1054
published_frame=1055
published_frame=1056
published_frame=1057
published_frame=1058
published_frame=1059
published_frame=1060
editbox_receipt monotonic_ns=580576235185465 received=450 consumed=450 revision=175
published_frame=1061
published_frame=1062
editbox_receipt monotonic_ns=580576267390186 received=450 consumed=450 revision=176
published_frame=1063
published_frame=1064
published_frame=1065
published_frame=1066
published_frame=1067
published_frame=1068
editbox_emit sequence=451 bytes=53 elapsed_us=5032 envelope=@J10000000002000000045141334|I422ZS300G00G000200000G;
published_frame=1069
published_frame=1070
published_frame=1071
published_frame=1072
published_frame=1073
published_frame=1074
published_frame=1075
published_frame=1076
published_frame=1077
published_frame=1078
published_frame=1079
published_frame=1080
published_frame=1081
published_frame=1082
published_frame=1083
event mono_ns=580576619691000 frame=1084 held=2 pressed=2 released=0
published_frame=1084
published_frame=1085
published_frame=1086
published_frame=1087
published_frame=1088
editbox_receipt monotonic_ns=580576698976328 received=450 consumed=450 revision=177
editbox_emit sequence=451 bytes=53 elapsed_us=3651 envelope=@J10000000002000000045141334|I422ZS300G00G000200000G;
published_frame=1089
published_frame=1090
published_frame=1091
published_frame=1092
published_frame=1093
published_frame=1094
published_frame=1095
editbox_receipt monotonic_ns=580576820462187 received=466 consumed=454 revision=178
editbox_emit sequence=467 bytes=38 elapsed_us=3030 envelope=@J10000000002000000046740514|I422ZT00;
editbox_emit sequence=468 bytes=49 elapsed_us=3495 envelope=@J10000000002000000046833839|I422bTo00O00OUO0020;
published_frame=1096
editbox_emit sequence=469 bytes=44 elapsed_us=2695 envelope=@J10000000002000000046953450|I422dT0200G00G;
editbox_emit sequence=470 bytes=38 elapsed_us=2740 envelope=@J10000000002000000047051653|I422fT00;
published_frame=1097
published_frame=1098
editbox_receipt monotonic_ns=580576877767803 received=466 consumed=460 revision=179
editbox_emit sequence=471 bytes=44 elapsed_us=2892 envelope=@J10000000002000000047142729|I422hT200G00G0;
published_frame=1099
editbox_emit sequence=472 bytes=44 elapsed_us=2852 envelope=@J10000000002000000047207444|I422jT0200W00W;
editbox_emit sequence=473 bytes=38 elapsed_us=2418 envelope=@J10000000002000000047349575|I422lT00;
editbox_emit sequence=474 bytes=44 elapsed_us=2630 envelope=@J10000000002000000047435895|I422nT20100100;
editbox_emit sequence=475 bytes=44 elapsed_us=3220 envelope=@J10000000002000000047510038|I422pT02040040;
published_frame=1100
editbox_emit sequence=476 bytes=38 elapsed_us=2332 envelope=@J10000000002000000047647497|I422rT00;
published_frame=1101
editbox_receipt monotonic_ns=580576925354895 received=466 consumed=466 revision=180
editbox_emit sequence=477 bytes=44 elapsed_us=2863 envelope=@J10000000002000000047761963|I422tT20800800;
published_frame=1102
editbox_emit sequence=478 bytes=44 elapsed_us=2886 envelope=@J10000000002000000047847329|I422vT02020020;
editbox_emit sequence=479 bytes=38 elapsed_us=1878 envelope=@J10000000002000000047945419|I422xT00;
editbox_emit sequence=480 bytes=44 elapsed_us=2625 envelope=@J10000000002000000048008053|I422zT24004000;
editbox_emit sequence=481 bytes=44 elapsed_us=3170 envelope=@J10000000002000000048141660|I422_T0201W01W;
published_frame=1103
editbox_emit sequence=482 bytes=38 elapsed_us=2473 envelope=@J10000000002000000048248689|I422XU00;
editbox_receipt monotonic_ns=580576950556189 received=466 consumed=466 revision=181
published_frame=1104
published_frame=1105
editbox_receipt monotonic_ns=580576981983252 received=466 consumed=466 revision=182
published_frame=1106
published_frame=1107
published_frame=1108
published_frame=1109
editbox_receipt monotonic_ns=580577057333599 received=466 consumed=466 revision=183
published_frame=1110
editbox_emit sequence=467 bytes=38 elapsed_us=2361 envelope=@J10000000002000000046740514|I422ZT00;
published_frame=1111
editbox_receipt monotonic_ns=580577089144292 received=466 consumed=466 revision=184
published_frame=1112
published_frame=1113
published_frame=1114
published_frame=1115
published_frame=1116
published_frame=1117
published_frame=1118
published_frame=1119
published_frame=1120
editbox_receipt monotonic_ns=580577231887201 received=466 consumed=466 revision=185
published_frame=1121
published_frame=1122
published_frame=1123
published_frame=1124
published_frame=1125
editbox_emit sequence=467 bytes=38 elapsed_us=2562 envelope=@J10000000002000000046740514|I422ZT00;
published_frame=1126
published_frame=1127
published_frame=1128
published_frame=1129
published_frame=1130
published_frame=1131
published_frame=1132
published_frame=1133
published_frame=1134
published_frame=1135
published_frame=1136
published_frame=1137
published_frame=1138
published_frame=1139
published_frame=1140
published_frame=1141
published_frame=1142
editbox_receipt monotonic_ns=580577601589686 received=466 consumed=466 revision=186
editbox_emit sequence=467 bytes=38 elapsed_us=2874 envelope=@J10000000002000000046740514|I422ZT00;
published_frame=1143
published_frame=1144
published_frame=1145
published_frame=1146
published_frame=1147
published_frame=1148
published_frame=1149
editbox_receipt monotonic_ns=580577720806792 received=482 consumed=468 revision=187
editbox_emit sequence=483 bytes=49 elapsed_us=3747 envelope=@J10000000002000000048302311|I422ZUo0010011H03_0;
editbox_emit sequence=484 bytes=49 elapsed_us=2913 envelope=@J10000000002000000048424081|I422bU0o0020022Y07-;
published_frame=1150
published_frame=1151
published_frame=1152
published_frame=1153
published_frame=1154
published_frame=1155
editbox_receipt monotonic_ns=580577827165077 received=482 consumed=474 revision=188
editbox_emit sequence=485 bytes=38 elapsed_us=2255 envelope=@J10000000002000000048546611|I422dU00;
published_frame=1156
editbox_emit sequence=486 bytes=49 elapsed_us=3103 envelope=@J10000000002000000048621576|I422fUo004004FC0010;
editbox_emit sequence=487 bytes=49 elapsed_us=3328 envelope=@J10000000002000000048714683|I422hU0o00O00OUO002;
editbox_emit sequence=488 bytes=38 elapsed_us=2469 envelope=@J10000000002000000048844533|I422jU00;
editbox_emit sequence=489 bytes=44 elapsed_us=2601 envelope=@J10000000002000000048928175|I422lU200G00G0;
published_frame=1157
editbox_emit sequence=490 bytes=44 elapsed_us=2808 envelope=@J10000000002000000049045026|I422nU0200G00G;
published_frame=1158
editbox_receipt monotonic_ns=580577873127894 received=482 consumed=480 revision=189
editbox_emit sequence=491 bytes=38 elapsed_us=2394 envelope=@J10000000002000000049155672|I422pU00;
editbox_emit sequence=492 bytes=44 elapsed_us=2502 envelope=@J10000000002000000049265105|I422rU200W00W0;
published_frame=1159
editbox_emit sequence=493 bytes=47 elapsed_us=2154 envelope=@J10000000002000000049339147|I422tU03010010000;
editbox_emit sequence=494 bytes=44 elapsed_us=2236 envelope=@J10000000002000000049440720|I422vU20000100;
editbox_emit sequence=495 bytes=56 elapsed_us=2614 envelope=@J10000000002000000049517391|I422xUB040040000Fy02000040;
editbox_emit sequence=496 bytes=50 elapsed_us=2295 envelope=@J10000000002000000049625315|I422zU0B08008000003_;
published_frame=1160
editbox_receipt monotonic_ns=580577906234425 received=482 consumed=482 revision=190
editbox_emit sequence=497 bytes=44 elapsed_us=2274 envelope=@J10000000002000000049750599|I422_U20000800;
editbox_emit sequence=498 bytes=53 elapsed_us=2510 envelope=@J10000000002000000049833013|I422XV30200200002000020;
published_frame=1161
published_frame=1162
editbox_receipt monotonic_ns=580577937794658 received=482 consumed=482 revision=191
published_frame=1163
published_frame=1164
editbox_emit sequence=483 bytes=49 elapsed_us=2480 envelope=@J10000000002000000048302311|I422ZUo0010011H03_0;
editbox_receipt monotonic_ns=580577979054430 received=482 consumed=482 revision=192
published_frame=1165
published_frame=1166
editbox_receipt monotonic_ns=580578010558107 received=482 consumed=482 revision=193
published_frame=1167
published_frame=1168
published_frame=1169
published_frame=1170
published_frame=1171
published_frame=1172
published_frame=1173
published_frame=1174
published_frame=1175
published_frame=1176
published_frame=1177
published_frame=1178
published_frame=1179
editbox_emit sequence=483 bytes=49 elapsed_us=2968 envelope=@J10000000002000000048302311|I422ZUo0010011H03_0;
published_frame=1180
published_frame=1181
published_frame=1182
editbox_receipt monotonic_ns=580578460803031 received=498 consumed=482 revision=194
editbox_receipt monotonic_ns=580578579656886 received=498 consumed=482 revision=195
editbox_receipt monotonic_ns=580578674492444 received=498 consumed=484 revision=196
editbox_emit sequence=499 bytes=47 elapsed_us=2644 envelope=@J10000000002000000049960392|I422ZV03400400000;
published_frame=1183
published_frame=1184
published_frame=1185
published_frame=1186
editbox_emit sequence=500 bytes=44 elapsed_us=2271 envelope=@J10000000002000000050044172|I422bV20004000;
editbox_receipt monotonic_ns=580578748711772 received=498 consumed=490 revision=197
editbox_emit sequence=501 bytes=53 elapsed_us=3241 envelope=@J10000000002000000050140307|I422dV301W01W000200001W;
published_frame=1187
published_frame=1188
published_frame=1189
published_frame=1190
published_frame=1191
published_frame=1192
published_frame=1193
published_frame=1194
editbox_emit sequence=502 bytes=55 elapsed_us=3200 envelope=@J10000000002000000050265288|I422fV0t001001000Fm31H03_;
editbox_emit sequence=503 bytes=44 elapsed_us=2438 envelope=@J10000000002000000050346703|I422hV20000010;
editbox_emit sequence=504 bytes=61 elapsed_us=3388 envelope=@J10000000002000000050427752|I422jVt002002000Fq22Y07-2000002;
editbox_emit sequence=505 bytes=55 elapsed_us=3173 envelope=@J10000000002000000050563030|I422lV0t00400400003zFC001;
editbox_emit sequence=506 bytes=44 elapsed_us=2427 envelope=@J10000000002000000050609454|I422nV20000040;
editbox_receipt monotonic_ns=580578795800218 received=498 consumed=496 revision=198
editbox_emit sequence=507 bytes=49 elapsed_us=3015 envelope=@J10000000002000000050751551|I422pV0o00O00OUO002;
published_frame=1195
published_frame=1196
published_frame=1197
published_frame=1198
published_frame=1199
published_frame=1200
published_frame=1201
published_frame=1202
published_frame=1203
published_frame=1204
editbox_emit sequence=508 bytes=38 elapsed_us=2810 envelope=@J10000000002000000050846981|I422rV00;
editbox_emit sequence=509 bytes=44 elapsed_us=2678 envelope=@J10000000002000000050923314|I422tV200G00G0;
editbox_emit sequence=510 bytes=44 elapsed_us=2644 envelope=@J10000000002000000051040165|I422vV0200G00G;
editbox_emit sequence=511 bytes=38 elapsed_us=2143 envelope=@J10000000002000000051158120|I422xV00;
editbox_emit sequence=512 bytes=44 elapsed_us=2657 envelope=@J10000000002000000051260244|I422zV200W00W0;
editbox_receipt monotonic_ns=580578842170710 received=498 consumed=498 revision=199
editbox_emit sequence=513 bytes=44 elapsed_us=2903 envelope=@J10000000002000000051327347|I422_V02010010;
published_frame=1205
published_frame=1206
editbox_emit sequence=514 bytes=39 elapsed_us=2393 envelope=@J10000000002000000051433040|I422XW100;
editbox_receipt monotonic_ns=580578913762082 received=498 consumed=498 revision=200
editbox_emit sequence=499 bytes=47 elapsed_us=2782 envelope=@J10000000002000000049960392|I422ZV03400400000;
editbox_receipt monotonic_ns=580578944941120 received=498 consumed=498 revision=201
editbox_receipt monotonic_ns=580578975712834 received=498 consumed=498 revision=202
editbox_receipt monotonic_ns=580578997305054 received=498 consumed=498 revision=203
editbox_emit sequence=499 bytes=47 elapsed_us=2497 envelope=@J10000000002000000049960392|I422ZV03400400000;
editbox_receipt monotonic_ns=580579480817902 received=514 consumed=499 revision=204
editbox_emit sequence=515 bytes=45 elapsed_us=4172 envelope=@J10000000002000000051554613|I422ZW120400400;
published_frame=1207
published_frame=1208
editbox_receipt monotonic_ns=580579673948121 received=514 consumed=505 revision=205
editbox_emit sequence=516 bytes=45 elapsed_us=2375 envelope=@J10000000002000000051619209|I422bW102080080;
published_frame=1209
published_frame=1210
published_frame=1211
published_frame=1212
published_frame=1213
published_frame=1214
published_frame=1215
published_frame=1216
published_frame=1217
published_frame=1218
published_frame=1219
published_frame=1220
editbox_emit sequence=517 bytes=39 elapsed_us=2164 envelope=@J10000000002000000051735630|I422dW100;
editbox_emit sequence=518 bytes=45 elapsed_us=2220 envelope=@J10000000002000000051845151|I422fW120200200;
editbox_emit sequence=519 bytes=45 elapsed_us=2448 envelope=@J10000000002000000051928871|I422hW102400400;
editbox_emit sequence=520 bytes=39 elapsed_us=2064 envelope=@J10000000002000000052014116|I422jW100;
editbox_emit sequence=521 bytes=45 elapsed_us=2387 envelope=@J10000000002000000052163694|I422lW1201W01W0;
editbox_receipt monotonic_ns=580579727862121 received=514 consumed=511 revision=206
editbox_emit sequence=522 bytes=39 elapsed_us=2410 envelope=@J10000000002000000052237683|I422nW100;
published_frame=1221
published_frame=1222
published_frame=1223
published_frame=1224
published_frame=1225
published_frame=1226
published_frame=1227
published_frame=1228
editbox_emit sequence=515 bytes=45 elapsed_us=2700 envelope=@J10000000002000000051554613|I422ZW120400400;
editbox_receipt monotonic_ns=580579791300843 received=514 consumed=514 revision=207
published_frame=1229
published_frame=1230
published_frame=1231
published_frame=1232
editbox_receipt monotonic_ns=580579823719584 received=514 consumed=514 revision=208
editbox_receipt monotonic_ns=580579855829778 received=514 consumed=514 revision=209
editbox_receipt monotonic_ns=580579887857276 received=514 consumed=514 revision=210
editbox_receipt monotonic_ns=580579918820570 received=514 consumed=514 revision=211
editbox_receipt monotonic_ns=580579950412432 received=514 consumed=514 revision=212
editbox_emit sequence=515 bytes=45 elapsed_us=2941 envelope=@J10000000002000000051554613|I422ZW120400400;
editbox_receipt monotonic_ns=580580111826457 received=514 consumed=514 revision=213
editbox_emit sequence=515 bytes=45 elapsed_us=2641 envelope=@J10000000002000000051554613|I422ZW120400400;
editbox_receipt monotonic_ns=580580240173445 received=522 consumed=518 revision=214
editbox_emit sequence=523 bytes=39 elapsed_us=2806 envelope=@J10000000002000000052316706|I422pW100;
published_frame=1233
published_frame=1234
published_frame=1235
published_frame=1236
published_frame=1237
published_frame=1238
editbox_emit sequence=524 bytes=39 elapsed_us=3151 envelope=@J10000000002000000052461250|I422rW100;
editbox_emit sequence=525 bytes=39 elapsed_us=3409 envelope=@J10000000002000000052540273|I422tW100;
editbox_emit sequence=526 bytes=39 elapsed_us=2176 envelope=@J10000000002000000052619296|I422vW100;
editbox_emit sequence=527 bytes=39 elapsed_us=1909 envelope=@J10000000002000000052763840|I422xW100;
editbox_emit sequence=528 bytes=39 elapsed_us=1931 envelope=@J10000000002000000052842863|I422zW100;
editbox_emit sequence=529 bytes=39 elapsed_us=2067 envelope=@J10000000002000000052921886|I422_W100;
editbox_emit sequence=530 bytes=39 elapsed_us=2055 envelope=@J10000000002000000053032837|I422XX100;
editbox_emit sequence=531 bytes=39 elapsed_us=2068 envelope=@J10000000002000000053111860|I422ZX100;
editbox_receipt monotonic_ns=580580275818974 received=522 consumed=522 revision=215
editbox_emit sequence=532 bytes=39 elapsed_us=1962 envelope=@J10000000002000000053256404|I422bX100;
published_frame=1239
published_frame=1240
published_frame=1241
published_frame=1242
editbox_emit sequence=533 bytes=39 elapsed_us=2366 envelope=@J10000000002000000053335427|I422dX100;
editbox_emit sequence=534 bytes=39 elapsed_us=1956 envelope=@J10000000002000000053414450|I422fX100;
editbox_emit sequence=535 bytes=39 elapsed_us=2011 envelope=@J10000000002000000053558994|I422hX100;
editbox_emit sequence=536 bytes=39 elapsed_us=1949 envelope=@J10000000002000000053638017|I422jX100;
editbox_emit sequence=537 bytes=39 elapsed_us=1948 envelope=@J10000000002000000053717040|I422lX100;
editbox_emit sequence=538 bytes=39 elapsed_us=2072 envelope=@J10000000002000000053861584|I422nX100;
editbox_receipt monotonic_ns=580580317861554 received=522 consumed=522 revision=216
editbox_receipt monotonic_ns=580580339177486 received=522 consumed=522 revision=217
editbox_receipt monotonic_ns=580580371148308 received=522 consumed=522 revision=218
editbox_receipt monotonic_ns=580580402676300 received=522 consumed=522 revision=219
editbox_receipt monotonic_ns=580580434653164 received=522 consumed=522 revision=220
editbox_emit sequence=523 bytes=39 elapsed_us=2651 envelope=@J10000000002000000052316706|I422pW100;
editbox_receipt monotonic_ns=580580816808228 received=538 consumed=527 revision=221
editbox_emit sequence=539 bytes=39 elapsed_us=2200 envelope=@J10000000002000000053940607|I422pX100;
published_frame=1243
published_frame=1244
published_frame=1245
published_frame=1246
editbox_emit sequence=540 bytes=39 elapsed_us=2093 envelope=@J10000000002000000054061047|I422rX100;
editbox_emit sequence=541 bytes=39 elapsed_us=2017 envelope=@J10000000002000000054140070|I422tX100;
editbox_emit sequence=542 bytes=39 elapsed_us=2185 envelope=@J10000000002000000054219093|I422vX100;
editbox_emit sequence=543 bytes=56 elapsed_us=3035 envelope=@J10000000002000000054312548|I422xX10t002002000Fq22Y07-;
editbox_receipt monotonic_ns=580580899883194 received=538 consumed=533 revision=222
editbox_emit sequence=544 bytes=51 elapsed_us=3086 envelope=@J10000000002000000054402349|I422zX15002Fq25002Fq2;
published_frame=1247
published_frame=1248
published_frame=1249
published_frame=1250
published_frame=1251
published_frame=1252
editbox_emit sequence=545 bytes=51 elapsed_us=3577 envelope=@J10000000002000000054506480|I422_X15002Fq25002Fq2;
editbox_emit sequence=546 bytes=51 elapsed_us=3219 envelope=@J10000000002000000054628375|I422XY15002Fq25002Fq2;
editbox_emit sequence=547 bytes=51 elapsed_us=3428 envelope=@J10000000002000000054732506|I422ZY15002Fq25002Fq2;
editbox_emit sequence=548 bytes=51 elapsed_us=3202 envelope=@J10000000002000000054836637|I422bY15002Fq25002Fq2;
editbox_emit sequence=549 bytes=51 elapsed_us=2956 envelope=@J10000000002000000054940768|I422dY15002Fq25002Fq2;
editbox_receipt monotonic_ns=580580961240965 received=538 consumed=538 revision=223
editbox_emit sequence=550 bytes=51 elapsed_us=2921 envelope=@J10000000002000000055053572|I422fY15002Fq25002Fq2;
published_frame=1253
published_frame=1254
published_frame=1255
published_frame=1256
editbox_emit sequence=551 bytes=51 elapsed_us=2822 envelope=@J10000000002000000055157703|I422hY15002Fq25002Fq2;
editbox_emit sequence=552 bytes=51 elapsed_us=2905 envelope=@J10000000002000000055261834|I422jY15002Fq25002Fq2;
editbox_emit sequence=553 bytes=51 elapsed_us=3011 envelope=@J10000000002000000055300444|I422lY15002Fq25002Fq2;
editbox_emit sequence=554 bytes=51 elapsed_us=2700 envelope=@J10000000002000000055404575|I422nY15002Fq25002Fq2;
editbox_receipt monotonic_ns=580580996108887 received=538 consumed=538 revision=224
editbox_receipt monotonic_ns=580581038740741 received=538 consumed=538 revision=225
editbox_emit sequence=539 bytes=39 elapsed_us=2626 envelope=@J10000000002000000053940607|I422pX100;
editbox_receipt monotonic_ns=580581071879793 received=538 consumed=538 revision=226
editbox_emit sequence=539 bytes=39 elapsed_us=2221 envelope=@J10000000002000000053940607|I422pX100;
editbox_receipt monotonic_ns=580581580426771 received=554 consumed=543 revision=227
editbox_emit sequence=555 bytes=51 elapsed_us=3004 envelope=@J10000000002000000055508706|I422pY15002Fq25002Fq2;
published_frame=1257
published_frame=1258
published_frame=1259
published_frame=1260
published_frame=1261
published_frame=1262
editbox_emit sequence=556 bytes=51 elapsed_us=2544 envelope=@J10000000002000000055612837|I422rY15002Fq25002Fq2;
editbox_emit sequence=557 bytes=51 elapsed_us=2445 envelope=@J10000000002000000055716968|I422tY15002Fq25002Fq2;
editbox_emit sequence=558 bytes=51 elapsed_us=2714 envelope=@J10000000002000000055821099|I422vY15002Fq25002Fq2;
editbox_emit sequence=559 bytes=51 elapsed_us=3394 envelope=@J10000000002000000055925230|I422xY15002Fq25002Fq2;
editbox_receipt monotonic_ns=580581636298099 received=554 consumed=549 revision=228
editbox_emit sequence=560 bytes=51 elapsed_us=3238 envelope=@J10000000002000000056038034|I422zY15002Fq25002Fq2;
published_frame=1263
published_frame=1264
published_frame=1265
published_frame=1266
published_frame=1267
published_frame=1268
published_frame=1269
published_frame=1270
published_frame=1271
published_frame=1272
published_frame=1273
published_frame=1274
editbox_emit sequence=561 bytes=51 elapsed_us=3156 envelope=@J10000000002000000056142165|I422_Y15002Fq25002Fq2;
editbox_emit sequence=562 bytes=51 elapsed_us=2964 envelope=@J10000000002000000056264060|I422XZ15002Fq25002Fq2;
editbox_emit sequence=563 bytes=51 elapsed_us=3018 envelope=@J10000000002000000056302670|I422ZZ15002Fq25002Fq2;
editbox_emit sequence=564 bytes=51 elapsed_us=3100 envelope=@J10000000002000000056406801|I422bZ15002Fq25002Fq2;
editbox_emit sequence=565 bytes=51 elapsed_us=2957 envelope=@J10000000002000000056510932|I422dZ15002Fq25002Fq2;
editbox_receipt monotonic_ns=580581685561723 received=554 consumed=554 revision=229
editbox_emit sequence=566 bytes=51 elapsed_us=3432 envelope=@J10000000002000000056615063|I422fZ15002Fq25002Fq2;
published_frame=1275
published_frame=1276
published_frame=1277
published_frame=1278
published_frame=1279
published_frame=1280
published_frame=1281
published_frame=1282
published_frame=1283
published_frame=1284
editbox_emit sequence=567 bytes=51 elapsed_us=3234 envelope=@J10000000002000000056719194|I422hZ15002Fq25002Fq2;
editbox_emit sequence=568 bytes=51 elapsed_us=3117 envelope=@J10000000002000000056823325|I422jZ15002Fq25002Fq2;
editbox_emit sequence=569 bytes=51 elapsed_us=4076 envelope=@J10000000002000000056927456|I422lZ15002Fq25002Fq2;
editbox_emit sequence=570 bytes=51 elapsed_us=3118 envelope=@J10000000002000000057040260|I422nZ15002Fq25002Fq2;
editbox_receipt monotonic_ns=580581710017881 received=554 consumed=554 revision=230
editbox_receipt monotonic_ns=580581753484710 received=554 consumed=554 revision=231
editbox_receipt monotonic_ns=580581775743890 received=554 consumed=554 revision=232
editbox_receipt monotonic_ns=580581807588736 received=554 consumed=554 revision=233
editbox_emit sequence=555 bytes=51 elapsed_us=3418 envelope=@J10000000002000000055508706|I422pY15002Fq25002Fq2;
editbox_receipt monotonic_ns=580582328630833 received=570 consumed=554 revision=234
editbox_receipt monotonic_ns=580582449711051 received=570 consumed=558 revision=235
editbox_emit sequence=571 bytes=51 elapsed_us=2848 envelope=@J10000000002000000057144391|I422pZ15002Fq25002Fq2;
published_frame=1285
published_frame=1286
published_frame=1287
published_frame=1288
published_frame=1289
published_frame=1290
published_frame=1291
published_frame=1292
editbox_emit sequence=572 bytes=51 elapsed_us=2783 envelope=@J10000000002000000057248522|I422rZ15002Fq25002Fq2;
editbox_emit sequence=573 bytes=51 elapsed_us=3105 envelope=@J10000000002000000057352653|I422tZ15002Fq25002Fq2;
editbox_emit sequence=574 bytes=51 elapsed_us=3005 envelope=@J10000000002000000057456784|I422vZ15002Fq25002Fq2;
editbox_receipt monotonic_ns=580582505146162 received=570 consumed=564 revision=236
editbox_emit sequence=575 bytes=51 elapsed_us=3152 envelope=@J10000000002000000057560915|I422xZ15002Fq25002Fq2;
published_frame=1293
published_frame=1294
published_frame=1295
published_frame=1296
published_frame=1297
published_frame=1298
published_frame=1299
published_frame=1300
published_frame=1301
published_frame=1302
published_frame=1303
published_frame=1304
editbox_emit sequence=576 bytes=51 elapsed_us=3024 envelope=@J10000000002000000057665046|I422zZ15002Fq25002Fq2;
editbox_emit sequence=577 bytes=51 elapsed_us=3185 envelope=@J10000000002000000057703656|I422_Z15002Fq25002Fq2;
editbox_emit sequence=578 bytes=51 elapsed_us=3238 envelope=@J10000000002000000057825551|I422Xa15002Fq25002Fq2;
editbox_emit sequence=579 bytes=51 elapsed_us=3772 envelope=@J10000000002000000057929682|I422Za15002Fq25002Fq2;
editbox_emit sequence=580 bytes=51 elapsed_us=3878 envelope=@J10000000002000000058042486|I422ba15002Fq25002Fq2;
editbox_receipt monotonic_ns=580582555330231 received=570 consumed=570 revision=237
editbox_emit sequence=581 bytes=51 elapsed_us=3200 envelope=@J10000000002000000058146617|I422da15002Fq25002Fq2;
published_frame=1305
published_frame=1306
published_frame=1307
published_frame=1308
published_frame=1309
published_frame=1310
published_frame=1311
published_frame=1312
published_frame=1313
published_frame=1314
published_frame=1315
published_frame=1316
editbox_emit sequence=582 bytes=51 elapsed_us=4137 envelope=@J10000000002000000058250748|I422fa15002Fq25002Fq2;
editbox_emit sequence=583 bytes=51 elapsed_us=3302 envelope=@J10000000002000000058354879|I422ha15002Fq25002Fq2;
editbox_emit sequence=584 bytes=51 elapsed_us=3255 envelope=@J10000000002000000058459010|I422ja15002Fq25002Fq2;
editbox_emit sequence=585 bytes=51 elapsed_us=3083 envelope=@J10000000002000000058563141|I422la15002Fq25002Fq2;
editbox_emit sequence=586 bytes=51 elapsed_us=3342 envelope=@J10000000002000000058601751|I422na15002Fq25002Fq2;
editbox_receipt monotonic_ns=580582601198290 received=570 consumed=570 revision=238
editbox_receipt monotonic_ns=580582633844418 received=570 consumed=570 revision=239
editbox_receipt monotonic_ns=580582675278216 received=570 consumed=570 revision=240
editbox_emit sequence=571 bytes=51 elapsed_us=3978 envelope=@J10000000002000000057144391|I422pZ15002Fq25002Fq2;
editbox_receipt monotonic_ns=580582707388260 received=570 consumed=570 revision=241
editbox_emit sequence=571 bytes=51 elapsed_us=3381 envelope=@J10000000002000000057144391|I422pZ15002Fq25002Fq2;
editbox_receipt monotonic_ns=580583288263731 received=586 consumed=570 revision=242
editbox_receipt monotonic_ns=580583427664517 received=586 consumed=574 revision=243
editbox_emit sequence=587 bytes=51 elapsed_us=4801 envelope=@J10000000002000000058705882|I422pa15002Fq25002Fq2;
published_frame=1317
published_frame=1318
published_frame=1319
published_frame=1320
published_frame=1321
published_frame=1322
published_frame=1323
published_frame=1324
editbox_emit sequence=588 bytes=51 elapsed_us=3735 envelope=@J10000000002000000058810013|I422ra15002Fq25002Fq2;
editbox_emit sequence=589 bytes=51 elapsed_us=3312 envelope=@J10000000002000000058914144|I422ta15002Fq25002Fq2;
editbox_emit sequence=590 bytes=51 elapsed_us=3271 envelope=@J10000000002000000059026948|I422va15002Fq25002Fq2;
editbox_receipt monotonic_ns=580583483246182 received=586 consumed=580 revision=244
editbox_emit sequence=591 bytes=51 elapsed_us=3639 envelope=@J10000000002000000059131079|I422xa15002Fq25002Fq2;
published_frame=1325
published_frame=1326
published_frame=1327
published_frame=1328
published_frame=1329
published_frame=1330
published_frame=1331
published_frame=1332
published_frame=1333
published_frame=1334
published_frame=1335
published_frame=1336
editbox_emit sequence=592 bytes=51 elapsed_us=3168 envelope=@J10000000002000000059235210|I422za15002Fq25002Fq2;
editbox_emit sequence=593 bytes=51 elapsed_us=3355 envelope=@J10000000002000000059339341|I422_a15002Fq25002Fq2;
editbox_emit sequence=594 bytes=51 elapsed_us=3182 envelope=@J10000000002000000059461236|I422Xb15002Fq25002Fq2;
editbox_emit sequence=595 bytes=51 elapsed_us=3394 envelope=@J10000000002000000059565367|I422Zb15002Fq25002Fq2;
editbox_emit sequence=596 bytes=51 elapsed_us=3280 envelope=@J10000000002000000059603977|I422bb15002Fq25002Fq2;
editbox_receipt monotonic_ns=580583529067324 received=586 consumed=586 revision=245
editbox_emit sequence=597 bytes=51 elapsed_us=3358 envelope=@J10000000002000000059708108|I422db15002Fq25002Fq2;
published_frame=1337
published_frame=1338
published_frame=1339
published_frame=1340
published_frame=1341
published_frame=1342
published_frame=1343
published_frame=1344
published_frame=1345
published_frame=1346
published_frame=1347
published_frame=1348
editbox_emit sequence=598 bytes=51 elapsed_us=3070 envelope=@J10000000002000000059812239|I422fb15002Fq25002Fq2;
editbox_emit sequence=599 bytes=51 elapsed_us=3096 envelope=@J10000000002000000059916370|I422hb15002Fq25002Fq2;
editbox_emit sequence=600 bytes=51 elapsed_us=3661 envelope=@J10000000002000000060043904|I422jb15002Fq25002Fq2;
editbox_emit sequence=601 bytes=51 elapsed_us=3118 envelope=@J10000000002000000060148035|I422lb15002Fq25002Fq2;
editbox_emit sequence=602 bytes=51 elapsed_us=2570 envelope=@J10000000002000000060252166|I422nb15002Fq25002Fq2;
editbox_receipt monotonic_ns=580583574710712 received=586 consumed=586 revision=246
editbox_receipt monotonic_ns=580583608509230 received=586 consumed=586 revision=247
editbox_receipt monotonic_ns=580583639859690 received=586 consumed=586 revision=248
editbox_emit sequence=587 bytes=51 elapsed_us=3514 envelope=@J10000000002000000058705882|I422pa15002Fq25002Fq2;
editbox_receipt monotonic_ns=580583693942596 received=586 consumed=586 revision=249
editbox_receipt monotonic_ns=580583725288878 received=586 consumed=586 revision=250
editbox_receipt monotonic_ns=580583767823840 received=586 consumed=586 revision=251
editbox_emit sequence=587 bytes=51 elapsed_us=3130 envelope=@J10000000002000000058705882|I422pa15002Fq25002Fq2;
editbox_receipt monotonic_ns=580584327338486 received=602 consumed=587 revision=252
editbox_emit sequence=603 bytes=51 elapsed_us=2594 envelope=@J10000000002000000060356297|I422pb15002Fq25002Fq2;
published_frame=1349
published_frame=1350
editbox_receipt monotonic_ns=580584411644418 received=602 consumed=593 revision=253
editbox_emit sequence=604 bytes=51 elapsed_us=3222 envelope=@J10000000002000000060460428|I422rb15002Fq25002Fq2;
published_frame=1351
published_frame=1352
published_frame=1353
published_frame=1354
published_frame=1355
published_frame=1356
published_frame=1357
published_frame=1358
published_frame=1359
published_frame=1360
published_frame=1361
published_frame=1362
editbox_emit sequence=605 bytes=51 elapsed_us=2714 envelope=@J10000000002000000060564559|I422tb15002Fq25002Fq2;
editbox_emit sequence=606 bytes=51 elapsed_us=2573 envelope=@J10000000002000000060603169|I422vb15002Fq25002Fq2;
editbox_emit sequence=607 bytes=51 elapsed_us=3205 envelope=@J10000000002000000060707300|I422xb15002Fq25002Fq2;
editbox_emit sequence=608 bytes=51 elapsed_us=2888 envelope=@J10000000002000000060811431|I422zb15002Fq25002Fq2;
editbox_emit sequence=609 bytes=51 elapsed_us=3415 envelope=@J10000000002000000060915562|I422_b15002Fq25002Fq2;
editbox_receipt monotonic_ns=580584461046421 received=602 consumed=599 revision=254
editbox_emit sequence=610 bytes=51 elapsed_us=3033 envelope=@J10000000002000000061046130|I422Xc15002Fq25002Fq2;
published_frame=1363
published_frame=1364
published_frame=1365
published_frame=1366
published_frame=1367
published_frame=1368
published_frame=1369
published_frame=1370
published_frame=1371
published_frame=1372
published_frame=1373
published_frame=1374
editbox_emit sequence=611 bytes=51 elapsed_us=3012 envelope=@J10000000002000000061150261|I422Zc15002Fq25002Fq2;
editbox_emit sequence=612 bytes=51 elapsed_us=2924 envelope=@J10000000002000000061254392|I422bc15002Fq25002Fq2;
editbox_emit sequence=613 bytes=51 elapsed_us=3042 envelope=@J10000000002000000061358523|I422dc15002Fq25002Fq2;
editbox_emit sequence=614 bytes=51 elapsed_us=3266 envelope=@J10000000002000000061462654|I422fc15002Fq25002Fq2;
editbox_emit sequence=615 bytes=51 elapsed_us=3363 envelope=@J10000000002000000061501264|I422hc15002Fq25002Fq2;
editbox_receipt monotonic_ns=580584511017701 received=602 consumed=602 revision=255
editbox_emit sequence=616 bytes=51 elapsed_us=3331 envelope=@J10000000002000000061605395|I422jc15002Fq25002Fq2;
published_frame=1375
published_frame=1376
published_frame=1377
published_frame=1378
published_frame=1379
published_frame=1380
editbox_emit sequence=617 bytes=51 elapsed_us=3013 envelope=@J10000000002000000061709526|I422lc15002Fq25002Fq2;
editbox_emit sequence=618 bytes=51 elapsed_us=2766 envelope=@J10000000002000000061813657|I422nc15002Fq25002Fq2;
editbox_receipt monotonic_ns=580584535107733 received=602 consumed=602 revision=256
editbox_receipt monotonic_ns=580584567187098 received=602 consumed=602 revision=257
editbox_emit sequence=603 bytes=51 elapsed_us=2901 envelope=@J10000000002000000060356297|I422pb15002Fq25002Fq2;
editbox_receipt monotonic_ns=580584600281677 received=602 consumed=602 revision=258
editbox_receipt monotonic_ns=580584643898066 received=602 consumed=602 revision=259
editbox_receipt monotonic_ns=580584664872438 received=602 consumed=602 revision=260
editbox_emit sequence=603 bytes=51 elapsed_us=2975 envelope=@J10000000002000000060356297|I422pb15002Fq25002Fq2;
editbox_receipt monotonic_ns=580585163290832 received=618 consumed=602 revision=261
editbox_receipt monotonic_ns=580585260225835 received=618 consumed=605 revision=262
editbox_emit sequence=619 bytes=51 elapsed_us=3088 envelope=@J10000000002000000061917788|I422pc15002Fq25002Fq2;
published_frame=1381
published_frame=1382
published_frame=1383
published_frame=1384
published_frame=1385
published_frame=1386
editbox_emit sequence=620 bytes=51 elapsed_us=3165 envelope=@J10000000002000000062030592|I422rc15002Fq25002Fq2;
editbox_emit sequence=621 bytes=51 elapsed_us=2779 envelope=@J10000000002000000062134723|I422tc15002Fq25002Fq2;
editbox_receipt monotonic_ns=580585305858644 received=618 consumed=611 revision=263
editbox_emit sequence=622 bytes=51 elapsed_us=2797 envelope=@J10000000002000000062238854|I422vc15002Fq25002Fq2;
published_frame=1387
published_frame=1388
published_frame=1389
published_frame=1390
published_frame=1391
published_frame=1392
published_frame=1393
published_frame=1394
published_frame=1395
published_frame=1396
published_frame=1397
published_frame=1398
editbox_emit sequence=623 bytes=51 elapsed_us=2576 envelope=@J10000000002000000062342985|I422xc15002Fq25002Fq2;
editbox_emit sequence=624 bytes=51 elapsed_us=3109 envelope=@J10000000002000000062447116|I422zc15002Fq25002Fq2;
editbox_emit sequence=625 bytes=51 elapsed_us=3077 envelope=@J10000000002000000062551247|I422_c15002Fq25002Fq2;
editbox_emit sequence=626 bytes=51 elapsed_us=3052 envelope=@J10000000002000000062607621|I422Xd15002Fq25002Fq2;
editbox_emit sequence=627 bytes=51 elapsed_us=3253 envelope=@J10000000002000000062711752|I422Zd15002Fq25002Fq2;
editbox_receipt monotonic_ns=580585354276532 received=618 consumed=617 revision=264
editbox_emit sequence=628 bytes=51 elapsed_us=2946 envelope=@J10000000002000000062815883|I422bd15002Fq25002Fq2;
published_frame=1399
published_frame=1400
published_frame=1401
published_frame=1402
published_frame=1403
published_frame=1404
published_frame=1405
published_frame=1406
published_frame=1407
published_frame=1408
published_frame=1409
published_frame=1410
editbox_emit sequence=629 bytes=51 elapsed_us=2863 envelope=@J10000000002000000062920014|I422dd15002Fq25002Fq2;
editbox_emit sequence=630 bytes=51 elapsed_us=2562 envelope=@J10000000002000000063032818|I422fd15002Fq25002Fq2;
editbox_emit sequence=631 bytes=51 elapsed_us=2905 envelope=@J10000000002000000063136949|I422hd15002Fq25002Fq2;
editbox_emit sequence=632 bytes=51 elapsed_us=2868 envelope=@J10000000002000000063241080|I422jd15002Fq25002Fq2;
editbox_emit sequence=633 bytes=51 elapsed_us=2822 envelope=@J10000000002000000063345211|I422ld15002Fq25002Fq2;
editbox_receipt monotonic_ns=580585390957713 received=618 consumed=618 revision=265
editbox_emit sequence=634 bytes=51 elapsed_us=2927 envelope=@J10000000002000000063449342|I422nd15002Fq25002Fq2;
published_frame=1411
published_frame=1412
editbox_receipt monotonic_ns=580585433020130 received=618 consumed=618 revision=266
editbox_receipt monotonic_ns=580585486799627 received=618 consumed=618 revision=267
editbox_emit sequence=619 bytes=51 elapsed_us=2604 envelope=@J10000000002000000061917788|I422pc15002Fq25002Fq2;
editbox_receipt monotonic_ns=580585518086888 received=618 consumed=618 revision=268
editbox_receipt monotonic_ns=580585560679930 received=618 consumed=618 revision=269
editbox_emit sequence=619 bytes=51 elapsed_us=2812 envelope=@J10000000002000000061917788|I422pc15002Fq25002Fq2;
editbox_receipt monotonic_ns=580586067798270 received=634 consumed=618 revision=270
editbox_receipt monotonic_ns=580586163411395 received=634 consumed=619 revision=271
editbox_emit sequence=635 bytes=51 elapsed_us=2594 envelope=@J10000000002000000063553473|I422pd15002Fq25002Fq2;
published_frame=1413
published_frame=1414
editbox_receipt monotonic_ns=580586258472286 received=634 consumed=625 revision=272
editbox_emit sequence=636 bytes=51 elapsed_us=2946 envelope=@J10000000002000000063657604|I422rd15002Fq25002Fq2;
published_frame=1415
published_frame=1416
published_frame=1417
published_frame=1418
published_frame=1419
published_frame=1420
published_frame=1421
published_frame=1422
published_frame=1423
published_frame=1424
published_frame=1425
published_frame=1426
editbox_emit sequence=637 bytes=51 elapsed_us=3107 envelope=@J10000000002000000063761735|I422td15002Fq25002Fq2;
editbox_emit sequence=638 bytes=51 elapsed_us=2496 envelope=@J10000000002000000063800345|I422vd15002Fq25002Fq2;
editbox_emit sequence=639 bytes=51 elapsed_us=2682 envelope=@J10000000002000000063904476|I422xd15002Fq25002Fq2;
editbox_emit sequence=640 bytes=51 elapsed_us=2838 envelope=@J10000000002000000064017280|I422zd15002Fq25002Fq2;
editbox_emit sequence=641 bytes=51 elapsed_us=2607 envelope=@J10000000002000000064121411|I422_d15002Fq25002Fq2;
editbox_receipt monotonic_ns=580586295274113 received=634 consumed=631 revision=273
editbox_emit sequence=642 bytes=51 elapsed_us=2777 envelope=@J10000000002000000064243306|I422Xe15002Fq25002Fq2;
published_frame=1427
published_frame=1428
published_frame=1429
published_frame=1430
published_frame=1431
published_frame=1432
published_frame=1433
published_frame=1434
published_frame=1435
published_frame=1436
published_frame=1437
published_frame=1438
editbox_emit sequence=643 bytes=51 elapsed_us=2779 envelope=@J10000000002000000064347437|I422Ze15002Fq25002Fq2;
editbox_emit sequence=644 bytes=51 elapsed_us=3024 envelope=@J10000000002000000064451568|I422be15002Fq25002Fq2;
editbox_emit sequence=645 bytes=51 elapsed_us=3212 envelope=@J10000000002000000064555699|I422de15002Fq25002Fq2;
editbox_emit sequence=646 bytes=51 elapsed_us=2893 envelope=@J10000000002000000064659830|I422fe15002Fq25002Fq2;
editbox_emit sequence=647 bytes=51 elapsed_us=2768 envelope=@J10000000002000000064763961|I422he15002Fq25002Fq2;
editbox_receipt monotonic_ns=580586333208322 received=634 consumed=634 revision=274
editbox_emit sequence=648 bytes=51 elapsed_us=2750 envelope=@J10000000002000000064802571|I422je15002Fq25002Fq2;
published_frame=1439
published_frame=1440
published_frame=1441
published_frame=1442
published_frame=1443
published_frame=1444
editbox_emit sequence=649 bytes=51 elapsed_us=3137 envelope=@J10000000002000000064906702|I422le15002Fq25002Fq2;
editbox_emit sequence=650 bytes=51 elapsed_us=2541 envelope=@J10000000002000000065019506|I422ne15002Fq25002Fq2;
editbox_receipt monotonic_ns=580586379641841 received=634 consumed=634 revision=275
editbox_emit sequence=635 bytes=51 elapsed_us=3535 envelope=@J10000000002000000063553473|I422pd15002Fq25002Fq2;
editbox_receipt monotonic_ns=580586420982916 received=634 consumed=634 revision=276
editbox_receipt monotonic_ns=580586442426297 received=634 consumed=634 revision=277
editbox_receipt monotonic_ns=580586473900187 received=634 consumed=634 revision=278
editbox_receipt monotonic_ns=580586494809988 received=634 consumed=634 revision=279
editbox_emit sequence=635 bytes=51 elapsed_us=3358 envelope=@J10000000002000000063553473|I422pd15002Fq25002Fq2;
editbox_receipt monotonic_ns=580587060177153 received=650 consumed=635 revision=280
editbox_emit sequence=651 bytes=51 elapsed_us=3249 envelope=@J10000000002000000065123637|I422pe15002Fq25002Fq2;
published_frame=1445
published_frame=1446
editbox_receipt monotonic_ns=580587144355647 received=650 consumed=641 revision=281
editbox_emit sequence=652 bytes=51 elapsed_us=3316 envelope=@J10000000002000000065227768|I422re15002Fq25002Fq2;
published_frame=1447
published_frame=1448
published_frame=1449
published_frame=1450
published_frame=1451
published_frame=1452
published_frame=1453
published_frame=1454
published_frame=1455
published_frame=1456
published_frame=1457
published_frame=1458
editbox_emit sequence=653 bytes=51 elapsed_us=3651 envelope=@J10000000002000000065331899|I422te15002Fq25002Fq2;
editbox_emit sequence=654 bytes=51 elapsed_us=3584 envelope=@J10000000002000000065436030|I422ve15002Fq25002Fq2;
editbox_emit sequence=655 bytes=51 elapsed_us=3691 envelope=@J10000000002000000065540161|I422xe15002Fq25002Fq2;
editbox_emit sequence=656 bytes=51 elapsed_us=2856 envelope=@J10000000002000000065644292|I422ze15002Fq25002Fq2;
editbox_emit sequence=657 bytes=51 elapsed_us=2994 envelope=@J10000000002000000065748423|I422_e15002Fq25002Fq2;
editbox_receipt monotonic_ns=580587196643278 received=650 consumed=647 revision=282
editbox_emit sequence=658 bytes=51 elapsed_us=3009 envelope=@J10000000002000000065804797|I422Xf15002Fq25002Fq2;
published_frame=1459
published_frame=1460
published_frame=1461
published_frame=1462
published_frame=1463
published_frame=1464
published_frame=1465
published_frame=1466
published_frame=1467
published_frame=1468
published_frame=1469
published_frame=1470
editbox_emit sequence=659 bytes=51 elapsed_us=3092 envelope=@J10000000002000000065908928|I422Zf15002Fq25002Fq2;
editbox_emit sequence=660 bytes=51 elapsed_us=2886 envelope=@J10000000002000000066021732|I422bf15002Fq25002Fq2;
editbox_emit sequence=661 bytes=51 elapsed_us=2972 envelope=@J10000000002000000066125863|I422df15002Fq25002Fq2;
editbox_emit sequence=662 bytes=51 elapsed_us=3104 envelope=@J10000000002000000066229994|I422ff15002Fq25002Fq2;
editbox_emit sequence=663 bytes=51 elapsed_us=2951 envelope=@J10000000002000000066334125|I422hf15002Fq25002Fq2;
editbox_receipt monotonic_ns=580587244735146 received=650 consumed=650 revision=283
editbox_emit sequence=664 bytes=51 elapsed_us=3259 envelope=@J10000000002000000066438256|I422jf15002Fq25002Fq2;
published_frame=1471
published_frame=1472
published_frame=1473
published_frame=1474
published_frame=1475
published_frame=1476
editbox_emit sequence=665 bytes=51 elapsed_us=3153 envelope=@J10000000002000000066542387|I422lf15002Fq25002Fq2;
editbox_emit sequence=666 bytes=51 elapsed_us=3039 envelope=@J10000000002000000066646518|I422nf15002Fq25002Fq2;
editbox_receipt monotonic_ns=580587279998729 received=650 consumed=650 revision=284
editbox_emit sequence=651 bytes=51 elapsed_us=2829 envelope=@J10000000002000000065123637|I422pe15002Fq25002Fq2;
editbox_receipt monotonic_ns=580587325363065 received=650 consumed=650 revision=285
editbox_emit sequence=651 bytes=51 elapsed_us=2792 envelope=@J10000000002000000065123637|I422pe15002Fq25002Fq2;
editbox_receipt monotonic_ns=580587839029147 received=666 consumed=650 revision=286
editbox_receipt monotonic_ns=580587881408859 received=666 consumed=650 revision=287
editbox_receipt monotonic_ns=580587913453860 received=666 consumed=650 revision=288
editbox_receipt monotonic_ns=580587987992446 received=666 consumed=650 revision=289
editbox_receipt monotonic_ns=580588063181772 received=666 consumed=656 revision=290
editbox_emit sequence=667 bytes=51 elapsed_us=3512 envelope=@J10000000002000000066750649|I422pf15002Fq25002Fq2;
published_frame=1477
published_frame=1478
published_frame=1479
published_frame=1480
published_frame=1481
published_frame=1482
published_frame=1483
published_frame=1484
published_frame=1485
published_frame=1486
published_frame=1487
published_frame=1488
editbox_emit sequence=668 bytes=51 elapsed_us=3901 envelope=@J10000000002000000066854780|I422rf15002Fq25002Fq2;
editbox_emit sequence=669 bytes=51 elapsed_us=4053 envelope=@J10000000002000000066958911|I422tf15002Fq25002Fq2;
editbox_emit sequence=670 bytes=51 elapsed_us=3293 envelope=@J10000000002000000067006194|I422vf15002Fq25002Fq2;
editbox_emit sequence=671 bytes=51 elapsed_us=3668 envelope=@J10000000002000000067110325|I422xf15002Fq25002Fq2;
editbox_emit sequence=672 bytes=51 elapsed_us=3666 envelope=@J10000000002000000067214456|I422zf15002Fq25002Fq2;
editbox_receipt monotonic_ns=580588117945243 received=666 consumed=662 revision=291
editbox_emit sequence=673 bytes=51 elapsed_us=3016 envelope=@J10000000002000000067318587|I422_f15002Fq25002Fq2;
published_frame=1489
published_frame=1490
published_frame=1491
published_frame=1492
published_frame=1493
published_frame=1494
published_frame=1495
published_frame=1496
published_frame=1497
published_frame=1498
published_frame=1499
published_frame=1500
editbox_emit sequence=674 bytes=51 elapsed_us=3170 envelope=@J10000000002000000067440482|I422Xg15002Fq25002Fq2;
editbox_emit sequence=675 bytes=51 elapsed_us=4452 envelope=@J10000000002000000067544613|I422Zg15002Fq25002Fq2;
editbox_emit sequence=676 bytes=51 elapsed_us=4016 envelope=@J10000000002000000067648744|I422bg15002Fq25002Fq2;
editbox_emit sequence=677 bytes=51 elapsed_us=2886 envelope=@J10000000002000000067752875|I422dg15002Fq25002Fq2;
editbox_emit sequence=678 bytes=51 elapsed_us=2728 envelope=@J10000000002000000067857006|I422fg15002Fq25002Fq2;
editbox_receipt monotonic_ns=580588164838184 received=666 consumed=666 revision=292
editbox_emit sequence=679 bytes=51 elapsed_us=3525 envelope=@J10000000002000000067961137|I422hg15002Fq25002Fq2;
published_frame=1501
published_frame=1502
published_frame=1503
published_frame=1504
published_frame=1505
published_frame=1506
published_frame=1507
published_frame=1508
editbox_emit sequence=680 bytes=51 elapsed_us=3020 envelope=@J10000000002000000068008420|I422jg15002Fq25002Fq2;
editbox_emit sequence=681 bytes=51 elapsed_us=3076 envelope=@J10000000002000000068112551|I422lg15002Fq25002Fq2;
editbox_emit sequence=682 bytes=51 elapsed_us=3201 envelope=@J10000000002000000068216682|I422ng15002Fq25002Fq2;
editbox_receipt monotonic_ns=580588200547122 received=666 consumed=666 revision=293
editbox_receipt monotonic_ns=580588243084188 received=666 consumed=666 revision=294
editbox_receipt monotonic_ns=580588275572240 received=666 consumed=666 revision=295
editbox_receipt monotonic_ns=580588308489256 received=666 consumed=666 revision=296
editbox_emit sequence=667 bytes=51 elapsed_us=4158 envelope=@J10000000002000000066750649|I422pf15002Fq25002Fq2;
editbox_receipt monotonic_ns=580588757576740 received=666 consumed=666 revision=297
editbox_emit sequence=667 bytes=51 elapsed_us=4464 envelope=@J10000000002000000066750649|I422pf15002Fq25002Fq2;
match_end epoch=2 frontier=1509 old_rows=drain terminal_rows=discard
input_armed=true gameplay_armed=false mono_ns=580588914910978
editbox_receipt monotonic_ns=580588932023752 received=682 consumed=682 revision=299
editbox_emit sequence=683 bytes=51 elapsed_us=3913 envelope=@J10000000002000000068320813|I422pg15002Fq25002Fq2;
suppressed mono_ns=580588922729000 reason=focus-pause-or-neutral
editbox_emit sequence=684 bytes=51 elapsed_us=2575 envelope=@J10000000002000000068424944|I422rg15002Fq25002Fq2;
editbox_emit sequence=685 bytes=51 elapsed_us=2524 envelope=@J10000000002000000068529075|I422tg15002Fq25002Fq2;
editbox_receipt monotonic_ns=580588945644020 received=682 consumed=682 revision=301
editbox_emit sequence=686 bytes=51 elapsed_us=2559 envelope=@J10000000002000000068633206|I422vg15002Fq25002Fq2;
editbox_emit sequence=687 bytes=51 elapsed_us=2502 envelope=@J10000000002000000068737337|I422xg15002Fq25002Fq2;
editbox_emit sequence=688 bytes=51 elapsed_us=2530 envelope=@J10000000002000000068841468|I422zg15002Fq25002Fq2;
editbox_receipt monotonic_ns=580588957454567 received=682 consumed=682 revision=303
editbox_emit sequence=689 bytes=51 elapsed_us=2607 envelope=@J10000000002000000068945599|I422_g15002Fq25002Fq2;
editbox_emit sequence=690 bytes=51 elapsed_us=3193 envelope=@J10000000002000000069010646|I422Xh15002Fq25002Fq2;
editbox_emit sequence=691 bytes=51 elapsed_us=3048 envelope=@J10000000002000000069114777|I422Zh15002Fq25002Fq2;
editbox_receipt monotonic_ns=580588970934602 received=682 consumed=682 revision=305
editbox_emit sequence=692 bytes=51 elapsed_us=2446 envelope=@J10000000002000000069218908|I422bh15002Fq25002Fq2;
editbox_emit sequence=693 bytes=51 elapsed_us=2388 envelope=@J10000000002000000069323039|I422dh15002Fq25002Fq2;
editbox_emit sequence=694 bytes=51 elapsed_us=2590 envelope=@J10000000002000000069427170|I422fh15002Fq25002Fq2;
editbox_receipt monotonic_ns=580588982741010 received=682 consumed=682 revision=306
editbox_emit sequence=695 bytes=51 elapsed_us=2420 envelope=@J10000000002000000069531301|I422hh15002Fq25002Fq2;
editbox_emit sequence=696 bytes=51 elapsed_us=2457 envelope=@J10000000002000000069635432|I422jh15002Fq25002Fq2;
editbox_emit sequence=697 bytes=51 elapsed_us=2670 envelope=@J10000000002000000069739563|I422lh15002Fq25002Fq2;
editbox_emit sequence=698 bytes=51 elapsed_us=3353 envelope=@J10000000002000000069843694|I422nh15002Fq25002Fq2;
editbox_emit sequence=683 bytes=51 elapsed_us=2949 envelope=@J10000000002000000068320813|I422pg15002Fq25002Fq2;
editbox_receipt monotonic_ns=580589472020606 received=698 consumed=698 revision=307
editbox_emit sequence=699 bytes=51 elapsed_us=2767 envelope=@J10000000002000000069947825|I422ph15002Fq25002Fq2;
editbox_emit sequence=700 bytes=51 elapsed_us=2574 envelope=@J10000000002000000070009838|I422rh15002Fq25002Fq2;
editbox_emit sequence=701 bytes=51 elapsed_us=2451 envelope=@J10000000002000000070113969|I422th15002Fq25002Fq2;
editbox_receipt monotonic_ns=580589484461403 received=698 consumed=698 revision=309
editbox_emit sequence=702 bytes=51 elapsed_us=3083 envelope=@J10000000002000000070218100|I422vh15002Fq25002Fq2;
editbox_emit sequence=703 bytes=51 elapsed_us=2450 envelope=@J10000000002000000070322231|I422xh15002Fq25002Fq2;
editbox_emit sequence=704 bytes=51 elapsed_us=2928 envelope=@J10000000002000000070426362|I422zh15002Fq25002Fq2;
editbox_receipt monotonic_ns=580589497605880 received=698 consumed=698 revision=311
editbox_emit sequence=705 bytes=51 elapsed_us=2587 envelope=@J10000000002000000070530493|I422_h15002Fq25002Fq2;
editbox_emit sequence=706 bytes=51 elapsed_us=2523 envelope=@J10000000002000000070652388|I422Xi15002Fq25002Fq2;
editbox_emit sequence=707 bytes=51 elapsed_us=2783 envelope=@J10000000002000000070756519|I422Zi15002Fq25002Fq2;
editbox_receipt monotonic_ns=580589509956268 received=698 consumed=698 revision=312
editbox_emit sequence=708 bytes=51 elapsed_us=2715 envelope=@J10000000002000000070860650|I422bi15002Fq25002Fq2;
editbox_emit sequence=709 bytes=51 elapsed_us=2636 envelope=@J10000000002000000070964781|I422di15002Fq25002Fq2;
editbox_emit sequence=710 bytes=51 elapsed_us=2755 envelope=@J10000000002000000071012064|I422fi15002Fq25002Fq2;
editbox_emit sequence=711 bytes=51 elapsed_us=3149 envelope=@J10000000002000000071116195|I422hi15002Fq25002Fq2;
editbox_emit sequence=712 bytes=51 elapsed_us=2638 envelope=@J10000000002000000071220326|I422ji15002Fq25002Fq2;
editbox_emit sequence=713 bytes=51 elapsed_us=2409 envelope=@J10000000002000000071324457|I422li15002Fq25002Fq2;
editbox_emit sequence=714 bytes=51 elapsed_us=2764 envelope=@J10000000002000000071428588|I422ni15002Fq25002Fq2;
editbox_emit sequence=699 bytes=51 elapsed_us=2942 envelope=@J10000000002000000069947825|I422ph15002Fq25002Fq2;
editbox_receipt monotonic_ns=580589934595880 received=698 consumed=698 revision=313
editbox_emit sequence=699 bytes=51 elapsed_us=3939 envelope=@J10000000002000000069947825|I422ph15002Fq25002Fq2;
editbox_receipt monotonic_ns=580589979542873 received=714 consumed=714 revision=314
editbox_emit sequence=715 bytes=51 elapsed_us=3430 envelope=@J10000000002000000071532719|I422pi15002Fq25002Fq2;
editbox_emit sequence=716 bytes=51 elapsed_us=3701 envelope=@J10000000002000000071636850|I422ri15002Fq25002Fq2;
editbox_receipt monotonic_ns=580589989728434 received=714 consumed=714 revision=316
editbox_emit sequence=717 bytes=51 elapsed_us=3378 envelope=@J10000000002000000071740981|I422ti15002Fq25002Fq2;
editbox_emit sequence=718 bytes=51 elapsed_us=3589 envelope=@J10000000002000000071845112|I422vi15002Fq25002Fq2;
editbox_receipt monotonic_ns=580589999931587 received=714 consumed=714 revision=317
editbox_emit sequence=719 bytes=51 elapsed_us=3081 envelope=@J10000000002000000071949243|I422xi15002Fq25002Fq2;
editbox_emit sequence=720 bytes=51 elapsed_us=3155 envelope=@J10000000002000000072062047|I422zi15002Fq25002Fq2;
editbox_emit sequence=721 bytes=51 elapsed_us=3627 envelope=@J10000000002000000072100657|I422_i15002Fq25002Fq2;
editbox_receipt monotonic_ns=580590014608967 received=714 consumed=714 revision=318
editbox_emit sequence=722 bytes=51 elapsed_us=3237 envelope=@J10000000002000000072222552|I422Xj15002Fq25002Fq2;
editbox_emit sequence=723 bytes=51 elapsed_us=3044 envelope=@J10000000002000000072326683|I422Zj15002Fq25002Fq2;
editbox_emit sequence=724 bytes=51 elapsed_us=3693 envelope=@J10000000002000000072430814|I422bj15002Fq25002Fq2;
editbox_emit sequence=725 bytes=51 elapsed_us=3281 envelope=@J10000000002000000072534945|I422dj15002Fq25002Fq2;
editbox_emit sequence=726 bytes=51 elapsed_us=3153 envelope=@J10000000002000000072639076|I422fj15002Fq25002Fq2;
editbox_emit sequence=727 bytes=51 elapsed_us=3193 envelope=@J10000000002000000072743207|I422hj15002Fq25002Fq2;
editbox_emit sequence=728 bytes=51 elapsed_us=3241 envelope=@J10000000002000000072847338|I422jj15002Fq25002Fq2;
editbox_emit sequence=729 bytes=51 elapsed_us=3381 envelope=@J10000000002000000072951469|I422lj15002Fq25002Fq2;
editbox_emit sequence=730 bytes=51 elapsed_us=3461 envelope=@J10000000002000000073064273|I422nj15002Fq25002Fq2;
editbox_emit sequence=715 bytes=51 elapsed_us=3034 envelope=@J10000000002000000071532719|I422pi15002Fq25002Fq2;
editbox_receipt monotonic_ns=580590479307390 received=730 consumed=730 revision=319
editbox_emit sequence=731 bytes=51 elapsed_us=2631 envelope=@J10000000002000000073102883|I422pj15002Fq25002Fq2;
editbox_emit sequence=732 bytes=51 elapsed_us=2959 envelope=@J10000000002000000073207014|I422rj15002Fq25002Fq2;
editbox_emit sequence=733 bytes=51 elapsed_us=3065 envelope=@J10000000002000000073311145|I422tj15002Fq25002Fq2;
editbox_receipt monotonic_ns=580590492658594 received=730 consumed=730 revision=321
editbox_emit sequence=734 bytes=51 elapsed_us=2726 envelope=@J10000000002000000073415276|I422vj15002Fq25002Fq2;
editbox_emit sequence=735 bytes=51 elapsed_us=2438 envelope=@J10000000002000000073519407|I422xj15002Fq25002Fq2;
editbox_emit sequence=736 bytes=51 elapsed_us=3088 envelope=@J10000000002000000073623538|I422zj15002Fq25002Fq2;
editbox_receipt monotonic_ns=580590505499512 received=730 consumed=730 revision=323
editbox_emit sequence=737 bytes=51 elapsed_us=3056 envelope=@J10000000002000000073727669|I422_j15002Fq25002Fq2;
editbox_emit sequence=738 bytes=51 elapsed_us=2547 envelope=@J10000000002000000073849564|I422Xk15002Fq25002Fq2;
editbox_emit sequence=739 bytes=51 elapsed_us=2529 envelope=@J10000000002000000073953695|I422Zk15002Fq25002Fq2;
editbox_emit sequence=740 bytes=51 elapsed_us=2446 envelope=@J10000000002000000074000978|I422bk15002Fq25002Fq2;
editbox_emit sequence=741 bytes=51 elapsed_us=3747 envelope=@J10000000002000000074105109|I422dk15002Fq25002Fq2;
editbox_emit sequence=742 bytes=51 elapsed_us=2675 envelope=@J10000000002000000074209240|I422fk15002Fq25002Fq2;
editbox_emit sequence=743 bytes=51 elapsed_us=3179 envelope=@J10000000002000000074313371|I422hk15002Fq25002Fq2;
editbox_emit sequence=744 bytes=51 elapsed_us=3255 envelope=@J10000000002000000074417502|I422jk15002Fq25002Fq2;
editbox_emit sequence=745 bytes=51 elapsed_us=2746 envelope=@J10000000002000000074521633|I422lk15002Fq25002Fq2;
editbox_emit sequence=746 bytes=51 elapsed_us=2911 envelope=@J10000000002000000074625764|I422nk15002Fq25002Fq2;
editbox_emit sequence=731 bytes=51 elapsed_us=2887 envelope=@J10000000002000000073102883|I422pj15002Fq25002Fq2;
editbox_receipt monotonic_ns=580590940596654 received=746 consumed=746 revision=324
editbox_emit sequence=747 bytes=51 elapsed_us=2741 envelope=@J10000000002000000074729895|I422pk15002Fq25002Fq2;
editbox_emit sequence=748 bytes=51 elapsed_us=2590 envelope=@J10000000002000000074834026|I422rk15002Fq25002Fq2;
editbox_emit sequence=749 bytes=51 elapsed_us=2538 envelope=@J10000000002000000074938157|I422tk15002Fq25002Fq2;
editbox_receipt monotonic_ns=580590952870469 received=746 consumed=746 revision=326
editbox_emit sequence=750 bytes=51 elapsed_us=2320 envelope=@J10000000002000000075050961|I422vk15002Fq25002Fq2;
editbox_emit sequence=751 bytes=51 elapsed_us=2403 envelope=@J10000000002000000075155092|I422xk15002Fq25002Fq2;
editbox_emit sequence=752 bytes=51 elapsed_us=2346 envelope=@J10000000002000000075259223|I422zk15002Fq25002Fq2;
editbox_receipt monotonic_ns=580590964126085 received=746 consumed=746 revision=327
editbox_emit sequence=753 bytes=51 elapsed_us=2547 envelope=@J10000000002000000075363354|I422_k15002Fq25002Fq2;
editbox_emit sequence=754 bytes=51 elapsed_us=2423 envelope=@J10000000002000000075419728|I422Xl15002Fq25002Fq2;
editbox_emit sequence=755 bytes=51 elapsed_us=3911 envelope=@J10000000002000000075523859|I422Zl15002Fq25002Fq2;
editbox_emit sequence=756 bytes=34 elapsed_us=2158 envelope=@J10000000002000000075600855|JE12;
editbox_receipt monotonic_ns=580591136934105 received=756 consumed=756 revision=328
match_quiescent epoch=2
waiting_for_match build=playable-0042 slot=1 after_epoch=2
shutdown signal=SIGINT mailbox_release=begin
