source=/dev/input/event2 name=Some("Smashcraft Event Retention Virtual Gamepad") clock=CLOCK_MONOTONIC epoch_ns=0 frame_rule=segment_frame+floor((t-segment_epoch)*60/1e9) first=1 delay=0 pause_policy=sequenced-map-control
controller_identity=DeviceIdentity { id: InputId { bus_type: BUS_USB, vendor: 0x45e, product: 0x28e, version: 0x114 }, name: Some("Smashcraft Event Retention Virtual Gamepad"), phys: None, uniq: None } automatic_reconnect=false
waiting_for_match build=playable-0042 slot=0 start_before=final-match-confirmation
input_armed=true gameplay_armed=false mono_ns=580465258197744
menu_emit epoch=0 phase=Some(Character) key=n mono_ns=580467607853000
menu_emit epoch=0 phase=Some(Character) key=y mono_ns=580467848781000
menu_emit epoch=0 phase=Some(Stage) key=y mono_ns=580478604211000
match_ready epoch=1 neutral_rearm=required
input_armed=true gameplay_armed=false mono_ns=580478933242084
editbox_receipt monotonic_ns=580478933341671 received=0 consumed=0 revision=2
editbox_emit sequence=1 bytes=34 elapsed_us=1929 envelope=@J10000000001000000000130780|JR11;
editbox_receipt monotonic_ns=580478944651889 received=0 consumed=0 revision=3
editbox_receipt monotonic_ns=580479001827563 received=1 consumed=1 revision=4
match_start epoch=1 epoch_ns=580479089985395 read_ns=580479090698452 uncertainty_ns=1100322
input_armed=true gameplay_armed=true mono_ns=580479090676000
published_frame=1
published_frame=2
editbox_emit sequence=2 bytes=37 elapsed_us=2076 envelope=@J10000000001000000000252069|I421100;
published_frame=3
published_frame=4
editbox_emit sequence=3 bytes=37 elapsed_us=1915 envelope=@J10000000001000000000330835|I421300;
published_frame=5
published_frame=6
editbox_emit sequence=4 bytes=37 elapsed_us=2082 envelope=@J10000000001000000000409601|I421500;
published_frame=7
published_frame=8
editbox_emit sequence=5 bytes=37 elapsed_us=2020 envelope=@J10000000001000000000553888|I421700;
editbox_receipt monotonic_ns=580479239838292 received=2 consumed=2 revision=5
published_frame=9
published_frame=10
editbox_emit sequence=6 bytes=37 elapsed_us=2048 envelope=@J10000000001000000000632654|I421900;
published_frame=11
published_frame=12
editbox_emit sequence=7 bytes=37 elapsed_us=1991 envelope=@J10000000001000000000711420|I421B00;
editbox_receipt monotonic_ns=580479294824331 received=6 consumed=4 revision=6
published_frame=13
published_frame=14
editbox_emit sequence=8 bytes=37 elapsed_us=2136 envelope=@J10000000001000000000855707|I421D00;
editbox_receipt monotonic_ns=580479327823992 received=6 consumed=6 revision=7
published_frame=15
published_frame=16
editbox_emit sequence=9 bytes=37 elapsed_us=2105 envelope=@J10000000001000000000934473|I421F00;
published_frame=17
published_frame=18
editbox_emit sequence=10 bytes=37 elapsed_us=2109 envelope=@J10000000001000000001041745|I421H00;
editbox_receipt monotonic_ns=580479405308260 received=9 consumed=9 revision=8
published_frame=19
published_frame=20
editbox_emit sequence=11 bytes=37 elapsed_us=2385 envelope=@J10000000001000000001120511|I421J00;
published_frame=21
published_frame=22
editbox_emit sequence=12 bytes=37 elapsed_us=2518 envelope=@J10000000001000000001264798|I421L00;
published_frame=23
published_frame=24
editbox_emit sequence=13 bytes=37 elapsed_us=2414 envelope=@J10000000001000000001343564|I421N00;
editbox_receipt monotonic_ns=580479506439187 received=12 consumed=12 revision=9
published_frame=25
published_frame=26
editbox_emit sequence=14 bytes=37 elapsed_us=1981 envelope=@J10000000001000000001422330|I421P00;
published_frame=27
published_frame=28
editbox_emit sequence=15 bytes=37 elapsed_us=2728 envelope=@J10000000001000000001501096|I421R00;
published_frame=29
published_frame=30
editbox_emit sequence=16 bytes=37 elapsed_us=2157 envelope=@J10000000001000000001645383|I421T00;
editbox_receipt monotonic_ns=580479605256238 received=15 consumed=15 revision=10
published_frame=31
published_frame=32
editbox_emit sequence=17 bytes=37 elapsed_us=2036 envelope=@J10000000001000000001724149|I421V00;
published_frame=33
published_frame=34
editbox_emit sequence=18 bytes=38 elapsed_us=2037 envelope=@J10000000001000000001808415|I421X100;
published_frame=35
published_frame=36
editbox_emit sequence=19 bytes=38 elapsed_us=2820 envelope=@J10000000001000000001951403|I421Z100;
published_frame=37
editbox_receipt monotonic_ns=580479716070005 received=18 consumed=18 revision=11
published_frame=38
editbox_emit sequence=20 bytes=38 elapsed_us=2437 envelope=@J10000000001000000002042087|I421b100;
published_frame=39
published_frame=40
editbox_emit sequence=21 bytes=38 elapsed_us=2023 envelope=@J10000000001000000002119554|I421d100;
published_frame=41
published_frame=42
editbox_emit sequence=22 bytes=38 elapsed_us=1942 envelope=@J10000000001000000002262542|I421f100;
editbox_receipt monotonic_ns=580479804973375 received=21 consumed=21 revision=12
published_frame=43
published_frame=44
editbox_emit sequence=23 bytes=38 elapsed_us=2262 envelope=@J10000000001000000002340009|I421h100;
published_frame=45
published_frame=46
editbox_emit sequence=24 bytes=38 elapsed_us=2123 envelope=@J10000000001000000002417476|I421j100;
published_frame=47
published_frame=48
editbox_emit sequence=25 bytes=38 elapsed_us=2218 envelope=@J10000000001000000002560464|I421l100;
published_frame=49
editbox_receipt monotonic_ns=580479915597395 received=24 consumed=24 revision=13
published_frame=50
editbox_emit sequence=26 bytes=38 elapsed_us=2073 envelope=@J10000000001000000002637931|I421n100;
published_frame=51
published_frame=52
editbox_emit sequence=27 bytes=38 elapsed_us=3520 envelope=@J10000000001000000002715398|I421p100;
published_frame=53
published_frame=54
editbox_emit sequence=28 bytes=38 elapsed_us=2014 envelope=@J10000000001000000002858386|I421r100;
editbox_receipt monotonic_ns=580479994743417 received=27 consumed=27 revision=14
published_frame=55
published_frame=56
editbox_emit sequence=29 bytes=38 elapsed_us=2006 envelope=@J10000000001000000002935853|I421t100;
published_frame=57
published_frame=58
editbox_emit sequence=30 bytes=38 elapsed_us=2593 envelope=@J10000000001000000003026537|I421v100;
published_frame=59
published_frame=60
editbox_emit sequence=31 bytes=38 elapsed_us=1952 envelope=@J10000000001000000003104004|I421x100;
published_frame=61
published_frame=62
editbox_emit sequence=32 bytes=38 elapsed_us=2185 envelope=@J10000000001000000003246992|I421z100;
published_frame=63
published_frame=64
editbox_emit sequence=33 bytes=38 elapsed_us=2056 envelope=@J10000000001000000003324459|I421_100;
published_frame=65
published_frame=66
editbox_emit sequence=34 bytes=38 elapsed_us=2046 envelope=@J10000000001000000003459578|I421X200;
editbox_receipt monotonic_ns=580480194153889 received=30 consumed=30 revision=15
published_frame=67
published_frame=68
editbox_emit sequence=35 bytes=38 elapsed_us=2127 envelope=@J10000000001000000003537045|I421Z200;
editbox_receipt monotonic_ns=580480227275298 received=33 consumed=33 revision=16
published_frame=69
published_frame=70
editbox_emit sequence=36 bytes=38 elapsed_us=2040 envelope=@J10000000001000000003614512|I421b200;
published_frame=71
published_frame=72
editbox_emit sequence=37 bytes=38 elapsed_us=2076 envelope=@J10000000001000000003757500|I421d200;
editbox_receipt monotonic_ns=580480304649769 received=36 consumed=36 revision=17
published_frame=73
published_frame=74
editbox_emit sequence=38 bytes=38 elapsed_us=1927 envelope=@J10000000001000000003834967|I421f200;
published_frame=75
published_frame=76
editbox_emit sequence=39 bytes=38 elapsed_us=1909 envelope=@J10000000001000000003912434|I421h200;
published_frame=77
published_frame=78
editbox_emit sequence=40 bytes=38 elapsed_us=1961 envelope=@J10000000001000000004003118|I421j200;
published_frame=79
editbox_receipt monotonic_ns=580480412775908 received=39 consumed=39 revision=18
published_frame=80
editbox_emit sequence=41 bytes=38 elapsed_us=1965 envelope=@J10000000001000000004146106|I421l200;
published_frame=81
published_frame=82
editbox_emit sequence=42 bytes=38 elapsed_us=2341 envelope=@J10000000001000000004223573|I421n200;
published_frame=83
published_frame=84
editbox_emit sequence=43 bytes=38 elapsed_us=2042 envelope=@J10000000001000000004301040|I421p200;
published_frame=85
editbox_receipt monotonic_ns=580480512388330 received=42 consumed=42 revision=19
published_frame=86
editbox_emit sequence=44 bytes=38 elapsed_us=2376 envelope=@J10000000001000000004444028|I421r200;
published_frame=87
published_frame=88
editbox_emit sequence=45 bytes=38 elapsed_us=2432 envelope=@J10000000001000000004521495|I421t200;
published_frame=89
published_frame=90
editbox_emit sequence=46 bytes=38 elapsed_us=2349 envelope=@J10000000001000000004664483|I421v200;
published_frame=91
editbox_receipt monotonic_ns=580480608885072 received=45 consumed=45 revision=20
published_frame=92
editbox_emit sequence=47 bytes=38 elapsed_us=2259 envelope=@J10000000001000000004741950|I421x200;
published_frame=93
published_frame=94
editbox_emit sequence=48 bytes=38 elapsed_us=1877 envelope=@J10000000001000000004819417|I421z200;
published_frame=95
published_frame=96
editbox_emit sequence=49 bytes=38 elapsed_us=2203 envelope=@J10000000001000000004962405|I421_200;
editbox_receipt monotonic_ns=580480705933819 received=48 consumed=48 revision=21
published_frame=97
published_frame=98
editbox_emit sequence=50 bytes=38 elapsed_us=2389 envelope=@J10000000001000000005045220|I421X300;
published_frame=99
published_frame=100
editbox_emit sequence=51 bytes=38 elapsed_us=2641 envelope=@J10000000001000000005122687|I421Z300;
published_frame=101
event mono_ns=580480790186000 frame=103 held=1 pressed=1 released=0
published_frame=102
editbox_emit sequence=52 bytes=38 elapsed_us=2112 envelope=@J10000000001000000005200154|I421b300;
event mono_ns=580480795492000 frame=103 held=0 pressed=0 released=1
published_frame=103
editbox_receipt monotonic_ns=580480807613235 received=51 consumed=51 revision=22
published_frame=104
editbox_emit sequence=53 bytes=49 elapsed_us=3033 envelope=@J10000000001000000005312103|I421d3o0010011H03_0;
published_frame=105
published_frame=106
editbox_emit sequence=54 bytes=38 elapsed_us=2078 envelope=@J10000000001000000005420609|I421f300;
published_frame=107
published_frame=108
editbox_emit sequence=55 bytes=38 elapsed_us=2051 envelope=@J10000000001000000005563597|I421h300;
editbox_receipt monotonic_ns=580480906572643 received=54 consumed=54 revision=23
published_frame=109
published_frame=110
editbox_emit sequence=56 bytes=38 elapsed_us=2087 envelope=@J10000000001000000005641064|I421j300;
published_frame=111
published_frame=112
editbox_emit sequence=57 bytes=38 elapsed_us=2317 envelope=@J10000000001000000005718531|I421l300;
published_frame=113
published_frame=114
editbox_emit sequence=58 bytes=38 elapsed_us=2102 envelope=@J10000000001000000005861519|I421n300;
editbox_receipt monotonic_ns=580481004859550 received=57 consumed=57 revision=24
published_frame=115
published_frame=116
editbox_emit sequence=59 bytes=38 elapsed_us=2675 envelope=@J10000000001000000005938986|I421p300;
published_frame=117
published_frame=118
editbox_emit sequence=60 bytes=38 elapsed_us=2124 envelope=@J10000000001000000006029670|I421r300;
published_frame=119
published_frame=120
editbox_emit sequence=61 bytes=38 elapsed_us=2093 envelope=@J10000000001000000006107137|I421t300;
published_frame=121
published_frame=122
editbox_emit sequence=62 bytes=38 elapsed_us=1927 envelope=@J10000000001000000006250125|I421v300;
published_frame=123
published_frame=124
editbox_emit sequence=63 bytes=38 elapsed_us=2210 envelope=@J10000000001000000006327592|I421x300;
published_frame=125
published_frame=126
editbox_emit sequence=64 bytes=38 elapsed_us=2080 envelope=@J10000000001000000006405059|I421z300;
editbox_receipt monotonic_ns=580481194741422 received=60 consumed=60 revision=25
published_frame=127
published_frame=128
editbox_emit sequence=65 bytes=38 elapsed_us=2048 envelope=@J10000000001000000006548047|I421_300;
editbox_receipt monotonic_ns=580481238263846 received=63 consumed=63 revision=26
published_frame=129
published_frame=130
editbox_emit sequence=66 bytes=38 elapsed_us=2038 envelope=@J10000000001000000006617645|I421X400;
published_frame=131
published_frame=132
editbox_emit sequence=67 bytes=38 elapsed_us=2227 envelope=@J10000000001000000006760633|I421Z400;
published_frame=133
editbox_receipt monotonic_ns=580481314205101 received=66 consumed=66 revision=27
published_frame=134
editbox_emit sequence=68 bytes=38 elapsed_us=2768 envelope=@J10000000001000000006838100|I421b400;
published_frame=135
published_frame=136
editbox_emit sequence=69 bytes=38 elapsed_us=2567 envelope=@J10000000001000000006915567|I421d400;
published_frame=137
published_frame=138
editbox_emit sequence=70 bytes=38 elapsed_us=2455 envelope=@J10000000001000000007006251|I421f400;
published_frame=139
editbox_receipt monotonic_ns=580481408416440 received=69 consumed=69 revision=28
published_frame=140
editbox_emit sequence=71 bytes=38 elapsed_us=2228 envelope=@J10000000001000000007149239|I421h400;
published_frame=141
published_frame=142
editbox_emit sequence=72 bytes=38 elapsed_us=2188 envelope=@J10000000001000000007226706|I421j400;
published_frame=143
published_frame=144
editbox_emit sequence=73 bytes=38 elapsed_us=2066 envelope=@J10000000001000000007304173|I421l400;
published_frame=145
editbox_receipt monotonic_ns=580481517448887 received=72 consumed=72 revision=29
published_frame=146
editbox_emit sequence=74 bytes=38 elapsed_us=2254 envelope=@J10000000001000000007447161|I421n400;
published_frame=147
event mono_ns=580481545753000 frame=148 held=2 pressed=2 released=0
event mono_ns=580481551229000 frame=148 held=0 pressed=0 released=2
published_frame=148
editbox_emit sequence=75 bytes=49 elapsed_us=2668 envelope=@J10000000001000000007557251|I421p40o0020022Y07-;
published_frame=149
published_frame=150
editbox_emit sequence=76 bytes=38 elapsed_us=2095 envelope=@J10000000001000000007602095|I421r400;
published_frame=151
editbox_receipt monotonic_ns=580481607387347 received=75 consumed=75 revision=30
published_frame=152
editbox_emit sequence=77 bytes=38 elapsed_us=2343 envelope=@J10000000001000000007745083|I421t400;
published_frame=153
published_frame=154
editbox_emit sequence=78 bytes=38 elapsed_us=2082 envelope=@J10000000001000000007822550|I421v400;
published_frame=155
published_frame=156
editbox_emit sequence=79 bytes=38 elapsed_us=1957 envelope=@J10000000001000000007900017|I421x400;
published_frame=157
editbox_receipt monotonic_ns=580481715669058 received=78 consumed=78 revision=31
published_frame=158
editbox_emit sequence=80 bytes=38 elapsed_us=2164 envelope=@J10000000001000000008056222|I421z400;
published_frame=159
published_frame=160
editbox_emit sequence=81 bytes=38 elapsed_us=2249 envelope=@J10000000001000000008133689|I421_400;
published_frame=161
published_frame=162
editbox_emit sequence=82 bytes=38 elapsed_us=2466 envelope=@J10000000001000000008203287|I421X500;
editbox_receipt monotonic_ns=580481805995555 received=81 consumed=81 revision=32
published_frame=163
published_frame=164
editbox_emit sequence=83 bytes=38 elapsed_us=2468 envelope=@J10000000001000000008346275|I421Z500;
published_frame=165
published_frame=166
editbox_emit sequence=84 bytes=38 elapsed_us=2070 envelope=@J10000000001000000008423742|I421b500;
published_frame=167
published_frame=168
editbox_emit sequence=85 bytes=38 elapsed_us=2041 envelope=@J10000000001000000008501209|I421d500;
editbox_receipt monotonic_ns=580481904601380 received=84 consumed=84 revision=33
published_frame=169
published_frame=170
editbox_emit sequence=86 bytes=38 elapsed_us=1960 envelope=@J10000000001000000008644197|I421f500;
published_frame=171
published_frame=172
editbox_emit sequence=87 bytes=38 elapsed_us=2243 envelope=@J10000000001000000008721664|I421h500;
published_frame=173
published_frame=174
editbox_emit sequence=88 bytes=38 elapsed_us=2609 envelope=@J10000000001000000008864652|I421j500;
editbox_receipt monotonic_ns=580481994571409 received=87 consumed=87 revision=34
published_frame=175
published_frame=176
editbox_emit sequence=89 bytes=38 elapsed_us=2876 envelope=@J10000000001000000008942119|I421l500;
published_frame=177
published_frame=178
editbox_emit sequence=90 bytes=38 elapsed_us=2671 envelope=@J10000000001000000009032803|I421n500;
published_frame=179
published_frame=180
editbox_emit sequence=91 bytes=38 elapsed_us=1978 envelope=@J10000000001000000009110270|I421p500;
published_frame=181
published_frame=182
editbox_emit sequence=92 bytes=38 elapsed_us=2850 envelope=@J10000000001000000009253258|I421r500;
published_frame=183
published_frame=184
editbox_emit sequence=93 bytes=38 elapsed_us=2480 envelope=@J10000000001000000009330725|I421t500;
published_frame=185
editbox_receipt monotonic_ns=580482183769079 received=90 consumed=90 revision=35
published_frame=186
editbox_emit sequence=94 bytes=38 elapsed_us=2091 envelope=@J10000000001000000009408192|I421v500;
published_frame=187
published_frame=188
editbox_emit sequence=95 bytes=38 elapsed_us=2176 envelope=@J10000000001000000009551180|I421x500;
published_frame=189
editbox_receipt monotonic_ns=580482249373310 received=93 consumed=93 revision=36
published_frame=190
editbox_emit sequence=96 bytes=38 elapsed_us=1910 envelope=@J10000000001000000009628647|I421z500;
published_frame=191
published_frame=192
editbox_emit sequence=97 bytes=38 elapsed_us=2076 envelope=@J10000000001000000009706114|I421_500;
event mono_ns=580482301510000 frame=193 held=4 pressed=4 released=0
editbox_receipt monotonic_ns=580482306635987 received=96 consumed=96 revision=37
event mono_ns=580482306952000 frame=194 held=0 pressed=0 released=4
published_frame=193
published_frame=194
editbox_emit sequence=98 bytes=61 elapsed_us=3813 envelope=@J10000000001000000009845904|I421X6t00400400003zFC0012000004;
published_frame=195
published_frame=196
editbox_emit sequence=99 bytes=38 elapsed_us=2179 envelope=@J10000000001000000009918700|I421Z600;
published_frame=197
published_frame=198
editbox_emit sequence=100 bytes=38 elapsed_us=1913 envelope=@J10000000001000000010050801|I421b600;
published_frame=199
editbox_receipt monotonic_ns=580482418547581 received=99 consumed=99 revision=38
published_frame=200
editbox_emit sequence=101 bytes=38 elapsed_us=2183 envelope=@J10000000001000000010128268|I421d600;
published_frame=201
published_frame=202
editbox_emit sequence=102 bytes=38 elapsed_us=1955 envelope=@J10000000001000000010205735|I421f600;
published_frame=203
published_frame=204
editbox_emit sequence=103 bytes=38 elapsed_us=2244 envelope=@J10000000001000000010348723|I421h600;
published_frame=205
editbox_receipt monotonic_ns=580482516406776 received=102 consumed=102 revision=39
published_frame=206
editbox_emit sequence=104 bytes=38 elapsed_us=2357 envelope=@J10000000001000000010426190|I421j600;
published_frame=207
published_frame=208
editbox_emit sequence=105 bytes=38 elapsed_us=2145 envelope=@J10000000001000000010503657|I421l600;
published_frame=209
published_frame=210
editbox_emit sequence=106 bytes=38 elapsed_us=2007 envelope=@J10000000001000000010646645|I421n600;
editbox_receipt monotonic_ns=580482606671097 received=105 consumed=105 revision=40
published_frame=211
published_frame=212
editbox_emit sequence=107 bytes=38 elapsed_us=2366 envelope=@J10000000001000000010724112|I421p600;
published_frame=213
published_frame=214
editbox_emit sequence=108 bytes=38 elapsed_us=2426 envelope=@J10000000001000000010801579|I421r600;
published_frame=215
published_frame=216
editbox_emit sequence=109 bytes=38 elapsed_us=1994 envelope=@J10000000001000000010944567|I421t600;
editbox_receipt monotonic_ns=580482705910640 received=108 consumed=108 revision=41
published_frame=217
published_frame=218
editbox_emit sequence=110 bytes=38 elapsed_us=2374 envelope=@J10000000001000000011035251|I421v600;
published_frame=219
published_frame=220
editbox_emit sequence=111 bytes=38 elapsed_us=2465 envelope=@J10000000001000000011112718|I421x600;
published_frame=221
published_frame=222
editbox_emit sequence=112 bytes=38 elapsed_us=1998 envelope=@J10000000001000000011255706|I421z600;
editbox_receipt monotonic_ns=580482805109627 received=111 consumed=111 revision=42
published_frame=223
published_frame=224
editbox_emit sequence=113 bytes=38 elapsed_us=2698 envelope=@J10000000001000000011333173|I421_600;
published_frame=225
published_frame=226
editbox_emit sequence=114 bytes=38 elapsed_us=3079 envelope=@J10000000001000000011402771|I421X700;
published_frame=227
published_frame=228
editbox_emit sequence=115 bytes=38 elapsed_us=2620 envelope=@J10000000001000000011545759|I421Z700;
editbox_receipt monotonic_ns=580482905271278 received=114 consumed=114 revision=43
published_frame=229
published_frame=230
editbox_emit sequence=116 bytes=38 elapsed_us=4111 envelope=@J10000000001000000011623226|I421b700;
published_frame=231
published_frame=232
editbox_emit sequence=117 bytes=38 elapsed_us=1919 envelope=@J10000000001000000011700693|I421d700;
published_frame=233
published_frame=234
editbox_emit sequence=118 bytes=38 elapsed_us=2174 envelope=@J10000000001000000011843681|I421f700;
published_frame=235
editbox_receipt monotonic_ns=580483016451832 received=117 consumed=117 revision=44
published_frame=236
editbox_emit sequence=119 bytes=38 elapsed_us=2107 envelope=@J10000000001000000011921148|I421h700;
published_frame=237
event mono_ns=580483057201000 frame=239 held=24 pressed=24 released=0
published_frame=238
editbox_emit sequence=120 bytes=38 elapsed_us=2816 envelope=@J10000000001000000012011832|I421j700;
event mono_ns=580483062529000 frame=239 held=0 pressed=0 released=24
published_frame=239
published_frame=240
editbox_emit sequence=121 bytes=49 elapsed_us=2728 envelope=@J10000000001000000012151743|I421l7o00O00OUO0020;
published_frame=241
published_frame=242
editbox_emit sequence=122 bytes=38 elapsed_us=1989 envelope=@J10000000001000000012232287|I421n700;
published_frame=243
published_frame=244
editbox_emit sequence=123 bytes=38 elapsed_us=2456 envelope=@J10000000001000000012309754|I421p700;
published_frame=245
editbox_receipt monotonic_ns=580483188619924 received=120 consumed=120 revision=45
published_frame=246
editbox_emit sequence=124 bytes=38 elapsed_us=1917 envelope=@J10000000001000000012452742|I421r700;
published_frame=247
published_frame=248
editbox_emit sequence=125 bytes=38 elapsed_us=1953 envelope=@J10000000001000000012530209|I421t700;
published_frame=249
editbox_receipt monotonic_ns=580483252169844 received=123 consumed=123 revision=46
published_frame=250
editbox_emit sequence=126 bytes=38 elapsed_us=1988 envelope=@J10000000001000000012607676|I421v700;
published_frame=251
published_frame=252
editbox_emit sequence=127 bytes=38 elapsed_us=1900 envelope=@J10000000001000000012750664|I421x700;
published_frame=253
editbox_receipt monotonic_ns=580483315492308 received=126 consumed=126 revision=47
published_frame=254
editbox_emit sequence=128 bytes=38 elapsed_us=2120 envelope=@J10000000001000000012828131|I421z700;
published_frame=255
published_frame=256
editbox_emit sequence=129 bytes=38 elapsed_us=2091 envelope=@J10000000001000000012905598|I421_700;
published_frame=257
published_frame=258
editbox_emit sequence=130 bytes=38 elapsed_us=1970 envelope=@J10000000001000000013053934|I421X800;
published_frame=259
published_frame=260
editbox_emit sequence=131 bytes=38 elapsed_us=2091 envelope=@J10000000001000000013131401|I421Z800;
editbox_receipt monotonic_ns=580483428236974 received=129 consumed=129 revision=48
published_frame=261
published_frame=262
editbox_emit sequence=132 bytes=38 elapsed_us=1941 envelope=@J10000000001000000013208868|I421b800;
published_frame=263
published_frame=264
editbox_emit sequence=133 bytes=38 elapsed_us=2264 envelope=@J10000000001000000013351856|I421d800;
published_frame=265
editbox_receipt monotonic_ns=580483507484255 received=132 consumed=132 revision=49
published_frame=266
editbox_emit sequence=134 bytes=38 elapsed_us=2026 envelope=@J10000000001000000013429323|I421f800;
published_frame=267
published_frame=268
editbox_emit sequence=135 bytes=38 elapsed_us=2246 envelope=@J10000000001000000013506790|I421h800;
published_frame=269
published_frame=270
editbox_emit sequence=136 bytes=38 elapsed_us=2392 envelope=@J10000000001000000013649778|I421j800;
editbox_receipt monotonic_ns=580483606473589 received=135 consumed=135 revision=50
published_frame=271
published_frame=272
editbox_emit sequence=137 bytes=38 elapsed_us=1954 envelope=@J10000000001000000013727245|I421l800;
published_frame=273
published_frame=274
editbox_emit sequence=138 bytes=38 elapsed_us=1951 envelope=@J10000000001000000013804712|I421n800;
published_frame=275
published_frame=276
editbox_emit sequence=139 bytes=38 elapsed_us=1892 envelope=@J10000000001000000013947700|I421p800;
editbox_receipt monotonic_ns=580483705929958 received=138 consumed=138 revision=51
published_frame=277
published_frame=278
editbox_emit sequence=140 bytes=38 elapsed_us=2284 envelope=@J10000000001000000014038384|I421r800;
published_frame=279
published_frame=280
editbox_emit sequence=141 bytes=38 elapsed_us=2598 envelope=@J10000000001000000014115851|I421t800;
published_frame=281
published_frame=282
editbox_emit sequence=142 bytes=38 elapsed_us=2201 envelope=@J10000000001000000014258839|I421v800;
editbox_receipt monotonic_ns=580483806089075 received=141 consumed=141 revision=52
published_frame=283
event mono_ns=580483812929000 frame=284 held=16 pressed=16 released=0
event mono_ns=580483818363000 frame=284 held=0 pressed=0 released=16
published_frame=284
editbox_emit sequence=143 bytes=44 elapsed_us=2255 envelope=@J10000000001000000014334895|I421x80200G00G;
published_frame=285
published_frame=286
editbox_emit sequence=144 bytes=38 elapsed_us=2001 envelope=@J10000000001000000014413773|I421z800;
published_frame=287
published_frame=288
editbox_emit sequence=145 bytes=38 elapsed_us=2233 envelope=@J10000000001000000014556761|I421_800;
published_frame=289
editbox_receipt monotonic_ns=580483915426905 received=144 consumed=144 revision=53
published_frame=290
editbox_emit sequence=146 bytes=38 elapsed_us=2256 envelope=@J10000000001000000014626359|I421X900;
published_frame=291
published_frame=292
editbox_emit sequence=147 bytes=38 elapsed_us=2393 envelope=@J10000000001000000014703826|I421Z900;
published_frame=293
published_frame=294
editbox_emit sequence=148 bytes=38 elapsed_us=2006 envelope=@J10000000001000000014846814|I421b900;
published_frame=295
editbox_receipt monotonic_ns=580484017887926 received=147 consumed=147 revision=54
published_frame=296
editbox_emit sequence=149 bytes=38 elapsed_us=2085 envelope=@J10000000001000000014924281|I421d900;
published_frame=297
published_frame=298
editbox_emit sequence=150 bytes=38 elapsed_us=2164 envelope=@J10000000001000000015014965|I421f900;
published_frame=299
published_frame=300
editbox_emit sequence=151 bytes=38 elapsed_us=1968 envelope=@J10000000001000000015157953|I421h900;
published_frame=301
published_frame=302
editbox_emit sequence=152 bytes=38 elapsed_us=1914 envelope=@J10000000001000000015235420|I421j900;
published_frame=303
published_frame=304
editbox_emit sequence=153 bytes=38 elapsed_us=2171 envelope=@J10000000001000000015312887|I421l900;
published_frame=305
published_frame=306
editbox_emit sequence=154 bytes=38 elapsed_us=2011 envelope=@J10000000001000000015455875|I421n900;
editbox_receipt monotonic_ns=580484193683536 received=150 consumed=150 revision=55
published_frame=307
published_frame=308
editbox_emit sequence=155 bytes=38 elapsed_us=1884 envelope=@J10000000001000000015533342|I421p900;
published_frame=309
editbox_receipt monotonic_ns=580484256416205 received=153 consumed=153 revision=56
published_frame=310
editbox_emit sequence=156 bytes=38 elapsed_us=1979 envelope=@J10000000001000000015610809|I421r900;
published_frame=311
published_frame=312
editbox_emit sequence=157 bytes=38 elapsed_us=1950 envelope=@J10000000001000000015753797|I421t900;
published_frame=313
editbox_receipt monotonic_ns=580484310425153 received=156 consumed=156 revision=57
published_frame=314
editbox_emit sequence=158 bytes=38 elapsed_us=1912 envelope=@J10000000001000000015831264|I421v900;
published_frame=315
published_frame=316
editbox_emit sequence=159 bytes=38 elapsed_us=2023 envelope=@J10000000001000000015908731|I421x900;
published_frame=317
published_frame=318
editbox_emit sequence=160 bytes=38 elapsed_us=1913 envelope=@J10000000001000000016064936|I421z900;
published_frame=319
editbox_receipt monotonic_ns=580484412686740 received=159 consumed=159 revision=58
published_frame=320
editbox_emit sequence=161 bytes=38 elapsed_us=2027 envelope=@J10000000001000000016142403|I421_900;
published_frame=321
published_frame=322
editbox_emit sequence=162 bytes=38 elapsed_us=2185 envelope=@J10000000001000000016212001|I421XA00;
published_frame=323
published_frame=324
editbox_emit sequence=163 bytes=38 elapsed_us=2298 envelope=@J10000000001000000016354989|I421ZA00;
editbox_receipt monotonic_ns=580484497223766 received=162 consumed=162 revision=59
published_frame=325
published_frame=326
editbox_emit sequence=164 bytes=38 elapsed_us=2201 envelope=@J10000000001000000016432456|I421bA00;
published_frame=327
published_frame=328
editbox_emit sequence=165 bytes=38 elapsed_us=2218 envelope=@J10000000001000000016509923|I421dA00;
event mono_ns=580484568706000 frame=329 held=16 pressed=16 released=0
published_frame=329
event mono_ns=580484574027000 frame=330 held=0 pressed=0 released=16
published_frame=330
editbox_emit sequence=166 bytes=53 elapsed_us=2968 envelope=@J10000000001000000016631381|I421fA300G00G000200000G;
editbox_receipt monotonic_ns=580484594896693 received=165 consumed=165 revision=60
published_frame=331
published_frame=332
editbox_emit sequence=167 bytes=38 elapsed_us=2167 envelope=@J10000000001000000016730378|I421hA00;
published_frame=333
published_frame=334
editbox_emit sequence=168 bytes=38 elapsed_us=2010 envelope=@J10000000001000000016807845|I421jA00;
published_frame=335
published_frame=336
editbox_emit sequence=169 bytes=38 elapsed_us=2304 envelope=@J10000000001000000016950833|I421lA00;
editbox_receipt monotonic_ns=580484703108582 received=168 consumed=168 revision=61
published_frame=337
published_frame=338
editbox_emit sequence=170 bytes=38 elapsed_us=2019 envelope=@J10000000001000000017041517|I421nA00;
published_frame=339
published_frame=340
editbox_emit sequence=171 bytes=38 elapsed_us=1970 envelope=@J10000000001000000017118984|I421pA00;
published_frame=341
published_frame=342
editbox_emit sequence=172 bytes=38 elapsed_us=2185 envelope=@J10000000001000000017261972|I421rA00;
editbox_receipt monotonic_ns=580484797755167 received=171 consumed=171 revision=62
published_frame=343
published_frame=344
editbox_emit sequence=173 bytes=38 elapsed_us=2172 envelope=@J10000000001000000017339439|I421tA00;
published_frame=345
published_frame=346
editbox_emit sequence=174 bytes=38 elapsed_us=2120 envelope=@J10000000001000000017416906|I421vA00;
published_frame=347
published_frame=348
editbox_emit sequence=175 bytes=38 elapsed_us=2111 envelope=@J10000000001000000017559894|I421xA00;
published_frame=349
editbox_receipt monotonic_ns=580484916672752 received=174 consumed=174 revision=63
published_frame=350
editbox_emit sequence=176 bytes=38 elapsed_us=2150 envelope=@J10000000001000000017637361|I421zA00;
published_frame=351
published_frame=352
editbox_emit sequence=177 bytes=38 elapsed_us=2655 envelope=@J10000000001000000017714828|I421_A00;
published_frame=353
published_frame=354
editbox_emit sequence=178 bytes=38 elapsed_us=2130 envelope=@J10000000001000000017849947|I421XB00;
published_frame=355
editbox_receipt monotonic_ns=580485016050354 received=177 consumed=177 revision=64
published_frame=356
editbox_emit sequence=179 bytes=38 elapsed_us=2689 envelope=@J10000000001000000017927414|I421ZB00;
published_frame=357
published_frame=358
editbox_emit sequence=180 bytes=38 elapsed_us=2471 envelope=@J10000000001000000018018098|I421bB00;
published_frame=359
published_frame=360
editbox_emit sequence=181 bytes=38 elapsed_us=2088 envelope=@J10000000001000000018161086|I421dB00;
published_frame=361
published_frame=362
editbox_emit sequence=182 bytes=38 elapsed_us=2295 envelope=@J10000000001000000018238553|I421fB00;
published_frame=363
published_frame=364
editbox_emit sequence=183 bytes=38 elapsed_us=2025 envelope=@J10000000001000000018316020|I421hB00;
published_frame=365
editbox_receipt monotonic_ns=580485182512160 received=180 consumed=180 revision=65
published_frame=366
editbox_emit sequence=184 bytes=38 elapsed_us=2283 envelope=@J10000000001000000018459008|I421jB00;
published_frame=367
published_frame=368
editbox_emit sequence=185 bytes=38 elapsed_us=2392 envelope=@J10000000001000000018536475|I421lB00;
published_frame=369
editbox_receipt monotonic_ns=580485250359215 received=183 consumed=183 revision=66
published_frame=370
editbox_emit sequence=186 bytes=38 elapsed_us=2964 envelope=@J10000000001000000018613942|I421nB00;
published_frame=371
published_frame=372
editbox_emit sequence=187 bytes=38 elapsed_us=2390 envelope=@J10000000001000000018756930|I421pB00;
editbox_receipt monotonic_ns=580485305725917 received=186 consumed=186 revision=67
published_frame=373
event mono_ns=580485324394000 frame=375 held=32 pressed=32 released=0
published_frame=374
editbox_emit sequence=188 bytes=38 elapsed_us=4564 envelope=@J10000000001000000018834397|I421rB00;
event mono_ns=580485329876000 frame=375 held=0 pressed=0 released=32
published_frame=375
published_frame=376
editbox_emit sequence=189 bytes=44 elapsed_us=3162 envelope=@J10000000001000000018907169|I421tB200W00W0;
published_frame=377
published_frame=378
editbox_emit sequence=190 bytes=38 elapsed_us=2717 envelope=@J10000000001000000019002548|I421vB00;
published_frame=379
editbox_receipt monotonic_ns=580485409120578 received=189 consumed=189 revision=68
published_frame=380
editbox_emit sequence=191 bytes=38 elapsed_us=2333 envelope=@J10000000001000000019145536|I421xB00;
published_frame=381
published_frame=382
editbox_emit sequence=192 bytes=38 elapsed_us=2511 envelope=@J10000000001000000019223003|I421zB00;
published_frame=383
published_frame=384
editbox_emit sequence=193 bytes=38 elapsed_us=2327 envelope=@J10000000001000000019300470|I421_B00;
published_frame=385
editbox_receipt monotonic_ns=580485516971070 received=192 consumed=192 revision=69
published_frame=386
editbox_emit sequence=194 bytes=38 elapsed_us=2208 envelope=@J10000000001000000019435589|I421XC00;
published_frame=387
published_frame=388
editbox_emit sequence=195 bytes=38 elapsed_us=2060 envelope=@J10000000001000000019513056|I421ZC00;
published_frame=389
published_frame=390
editbox_emit sequence=196 bytes=38 elapsed_us=2288 envelope=@J10000000001000000019656044|I421bC00;
published_frame=391
editbox_receipt monotonic_ns=580485615733780 received=195 consumed=195 revision=70
published_frame=392
editbox_emit sequence=197 bytes=38 elapsed_us=2029 envelope=@J10000000001000000019733511|I421dC00;
published_frame=393
published_frame=394
editbox_emit sequence=198 bytes=38 elapsed_us=2382 envelope=@J10000000001000000019810978|I421fC00;
published_frame=395
published_frame=396
editbox_emit sequence=199 bytes=38 elapsed_us=2516 envelope=@J10000000001000000019953966|I421hC00;
editbox_receipt monotonic_ns=580485696132740 received=198 consumed=198 revision=71
published_frame=397
published_frame=398
editbox_emit sequence=200 bytes=38 elapsed_us=2314 envelope=@J10000000001000000020020546|I421jC00;
published_frame=399
published_frame=400
editbox_emit sequence=201 bytes=38 elapsed_us=2294 envelope=@J10000000001000000020163534|I421lC00;
published_frame=401
published_frame=402
editbox_emit sequence=202 bytes=38 elapsed_us=2499 envelope=@J10000000001000000020241001|I421nC00;
editbox_receipt monotonic_ns=580485797293003 received=201 consumed=201 revision=72
published_frame=403
published_frame=404
editbox_emit sequence=203 bytes=38 elapsed_us=2124 envelope=@J10000000001000000020318468|I421pC00;
published_frame=405
published_frame=406
editbox_emit sequence=204 bytes=38 elapsed_us=2016 envelope=@J10000000001000000020461456|I421rC00;
published_frame=407
published_frame=408
editbox_emit sequence=205 bytes=38 elapsed_us=1963 envelope=@J10000000001000000020538923|I421tC00;
editbox_receipt monotonic_ns=580485896191246 received=204 consumed=204 revision=73
published_frame=409
published_frame=410
editbox_emit sequence=206 bytes=38 elapsed_us=2003 envelope=@J10000000001000000020616390|I421vC00;
published_frame=411
published_frame=412
editbox_emit sequence=207 bytes=38 elapsed_us=2210 envelope=@J10000000001000000020759378|I421xC00;
published_frame=413
published_frame=414
editbox_emit sequence=208 bytes=38 elapsed_us=2433 envelope=@J10000000001000000020836845|I421zC00;
editbox_receipt monotonic_ns=580485995083949 received=207 consumed=207 revision=74
published_frame=415
published_frame=416
editbox_emit sequence=209 bytes=38 elapsed_us=2802 envelope=@J10000000001000000020914312|I421_C00;
published_frame=417
published_frame=418
editbox_emit sequence=210 bytes=38 elapsed_us=2213 envelope=@J10000000001000000021062648|I421XD00;
published_frame=419
event mono_ns=580486080158000 frame=420 held=64 pressed=64 released=0
event mono_ns=580486085475000 frame=420 held=0 pressed=0 released=64
published_frame=420
editbox_emit sequence=211 bytes=44 elapsed_us=2407 envelope=@J10000000001000000021161000|I421ZD02010010;
published_frame=421
published_frame=422
editbox_emit sequence=212 bytes=38 elapsed_us=2104 envelope=@J10000000001000000021217582|I421bD00;
published_frame=423
published_frame=424
editbox_emit sequence=213 bytes=38 elapsed_us=1977 envelope=@J10000000001000000021360570|I421dD00;
published_frame=425
editbox_receipt monotonic_ns=580486183417489 received=210 consumed=210 revision=75
published_frame=426
editbox_emit sequence=214 bytes=38 elapsed_us=1955 envelope=@J10000000001000000021438037|I421fD00;
published_frame=427
published_frame=428
editbox_emit sequence=215 bytes=38 elapsed_us=2124 envelope=@J10000000001000000021515504|I421hD00;
editbox_receipt monotonic_ns=580486238407927 received=213 consumed=213 revision=76
published_frame=429
published_frame=430
editbox_emit sequence=216 bytes=38 elapsed_us=2105 envelope=@J10000000001000000021658492|I421jD00;
published_frame=431
published_frame=432
editbox_emit sequence=217 bytes=38 elapsed_us=2040 envelope=@J10000000001000000021735959|I421lD00;
published_frame=433
editbox_receipt monotonic_ns=580486313277814 received=216 consumed=216 revision=77
published_frame=434
editbox_emit sequence=218 bytes=38 elapsed_us=3259 envelope=@J10000000001000000021813426|I421nD00;
published_frame=435
published_frame=436
editbox_emit sequence=219 bytes=38 elapsed_us=2082 envelope=@J10000000001000000021956414|I421pD00;
published_frame=437
published_frame=438
editbox_emit sequence=220 bytes=38 elapsed_us=2466 envelope=@J10000000001000000022047098|I421rD00;
published_frame=439
editbox_receipt monotonic_ns=580486419151601 received=219 consumed=219 revision=78
published_frame=440
editbox_emit sequence=221 bytes=38 elapsed_us=2170 envelope=@J10000000001000000022124565|I421tD00;
published_frame=441
published_frame=442
editbox_emit sequence=222 bytes=38 elapsed_us=2192 envelope=@J10000000001000000022202032|I421vD00;
published_frame=443
published_frame=444
editbox_emit sequence=223 bytes=38 elapsed_us=2460 envelope=@J10000000001000000022345020|I421xD00;
published_frame=445
editbox_receipt monotonic_ns=580486517604930 received=222 consumed=222 revision=79
published_frame=446
editbox_emit sequence=224 bytes=38 elapsed_us=2283 envelope=@J10000000001000000022422487|I421zD00;
published_frame=447
published_frame=448
editbox_emit sequence=225 bytes=38 elapsed_us=2137 envelope=@J10000000001000000022565475|I421_D00;
published_frame=449
published_frame=450
editbox_emit sequence=226 bytes=38 elapsed_us=2449 envelope=@J10000000001000000022635073|I421XE00;
editbox_receipt monotonic_ns=580486594538566 received=225 consumed=225 revision=80
published_frame=451
published_frame=452
editbox_emit sequence=227 bytes=38 elapsed_us=2199 envelope=@J10000000001000000022712540|I421ZE00;
published_frame=453
published_frame=454
editbox_emit sequence=228 bytes=38 elapsed_us=2398 envelope=@J10000000001000000022855528|I421bE00;
published_frame=455
published_frame=456
editbox_emit sequence=229 bytes=38 elapsed_us=2306 envelope=@J10000000001000000022932995|I421dE00;
editbox_receipt monotonic_ns=580486704548806 received=228 consumed=228 revision=81
published_frame=457
published_frame=458
editbox_emit sequence=230 bytes=38 elapsed_us=2185 envelope=@J10000000001000000023023679|I421fE00;
published_frame=459
published_frame=460
editbox_emit sequence=231 bytes=38 elapsed_us=2310 envelope=@J10000000001000000023101146|I421hE00;
published_frame=461
published_frame=462
editbox_emit sequence=232 bytes=38 elapsed_us=2527 envelope=@J10000000001000000023244134|I421jE00;
editbox_receipt monotonic_ns=580486806274749 received=231 consumed=231 revision=82
published_frame=463
published_frame=464
editbox_emit sequence=233 bytes=38 elapsed_us=2232 envelope=@J10000000001000000023321601|I421lE00;
event mono_ns=580486835729000 frame=465 held=256 pressed=256 released=0
event mono_ns=580486841166000 frame=466 held=0 pressed=0 released=256
published_frame=465
published_frame=466
editbox_emit sequence=234 bytes=56 elapsed_us=3323 envelope=@J10000000001000000023446049|I421nEB040040000Fy02000040;
published_frame=467
published_frame=468
editbox_emit sequence=235 bytes=38 elapsed_us=2419 envelope=@J10000000001000000023542056|I421pE00;
published_frame=469
editbox_receipt monotonic_ns=580486917471323 received=234 consumed=234 revision=83
published_frame=470
editbox_emit sequence=236 bytes=38 elapsed_us=2441 envelope=@J10000000001000000023619523|I421rE00;
published_frame=471
published_frame=472
editbox_emit sequence=237 bytes=38 elapsed_us=2319 envelope=@J10000000001000000023762511|I421tE00;
published_frame=473
published_frame=474
editbox_emit sequence=238 bytes=38 elapsed_us=2326 envelope=@J10000000001000000023839978|I421vE00;
published_frame=475
editbox_receipt monotonic_ns=580487017151692 received=237 consumed=237 revision=84
published_frame=476
editbox_emit sequence=239 bytes=38 elapsed_us=2089 envelope=@J10000000001000000023917445|I421xE00;
published_frame=477
published_frame=478
editbox_emit sequence=240 bytes=38 elapsed_us=2674 envelope=@J10000000001000000024008129|I421zE00;
published_frame=479
published_frame=480
editbox_emit sequence=241 bytes=38 elapsed_us=2124 envelope=@J10000000001000000024151117|I421_E00;
published_frame=481
published_frame=482
editbox_emit sequence=242 bytes=38 elapsed_us=2300 envelope=@J10000000001000000024220715|I421XF00;
published_frame=483
published_frame=484
editbox_emit sequence=243 bytes=38 elapsed_us=2440 envelope=@J10000000001000000024363703|I421ZF00;
published_frame=485
editbox_receipt monotonic_ns=580487184369345 received=240 consumed=240 revision=85
published_frame=486
editbox_emit sequence=244 bytes=38 elapsed_us=2451 envelope=@J10000000001000000024441170|I421bF00;
published_frame=487
published_frame=488
editbox_emit sequence=245 bytes=38 elapsed_us=2411 envelope=@J10000000001000000024518637|I421dF00;
editbox_receipt monotonic_ns=580487239380662 received=243 consumed=243 revision=86
published_frame=489
published_frame=490
editbox_emit sequence=246 bytes=38 elapsed_us=2261 envelope=@J10000000001000000024661625|I421fF00;
published_frame=491
published_frame=492
editbox_emit sequence=247 bytes=38 elapsed_us=2241 envelope=@J10000000001000000024739092|I421hF00;
editbox_receipt monotonic_ns=580487306434530 received=246 consumed=246 revision=87
published_frame=493
published_frame=494
editbox_emit sequence=248 bytes=38 elapsed_us=2530 envelope=@J10000000001000000024816559|I421jF00;
published_frame=495
published_frame=496
editbox_emit sequence=249 bytes=38 elapsed_us=2564 envelope=@J10000000001000000024959547|I421lF00;
published_frame=497
published_frame=498
editbox_emit sequence=250 bytes=38 elapsed_us=2174 envelope=@J10000000001000000025050231|I421nF00;
published_frame=499
editbox_receipt monotonic_ns=580487418160255 received=249 consumed=249 revision=88
published_frame=500
editbox_emit sequence=251 bytes=38 elapsed_us=2190 envelope=@J10000000001000000025127698|I421pF00;
published_frame=501
published_frame=502
editbox_emit sequence=252 bytes=38 elapsed_us=2151 envelope=@J10000000001000000025205165|I421rF00;
published_frame=503
published_frame=504
editbox_emit sequence=253 bytes=38 elapsed_us=2868 envelope=@J10000000001000000025348153|I421tF00;
editbox_receipt monotonic_ns=580487497175241 received=252 consumed=252 revision=89
published_frame=505
published_frame=506
editbox_emit sequence=254 bytes=38 elapsed_us=2448 envelope=@J10000000001000000025425620|I421vF00;
published_frame=507
published_frame=508
editbox_emit sequence=255 bytes=38 elapsed_us=2456 envelope=@J10000000001000000025503087|I421xF00;
published_frame=509
event mono_ns=580487591435000 frame=511 held=512 pressed=512 released=0
published_frame=510
editbox_emit sequence=256 bytes=38 elapsed_us=2481 envelope=@J10000000001000000025646075|I421zF00;
event mono_ns=580487596879000 frame=511 held=0 pressed=0 released=512
published_frame=511
editbox_receipt monotonic_ns=580487607496094 received=255 consumed=255 revision=90
published_frame=512
editbox_emit sequence=257 bytes=44 elapsed_us=2832 envelope=@J10000000001000000025755633|I421_F20800800;
published_frame=513
published_frame=514
editbox_emit sequence=258 bytes=38 elapsed_us=2536 envelope=@J10000000001000000025858661|I421XG00;
published_frame=515
published_frame=516
editbox_emit sequence=259 bytes=38 elapsed_us=2476 envelope=@J10000000001000000025936128|I421ZG00;
published_frame=517
editbox_receipt monotonic_ns=580487716436669 received=258 consumed=258 revision=91
published_frame=518
editbox_emit sequence=260 bytes=38 elapsed_us=2511 envelope=@J10000000001000000026026812|I421bG00;
published_frame=519
published_frame=520
editbox_emit sequence=261 bytes=38 elapsed_us=2691 envelope=@J10000000001000000026104279|I421dG00;
published_frame=521
published_frame=522
editbox_emit sequence=262 bytes=38 elapsed_us=2187 envelope=@J10000000001000000026247267|I421fG00;
published_frame=523
editbox_receipt monotonic_ns=580487818504343 received=261 consumed=261 revision=92
published_frame=524
editbox_emit sequence=263 bytes=38 elapsed_us=2211 envelope=@J10000000001000000026324734|I421hG00;
published_frame=525
published_frame=526
editbox_emit sequence=264 bytes=38 elapsed_us=2221 envelope=@J10000000001000000026402201|I421jG00;
published_frame=527
published_frame=528
editbox_emit sequence=265 bytes=38 elapsed_us=2195 envelope=@J10000000001000000026545189|I421lG00;
published_frame=529
editbox_receipt monotonic_ns=580487917282862 received=264 consumed=264 revision=93
published_frame=530
editbox_emit sequence=266 bytes=38 elapsed_us=2174 envelope=@J10000000001000000026622656|I421nG00;
published_frame=531
published_frame=532
editbox_emit sequence=267 bytes=38 elapsed_us=2117 envelope=@J10000000001000000026700123|I421pG00;
published_frame=533
published_frame=534
editbox_emit sequence=268 bytes=38 elapsed_us=2111 envelope=@J10000000001000000026843111|I421rG00;
published_frame=535
editbox_receipt monotonic_ns=580488015570771 received=267 consumed=267 revision=94
published_frame=536
editbox_emit sequence=269 bytes=38 elapsed_us=2145 envelope=@J10000000001000000026920578|I421tG00;
published_frame=537
published_frame=538
editbox_emit sequence=270 bytes=38 elapsed_us=2850 envelope=@J10000000001000000027011262|I421vG00;
published_frame=539
published_frame=540
editbox_emit sequence=271 bytes=38 elapsed_us=2216 envelope=@J10000000001000000027154250|I421xG00;
published_frame=541
published_frame=542
editbox_emit sequence=272 bytes=38 elapsed_us=2174 envelope=@J10000000001000000027231717|I421zG00;
published_frame=543
published_frame=544
editbox_emit sequence=273 bytes=38 elapsed_us=2240 envelope=@J10000000001000000027309184|I421_G00;
published_frame=545
published_frame=546
editbox_receipt monotonic_ns=580488190330219 received=270 consumed=270 revision=95
editbox_emit sequence=274 bytes=38 elapsed_us=2139 envelope=@J10000000001000000027444303|I421XH00;
published_frame=547
published_frame=548
editbox_emit sequence=275 bytes=38 elapsed_us=2121 envelope=@J10000000001000000027521770|I421ZH00;
published_frame=549
editbox_receipt monotonic_ns=580488247454105 received=273 consumed=273 revision=96
published_frame=550
editbox_emit sequence=276 bytes=38 elapsed_us=2231 envelope=@J10000000001000000027664758|I421bH00;
published_frame=551
published_frame=552
editbox_emit sequence=277 bytes=38 elapsed_us=2084 envelope=@J10000000001000000027742225|I421dH00;
published_frame=553
editbox_receipt monotonic_ns=580488312707879 received=276 consumed=276 revision=97
published_frame=554
editbox_emit sequence=278 bytes=38 elapsed_us=2377 envelope=@J10000000001000000027819692|I421fH00;
published_frame=555
event mono_ns=580488347169000 frame=556 held=128 pressed=128 released=0
event mono_ns=580488352528000 frame=556 held=0 pressed=0 released=128
published_frame=556
editbox_emit sequence=279 bytes=44 elapsed_us=2228 envelope=@J10000000001000000027905338|I421hH02020020;
published_frame=557
published_frame=558
editbox_emit sequence=280 bytes=38 elapsed_us=2152 envelope=@J10000000001000000028053364|I421jH00;
published_frame=559
editbox_receipt monotonic_ns=580488407843080 received=279 consumed=279 revision=98
published_frame=560
editbox_emit sequence=281 bytes=38 elapsed_us=2308 envelope=@J10000000001000000028130831|I421lH00;
published_frame=561
published_frame=562
editbox_emit sequence=282 bytes=38 elapsed_us=2555 envelope=@J10000000001000000028208298|I421nH00;
published_frame=563
published_frame=564
editbox_emit sequence=283 bytes=38 elapsed_us=2355 envelope=@J10000000001000000028351286|I421pH00;
editbox_receipt monotonic_ns=580488505632985 received=282 consumed=282 revision=99
published_frame=565
published_frame=566
editbox_emit sequence=284 bytes=38 elapsed_us=2140 envelope=@J10000000001000000028428753|I421rH00;
published_frame=567
published_frame=568
editbox_emit sequence=285 bytes=38 elapsed_us=2066 envelope=@J10000000001000000028506220|I421tH00;
published_frame=569
published_frame=570
editbox_emit sequence=286 bytes=38 elapsed_us=2013 envelope=@J10000000001000000028649208|I421vH00;
editbox_receipt monotonic_ns=580488606542468 received=285 consumed=285 revision=100
published_frame=571
published_frame=572
editbox_emit sequence=287 bytes=38 elapsed_us=2303 envelope=@J10000000001000000028726675|I421xH00;
published_frame=573
published_frame=574
editbox_emit sequence=288 bytes=38 elapsed_us=2161 envelope=@J10000000001000000028804142|I421zH00;
published_frame=575
published_frame=576
editbox_emit sequence=289 bytes=38 elapsed_us=2257 envelope=@J10000000001000000028947130|I421_H00;
published_frame=577
editbox_receipt monotonic_ns=580488707841872 received=288 consumed=288 revision=101
published_frame=578
editbox_emit sequence=290 bytes=38 elapsed_us=2156 envelope=@J10000000001000000029029945|I421XI00;
published_frame=579
published_frame=580
editbox_emit sequence=291 bytes=38 elapsed_us=2251 envelope=@J10000000001000000029107412|I421ZI00;
published_frame=581
published_frame=582
editbox_emit sequence=292 bytes=38 elapsed_us=2288 envelope=@J10000000001000000029250400|I421bI00;
editbox_receipt monotonic_ns=580488804795621 received=291 consumed=291 revision=102
published_frame=583
published_frame=584
editbox_emit sequence=293 bytes=38 elapsed_us=1960 envelope=@J10000000001000000029327867|I421dI00;
published_frame=585
published_frame=586
editbox_emit sequence=294 bytes=38 elapsed_us=2154 envelope=@J10000000001000000029405334|I421fI00;
published_frame=587
published_frame=588
editbox_emit sequence=295 bytes=38 elapsed_us=3350 envelope=@J10000000001000000029548322|I421hI00;
editbox_receipt monotonic_ns=580488906498681 received=294 consumed=294 revision=103
published_frame=589
published_frame=590
editbox_emit sequence=296 bytes=38 elapsed_us=3054 envelope=@J10000000001000000029625789|I421jI00;
published_frame=591
published_frame=592
editbox_emit sequence=297 bytes=38 elapsed_us=2423 envelope=@J10000000001000000029703256|I421lI00;
published_frame=593
published_frame=594
editbox_emit sequence=298 bytes=38 elapsed_us=2092 envelope=@J10000000001000000029846244|I421nI00;
published_frame=595
editbox_receipt monotonic_ns=580489009316621 received=297 consumed=297 revision=104
published_frame=596
editbox_emit sequence=299 bytes=38 elapsed_us=2454 envelope=@J10000000001000000029923711|I421pI00;
published_frame=597
published_frame=598
editbox_emit sequence=300 bytes=38 elapsed_us=2435 envelope=@J10000000001000000030055812|I421rI00;
published_frame=599
published_frame=600
editbox_emit sequence=301 bytes=38 elapsed_us=2009 envelope=@J10000000001000000030133279|I421tI00;
event mono_ns=580489102741000 frame=601 held=16384 pressed=16384 released=0
published_frame=601
event mono_ns=580489108190000 frame=602 held=0 pressed=0 released=16384
published_frame=602
editbox_emit sequence=302 bytes=53 elapsed_us=2669 envelope=@J10000000001000000030262925|I421vI34004000002000400;
published_frame=603
published_frame=604
editbox_emit sequence=303 bytes=38 elapsed_us=2500 envelope=@J10000000001000000030353734|I421xI00;
published_frame=605
editbox_receipt monotonic_ns=580489180915445 received=300 consumed=300 revision=105
published_frame=606
editbox_emit sequence=304 bytes=38 elapsed_us=2266 envelope=@J10000000001000000030431201|I421zI00;
published_frame=607
published_frame=608
editbox_emit sequence=305 bytes=38 elapsed_us=2443 envelope=@J10000000001000000030508668|I421_I00;
published_frame=609
editbox_receipt monotonic_ns=580489243324898 received=303 consumed=303 revision=106
published_frame=610
editbox_emit sequence=306 bytes=38 elapsed_us=2065 envelope=@J10000000001000000030643787|I421XJ00;
published_frame=611
published_frame=612
editbox_emit sequence=307 bytes=38 elapsed_us=2352 envelope=@J10000000001000000030721254|I421ZJ00;
published_frame=613
editbox_receipt monotonic_ns=580489316882726 received=306 consumed=306 revision=107
published_frame=614
editbox_emit sequence=308 bytes=38 elapsed_us=2008 envelope=@J10000000001000000030864242|I421bJ00;
published_frame=615
published_frame=616
editbox_emit sequence=309 bytes=38 elapsed_us=2334 envelope=@J10000000001000000030941709|I421dJ00;
published_frame=617
published_frame=618
editbox_emit sequence=310 bytes=38 elapsed_us=2074 envelope=@J10000000001000000031032393|I421fJ00;
published_frame=619
editbox_receipt monotonic_ns=580489418728915 received=309 consumed=309 revision=108
published_frame=620
editbox_emit sequence=311 bytes=38 elapsed_us=2130 envelope=@J10000000001000000031109860|I421hJ00;
published_frame=621
published_frame=622
editbox_emit sequence=312 bytes=38 elapsed_us=2111 envelope=@J10000000001000000031252848|I421jJ00;
published_frame=623
published_frame=624
editbox_emit sequence=313 bytes=38 elapsed_us=2672 envelope=@J10000000001000000031330315|I421lJ00;
published_frame=625
editbox_receipt monotonic_ns=580489516052907 received=312 consumed=312 revision=109
published_frame=626
editbox_emit sequence=314 bytes=38 elapsed_us=2371 envelope=@J10000000001000000031407782|I421nJ00;
published_frame=627
published_frame=628
editbox_emit sequence=315 bytes=38 elapsed_us=2146 envelope=@J10000000001000000031550770|I421pJ00;
published_frame=629
published_frame=630
editbox_emit sequence=316 bytes=38 elapsed_us=2429 envelope=@J10000000001000000031628237|I421rJ00;
editbox_receipt monotonic_ns=580489594431310 received=315 consumed=315 revision=110
published_frame=631
published_frame=632
editbox_emit sequence=317 bytes=38 elapsed_us=2225 envelope=@J10000000001000000031705704|I421tJ00;
published_frame=633
published_frame=634
editbox_emit sequence=318 bytes=38 elapsed_us=2312 envelope=@J10000000001000000031848692|I421vJ00;
published_frame=635
published_frame=636
editbox_emit sequence=319 bytes=38 elapsed_us=2136 envelope=@J10000000001000000031926159|I421xJ00;
published_frame=637
editbox_receipt monotonic_ns=580489718009891 received=318 consumed=318 revision=111
published_frame=638
editbox_emit sequence=320 bytes=38 elapsed_us=2312 envelope=@J10000000001000000032016843|I421zJ00;
published_frame=639
published_frame=640
editbox_emit sequence=321 bytes=38 elapsed_us=2141 envelope=@J10000000001000000032159831|I421_J00;
published_frame=641
published_frame=642
editbox_emit sequence=322 bytes=38 elapsed_us=2182 envelope=@J10000000001000000032229429|I421XK00;
editbox_receipt monotonic_ns=580489806812102 received=321 consumed=321 revision=112
published_frame=643
published_frame=644
editbox_emit sequence=323 bytes=38 elapsed_us=2179 envelope=@J10000000001000000032306896|I421ZK00;
published_frame=645
published_frame=646
editbox_emit sequence=324 bytes=38 elapsed_us=3309 envelope=@J10000000001000000032449884|I421bK00;
event mono_ns=580489858358000 frame=647 held=1 pressed=1 released=0
event mono_ns=580489863596000 frame=647 held=0 pressed=0 released=1
published_frame=647
published_frame=648
editbox_emit sequence=325 bytes=49 elapsed_us=2891 envelope=@J10000000001000000032523413|I421dKo0010011H03_0;
published_frame=649
event mono_ns=580489908844000 frame=650 held=2 pressed=2 released=0
event mono_ns=580489914128000 frame=650 held=0 pressed=0 released=2
editbox_receipt monotonic_ns=580489916629390 received=324 consumed=324 revision=113
published_frame=650
editbox_emit sequence=326 bytes=49 elapsed_us=2689 envelope=@J10000000001000000032645183|I421fK0o0020022Y07-;
published_frame=651
published_frame=652
editbox_emit sequence=327 bytes=38 elapsed_us=2342 envelope=@J10000000001000000032747806|I421hK00;
event mono_ns=580489959345000 frame=653 held=4 pressed=4 released=0
event mono_ns=580489964597000 frame=653 held=0 pressed=0 released=4
published_frame=653
published_frame=654
editbox_emit sequence=328 bytes=49 elapsed_us=2760 envelope=@J10000000001000000032842678|I421jKo004004FC0010;
editbox_receipt monotonic_ns=580489995571500 received=327 consumed=327 revision=114
published_frame=655
event mono_ns=580490009950000 frame=656 held=24 pressed=24 released=0
event mono_ns=580490015358000 frame=656 held=0 pressed=0 released=24
published_frame=656
editbox_emit sequence=329 bytes=49 elapsed_us=2680 envelope=@J10000000001000000032935785|I421lK0o00O00OUO002;
published_frame=657
published_frame=658
editbox_emit sequence=330 bytes=38 elapsed_us=2450 envelope=@J10000000001000000033058945|I421nK00;
event mono_ns=580490060778000 frame=659 held=16 pressed=16 released=0
event mono_ns=580490066178000 frame=659 held=0 pressed=0 released=16
published_frame=659
published_frame=660
editbox_emit sequence=331 bytes=44 elapsed_us=3195 envelope=@J10000000001000000033138420|I421pK200G00G0;
published_frame=661
event mono_ns=580490111379000 frame=662 held=16 pressed=16 released=0
event mono_ns=580490116615000 frame=662 held=0 pressed=0 released=16
published_frame=662
editbox_emit sequence=332 bytes=44 elapsed_us=2929 envelope=@J10000000001000000033233205|I421rK0200G00G;
published_frame=663
published_frame=664
editbox_emit sequence=333 bytes=38 elapsed_us=2238 envelope=@J10000000001000000033356867|I421tK00;
event mono_ns=580490161859000 frame=665 held=32 pressed=32 released=0
event mono_ns=580490167187000 frame=665 held=0 pressed=0 released=32
published_frame=665
published_frame=666
editbox_emit sequence=334 bytes=44 elapsed_us=2897 envelope=@J10000000001000000033453284|I421vK200W00W0;
published_frame=667
event mono_ns=580490212475000 frame=668 held=64 pressed=64 released=0
editbox_receipt monotonic_ns=580490216817988 received=330 consumed=330 revision=115
event mono_ns=580490217824000 frame=668 held=0 pressed=0 released=64
published_frame=668
editbox_emit sequence=335 bytes=44 elapsed_us=2185 envelope=@J10000000001000000033520387|I421xK02010010;
published_frame=669
published_frame=670
editbox_emit sequence=336 bytes=38 elapsed_us=2203 envelope=@J10000000001000000033654789|I421zK00;
event mono_ns=580490263011000 frame=671 held=256 pressed=256 released=0
event mono_ns=580490268322000 frame=671 held=0 pressed=0 released=256
published_frame=671
editbox_receipt monotonic_ns=580490281902024 received=334 consumed=334 revision=116
published_frame=672
editbox_emit sequence=337 bytes=44 elapsed_us=2571 envelope=@J10000000001000000033749123|I421_K20400400;
published_frame=673
event mono_ns=580490313597000 frame=674 held=512 pressed=512 released=0
event mono_ns=580490318921000 frame=674 held=0 pressed=0 released=512
published_frame=674
editbox_emit sequence=338 bytes=44 elapsed_us=2454 envelope=@J10000000001000000033808533|I421XL02080080;
published_frame=675
editbox_receipt monotonic_ns=580490348323376 received=337 consumed=337 revision=117
published_frame=676
editbox_emit sequence=339 bytes=38 elapsed_us=2564 envelope=@J10000000001000000033944842|I421ZL00;
event mono_ns=580490364047000 frame=677 held=128 pressed=128 released=0
event mono_ns=580490369321000 frame=677 held=0 pressed=0 released=128
published_frame=677
published_frame=678
editbox_emit sequence=340 bytes=44 elapsed_us=2320 envelope=@J10000000001000000034056511|I421bL20200200;
published_frame=679
event mono_ns=580490414598000 frame=680 held=16384 pressed=16384 released=0
event mono_ns=580490419989000 frame=680 held=0 pressed=0 released=16384
published_frame=680
editbox_emit sequence=341 bytes=44 elapsed_us=2272 envelope=@J10000000001000000034140216|I421dL02400400;
editbox_receipt monotonic_ns=580490428180511 received=339 consumed=339 revision=118
published_frame=681
published_frame=682
editbox_emit sequence=342 bytes=38 elapsed_us=2196 envelope=@J10000000001000000034255981|I421fL00;
event mono_ns=580490465239000 frame=683 held=32 pressed=32 released=0
event mono_ns=580490465546000 frame=683 held=96 pressed=64 released=0
event mono_ns=580490470790000 frame=683 held=64 pressed=0 released=32
event mono_ns=580490470812000 frame=683 held=0 pressed=0 released=64
published_frame=683
published_frame=684
editbox_emit sequence=343 bytes=44 elapsed_us=2518 envelope=@J10000000001000000034340207|I421hL201W01W0;
published_frame=685
event mono_ns=580490516207000 frame=686 held=1 pressed=1 released=0
event mono_ns=580490521502000 frame=686 held=0 pressed=0 released=1
published_frame=686
editbox_emit sequence=344 bytes=49 elapsed_us=3469 envelope=@J10000000001000000034415118|I421jL0o0010011H03_;
published_frame=687
published_frame=688
editbox_emit sequence=345 bytes=38 elapsed_us=2180 envelope=@J10000000001000000034553903|I421lL00;
editbox_receipt monotonic_ns=580490562290581 received=342 consumed=342 revision=119
event mono_ns=580490566869000 frame=689 held=2 pressed=2 released=0
event mono_ns=580490572156000 frame=689 held=0 pressed=0 released=2
published_frame=689
published_frame=690
editbox_emit sequence=346 bytes=49 elapsed_us=3096 envelope=@J10000000001000000034605375|I421nLo0020022Y07-0;
published_frame=691
event mono_ns=580490617356000 frame=692 held=4 pressed=4 released=0
event mono_ns=580490622747000 frame=692 held=0 pressed=0 released=4
published_frame=692
editbox_emit sequence=347 bytes=49 elapsed_us=2695 envelope=@J10000000001000000034734628|I421pL0o004004FC001;
published_frame=693
editbox_receipt monotonic_ns=580490649274093 received=346 consumed=346 revision=120
published_frame=694
editbox_emit sequence=348 bytes=38 elapsed_us=2095 envelope=@J10000000001000000034851825|I421rL00;
event mono_ns=580490667868000 frame=695 held=24 pressed=24 released=0
event mono_ns=580490673153000 frame=695 held=0 pressed=0 released=24
published_frame=695
published_frame=696
editbox_emit sequence=349 bytes=49 elapsed_us=3168 envelope=@J10000000001000000034941563|I421tLo00O00OUO0020;
published_frame=697
event mono_ns=580490718331000 frame=698 held=16 pressed=16 released=0
published_frame=698
editbox_emit sequence=350 bytes=47 elapsed_us=2711 envelope=@J10000000001000000035017970|I421vL0300G00G000;
event mono_ns=580490723564000 frame=699 held=0 pressed=0 released=16
editbox_receipt monotonic_ns=580490727738528 received=348 consumed=348 revision=121
published_frame=699
published_frame=700
editbox_emit sequence=351 bytes=44 elapsed_us=2432 envelope=@J10000000001000000035115428|I421xL200000G0;
event mono_ns=580490768752000 frame=701 held=16 pressed=16 released=0
event mono_ns=580490774109000 frame=702 held=0 pressed=0 released=16
published_frame=701
published_frame=702
editbox_emit sequence=352 bytes=53 elapsed_us=3062 envelope=@J10000000001000000035202839|I421zL300G00G000200000G;
published_frame=703
event mono_ns=580490819349000 frame=704 held=32 pressed=32 released=0
event mono_ns=580490824734000 frame=705 held=0 pressed=0 released=32
published_frame=704
editbox_emit sequence=353 bytes=47 elapsed_us=4246 envelope=@J10000000001000000035356344|I421_L0300W00W000;
published_frame=705
editbox_receipt monotonic_ns=580490853275349 received=351 consumed=351 revision=122
published_frame=706
editbox_emit sequence=354 bytes=44 elapsed_us=3144 envelope=@J10000000001000000035441792|I421XM200000W0;
event mono_ns=580490869927000 frame=707 held=64 pressed=64 released=0
published_frame=707
event mono_ns=580490875219000 frame=708 held=0 pressed=0 released=64
published_frame=708
editbox_emit sequence=355 bytes=53 elapsed_us=3546 envelope=@J10000000001000000035520836|I421ZM30100100002000010;
published_frame=709
event mono_ns=580490920388000 frame=710 held=256 pressed=256 released=0
published_frame=710
editbox_emit sequence=356 bytes=50 elapsed_us=3173 envelope=@J10000000001000000035654576|I421bM0B040040000Fy0;
event mono_ns=580490925656000 frame=711 held=0 pressed=0 released=256
published_frame=711
editbox_receipt monotonic_ns=580490942524928 received=355 consumed=355 revision=123
published_frame=712
editbox_emit sequence=357 bytes=44 elapsed_us=2481 envelope=@J10000000001000000035751199|I421dM20000400;
event mono_ns=580490970854000 frame=713 held=512 pressed=512 released=0
published_frame=713
event mono_ns=580490976206000 frame=714 held=0 pressed=0 released=512
published_frame=714
editbox_emit sequence=358 bytes=56 elapsed_us=3030 envelope=@J10000000001000000035857407|I421fMB08008000003_2000080;
published_frame=715
event mono_ns=580491021381000 frame=716 held=128 pressed=128 released=0
published_frame=716
editbox_emit sequence=359 bytes=47 elapsed_us=2411 envelope=@J10000000001000000035923542|I421hM03020020000;
event mono_ns=580491026747000 frame=717 held=0 pressed=0 released=128
published_frame=717
published_frame=718
editbox_emit sequence=360 bytes=44 elapsed_us=2459 envelope=@J10000000001000000036040303|I421jM20000200;
editbox_receipt monotonic_ns=580491062117839 received=357 consumed=357 revision=124
event mono_ns=580491071905000 frame=719 held=16384 pressed=16384 released=0
published_frame=719
event mono_ns=580491077188000 frame=720 held=0 pressed=0 released=16384
published_frame=720
editbox_emit sequence=361 bytes=53 elapsed_us=2699 envelope=@J10000000001000000036139233|I421lM34004000002000400;
published_frame=721
event mono_ns=580491122436000 frame=722 held=32 pressed=32 released=0
event mono_ns=580491122583000 frame=722 held=96 pressed=64 released=0
published_frame=722
editbox_emit sequence=362 bytes=47 elapsed_us=2592 envelope=@J10000000001000000036211655|I421nM0301W01W000;
event mono_ns=580491127752000 frame=723 held=64 pressed=0 released=32
event mono_ns=580491127815000 frame=723 held=0 pressed=0 released=64
published_frame=723
published_frame=724
editbox_emit sequence=363 bytes=44 elapsed_us=2442 envelope=@J10000000001000000036312853|I421pM200001W0;
event mono_ns=580491172990000 frame=725 held=1 pressed=1 released=0
published_frame=725
event mono_ns=580491178299000 frame=726 held=0 pressed=0 released=1
published_frame=726
editbox_emit sequence=364 bytes=61 elapsed_us=3113 envelope=@J10000000001000000036439455|I421rMt001001000Fm31H03_2000001;
editbox_receipt monotonic_ns=580491205811892 received=361 consumed=361 revision=125
published_frame=727
event mono_ns=580491223506000 frame=729 held=2 pressed=2 released=0
published_frame=728
editbox_emit sequence=365 bytes=38 elapsed_us=2221 envelope=@J10000000001000000036514934|I421tM00;
event mono_ns=580491228751000 frame=729 held=0 pressed=0 released=2
published_frame=729
published_frame=730
editbox_emit sequence=366 bytes=49 elapsed_us=2556 envelope=@J10000000001000000036652389|I421vMo0020022Y07-0;
event mono_ns=580491273864000 frame=732 held=4 pressed=4 released=0
published_frame=731
event mono_ns=580491279189000 frame=732 held=0 pressed=0 released=4
published_frame=732
editbox_emit sequence=367 bytes=49 elapsed_us=2648 envelope=@J10000000001000000036716121|I421xM0o004004FC001;
published_frame=733
event mono_ns=580491324380000 frame=735 held=24 pressed=24 released=0
published_frame=734
editbox_emit sequence=368 bytes=38 elapsed_us=2771 envelope=@J10000000001000000036812856|I421zM00;
event mono_ns=580491329653000 frame=735 held=0 pressed=0 released=24
editbox_receipt monotonic_ns=580491330084614 received=366 consumed=364 revision=126
published_frame=735
published_frame=736
editbox_emit sequence=369 bytes=49 elapsed_us=2960 envelope=@J10000000001000000036923056|I421_Mo00O00OUO0020;
event mono_ns=580491374943000 frame=738 held=16 pressed=16 released=0
published_frame=737
event mono_ns=580491380265000 frame=738 held=0 pressed=0 released=16
published_frame=738
editbox_emit sequence=370 bytes=44 elapsed_us=2684 envelope=@J10000000001000000037061404|I421XN0200G00G;
published_frame=739
editbox_receipt monotonic_ns=580491417388997 received=366 consumed=366 revision=127
published_frame=740
editbox_emit sequence=371 bytes=38 elapsed_us=2297 envelope=@J10000000001000000037116126|I421ZN00;
event mono_ns=580491425614000 frame=741 held=16 pressed=16 released=0
event mono_ns=580491430875000 frame=741 held=0 pressed=0 released=16
published_frame=741
published_frame=742
editbox_emit sequence=372 bytes=44 elapsed_us=2954 envelope=@J10000000001000000037228617|I421bN200G00G0;
published_frame=743
event mono_ns=580491476099000 frame=744 held=32 pressed=32 released=0
event mono_ns=580491481499000 frame=744 held=0 pressed=0 released=32
editbox_receipt monotonic_ns=580491483084058 received=370 consumed=370 revision=128
published_frame=744
editbox_emit sequence=373 bytes=44 elapsed_us=3542 envelope=@J10000000001000000037358853|I421dN0200W00W;
published_frame=745
published_frame=746
editbox_emit sequence=374 bytes=38 elapsed_us=2391 envelope=@J10000000001000000037414048|I421fN00;
event mono_ns=580491526799000 frame=747 held=64 pressed=64 released=0
event mono_ns=580491532152000 frame=747 held=0 pressed=0 released=64
published_frame=747
published_frame=748
editbox_emit sequence=375 bytes=44 elapsed_us=2330 envelope=@J10000000001000000037521783|I421hN20100100;
published_frame=749
event mono_ns=580491577347000 frame=750 held=256 pressed=256 released=0
editbox_receipt monotonic_ns=580491582262416 received=373 consumed=373 revision=129
event mono_ns=580491582623000 frame=750 held=0 pressed=0 released=256
published_frame=750
editbox_emit sequence=376 bytes=44 elapsed_us=2559 envelope=@J10000000001000000037661447|I421jN02040040;
published_frame=751
published_frame=752
editbox_emit sequence=377 bytes=38 elapsed_us=2100 envelope=@J10000000001000000037711970|I421lN00;
event mono_ns=580491627835000 frame=753 held=512 pressed=512 released=0
event mono_ns=580491633139000 frame=753 held=0 pressed=0 released=512
published_frame=753
published_frame=754
editbox_emit sequence=378 bytes=44 elapsed_us=2289 envelope=@J10000000001000000037847851|I421nN20800800;
published_frame=755
event mono_ns=580491678401000 frame=756 held=128 pressed=128 released=0
editbox_receipt monotonic_ns=580491682582825 received=376 consumed=376 revision=130
event mono_ns=580491683798000 frame=756 held=0 pressed=0 released=128
published_frame=756
editbox_emit sequence=379 bytes=44 elapsed_us=2404 envelope=@J10000000001000000037933217|I421pN02020020;
published_frame=757
published_frame=758
editbox_emit sequence=380 bytes=38 elapsed_us=2673 envelope=@J10000000001000000038023109|I421rN00;
event mono_ns=580491729096000 frame=759 held=16384 pressed=16384 released=0
event mono_ns=580491734468000 frame=759 held=0 pressed=0 released=16384
published_frame=759
published_frame=760
editbox_emit sequence=381 bytes=44 elapsed_us=2718 envelope=@J10000000001000000038159462|I421tN24004000;
editbox_receipt monotonic_ns=580491771498588 received=380 consumed=379 revision=131
published_frame=761
event mono_ns=580491779724000 frame=762 held=32 pressed=32 released=0
event mono_ns=580491779819000 frame=762 held=96 pressed=64 released=0
event mono_ns=580491785254000 frame=762 held=64 pressed=0 released=32
event mono_ns=580491785344000 frame=762 held=0 pressed=0 released=64
published_frame=762
editbox_emit sequence=382 bytes=44 elapsed_us=2545 envelope=@J10000000001000000038227548|I421vN0201W01W;
published_frame=763
published_frame=764
editbox_emit sequence=383 bytes=38 elapsed_us=2352 envelope=@J10000000001000000038321031|I421xN00;
event mono_ns=580491830551000 frame=765 held=1 pressed=1 released=0
event mono_ns=580491835861000 frame=765 held=0 pressed=0 released=1
published_frame=765
editbox_receipt monotonic_ns=580491849330267 received=382 consumed=382 revision=132
published_frame=766
editbox_emit sequence=384 bytes=49 elapsed_us=2858 envelope=@J10000000001000000038457049|I421zNo0010011H03_0;
published_frame=767
event mono_ns=580491881034000 frame=768 held=2 pressed=2 released=0
event mono_ns=580491886413000 frame=768 held=0 pressed=0 released=2
published_frame=768
editbox_emit sequence=385 bytes=49 elapsed_us=2614 envelope=@J10000000001000000038513298|I421_N0o0020022Y07-;
published_frame=769
published_frame=770
editbox_emit sequence=386 bytes=38 elapsed_us=2162 envelope=@J10000000001000000038611084|I421XO00;
editbox_receipt monotonic_ns=580491927181401 received=384 consumed=384 revision=133
event mono_ns=580491931724000 frame=771 held=4 pressed=4 released=0
event mono_ns=580491937015000 frame=771 held=0 pressed=0 released=4
published_frame=771
published_frame=772
editbox_emit sequence=387 bytes=49 elapsed_us=2879 envelope=@J10000000001000000038714010|I421ZOo004004FC0010;
published_frame=773
event mono_ns=580491982231000 frame=774 held=24 pressed=24 released=0
event mono_ns=580491987546000 frame=774 held=0 pressed=0 released=24
published_frame=774
editbox_emit sequence=388 bytes=49 elapsed_us=3234 envelope=@J10000000001000000038807117|I421bO0o00O00OUO002;
published_frame=775
published_frame=776
editbox_emit sequence=389 bytes=38 elapsed_us=2168 envelope=@J10000000001000000038909006|I421dO00;
event mono_ns=580492032841000 frame=777 held=16 pressed=16 released=0
event mono_ns=580492038155000 frame=777 held=0 pressed=0 released=16
editbox_receipt monotonic_ns=580492038739673 received=388 consumed=388 revision=134
published_frame=777
published_frame=778
editbox_emit sequence=390 bytes=44 elapsed_us=2704 envelope=@J10000000001000000039036129|I421fO200G00G0;
published_frame=779
event mono_ns=580492083319000 frame=780 held=16 pressed=16 released=0
event mono_ns=580492088654000 frame=780 held=0 pressed=0 released=16
published_frame=780
editbox_emit sequence=391 bytes=44 elapsed_us=2377 envelope=@J10000000001000000039130914|I421hO0200G00G;
published_frame=781
published_frame=782
editbox_emit sequence=392 bytes=38 elapsed_us=2093 envelope=@J10000000001000000039220145|I421jO00;
event mono_ns=580492133910000 frame=783 held=32 pressed=32 released=0
event mono_ns=580492139225000 frame=783 held=0 pressed=0 released=32
published_frame=783
published_frame=784
editbox_emit sequence=393 bytes=44 elapsed_us=2514 envelope=@J10000000001000000039350993|I421lO200W00W0;
published_frame=785
editbox_receipt monotonic_ns=580492182360539 received=390 consumed=390 revision=135
event mono_ns=580492184574000 frame=786 held=64 pressed=64 released=0
event mono_ns=580492189889000 frame=786 held=0 pressed=0 released=64
published_frame=786
editbox_emit sequence=394 bytes=44 elapsed_us=3103 envelope=@J10000000001000000039418096|I421nO02010010;
published_frame=787
published_frame=788
editbox_emit sequence=395 bytes=38 elapsed_us=2618 envelope=@J10000000001000000039518067|I421pO00;
event mono_ns=580492235168000 frame=789 held=256 pressed=256 released=0
published_frame=789
event mono_ns=580492240508000 frame=790 held=0 pressed=0 released=256
published_frame=790
editbox_emit sequence=396 bytes=56 elapsed_us=3140 envelope=@J10000000001000000039655762|I421rOB040040000Fy02000040;
published_frame=791
editbox_receipt monotonic_ns=580492284502502 received=394 consumed=394 revision=136
event mono_ns=580492285741000 frame=792 held=512 pressed=512 released=0
published_frame=792
editbox_emit sequence=397 bytes=50 elapsed_us=3497 envelope=@J10000000001000000039726358|I421tO0B08008000003_;
event mono_ns=580492291013000 frame=793 held=0 pressed=0 released=512
published_frame=793
published_frame=794
editbox_emit sequence=398 bytes=44 elapsed_us=2275 envelope=@J10000000001000000039836487|I421vO20000800;
event mono_ns=580492336326000 frame=795 held=128 pressed=128 released=0
published_frame=795
event mono_ns=580492341674000 frame=796 held=0 pressed=0 released=128
published_frame=796
editbox_emit sequence=399 bytes=53 elapsed_us=3385 envelope=@J10000000001000000039960039|I421xO30200200002000020;
published_frame=797
editbox_receipt monotonic_ns=580492373590879 received=398 consumed=397 revision=137
event mono_ns=580492386958000 frame=798 held=16384 pressed=16384 released=0
published_frame=798
editbox_emit sequence=400 bytes=47 elapsed_us=2451 envelope=@J10000000001000000040006464|I421zO03400400000;
event mono_ns=580492392217000 frame=799 held=0 pressed=0 released=16384
published_frame=799
published_frame=800
editbox_emit sequence=401 bytes=44 elapsed_us=2413 envelope=@J10000000001000000040135231|I421_O20004000;
event mono_ns=580492437478000 frame=801 held=32 pressed=32 released=0
event mono_ns=580492437566000 frame=801 held=96 pressed=64 released=0
published_frame=801
event mono_ns=580492442817000 frame=802 held=64 pressed=0 released=32
event mono_ns=580492442919000 frame=802 held=0 pressed=0 released=64
editbox_receipt monotonic_ns=580492448676871 received=400 consumed=400 revision=138
published_frame=802
editbox_emit sequence=402 bytes=53 elapsed_us=3047 envelope=@J10000000001000000040252896|I421XP301W01W000200001W;
published_frame=803
event mono_ns=580492488353000 frame=804 held=32 pressed=32 released=0
event mono_ns=580492493614000 frame=805 held=0 pressed=0 released=32
event mono_ns=580492538909000 frame=807 held=32 pressed=32 released=0
event mono_ns=580492544247000 frame=808 held=0 pressed=0 released=32
event mono_ns=580492589479000 frame=810 held=32 pressed=32 released=0
event mono_ns=580492594858000 frame=811 held=0 pressed=0 released=32
event mono_ns=580492640097000 frame=814 held=32 pressed=32 released=0
event mono_ns=580492645514000 frame=814 held=0 pressed=0 released=32
published_frame=804
published_frame=805
published_frame=806
published_frame=807
published_frame=808
published_frame=809
published_frame=810
published_frame=811
published_frame=812
published_frame=813
published_frame=814
published_frame=815
published_frame=816
published_frame=817
published_frame=818
editbox_receipt monotonic_ns=580492739154277 received=402 consumed=402 revision=141
editbox_emit sequence=403 bytes=47 elapsed_us=2525 envelope=@J10000000001000000040325476|I421ZP0300W00W000;
published_frame=819
editbox_emit sequence=404 bytes=44 elapsed_us=3027 envelope=@J10000000001000000040440372|I421bP200000W0;
editbox_emit sequence=405 bytes=53 elapsed_us=2873 envelope=@J10000000001000000040501181|I421dP300W00W000200000W;
editbox_emit sequence=406 bytes=47 elapsed_us=2694 envelope=@J10000000001000000040616456|I421fP0300W00W000;
published_frame=820
editbox_emit sequence=407 bytes=44 elapsed_us=2407 envelope=@J10000000001000000040702370|I421hP200000W0;
editbox_emit sequence=408 bytes=44 elapsed_us=2252 envelope=@J10000000001000000040811919|I421jP0200W00W;
editbox_emit sequence=409 bytes=38 elapsed_us=1879 envelope=@J10000000001000000040911454|I421lP00;
editbox_emit sequence=410 bytes=38 elapsed_us=2084 envelope=@J10000000001000000041002138|I421nP00;
editbox_emit sequence=411 bytes=38 elapsed_us=2134 envelope=@J10000000001000000041145126|I421pP00;
published_frame=821
published_frame=822
editbox_emit sequence=412 bytes=38 elapsed_us=2440 envelope=@J10000000001000000041222593|I421rP00;
published_frame=823
published_frame=824
editbox_emit sequence=413 bytes=38 elapsed_us=2090 envelope=@J10000000001000000041300060|I421tP00;
published_frame=825
published_frame=826
editbox_emit sequence=414 bytes=38 elapsed_us=2584 envelope=@J10000000001000000041443048|I421vP00;
published_frame=827
published_frame=828
editbox_emit sequence=415 bytes=38 elapsed_us=2289 envelope=@J10000000001000000041520515|I421xP00;
published_frame=829
published_frame=830
editbox_emit sequence=416 bytes=38 elapsed_us=2117 envelope=@J10000000001000000041663503|I421zP00;
published_frame=831
published_frame=832
editbox_emit sequence=417 bytes=38 elapsed_us=2171 envelope=@J10000000001000000041740970|I421_P00;
published_frame=833
editbox_emit sequence=403 bytes=47 elapsed_us=3039 envelope=@J10000000001000000040325476|I421ZP0300W00W000;
published_frame=834
editbox_receipt monotonic_ns=580493005555478 received=416 consumed=404 revision=142
editbox_emit sequence=417 bytes=38 elapsed_us=2230 envelope=@J10000000001000000041740970|I421_P00;
published_frame=835
editbox_emit sequence=418 bytes=38 elapsed_us=1920 envelope=@J10000000001000000041810568|I421XQ00;
published_frame=836
editbox_emit sequence=419 bytes=38 elapsed_us=2152 envelope=@J10000000001000000041953556|I421ZQ00;
published_frame=837
editbox_receipt monotonic_ns=580493048723678 received=416 consumed=410 revision=143
published_frame=838
editbox_emit sequence=420 bytes=38 elapsed_us=2619 envelope=@J10000000001000000042044240|I421bQ00;
published_frame=839
published_frame=840
editbox_emit sequence=421 bytes=38 elapsed_us=2013 envelope=@J10000000001000000042121707|I421dQ00;
published_frame=841
published_frame=842
editbox_emit sequence=422 bytes=38 elapsed_us=2266 envelope=@J10000000001000000042264695|I421fQ00;
published_frame=843
published_frame=844
editbox_emit sequence=423 bytes=38 elapsed_us=2194 envelope=@J10000000001000000042342162|I421hQ00;
published_frame=845
published_frame=846
editbox_emit sequence=424 bytes=38 elapsed_us=2077 envelope=@J10000000001000000042419629|I421jQ00;
published_frame=847
editbox_receipt monotonic_ns=580493207350318 received=423 consumed=416 revision=144
published_frame=848
editbox_emit sequence=425 bytes=38 elapsed_us=2367 envelope=@J10000000001000000042562617|I421lQ00;
published_frame=849
published_frame=850
editbox_emit sequence=426 bytes=38 elapsed_us=2284 envelope=@J10000000001000000042640084|I421nQ00;
published_frame=851
published_frame=852
editbox_emit sequence=427 bytes=38 elapsed_us=2127 envelope=@J10000000001000000042717551|I421pQ00;
editbox_receipt monotonic_ns=580493305090942 received=423 consumed=422 revision=145
published_frame=853
published_frame=854
editbox_emit sequence=428 bytes=38 elapsed_us=2218 envelope=@J10000000001000000042860539|I421rQ00;
event mono_ns=580493338525000 frame=855 held=1 pressed=1 released=0
published_frame=855
event mono_ns=580493343880000 frame=856 held=0 pressed=0 released=1
published_frame=856
editbox_emit sequence=429 bytes=61 elapsed_us=3690 envelope=@J10000000001000000042915034|I421tQt001001000Fm31H03_2000001;
published_frame=857
event mono_ns=580493389379000 frame=858 held=2 pressed=2 released=0
published_frame=858
editbox_emit sequence=430 bytes=55 elapsed_us=4143 envelope=@J10000000001000000043019456|I421vQ0t002002000Fq22Y07-;
event mono_ns=580493394792000 frame=859 held=0 pressed=0 released=2
published_frame=859
editbox_receipt monotonic_ns=580493419713196 received=423 consumed=423 revision=146
published_frame=860
editbox_emit sequence=431 bytes=44 elapsed_us=2298 envelope=@J10000000001000000043113935|I421xQ20000020;
event mono_ns=580493440091000 frame=862 held=4 pressed=4 released=0
published_frame=861
event mono_ns=580493445401000 frame=862 held=0 pressed=0 released=4
published_frame=862
editbox_emit sequence=424 bytes=38 elapsed_us=2728 envelope=@J10000000001000000042419629|I421jQ00;
published_frame=863
published_frame=864
event mono_ns=580493490651000 frame=865 held=24 pressed=24 released=0
event mono_ns=580493495931000 frame=865 held=0 pressed=0 released=24
published_frame=865
editbox_receipt monotonic_ns=580493507094864 received=430 consumed=429 revision=147
editbox_emit sequence=431 bytes=44 elapsed_us=2301 envelope=@J10000000001000000043113935|I421xQ20000020;
editbox_emit sequence=432 bytes=49 elapsed_us=3025 envelope=@J10000000001000000043260989|I421zQ0o004004FC001;
editbox_emit sequence=433 bytes=38 elapsed_us=2249 envelope=@J10000000001000000043326612|I421_Q00;
published_frame=866
editbox_emit sequence=434 bytes=49 elapsed_us=2825 envelope=@J10000000001000000043405620|I421XRo00O00OUO0020;
published_frame=867
editbox_receipt monotonic_ns=580493540974083 received=430 consumed=430 revision=148
event mono_ns=580493541309000 frame=868 held=16 pressed=16 released=0
event mono_ns=580493546726000 frame=868 held=0 pressed=0 released=16
published_frame=868
editbox_emit sequence=435 bytes=44 elapsed_us=2592 envelope=@J10000000001000000043517911|I421ZR0200G00G;
published_frame=869
published_frame=870
editbox_emit sequence=436 bytes=38 elapsed_us=2417 envelope=@J10000000001000000043616665|I421bR00;
event mono_ns=580493592045000 frame=871 held=16 pressed=16 released=0
event mono_ns=580493597335000 frame=871 held=0 pressed=0 released=16
published_frame=871
published_frame=872
editbox_emit sequence=437 bytes=44 elapsed_us=2758 envelope=@J10000000001000000043750645|I421dR200G00G0;
published_frame=873
event mono_ns=580493642830000 frame=874 held=32 pressed=32 released=0
event mono_ns=580493648567000 frame=874 held=0 pressed=0 released=32
published_frame=874
editbox_emit sequence=438 bytes=44 elapsed_us=3162 envelope=@J10000000001000000043815360|I421fR0200W00W;
published_frame=875
published_frame=876
editbox_emit sequence=439 bytes=38 elapsed_us=2098 envelope=@J10000000001000000043914587|I421hR00;
event mono_ns=580493693868000 frame=877 held=64 pressed=64 released=0
event mono_ns=580493699227000 frame=877 held=0 pressed=0 released=64
published_frame=877
published_frame=878
editbox_emit sequence=440 bytes=44 elapsed_us=2454 envelope=@J10000000001000000044000356|I421jR20100100;
editbox_receipt monotonic_ns=580493728567777 received=438 consumed=433 revision=149
published_frame=879
event mono_ns=580493744454000 frame=880 held=256 pressed=256 released=0
event mono_ns=580493749768000 frame=880 held=0 pressed=0 released=256
published_frame=880
editbox_emit sequence=441 bytes=44 elapsed_us=2386 envelope=@J10000000001000000044140020|I421lR02040040;
published_frame=881
published_frame=882
editbox_emit sequence=442 bytes=38 elapsed_us=2429 envelope=@J10000000001000000044225726|I421nR00;
event mono_ns=580493795038000 frame=883 held=512 pressed=512 released=0
event mono_ns=580493800316000 frame=883 held=0 pressed=0 released=512
published_frame=883
published_frame=884
editbox_emit sequence=443 bytes=44 elapsed_us=2264 envelope=@J10000000001000000044326424|I421pR20800800;
editbox_receipt monotonic_ns=580493828216226 received=438 consumed=438 revision=150
published_frame=885
event mono_ns=580493845652000 frame=886 held=128 pressed=128 released=0
event mono_ns=580493850934000 frame=886 held=0 pressed=0 released=128
published_frame=886
editbox_emit sequence=444 bytes=44 elapsed_us=2208 envelope=@J10000000001000000044411790|I421rR02020020;
published_frame=887
published_frame=888
editbox_emit sequence=445 bytes=38 elapsed_us=2836 envelope=@J10000000001000000044523648|I421tR00;
event mono_ns=580493896255000 frame=889 held=16384 pressed=16384 released=0
event mono_ns=580493901646000 frame=889 held=0 pressed=0 released=16384
published_frame=889
published_frame=890
editbox_emit sequence=446 bytes=44 elapsed_us=2541 envelope=@J10000000001000000044615969|I421vR24004000;
published_frame=891
event mono_ns=580493946994000 frame=892 held=32 pressed=32 released=0
event mono_ns=580493947182000 frame=892 held=96 pressed=64 released=0
editbox_receipt monotonic_ns=580493951215541 received=438 consumed=438 revision=151
event mono_ns=580493952369000 frame=892 held=64 pressed=0 released=32
event mono_ns=580493952547000 frame=892 held=0 pressed=0 released=64
published_frame=892
editbox_emit sequence=447 bytes=44 elapsed_us=2903 envelope=@J10000000001000000044749576|I421xR0201W01W;
published_frame=893
editbox_emit sequence=439 bytes=38 elapsed_us=2084 envelope=@J10000000001000000043914587|I421hR00;
published_frame=894
event mono_ns=580493997842000 frame=895 held=1 pressed=1 released=0
event mono_ns=580494003121000 frame=895 held=0 pressed=0 released=1
published_frame=895
published_frame=896
published_frame=897
editbox_receipt monotonic_ns=580494047968814 received=446 consumed=444 revision=152
editbox_emit sequence=447 bytes=44 elapsed_us=2565 envelope=@J10000000001000000044749576|I421xR0201W01W;
event mono_ns=580494048481000 frame=898 held=2 pressed=2 released=0
editbox_emit sequence=448 bytes=38 elapsed_us=2053 envelope=@J10000000001000000044821570|I421zR00;
event mono_ns=580494053748000 frame=898 held=0 pressed=0 released=2
editbox_emit sequence=449 bytes=49 elapsed_us=2567 envelope=@J10000000001000000044907461|I421_Ro0010011H03_0;
published_frame=898
editbox_emit sequence=450 bytes=49 elapsed_us=2847 envelope=@J10000000001000000045061383|I421XS0o0020022Y07-;
published_frame=899
editbox_receipt monotonic_ns=580494082142966 received=446 consumed=446 revision=153
published_frame=900
editbox_emit sequence=451 bytes=38 elapsed_us=2026 envelope=@J10000000001000000045124840|I421ZS00;
event mono_ns=580494098993000 frame=901 held=4 pressed=4 released=0
event mono_ns=580494104349000 frame=901 held=0 pressed=0 released=4
published_frame=901
published_frame=902
editbox_emit sequence=452 bytes=49 elapsed_us=3006 envelope=@J10000000001000000045258878|I421bSo004004FC0010;
published_frame=903
event mono_ns=580494149626000 frame=904 held=24 pressed=24 released=0
event mono_ns=580494154923000 frame=904 held=0 pressed=0 released=24
published_frame=904
editbox_emit sequence=453 bytes=49 elapsed_us=2828 envelope=@J10000000001000000045351985|I421dS0o00O00OUO002;
published_frame=905
published_frame=906
editbox_emit sequence=454 bytes=38 elapsed_us=2096 envelope=@J10000000001000000045422762|I421fS00;
event mono_ns=580494200174000 frame=907 held=16 pressed=16 released=0
event mono_ns=580494205522000 frame=907 held=0 pressed=0 released=16
published_frame=907
published_frame=908
editbox_emit sequence=455 bytes=44 elapsed_us=2693 envelope=@J10000000001000000045558157|I421hS200G00G0;
published_frame=909
event mono_ns=580494250711000 frame=910 held=16 pressed=16 released=0
event mono_ns=580494256075000 frame=910 held=0 pressed=0 released=16
published_frame=910
editbox_emit sequence=456 bytes=44 elapsed_us=2562 envelope=@J10000000001000000045652942|I421jS0200G00G;
published_frame=911
published_frame=912
editbox_emit sequence=457 bytes=38 elapsed_us=2156 envelope=@J10000000001000000045720684|I421lS00;
editbox_receipt monotonic_ns=580494293933401 received=455 consumed=448 revision=154
event mono_ns=580494301317000 frame=913 held=32 pressed=32 released=0
event mono_ns=580494306560000 frame=913 held=0 pressed=0 released=32
published_frame=913
published_frame=914
editbox_emit sequence=458 bytes=44 elapsed_us=2718 envelope=@J10000000001000000045807500|I421nS200W00W0;
published_frame=915
event mono_ns=580494351858000 frame=916 held=64 pressed=64 released=0
published_frame=916
editbox_emit sequence=459 bytes=47 elapsed_us=2517 envelope=@J10000000001000000045960126|I421pS03010010000;
event mono_ns=580494357138000 frame=917 held=0 pressed=0 released=64
published_frame=917
published_frame=918
editbox_emit sequence=460 bytes=44 elapsed_us=2251 envelope=@J10000000001000000046005181|I421rS20000100;
event mono_ns=580494402443000 frame=919 held=256 pressed=256 released=0
event mono_ns=580494407763000 frame=920 held=0 pressed=0 released=256
published_frame=919
published_frame=920
editbox_emit sequence=461 bytes=56 elapsed_us=2549 envelope=@J10000000001000000046133454|I421tSB040040000Fy02000040;
published_frame=921
editbox_receipt monotonic_ns=580494448759719 received=455 consumed=454 revision=155
event mono_ns=580494452945000 frame=922 held=512 pressed=512 released=0
published_frame=922
editbox_emit sequence=462 bytes=50 elapsed_us=3950 envelope=@J10000000001000000046218614|I421vS0B08008000003_;
event mono_ns=580494458210000 frame=923 held=0 pressed=0 released=512
published_frame=923
editbox_receipt monotonic_ns=580494485375538 received=455 consumed=455 revision=156
published_frame=924
editbox_emit sequence=463 bytes=44 elapsed_us=2407 envelope=@J10000000001000000046315060|I421xS20000800;
event mono_ns=580494503373000 frame=925 held=128 pressed=128 released=0
published_frame=925
event mono_ns=580494508622000 frame=926 held=0 pressed=0 released=128
published_frame=926
editbox_emit sequence=464 bytes=53 elapsed_us=3575 envelope=@J10000000001000000046410480|I421zS30200200002000020;
published_frame=927
editbox_emit sequence=456 bytes=44 elapsed_us=2850 envelope=@J10000000001000000045652942|I421jS0200G00G;
event mono_ns=580494553843000 frame=928 held=16384 pressed=16384 released=0
published_frame=928
event mono_ns=580494559209000 frame=929 held=0 pressed=0 released=16384
published_frame=929
published_frame=930
event mono_ns=580494604453000 frame=931 held=32 pressed=32 released=0
event mono_ns=580494604607000 frame=931 held=96 pressed=64 released=0
published_frame=931
event mono_ns=580494609817000 frame=932 held=64 pressed=0 released=32
event mono_ns=580494609880000 frame=932 held=0 pressed=0 released=64
published_frame=932
published_frame=933
event mono_ns=580494655142000 frame=934 held=1 pressed=1 released=0
published_frame=934
event mono_ns=580494660427000 frame=935 held=0 pressed=0 released=1
published_frame=935
published_frame=936
editbox_receipt monotonic_ns=580494692202460 received=464 consumed=457 revision=157
editbox_emit sequence=465 bytes=47 elapsed_us=2493 envelope=@J10000000001000000046529308|I421_S03400400000;
editbox_emit sequence=466 bytes=44 elapsed_us=2218 envelope=@J10000000001000000046617286|I421XT20004000;
editbox_emit sequence=467 bytes=53 elapsed_us=3077 envelope=@J10000000001000000046709997|I421ZT301W01W000200001W;
editbox_emit sequence=468 bytes=55 elapsed_us=3186 envelope=@J10000000001000000046849002|I421bT0t001001000Fm31H03_;
event mono_ns=580494705776000 frame=937 held=2 pressed=2 released=0
published_frame=937
editbox_emit sequence=469 bytes=44 elapsed_us=2392 envelope=@J10000000001000000046919817|I421dT20000010;
event mono_ns=580494711023000 frame=938 held=0 pressed=0 released=2
published_frame=938
editbox_emit sequence=470 bytes=61 elapsed_us=2949 envelope=@J10000000001000000047000698|I421fTt002002000Fq22Y07-2000002;
published_frame=939
event mono_ns=580494756273000 frame=940 held=4 pressed=4 released=0
published_frame=940
editbox_emit sequence=471 bytes=55 elapsed_us=3099 envelope=@J10000000001000000047147823|I421hT0t00400400003zFC001;
event mono_ns=580494761601000 frame=941 held=0 pressed=0 released=4
published_frame=941
editbox_receipt monotonic_ns=580494782915291 received=464 consumed=463 revision=158
published_frame=942
editbox_emit sequence=472 bytes=44 elapsed_us=2189 envelope=@J10000000001000000047204634|I421jT20000040;
event mono_ns=580494806942000 frame=944 held=24 pressed=24 released=0
published_frame=943
event mono_ns=580494812280000 frame=944 held=0 pressed=0 released=24
published_frame=944
editbox_emit sequence=473 bytes=49 elapsed_us=2604 envelope=@J10000000001000000047333478|I421lT0o00O00OUO002;
editbox_receipt monotonic_ns=580494827991987 received=464 consumed=464 revision=159
published_frame=945
editbox_receipt monotonic_ns=580494849453172 received=464 consumed=464 revision=160
published_frame=946
editbox_emit sequence=474 bytes=38 elapsed_us=2258 envelope=@J10000000001000000047449314|I421nT00;
event mono_ns=580494857472000 frame=947 held=16 pressed=16 released=0
event mono_ns=580494862888000 frame=947 held=0 pressed=0 released=16
published_frame=947
published_frame=948
editbox_emit sequence=475 bytes=44 elapsed_us=2802 envelope=@J10000000001000000047518494|I421pT200G00G0;
published_frame=949
event mono_ns=580494908299000 frame=950 held=16 pressed=16 released=0
event mono_ns=580494913633000 frame=950 held=0 pressed=0 released=16
published_frame=950
editbox_emit sequence=476 bytes=44 elapsed_us=2738 envelope=@J10000000001000000047613279|I421rT0200G00G;
published_frame=951
editbox_emit sequence=465 bytes=47 elapsed_us=3018 envelope=@J10000000001000000046529308|I421_S03400400000;
published_frame=952
event mono_ns=580494958879000 frame=953 held=32 pressed=32 released=0
event mono_ns=580494964162000 frame=953 held=0 pressed=0 released=32
published_frame=953
published_frame=954
published_frame=955
event mono_ns=580495009406000 frame=956 held=64 pressed=64 released=0
event mono_ns=580495014641000 frame=956 held=0 pressed=0 released=64
published_frame=956
published_frame=957
published_frame=958
event mono_ns=580495059886000 frame=959 held=256 pressed=256 released=0
event mono_ns=580495065190000 frame=959 held=0 pressed=0 released=256
published_frame=959
published_frame=960
published_frame=961
event mono_ns=580495110415000 frame=962 held=512 pressed=512 released=0
event mono_ns=580495115715000 frame=962 held=0 pressed=0 released=512
published_frame=962
editbox_receipt monotonic_ns=580495133147956 received=476 consumed=466 revision=161
editbox_emit sequence=477 bytes=38 elapsed_us=2066 envelope=@J10000000001000000047747236|I421tT00;
editbox_emit sequence=478 bytes=44 elapsed_us=2623 envelope=@J10000000001000000047833358|I421vT200W00W0;
published_frame=963
editbox_emit sequence=479 bytes=44 elapsed_us=2339 envelope=@J10000000001000000047900461|I421xT02010010;
editbox_emit sequence=480 bytes=38 elapsed_us=1817 envelope=@J10000000001000000048058375|I421zT00;
editbox_emit sequence=481 bytes=44 elapsed_us=2097 envelope=@J10000000001000000048151263|I421_T20400400;
editbox_emit sequence=482 bytes=44 elapsed_us=2151 envelope=@J10000000001000000048210673|I421XU02080080;
published_frame=964
event mono_ns=580495160920000 frame=965 held=128 pressed=128 released=0
event mono_ns=580495166253000 frame=965 held=0 pressed=0 released=128
published_frame=965
published_frame=966
published_frame=967
event mono_ns=580495211363000 frame=968 held=16384 pressed=16384 released=0
event mono_ns=580495216614000 frame=968 held=0 pressed=0 released=16384
editbox_receipt monotonic_ns=580495220058160 received=476 consumed=472 revision=162
editbox_emit sequence=483 bytes=38 elapsed_us=2442 envelope=@J10000000001000000048348428|I421ZU00;
published_frame=968
editbox_emit sequence=484 bytes=44 elapsed_us=2369 envelope=@J10000000001000000048436585|I421bU20200200;
editbox_emit sequence=485 bytes=44 elapsed_us=2141 envelope=@J10000000001000000048520290|I421dU02400400;
published_frame=969
published_frame=970
editbox_emit sequence=486 bytes=38 elapsed_us=2424 envelope=@J10000000001000000048646350|I421fU00;
event mono_ns=580495261817000 frame=971 held=32 pressed=32 released=0
event mono_ns=580495261984000 frame=971 held=96 pressed=64 released=0
editbox_receipt monotonic_ns=580495263156959 received=476 consumed=476 revision=163
event mono_ns=580495267150000 frame=971 held=64 pressed=0 released=32
event mono_ns=580495267298000 frame=971 held=0 pressed=0 released=64
published_frame=971
published_frame=972
editbox_emit sequence=487 bytes=44 elapsed_us=2813 envelope=@J10000000001000000048720281|I421hU201W01W0;
editbox_receipt monotonic_ns=580495294676145 received=476 consumed=476 revision=164
published_frame=973
event mono_ns=580495317975000 frame=974 held=32 pressed=32 released=0
event mono_ns=580495323229000 frame=974 held=0 pressed=0 released=32
published_frame=974
editbox_emit sequence=488 bytes=44 elapsed_us=2468 envelope=@J10000000001000000048844659|I421jU0200W00W;
published_frame=975
published_frame=976
editbox_emit sequence=489 bytes=38 elapsed_us=1843 envelope=@J10000000001000000048944272|I421lU00;
event mono_ns=580495368491000 frame=977 held=32 pressed=32 released=0
event mono_ns=580495373823000 frame=978 held=0 pressed=0 released=32
published_frame=977
editbox_emit sequence=477 bytes=38 elapsed_us=1961 envelope=@J10000000001000000047747236|I421tT00;
published_frame=978
editbox_receipt monotonic_ns=580495405784613 received=476 consumed=476 revision=165
published_frame=979
event mono_ns=580495419034000 frame=980 held=32 pressed=32 released=0
published_frame=980
event mono_ns=580495424376000 frame=981 held=0 pressed=0 released=32
published_frame=981
published_frame=982
event mono_ns=580495469602000 frame=983 held=32 pressed=32 released=0
published_frame=983
event mono_ns=580495474966000 frame=984 held=0 pressed=0 released=32
published_frame=984
published_frame=985
published_frame=986
published_frame=987
published_frame=988
published_frame=989
published_frame=990
published_frame=991
published_frame=992
editbox_emit sequence=477 bytes=38 elapsed_us=2336 envelope=@J10000000001000000047747236|I421tT00;
published_frame=993
published_frame=994
published_frame=995
published_frame=996
editbox_receipt monotonic_ns=580495696589734 received=489 consumed=481 revision=166
editbox_emit sequence=490 bytes=53 elapsed_us=2969 envelope=@J10000000001000000049051345|I421nU300W00W000200000W;
editbox_emit sequence=491 bytes=47 elapsed_us=2907 envelope=@J10000000001000000049148344|I421pU0300W00W000;
editbox_emit sequence=492 bytes=44 elapsed_us=2153 envelope=@J10000000001000000049237520|I421rU200000W0;
published_frame=997
editbox_emit sequence=493 bytes=53 elapsed_us=3041 envelope=@J10000000001000000049308981|I421tU300W00W000200000W;
editbox_emit sequence=494 bytes=38 elapsed_us=2238 envelope=@J10000000001000000049410345|I421vU00;
editbox_emit sequence=495 bytes=38 elapsed_us=1885 envelope=@J10000000001000000049553333|I421xU00;
editbox_emit sequence=496 bytes=38 elapsed_us=2278 envelope=@J10000000001000000049630800|I421zU00;
published_frame=998
editbox_emit sequence=497 bytes=38 elapsed_us=1963 envelope=@J10000000001000000049708267|I421_U00;
published_frame=999
editbox_receipt monotonic_ns=580495741592281 received=489 consumed=487 revision=167
editbox_emit sequence=498 bytes=38 elapsed_us=2208 envelope=@J10000000001000000049843386|I421XV00;
editbox_emit sequence=499 bytes=38 elapsed_us=2309 envelope=@J10000000001000000049920853|I421ZV00;
editbox_emit sequence=500 bytes=38 elapsed_us=1856 envelope=@J10000000001000000050052954|I421bV00;
published_frame=1000
editbox_emit sequence=501 bytes=38 elapsed_us=1860 envelope=@J10000000001000000050130421|I421dV00;
published_frame=1001
editbox_receipt monotonic_ns=580495774701688 received=489 consumed=489 revision=168
published_frame=1002
editbox_emit sequence=502 bytes=38 elapsed_us=2043 envelope=@J10000000001000000050207888|I421fV00;
editbox_receipt monotonic_ns=580495806235681 received=489 consumed=489 revision=169
published_frame=1003
published_frame=1004
editbox_emit sequence=503 bytes=38 elapsed_us=2029 envelope=@J10000000001000000050350876|I421hV00;
editbox_receipt monotonic_ns=580495827133470 received=489 consumed=489 revision=170
published_frame=1005
published_frame=1006
editbox_emit sequence=504 bytes=38 elapsed_us=1945 envelope=@J10000000001000000050428343|I421jV00;
published_frame=1007
published_frame=1008
editbox_emit sequence=505 bytes=38 elapsed_us=2167 envelope=@J10000000001000000050505810|I421lV00;
published_frame=1009
published_frame=1010
published_frame=1011
editbox_emit sequence=490 bytes=53 elapsed_us=3140 envelope=@J10000000001000000049051345|I421nU300W00W000200000W;
published_frame=1012
published_frame=1013
published_frame=1014
published_frame=1015
published_frame=1016
published_frame=1017
published_frame=1018
published_frame=1019
published_frame=1020
published_frame=1021
published_frame=1022
published_frame=1023
published_frame=1024
event mono_ns=580496168521000 frame=1025 held=1 pressed=1 released=0
event mono_ns=580496173773000 frame=1026 held=0 pressed=0 released=1
published_frame=1025
published_frame=1026
published_frame=1027
editbox_receipt monotonic_ns=580496216854587 received=505 consumed=494 revision=171
editbox_emit sequence=506 bytes=38 elapsed_us=2059 envelope=@J10000000001000000050648798|I421nV00;
event mono_ns=580496218957000 frame=1028 held=2 pressed=2 released=0
editbox_emit sequence=507 bytes=38 elapsed_us=1989 envelope=@J10000000001000000050726265|I421pV00;
published_frame=1028
editbox_emit sequence=508 bytes=38 elapsed_us=2515 envelope=@J10000000001000000050803732|I421rV00;
event mono_ns=580496224267000 frame=1029 held=0 pressed=0 released=2
editbox_emit sequence=509 bytes=38 elapsed_us=2294 envelope=@J10000000001000000050946720|I421tV00;
editbox_emit sequence=510 bytes=38 elapsed_us=2162 envelope=@J10000000001000000051037404|I421vV00;
published_frame=1029
published_frame=1030
event mono_ns=580496269460000 frame=1031 held=4 pressed=4 released=0
published_frame=1031
event mono_ns=580496274710000 frame=1032 held=0 pressed=0 released=4
editbox_receipt monotonic_ns=580496280167904 received=505 consumed=500 revision=172
editbox_emit sequence=511 bytes=38 elapsed_us=2268 envelope=@J10000000001000000051114871|I421xV00;
editbox_emit sequence=512 bytes=38 elapsed_us=2325 envelope=@J10000000001000000051257859|I421zV00;
editbox_emit sequence=513 bytes=38 elapsed_us=2396 envelope=@J10000000001000000051335326|I421_V00;
published_frame=1032
editbox_emit sequence=514 bytes=62 elapsed_us=3771 envelope=@J10000000001000000051455471|I421XW1t001001000Fm31H03_2000001;
editbox_emit sequence=515 bytes=56 elapsed_us=3187 envelope=@J10000000001000000051531422|I421ZW10t002002000Fq22Y07-;
editbox_emit sequence=516 bytes=45 elapsed_us=2287 envelope=@J10000000001000000051629488|I421bW120000020;
published_frame=1033
event mono_ns=580496319894000 frame=1034 held=24 pressed=24 released=0
published_frame=1034
event mono_ns=580496325299000 frame=1035 held=0 pressed=0 released=24
editbox_receipt monotonic_ns=580496337082077 received=505 consumed=505 revision=173
editbox_emit sequence=517 bytes=62 elapsed_us=2973 envelope=@J10000000001000000051707986|I421dW1t00400400003zFC0012000004;
published_frame=1035
editbox_emit sequence=518 bytes=56 elapsed_us=2868 envelope=@J10000000001000000051834250|I421fW10t00O00O00003-UO002;
published_frame=1036
editbox_emit sequence=519 bytes=45 elapsed_us=2712 envelope=@J10000000001000000051962574|I421hW1200000O0;
editbox_receipt monotonic_ns=580496368441293 received=505 consumed=505 revision=174
event mono_ns=580496370685000 frame=1037 held=16 pressed=16 released=0
published_frame=1037
event mono_ns=580496375925000 frame=1038 held=0 pressed=0 released=16
published_frame=1038
editbox_emit sequence=520 bytes=54 elapsed_us=2822 envelope=@J10000000001000000052006278|I421jW1300G00G000200000G;
published_frame=1039
event mono_ns=580496421122000 frame=1040 held=16 pressed=16 released=0
published_frame=1040
editbox_emit sequence=521 bytes=48 elapsed_us=2523 envelope=@J10000000001000000052155197|I421lW10300G00G000;
event mono_ns=580496426363000 frame=1041 held=0 pressed=0 released=16
published_frame=1041
published_frame=1042
editbox_receipt monotonic_ns=580496464760993 received=505 consumed=505 revision=175
editbox_emit sequence=506 bytes=38 elapsed_us=2346 envelope=@J10000000001000000050648798|I421nV00;
event mono_ns=580496471625000 frame=1043 held=32 pressed=32 released=0
published_frame=1043
event mono_ns=580496476922000 frame=1044 held=0 pressed=0 released=32
published_frame=1044
published_frame=1045
event mono_ns=580496522114000 frame=1046 held=64 pressed=64 released=0
published_frame=1046
event mono_ns=580496527384000 frame=1047 held=0 pressed=0 released=64
published_frame=1047
published_frame=1048
event mono_ns=580496572527000 frame=1049 held=256 pressed=256 released=0
published_frame=1049
event mono_ns=580496577882000 frame=1050 held=0 pressed=0 released=256
published_frame=1050
published_frame=1051
event mono_ns=580496623147000 frame=1052 held=512 pressed=512 released=0
published_frame=1052
event mono_ns=580496628445000 frame=1053 held=0 pressed=0 released=512
published_frame=1053
published_frame=1054
event mono_ns=580496673661000 frame=1056 held=128 pressed=128 released=0
published_frame=1055
event mono_ns=580496679015000 frame=1056 held=0 pressed=0 released=128
published_frame=1056
published_frame=1057
event mono_ns=580496724236000 frame=1059 held=16384 pressed=16384 released=0
published_frame=1058
event mono_ns=580496729688000 frame=1059 held=0 pressed=0 released=16384
published_frame=1059
published_frame=1060
published_frame=1061
event mono_ns=580496774970000 frame=1062 held=32 pressed=32 released=0
event mono_ns=580496775099000 frame=1062 held=96 pressed=64 released=0
event mono_ns=580496780267000 frame=1062 held=64 pressed=0 released=32
event mono_ns=580496780312000 frame=1062 held=0 pressed=0 released=64
published_frame=1062
published_frame=1063
published_frame=1064
event mono_ns=580496825520000 frame=1065 held=1 pressed=1 released=0
event mono_ns=580496830908000 frame=1065 held=0 pressed=0 released=1
published_frame=1065
published_frame=1066
published_frame=1067
event mono_ns=580496876164000 frame=1068 held=2 pressed=2 released=0
event mono_ns=580496881485000 frame=1068 held=0 pressed=0 released=2
editbox_receipt monotonic_ns=580496881852801 received=521 consumed=508 revision=176
editbox_emit sequence=522 bytes=45 elapsed_us=2657 envelope=@J10000000001000000052257411|I421nW1200000G0;
editbox_emit sequence=523 bytes=54 elapsed_us=3286 envelope=@J10000000001000000052352911|I421pW1300W00W000200000W;
published_frame=1068
editbox_emit sequence=524 bytes=48 elapsed_us=2427 envelope=@J10000000001000000052435210|I421rW103010010000;
published_frame=1069
published_frame=1070
event mono_ns=580496926705000 frame=1071 held=4 pressed=4 released=0
event mono_ns=580496932015000 frame=1071 held=0 pressed=0 released=4
published_frame=1071
published_frame=1072
editbox_receipt monotonic_ns=580496968062863 received=521 consumed=514 revision=177
editbox_emit sequence=525 bytes=45 elapsed_us=2267 envelope=@J10000000001000000052512918|I421tW120000100;
editbox_emit sequence=526 bytes=57 elapsed_us=2707 envelope=@J10000000001000000052627642|I421vW1B040040000Fy02000040;
published_frame=1073
editbox_emit sequence=527 bytes=51 elapsed_us=2882 envelope=@J10000000001000000052754018|I421xW10B08008000003_;
event mono_ns=580496977231000 frame=1074 held=24 pressed=24 released=0
editbox_emit sequence=528 bytes=45 elapsed_us=2101 envelope=@J10000000001000000052822842|I421zW120000800;
event mono_ns=580496982605000 frame=1074 held=0 pressed=0 released=24
editbox_emit sequence=529 bytes=45 elapsed_us=2213 envelope=@J10000000001000000052945445|I421_W102020020;
editbox_emit sequence=530 bytes=39 elapsed_us=1965 envelope=@J10000000001000000053053824|I421XX100;
published_frame=1074
published_frame=1075
editbox_receipt monotonic_ns=580497011737631 received=521 consumed=520 revision=178
editbox_emit sequence=531 bytes=45 elapsed_us=2724 envelope=@J10000000001000000053131434|I421ZX124004000;
editbox_emit sequence=532 bytes=45 elapsed_us=2703 envelope=@J10000000001000000053265056|I421bX10201W01W;
editbox_emit sequence=533 bytes=39 elapsed_us=2298 envelope=@J10000000001000000053356414|I421dX100;
published_frame=1076
editbox_emit sequence=534 bytes=50 elapsed_us=2939 envelope=@J10000000001000000053400232|I421fX1o0010011H03_0;
event mono_ns=580497027842000 frame=1077 held=16 pressed=16 released=0
editbox_emit sequence=535 bytes=50 elapsed_us=2684 envelope=@J10000000001000000053509892|I421hX10o0020022Y07-;
editbox_emit sequence=536 bytes=39 elapsed_us=1859 envelope=@J10000000001000000053659004|I421jX100;
event mono_ns=580497033242000 frame=1077 held=0 pressed=0 released=16
editbox_receipt monotonic_ns=580497035601299 received=521 consumed=521 revision=179
editbox_emit sequence=537 bytes=50 elapsed_us=2505 envelope=@J10000000001000000053748688|I421lX1o004004FC0010;
published_frame=1077
published_frame=1078
editbox_receipt monotonic_ns=580497067370032 received=521 consumed=521 revision=180
published_frame=1079
event mono_ns=580497078429000 frame=1080 held=16 pressed=16 released=0
event mono_ns=580497083742000 frame=1080 held=0 pressed=0 released=16
published_frame=1080
editbox_receipt monotonic_ns=580497099877751 received=521 consumed=521 revision=181
published_frame=1081
editbox_receipt monotonic_ns=580497120969863 received=521 consumed=521 revision=182
published_frame=1082
event mono_ns=580497128997000 frame=1083 held=32 pressed=32 released=0
event mono_ns=580497134363000 frame=1083 held=0 pressed=0 released=32
editbox_emit sequence=522 bytes=45 elapsed_us=2586 envelope=@J10000000001000000052257411|I421nW1200000G0;
published_frame=1083
published_frame=1084
published_frame=1085
event mono_ns=580497179607000 frame=1086 held=64 pressed=64 released=0
event mono_ns=580497184875000 frame=1086 held=0 pressed=0 released=64
published_frame=1086
published_frame=1087
published_frame=1088
event mono_ns=580497230034000 frame=1089 held=256 pressed=256 released=0
event mono_ns=580497235358000 frame=1089 held=0 pressed=0 released=256
published_frame=1089
published_frame=1090
published_frame=1091
event mono_ns=580497280540000 frame=1092 held=512 pressed=512 released=0
event mono_ns=580497285800000 frame=1092 held=0 pressed=0 released=512
published_frame=1092
published_frame=1093
published_frame=1094
event mono_ns=580497331026000 frame=1095 held=128 pressed=128 released=0
event mono_ns=580497336282000 frame=1095 held=0 pressed=0 released=128
published_frame=1095
published_frame=1096
published_frame=1097
event mono_ns=580497381477000 frame=1098 held=16384 pressed=16384 released=0
event mono_ns=580497386710000 frame=1098 held=0 pressed=0 released=16384
published_frame=1098
published_frame=1099
published_frame=1100
event mono_ns=580497431922000 frame=1101 held=32 pressed=32 released=0
event mono_ns=580497432069000 frame=1101 held=96 pressed=64 released=0
event mono_ns=580497437370000 frame=1101 held=64 pressed=0 released=32
event mono_ns=580497437512000 frame=1101 held=0 pressed=0 released=64
published_frame=1101
published_frame=1102
published_frame=1103
event mono_ns=580497482856000 frame=1104 held=1 pressed=1 released=0
event mono_ns=580497488162000 frame=1104 held=0 pressed=0 released=1
published_frame=1104
published_frame=1105
published_frame=1106
event mono_ns=580497533382000 frame=1107 held=2 pressed=2 released=0
event mono_ns=580497538839000 frame=1107 held=0 pressed=0 released=2
published_frame=1107
published_frame=1108
published_frame=1109
event mono_ns=580497584154000 frame=1110 held=4 pressed=4 released=0
event mono_ns=580497589641000 frame=1110 held=0 pressed=0 released=4
published_frame=1110
editbox_receipt monotonic_ns=580497600212880 received=537 consumed=522 revision=183
editbox_emit sequence=538 bytes=50 elapsed_us=4128 envelope=@J10000000001000000053829685|I421nX10o00O00OUO002;
published_frame=1111
published_frame=1112
event mono_ns=580497634918000 frame=1113 held=24 pressed=24 released=0
published_frame=1113
event mono_ns=580497640212000 frame=1114 held=0 pressed=0 released=24
published_frame=1114
published_frame=1115
editbox_receipt monotonic_ns=580497676274701 received=537 consumed=528 revision=184
editbox_emit sequence=539 bytes=39 elapsed_us=2860 envelope=@J10000000001000000053961594|I421pX100;
editbox_emit sequence=540 bytes=45 elapsed_us=2970 envelope=@J10000000001000000054026143|I421rX1200G00G0;
editbox_emit sequence=541 bytes=45 elapsed_us=2350 envelope=@J10000000001000000054120943|I421tX10200G00G;
event mono_ns=580497685480000 frame=1116 held=16 pressed=16 released=0
editbox_emit sequence=542 bytes=39 elapsed_us=2392 envelope=@J10000000001000000054240080|I421vX100;
event mono_ns=580497690935000 frame=1117 held=0 pressed=0 released=16
published_frame=1116
editbox_emit sequence=543 bytes=45 elapsed_us=2775 envelope=@J10000000001000000054341052|I421xX1200W00W0;
editbox_emit sequence=544 bytes=45 elapsed_us=2715 envelope=@J10000000001000000054408170|I421zX102010010;
published_frame=1117
published_frame=1118
event mono_ns=580497736318000 frame=1119 held=16 pressed=16 released=0
published_frame=1119
event mono_ns=580497741694000 frame=1120 held=0 pressed=0 released=16
published_frame=1120
published_frame=1121
editbox_receipt monotonic_ns=580497786998068 received=537 consumed=534 revision=185
editbox_emit sequence=545 bytes=39 elapsed_us=2808 envelope=@J10000000001000000054542670|I421_X100;
event mono_ns=580497786982000 frame=1122 held=32 pressed=32 released=0
published_frame=1122
editbox_emit sequence=546 bytes=45 elapsed_us=3062 envelope=@J10000000001000000054649435|I421XY120400400;
event mono_ns=580497792369000 frame=1123 held=0 pressed=0 released=32
editbox_emit sequence=547 bytes=45 elapsed_us=3295 envelope=@J10000000001000000054714031|I421ZY102080080;
editbox_emit sequence=548 bytes=39 elapsed_us=2828 envelope=@J10000000001000000054835771|I421bY100;
editbox_emit sequence=549 bytes=45 elapsed_us=3217 envelope=@J10000000001000000054939973|I421dY120200200;
published_frame=1123
editbox_emit sequence=550 bytes=45 elapsed_us=3464 envelope=@J10000000001000000055058495|I421fY102400400;
published_frame=1124
editbox_receipt monotonic_ns=580497826027911 received=537 consumed=537 revision=186
editbox_emit sequence=551 bytes=39 elapsed_us=1905 envelope=@J10000000001000000055114257|I421hY100;
editbox_emit sequence=552 bytes=45 elapsed_us=3014 envelope=@J10000000001000000055258516|I421jY1201W01W0;
editbox_emit sequence=553 bytes=50 elapsed_us=2970 envelope=@J10000000001000000055329288|I421lY10o0010011H03_;
event mono_ns=580497837649000 frame=1125 held=64 pressed=64 released=0
published_frame=1125
event mono_ns=580497842957000 frame=1126 held=0 pressed=0 released=64
editbox_emit sequence=538 bytes=50 elapsed_us=3408 envelope=@J10000000001000000053829685|I421nX10o00O00OUO002;
published_frame=1126
editbox_receipt monotonic_ns=580497860626538 received=537 consumed=537 revision=187
published_frame=1127
editbox_receipt monotonic_ns=580497882088364 received=537 consumed=537 revision=188
event mono_ns=580497888091000 frame=1128 held=256 pressed=256 released=0
published_frame=1128
event mono_ns=580497893460000 frame=1129 held=0 pressed=0 released=256
editbox_receipt monotonic_ns=580497903684270 received=537 consumed=537 revision=189
published_frame=1129
published_frame=1130
event mono_ns=580497938652000 frame=1131 held=512 pressed=512 released=0
published_frame=1131
event mono_ns=580497943914000 frame=1132 held=0 pressed=0 released=512
published_frame=1132
published_frame=1133
event mono_ns=580497989133000 frame=1134 held=128 pressed=128 released=0
published_frame=1134
event mono_ns=580497994547000 frame=1135 held=0 pressed=0 released=128
published_frame=1135
published_frame=1136
event mono_ns=580498039852000 frame=1137 held=16384 pressed=16384 released=0
published_frame=1137
event mono_ns=580498045086000 frame=1138 held=0 pressed=0 released=16384
published_frame=1138
published_frame=1139
event mono_ns=580498090403000 frame=1141 held=32 pressed=32 released=0
event mono_ns=580498090536000 frame=1141 held=96 pressed=64 released=0
published_frame=1140
event mono_ns=580498095739000 frame=1141 held=64 pressed=0 released=32
event mono_ns=580498095833000 frame=1141 held=0 pressed=0 released=64
editbox_emit sequence=538 bytes=50 elapsed_us=3026 envelope=@J10000000001000000053829685|I421nX10o00O00OUO002;
published_frame=1141
published_frame=1142
published_frame=1143
published_frame=1144
published_frame=1145
published_frame=1146
published_frame=1147
published_frame=1148
published_frame=1149
published_frame=1150
published_frame=1151
published_frame=1152
published_frame=1153
published_frame=1154
published_frame=1155
published_frame=1156
published_frame=1157
editbox_receipt monotonic_ns=580498375266598 received=553 consumed=537 revision=190
published_frame=1158
published_frame=1159
published_frame=1160
published_frame=1161
editbox_receipt monotonic_ns=580498440490216 received=553 consumed=543 revision=191
editbox_emit sequence=554 bytes=39 elapsed_us=2612 envelope=@J10000000001000000055416847|I421nY100;
editbox_emit sequence=555 bytes=50 elapsed_us=2835 envelope=@J10000000001000000055560846|I421pY1o0020022Y07-0;
editbox_emit sequence=556 bytes=50 elapsed_us=3428 envelope=@J10000000001000000055612468|I421rY10o004004FC001;
editbox_emit sequence=557 bytes=39 elapsed_us=2391 envelope=@J10000000001000000055719437|I421tY100;
published_frame=1162
editbox_emit sequence=558 bytes=62 elapsed_us=5658 envelope=@J10000000001000000055832987|I421vY1t00O00O00003-UO002200000O;
editbox_emit sequence=559 bytes=48 elapsed_us=2684 envelope=@J10000000001000000055938155|I421xY10300G00G000;
published_frame=1163
editbox_receipt monotonic_ns=580498486768224 received=553 consumed=549 revision=192
editbox_emit sequence=560 bytes=45 elapsed_us=3669 envelope=@J10000000001000000056046593|I421zY1200000G0;
published_frame=1164
editbox_emit sequence=561 bytes=54 elapsed_us=2856 envelope=@J10000000001000000056148698|I421_Y1300G00G000200000G;
editbox_emit sequence=562 bytes=48 elapsed_us=2403 envelope=@J10000000001000000056209432|I421XZ10300W00W000;
editbox_emit sequence=563 bytes=45 elapsed_us=2416 envelope=@J10000000001000000056325151|I421ZZ1200000W0;
editbox_emit sequence=564 bytes=54 elapsed_us=2539 envelope=@J10000000001000000056418981|I421bZ130100100002000010;
published_frame=1165
editbox_emit sequence=565 bytes=51 elapsed_us=2996 envelope=@J10000000001000000056542836|I421dZ10B040040000Fy0;
published_frame=1166
published_frame=1167
published_frame=1168
published_frame=1169
published_frame=1170
published_frame=1171
published_frame=1172
published_frame=1173
published_frame=1174
published_frame=1175
published_frame=1176
editbox_emit sequence=554 bytes=39 elapsed_us=2977 envelope=@J10000000001000000055416847|I421nY100;
published_frame=1177
published_frame=1178
published_frame=1179
published_frame=1180
published_frame=1181
published_frame=1182
published_frame=1183
editbox_receipt monotonic_ns=580498814129090 received=565 consumed=553 revision=193
editbox_emit sequence=566 bytes=45 elapsed_us=2329 envelope=@J10000000001000000056634603|I421fZ120000400;
editbox_emit sequence=567 bytes=57 elapsed_us=2908 envelope=@J10000000001000000056741135|I421hZ1B08008000003_2000080;
editbox_emit sequence=568 bytes=48 elapsed_us=2559 envelope=@J10000000001000000056834979|I421jZ103020020000;
published_frame=1184
editbox_emit sequence=569 bytes=45 elapsed_us=2722 envelope=@J10000000001000000056901686|I421lZ120000200;
editbox_receipt monotonic_ns=580498837603698 received=565 consumed=553 revision=194
published_frame=1185
published_frame=1186
published_frame=1187
published_frame=1188
published_frame=1189
published_frame=1190
published_frame=1191
editbox_receipt monotonic_ns=580498945725789 received=565 consumed=553 revision=195
published_frame=1192
published_frame=1193
editbox_receipt monotonic_ns=580498977350032 received=565 consumed=553 revision=196
published_frame=1194
published_frame=1195
editbox_receipt monotonic_ns=580499021474574 received=565 consumed=553 revision=197
published_frame=1196
published_frame=1197
editbox_receipt monotonic_ns=580499042498278 received=565 consumed=553 revision=198
published_frame=1198
editbox_emit sequence=566 bytes=45 elapsed_us=2876 envelope=@J10000000001000000056634603|I421fZ120000400;
published_frame=1199
published_frame=1200
published_frame=1201
published_frame=1202
published_frame=1203
published_frame=1204
editbox_receipt monotonic_ns=580499160429665 received=565 consumed=557 revision=199
published_frame=1205
published_frame=1206
editbox_receipt monotonic_ns=580499202553076 received=565 consumed=563 revision=200
published_frame=1207
published_frame=1208
editbox_receipt monotonic_ns=580499234740224 received=565 consumed=565 revision=201
published_frame=1209
published_frame=1210
published_frame=1211
published_frame=1212
published_frame=1213
editbox_emit sequence=566 bytes=45 elapsed_us=2575 envelope=@J10000000001000000056634603|I421fZ120000400;
published_frame=1214
published_frame=1215
editbox_receipt monotonic_ns=580499342217877 received=569 consumed=569 revision=202
editbox_emit sequence=570 bytes=54 elapsed_us=3376 envelope=@J10000000001000000057021414|I421nZ134004000002000400;
editbox_emit sequence=571 bytes=39 elapsed_us=2345 envelope=@J10000000001000000057161188|I421pZ100;
editbox_emit sequence=572 bytes=45 elapsed_us=2747 envelope=@J10000000001000000057262295|I421rZ1201W01W0;
editbox_emit sequence=573 bytes=54 elapsed_us=3533 envelope=@J10000000001000000057348372|JP100000000010000000001P;
published_frame=1216
editbox_emit sequence=574 bytes=39 elapsed_us=2491 envelope=@J10000000001000000057408531|I421tZ100;
editbox_emit sequence=575 bytes=39 elapsed_us=2445 envelope=@J10000000001000000057553075|I421vZ100;
editbox_emit sequence=576 bytes=39 elapsed_us=2931 envelope=@J10000000001000000057632098|I421xZ100;
editbox_emit sequence=577 bytes=39 elapsed_us=4106 envelope=@J10000000001000000057711121|I421zZ100;
published_frame=1217
editbox_emit sequence=578 bytes=39 elapsed_us=2597 envelope=@J10000000001000000057855665|I421_Z100;
editbox_emit sequence=579 bytes=39 elapsed_us=2484 envelope=@J10000000001000000057925199|I421Xa100;
editbox_emit sequence=580 bytes=39 elapsed_us=2254 envelope=@J10000000001000000058045639|I421Za100;
published_frame=1218
editbox_emit sequence=581 bytes=39 elapsed_us=2161 envelope=@J10000000001000000058124662|I421ba100;
editbox_emit sequence=582 bytes=39 elapsed_us=1955 envelope=@J10000000001000000058203685|I421da100;
editbox_emit sequence=583 bytes=39 elapsed_us=1936 envelope=@J10000000001000000058348229|I421fa100;
editbox_emit sequence=584 bytes=39 elapsed_us=1844 envelope=@J10000000001000000058427252|I421ha100;
editbox_emit sequence=585 bytes=39 elapsed_us=1882 envelope=@J10000000001000000058506275|I421ja100;
published_frame=1219
editbox_receipt monotonic_ns=580499412729937 received=569 consumed=569 revision=203
published_frame=1220
published_frame=1221
published_frame=1222
published_frame=1223
editbox_receipt monotonic_ns=580499478290285 received=569 consumed=569 revision=204
published_frame=1224
published_frame=1225
published_frame=1226
published_frame=1227
published_frame=1228
published_frame=1229
published_frame=1230
editbox_emit sequence=570 bytes=54 elapsed_us=2941 envelope=@J10000000001000000057021414|I421nZ134004000002000400;
published_frame=1231
published_frame=1232
editbox_receipt monotonic_ns=580499629413803 received=569 consumed=569 revision=205
published_frame=1233
published_frame=1234
published_frame=1235
published_frame=1236
editbox_receipt monotonic_ns=580499692352378 received=569 consumed=569 revision=206
published_frame=1237
published_frame=1238
editbox_receipt monotonic_ns=580499724477990 received=569 consumed=569 revision=207
published_frame=1239
published_frame=1240
published_frame=1241
published_frame=1242
published_frame=1243
published_frame=1244
published_frame=1245
editbox_emit sequence=570 bytes=54 elapsed_us=3130 envelope=@J10000000001000000057021414|I421nZ134004000002000400;
published_frame=1246
published_frame=1247
published_frame=1248
published_frame=1249
published_frame=1250
published_frame=1251
published_frame=1252
published_frame=1253
published_frame=1254
published_frame=1255
published_frame=1256
published_frame=1257
published_frame=1258
published_frame=1259
published_frame=1260
published_frame=1261
published_frame=1262
published_frame=1263
published_frame=1264
published_frame=1265
editbox_receipt monotonic_ns=580500188087655 received=585 consumed=574 revision=208
editbox_emit sequence=586 bytes=39 elapsed_us=2606 envelope=@J10000000001000000058650819|I421la100;
published_frame=1266
editbox_emit sequence=587 bytes=39 elapsed_us=2404 envelope=@J10000000001000000058729842|I421na100;
editbox_emit sequence=588 bytes=39 elapsed_us=2710 envelope=@J10000000001000000058808865|I421pa100;
editbox_emit sequence=589 bytes=39 elapsed_us=2794 envelope=@J10000000001000000058953409|I421ra100;
editbox_emit sequence=590 bytes=39 elapsed_us=2309 envelope=@J10000000001000000059008328|I421ta100;
published_frame=1267
published_frame=1268
published_frame=1269
editbox_receipt monotonic_ns=580500244173255 received=585 consumed=580 revision=209
editbox_emit sequence=591 bytes=39 elapsed_us=2549 envelope=@J10000000001000000059152872|I421va100;
editbox_emit sequence=592 bytes=39 elapsed_us=2631 envelope=@J10000000001000000059231895|I421xa100;
editbox_emit sequence=593 bytes=39 elapsed_us=2710 envelope=@J10000000001000000059310918|I421za100;
editbox_emit sequence=594 bytes=39 elapsed_us=2864 envelope=@J10000000001000000059455462|I421_a100;
published_frame=1270
editbox_emit sequence=595 bytes=39 elapsed_us=2863 envelope=@J10000000001000000059524996|I421Xb100;
editbox_emit sequence=596 bytes=39 elapsed_us=4152 envelope=@J10000000001000000059604019|I421Zb100;
published_frame=1271
editbox_receipt monotonic_ns=580500281259596 received=585 consumed=585 revision=210
editbox_emit sequence=597 bytes=39 elapsed_us=2288 envelope=@J10000000001000000059748563|I421bb100;
editbox_emit sequence=598 bytes=39 elapsed_us=2496 envelope=@J10000000001000000059827586|I421db100;
editbox_emit sequence=599 bytes=39 elapsed_us=2803 envelope=@J10000000001000000059906609|I421fb100;
published_frame=1272
editbox_emit sequence=600 bytes=39 elapsed_us=2550 envelope=@J10000000001000000060004877|I421hb100;
editbox_emit sequence=601 bytes=39 elapsed_us=2181 envelope=@J10000000001000000060149421|I421jb100;
published_frame=1273
editbox_receipt monotonic_ns=580500314132659 received=585 consumed=585 revision=211
published_frame=1274
published_frame=1275
published_frame=1276
editbox_receipt monotonic_ns=580500366913966 received=585 consumed=585 revision=212
published_frame=1277
editbox_receipt monotonic_ns=580500388653392 received=585 consumed=585 revision=213
published_frame=1278
published_frame=1279
editbox_receipt monotonic_ns=580500410124284 received=585 consumed=585 revision=214
published_frame=1280
editbox_emit sequence=586 bytes=39 elapsed_us=2375 envelope=@J10000000001000000058650819|I421la100;
published_frame=1281
published_frame=1282
published_frame=1283
published_frame=1284
published_frame=1285
published_frame=1286
published_frame=1287
published_frame=1288
published_frame=1289
published_frame=1290
published_frame=1291
published_frame=1292
published_frame=1293
published_frame=1294
published_frame=1295
published_frame=1296
published_frame=1297
editbox_receipt monotonic_ns=580500716512101 received=601 consumed=586 revision=215
editbox_emit sequence=602 bytes=39 elapsed_us=2597 envelope=@J10000000001000000060228444|I421lb100;
published_frame=1298
published_frame=1299
published_frame=1300
editbox_receipt monotonic_ns=580500768921160 received=601 consumed=592 revision=216
editbox_emit sequence=603 bytes=39 elapsed_us=2345 envelope=@J10000000001000000060307467|I421nb100;
editbox_emit sequence=604 bytes=39 elapsed_us=2485 envelope=@J10000000001000000060452011|I421pb100;
published_frame=1301
editbox_emit sequence=605 bytes=39 elapsed_us=2697 envelope=@J10000000001000000060531034|I421rb100;
editbox_emit sequence=606 bytes=39 elapsed_us=2256 envelope=@J10000000001000000060610057|I421tb100;
editbox_emit sequence=607 bytes=39 elapsed_us=2349 envelope=@J10000000001000000060754601|I421vb100;
editbox_emit sequence=608 bytes=39 elapsed_us=2476 envelope=@J10000000001000000060833624|I421xb100;
published_frame=1302
published_frame=1303
published_frame=1304
editbox_receipt monotonic_ns=580500834853085 received=601 consumed=598 revision=217
editbox_emit sequence=609 bytes=39 elapsed_us=3160 envelope=@J10000000001000000060912647|I421zb100;
editbox_emit sequence=610 bytes=39 elapsed_us=4518 envelope=@J10000000001000000061033087|I421_b100;
published_frame=1305
editbox_emit sequence=611 bytes=39 elapsed_us=2575 envelope=@J10000000001000000061102621|I421Xc100;
editbox_emit sequence=612 bytes=39 elapsed_us=2585 envelope=@J10000000001000000061247165|I421Zc100;
editbox_emit sequence=613 bytes=39 elapsed_us=2708 envelope=@J10000000001000000061326188|I421bc100;
published_frame=1306
editbox_emit sequence=614 bytes=39 elapsed_us=2567 envelope=@J10000000001000000061405211|I421dc100;
editbox_receipt monotonic_ns=580500869582678 received=601 consumed=601 revision=218
editbox_emit sequence=615 bytes=39 elapsed_us=2716 envelope=@J10000000001000000061549755|I421fc100;
published_frame=1307
editbox_emit sequence=616 bytes=39 elapsed_us=3340 envelope=@J10000000001000000061628778|I421hc100;
editbox_emit sequence=617 bytes=39 elapsed_us=2955 envelope=@J10000000001000000061707801|I421jc100;
published_frame=1308
editbox_receipt monotonic_ns=580500904778135 received=601 consumed=601 revision=219
published_frame=1309
published_frame=1310
editbox_receipt monotonic_ns=580500936169431 received=601 consumed=601 revision=220
published_frame=1311
published_frame=1312
editbox_emit sequence=602 bytes=39 elapsed_us=2241 envelope=@J10000000001000000060228444|I421lb100;
editbox_receipt monotonic_ns=580500970874147 received=601 consumed=601 revision=221
published_frame=1313
published_frame=1314
published_frame=1315
published_frame=1316
published_frame=1317
published_frame=1318
published_frame=1319
published_frame=1320
published_frame=1321
published_frame=1322
published_frame=1323
published_frame=1324
published_frame=1325
published_frame=1326
published_frame=1327
editbox_emit sequence=602 bytes=39 elapsed_us=2687 envelope=@J10000000001000000060228444|I421lb100;
published_frame=1328
published_frame=1329
published_frame=1330
published_frame=1331
published_frame=1332
published_frame=1333
published_frame=1334
control sequence=1 state=PREPARE frame=1335 epoch_ns=580501332997849
input_armed=true gameplay_armed=false mono_ns=580501334798173
editbox_receipt monotonic_ns=580501407989204 received=617 consumed=605 revision=222
editbox_emit sequence=618 bytes=39 elapsed_us=2242 envelope=@J10000000001000000061852345|I421lc100;
editbox_emit sequence=619 bytes=39 elapsed_us=2070 envelope=@J10000000001000000061931368|I421nc100;
editbox_emit sequence=620 bytes=39 elapsed_us=2032 envelope=@J10000000001000000062051808|I421pc100;
editbox_emit sequence=621 bytes=39 elapsed_us=2071 envelope=@J10000000001000000062130831|I421rc100;
editbox_receipt monotonic_ns=580501439696953 received=617 consumed=611 revision=223
editbox_emit sequence=622 bytes=39 elapsed_us=2166 envelope=@J10000000001000000062209854|I421tc100;
editbox_emit sequence=623 bytes=39 elapsed_us=2289 envelope=@J10000000001000000062354398|I421vc100;
editbox_emit sequence=624 bytes=39 elapsed_us=1863 envelope=@J10000000001000000062433421|I421xc100;
editbox_emit sequence=625 bytes=39 elapsed_us=2023 envelope=@J10000000001000000062512444|I421zc100;
editbox_emit sequence=626 bytes=39 elapsed_us=2249 envelope=@J10000000001000000062656988|I421_c100;
editbox_emit sequence=627 bytes=39 elapsed_us=2353 envelope=@J10000000001000000062726522|I421Xd100;
editbox_receipt monotonic_ns=580501483795376 received=617 consumed=617 revision=224
editbox_emit sequence=628 bytes=39 elapsed_us=2484 envelope=@J10000000001000000062805545|I421Zd100;
editbox_emit sequence=629 bytes=39 elapsed_us=1908 envelope=@J10000000001000000062950089|I421bd100;
editbox_emit sequence=630 bytes=39 elapsed_us=1781 envelope=@J10000000001000000063005008|I421dd100;
editbox_emit sequence=631 bytes=39 elapsed_us=1896 envelope=@J10000000001000000063149552|I421fd100;
editbox_emit sequence=632 bytes=39 elapsed_us=1767 envelope=@J10000000001000000063228575|I421hd100;
editbox_emit sequence=633 bytes=39 elapsed_us=1842 envelope=@J10000000001000000063307598|I421jd100;
editbox_receipt monotonic_ns=580501516247420 received=617 consumed=617 revision=225
editbox_receipt monotonic_ns=580501547330569 received=617 consumed=617 revision=226
editbox_emit sequence=618 bytes=39 elapsed_us=2326 envelope=@J10000000001000000061852345|I421lc100;
editbox_receipt monotonic_ns=580501879616155 received=633 consumed=617 revision=227
editbox_receipt monotonic_ns=580501954309401 received=633 consumed=620 revision=228
editbox_emit sequence=634 bytes=39 elapsed_us=2515 envelope=@J10000000001000000063452142|I421ld100;
editbox_emit sequence=635 bytes=39 elapsed_us=1971 envelope=@J10000000001000000063531165|I421nd100;
editbox_emit sequence=636 bytes=39 elapsed_us=1979 envelope=@J10000000001000000063610188|I421pd100;
editbox_receipt monotonic_ns=580502005594955 received=633 consumed=626 revision=229
editbox_emit sequence=637 bytes=39 elapsed_us=2551 envelope=@J10000000001000000063754732|I421rd100;
editbox_emit sequence=638 bytes=39 elapsed_us=1858 envelope=@J10000000001000000063833755|I421td100;
editbox_emit sequence=639 bytes=39 elapsed_us=1845 envelope=@J10000000001000000063912778|I421vd100;
editbox_emit sequence=640 bytes=39 elapsed_us=2225 envelope=@J10000000001000000064033218|I421xd100;
editbox_emit sequence=641 bytes=39 elapsed_us=2169 envelope=@J10000000001000000064112241|I421zd100;
editbox_emit sequence=642 bytes=39 elapsed_us=2190 envelope=@J10000000001000000064256785|I421_d100;
editbox_receipt monotonic_ns=580502037973061 received=633 consumed=632 revision=230
editbox_emit sequence=643 bytes=39 elapsed_us=2382 envelope=@J10000000001000000064326319|I421Xe100;
editbox_emit sequence=644 bytes=39 elapsed_us=2387 envelope=@J10000000001000000064405342|I421Ze100;
editbox_emit sequence=645 bytes=39 elapsed_us=2262 envelope=@J10000000001000000064549886|I421be100;
editbox_emit sequence=646 bytes=39 elapsed_us=2330 envelope=@J10000000001000000064628909|I421de100;
editbox_emit sequence=647 bytes=39 elapsed_us=2236 envelope=@J10000000001000000064707932|I421fe100;
editbox_emit sequence=648 bytes=39 elapsed_us=2695 envelope=@J10000000001000000064852476|I421he100;
editbox_receipt monotonic_ns=580502072547272 received=633 consumed=633 revision=231
editbox_emit sequence=649 bytes=39 elapsed_us=2241 envelope=@J10000000001000000064931499|I421je100;
editbox_receipt monotonic_ns=580502104235184 received=633 consumed=633 revision=232
editbox_emit sequence=634 bytes=39 elapsed_us=2033 envelope=@J10000000001000000063452142|I421ld100;
editbox_receipt monotonic_ns=580502405870694 received=649 consumed=633 revision=233
editbox_receipt monotonic_ns=580502500731230 received=649 consumed=637 revision=234
editbox_emit sequence=650 bytes=39 elapsed_us=2143 envelope=@J10000000001000000065051939|I421le100;
editbox_emit sequence=651 bytes=39 elapsed_us=2094 envelope=@J10000000001000000065130962|I421ne100;
editbox_emit sequence=652 bytes=39 elapsed_us=1884 envelope=@J10000000001000000065209985|I421pe100;
editbox_emit sequence=653 bytes=39 elapsed_us=1957 envelope=@J10000000001000000065354529|I421re100;
editbox_receipt monotonic_ns=580502542688169 received=649 consumed=643 revision=235
editbox_emit sequence=654 bytes=39 elapsed_us=2260 envelope=@J10000000001000000065433552|I421te100;
editbox_emit sequence=655 bytes=39 elapsed_us=1935 envelope=@J10000000001000000065512575|I421ve100;
editbox_emit sequence=656 bytes=39 elapsed_us=1978 envelope=@J10000000001000000065657119|I421xe100;
editbox_emit sequence=657 bytes=39 elapsed_us=2040 envelope=@J10000000001000000065736142|I421ze100;
editbox_emit sequence=658 bytes=39 elapsed_us=1894 envelope=@J10000000001000000065815165|I421_e100;
editbox_emit sequence=659 bytes=39 elapsed_us=1877 envelope=@J10000000001000000065950220|I421Xf100;
editbox_receipt monotonic_ns=580502584670365 received=649 consumed=649 revision=236
editbox_emit sequence=660 bytes=39 elapsed_us=2035 envelope=@J10000000001000000066005139|I421Zf100;
editbox_emit sequence=661 bytes=39 elapsed_us=1888 envelope=@J10000000001000000066149683|I421bf100;
editbox_emit sequence=662 bytes=39 elapsed_us=1963 envelope=@J10000000001000000066228706|I421df100;
editbox_emit sequence=663 bytes=39 elapsed_us=1854 envelope=@J10000000001000000066307729|I421ff100;
editbox_emit sequence=664 bytes=39 elapsed_us=2044 envelope=@J10000000001000000066452273|I421hf100;
editbox_emit sequence=665 bytes=39 elapsed_us=1859 envelope=@J10000000001000000066531296|I421jf100;
editbox_receipt monotonic_ns=580502626680323 received=649 consumed=649 revision=237
editbox_emit sequence=650 bytes=39 elapsed_us=2119 envelope=@J10000000001000000065051939|I421le100;
editbox_receipt monotonic_ns=580502924999197 received=665 consumed=649 revision=238
editbox_receipt monotonic_ns=580502998323908 received=665 consumed=652 revision=239
editbox_emit sequence=666 bytes=39 elapsed_us=2451 envelope=@J10000000001000000066610319|I421lf100;
editbox_emit sequence=667 bytes=39 elapsed_us=1989 envelope=@J10000000001000000066754863|I421nf100;
editbox_emit sequence=668 bytes=39 elapsed_us=2056 envelope=@J10000000001000000066833886|I421pf100;
editbox_receipt monotonic_ns=580503040409468 received=665 consumed=658 revision=240
editbox_emit sequence=669 bytes=39 elapsed_us=2687 envelope=@J10000000001000000066912909|I421rf100;
editbox_emit sequence=670 bytes=49 elapsed_us=4610 envelope=@J10000000001000000067050833|ACK1|1|PREPARE|1335;
editbox_receipt monotonic_ns=580503081906966 received=665 consumed=664 revision=241
editbox_receipt monotonic_ns=580503158544426 received=670 consumed=665 revision=242
editbox_receipt monotonic_ns=580503190977315 received=670 consumed=665 revision=243
editbox_receipt monotonic_ns=580503254598258 received=670 consumed=666 revision=244
editbox_receipt monotonic_ns=580503308918720 received=670 consumed=670 revision=245
editbox_receipt monotonic_ns=580503344756240 received=670 consumed=670 revision=246
editbox_receipt monotonic_ns=580503387836705 received=670 consumed=670 revision=247
control sequence=2 state=PAUSE_COMMIT target=1335 frontier=1335 epoch_ns=580503475757413
input_armed=true gameplay_armed=true mono_ns=580503475899589
control sequence=2 state=PAUSE frame=1335 epoch_ns=580503475757413
editbox_emit sequence=671 bytes=47 elapsed_us=3783 envelope=@J10000000001000000067104348|ACK1|2|PAUSE|1335;
input_armed=true gameplay_armed=false mono_ns=580503481366786
editbox_receipt monotonic_ns=580503483987738 received=670 consumed=670 revision=248
editbox_receipt monotonic_ns=580503535620803 received=671 consumed=671 revision=249
editbox_receipt monotonic_ns=580503591268313 received=671 consumed=671 revision=250
editbox_receipt monotonic_ns=580503696915215 received=671 consumed=671 revision=251
editbox_receipt monotonic_ns=580503791372955 received=671 consumed=671 revision=252
editbox_receipt monotonic_ns=580503899988180 received=671 consumed=671 revision=253
editbox_receipt monotonic_ns=580504009061605 received=671 consumed=671 revision=254
editbox_receipt monotonic_ns=580504114887773 received=671 consumed=671 revision=255
editbox_receipt monotonic_ns=580504201588013 received=671 consumed=671 revision=256
editbox_receipt monotonic_ns=580504301362739 received=671 consumed=671 revision=257
editbox_receipt monotonic_ns=580504398825582 received=671 consumed=671 revision=258
editbox_receipt monotonic_ns=580504487497648 received=671 consumed=671 revision=259
editbox_receipt monotonic_ns=580504607606396 received=671 consumed=671 revision=260
editbox_receipt monotonic_ns=580504706835910 received=671 consumed=671 revision=261
editbox_receipt monotonic_ns=580504793124850 received=671 consumed=671 revision=262
editbox_receipt monotonic_ns=580504888903636 received=671 consumed=671 revision=263
editbox_receipt monotonic_ns=580505009197170 received=671 consumed=671 revision=264
editbox_receipt monotonic_ns=580505103436561 received=671 consumed=671 revision=265
editbox_receipt monotonic_ns=580505197287794 received=671 consumed=671 revision=266
editbox_receipt monotonic_ns=580505297968949 received=671 consumed=671 revision=267
editbox_receipt monotonic_ns=580505404545353 received=671 consumed=671 revision=268
editbox_receipt monotonic_ns=580505494109241 received=671 consumed=671 revision=269
editbox_receipt monotonic_ns=580505590347158 received=671 consumed=671 revision=270
editbox_receipt monotonic_ns=580505703421401 received=671 consumed=671 revision=271
editbox_receipt monotonic_ns=580505799594456 received=671 consumed=671 revision=272
editbox_receipt monotonic_ns=580505896256608 received=671 consumed=671 revision=273
editbox_receipt monotonic_ns=580505992920474 received=671 consumed=671 revision=274
editbox_receipt monotonic_ns=580506101656495 received=671 consumed=671 revision=275
editbox_receipt monotonic_ns=580506199308333 received=671 consumed=671 revision=276
editbox_receipt monotonic_ns=580506298036687 received=671 consumed=671 revision=277
editbox_receipt monotonic_ns=580506396972190 received=671 consumed=671 revision=278
editbox_receipt monotonic_ns=580506506258483 received=671 consumed=671 revision=279
editbox_receipt monotonic_ns=580506604934590 received=671 consumed=671 revision=280
editbox_receipt monotonic_ns=580506692746755 received=671 consumed=671 revision=281
editbox_receipt monotonic_ns=580506790376981 received=671 consumed=671 revision=282
editbox_receipt monotonic_ns=580506908926386 received=671 consumed=671 revision=283
editbox_receipt monotonic_ns=580506995778872 received=671 consumed=671 revision=284
editbox_receipt monotonic_ns=580507092942594 received=671 consumed=671 revision=285
editbox_receipt monotonic_ns=580507188886159 received=671 consumed=671 revision=286
editbox_receipt monotonic_ns=580507307822099 received=671 consumed=671 revision=287
editbox_receipt monotonic_ns=580507399391686 received=671 consumed=671 revision=288
editbox_receipt monotonic_ns=580507495603133 received=671 consumed=671 revision=289
editbox_receipt monotonic_ns=580507603579351 received=671 consumed=671 revision=290
editbox_receipt monotonic_ns=580507689224123 received=671 consumed=671 revision=291
editbox_receipt monotonic_ns=580507798830496 received=671 consumed=671 revision=292
editbox_receipt monotonic_ns=580507911477398 received=671 consumed=671 revision=293
editbox_receipt monotonic_ns=580508009589037 received=671 consumed=671 revision=294
editbox_receipt monotonic_ns=580508107318490 received=671 consumed=671 revision=295
editbox_receipt monotonic_ns=580508205389893 received=671 consumed=671 revision=296
editbox_receipt monotonic_ns=580508293500868 received=671 consumed=671 revision=297
editbox_receipt monotonic_ns=580508412819735 received=671 consumed=671 revision=298
editbox_receipt monotonic_ns=580508500360991 received=671 consumed=671 revision=299
editbox_receipt monotonic_ns=580508599410107 received=671 consumed=671 revision=300
editbox_receipt monotonic_ns=580508697454400 received=671 consumed=671 revision=301
editbox_receipt monotonic_ns=580508814630451 received=671 consumed=671 revision=302
editbox_receipt monotonic_ns=580508901192302 received=671 consumed=671 revision=303
editbox_receipt monotonic_ns=580508998622794 received=671 consumed=671 revision=304
editbox_receipt monotonic_ns=580509097294543 received=671 consumed=671 revision=305
editbox_receipt monotonic_ns=580509208452163 received=671 consumed=671 revision=306
editbox_receipt monotonic_ns=580509308372993 received=671 consumed=671 revision=307
editbox_receipt monotonic_ns=580509406539114 received=671 consumed=671 revision=308
editbox_receipt monotonic_ns=580509503080429 received=671 consumed=671 revision=309
editbox_receipt monotonic_ns=580509613844081 received=671 consumed=671 revision=310
editbox_receipt monotonic_ns=580509712158230 received=671 consumed=671 revision=311
editbox_receipt monotonic_ns=580509800879959 received=671 consumed=671 revision=312
editbox_receipt monotonic_ns=580509897111063 received=671 consumed=671 revision=313
editbox_receipt monotonic_ns=580510013520518 received=671 consumed=671 revision=314
editbox_receipt monotonic_ns=580510106213921 received=671 consumed=671 revision=315
editbox_receipt monotonic_ns=580510219632038 received=671 consumed=671 revision=316
editbox_receipt monotonic_ns=580510306127505 received=671 consumed=671 revision=317
editbox_receipt monotonic_ns=580510402907057 received=671 consumed=671 revision=318
editbox_receipt monotonic_ns=580510511460296 received=671 consumed=671 revision=319
editbox_receipt monotonic_ns=580510607071479 received=671 consumed=671 revision=320
editbox_receipt monotonic_ns=580510703381180 received=671 consumed=671 revision=321
editbox_receipt monotonic_ns=580510800098506 received=671 consumed=671 revision=322
editbox_receipt monotonic_ns=580510908483139 received=671 consumed=671 revision=323
editbox_receipt monotonic_ns=580511004322298 received=671 consumed=671 revision=324
editbox_receipt monotonic_ns=580511099410841 received=671 consumed=671 revision=325
editbox_receipt monotonic_ns=580511195579618 received=671 consumed=671 revision=326
editbox_receipt monotonic_ns=580511291954422 received=671 consumed=671 revision=327
editbox_receipt monotonic_ns=580511409036186 received=671 consumed=671 revision=328
editbox_receipt monotonic_ns=580511507565046 received=671 consumed=671 revision=329
editbox_receipt monotonic_ns=580511604133072 received=671 consumed=671 revision=330
editbox_receipt monotonic_ns=580511696706280 received=671 consumed=671 revision=331
editbox_receipt monotonic_ns=580511805106673 received=671 consumed=671 revision=332
editbox_emit sequence=672 bytes=54 elapsed_us=3078 envelope=@J10000000001000000067245522|JP100000000010000000003R;
suppressed mono_ns=580511838734000 reason=focus-pause-or-neutral
editbox_receipt monotonic_ns=580511909681445 received=672 consumed=672 revision=333
suppressed mono_ns=580511958991000 reason=focus-pause-or-neutral
control sequence=3 state=RESUME frame=1335 epoch_ns=580512025302541 read_ns=580512026286095 uncertainty_ns=1100306 timestamp_resolution_ns=1000000
input_armed=true gameplay_armed=true mono_ns=580512026247844
editbox_emit sequence=673 bytes=48 elapsed_us=3275 envelope=@J10000000001000000067352767|ACK1|3|RESUME|1335;
published_frame=1335
editbox_receipt monotonic_ns=580512053916633 received=673 consumed=673 revision=334
published_frame=1336
editbox_emit sequence=674 bytes=39 elapsed_us=2603 envelope=@J10000000001000000067456058|I421tf100;
published_frame=1337
published_frame=1338
editbox_emit sequence=675 bytes=39 elapsed_us=2161 envelope=@J10000000001000000067535081|I421vf100;
published_frame=1339
editbox_receipt monotonic_ns=580512111783051 received=675 consumed=673 revision=335
published_frame=1340
editbox_emit sequence=676 bytes=39 elapsed_us=2473 envelope=@J10000000001000000067614104|I421xf100;
published_frame=1341
published_frame=1342
editbox_emit sequence=677 bytes=39 elapsed_us=2580 envelope=@J10000000001000000067758648|I421zf100;
published_frame=1343
published_frame=1344
editbox_emit sequence=678 bytes=39 elapsed_us=2649 envelope=@J10000000001000000067837671|I421_f100;
published_frame=1345
editbox_receipt monotonic_ns=580512209338617 received=677 consumed=676 revision=336
published_frame=1346
editbox_emit sequence=679 bytes=39 elapsed_us=2355 envelope=@J10000000001000000067907205|I421Xg100;
published_frame=1347
published_frame=1348
editbox_emit sequence=680 bytes=39 elapsed_us=2054 envelope=@J10000000001000000068027645|I421Zg100;
published_frame=1349
published_frame=1350
editbox_emit sequence=681 bytes=39 elapsed_us=2727 envelope=@J10000000001000000068106668|I421bg100;
published_frame=1351
published_frame=1352
editbox_receipt monotonic_ns=580512325858829 received=681 consumed=681 revision=337
editbox_emit sequence=682 bytes=39 elapsed_us=2561 envelope=@J10000000001000000068251212|I421dg100;
published_frame=1353
published_frame=1354
editbox_emit sequence=683 bytes=39 elapsed_us=2598 envelope=@J10000000001000000068330235|I421fg100;
published_frame=1355
published_frame=1356
editbox_emit sequence=684 bytes=39 elapsed_us=2422 envelope=@J10000000001000000068409258|I421hg100;
published_frame=1357
published_frame=1358
editbox_emit sequence=685 bytes=39 elapsed_us=2486 envelope=@J10000000001000000068553802|I421jg100;
editbox_receipt monotonic_ns=580512430890457 received=684 consumed=684 revision=338
published_frame=1359
published_frame=1360
editbox_emit sequence=686 bytes=39 elapsed_us=2321 envelope=@J10000000001000000068632825|I421lg100;
published_frame=1361
published_frame=1362
editbox_emit sequence=687 bytes=39 elapsed_us=2104 envelope=@J10000000001000000068711848|I421ng100;
published_frame=1363
published_frame=1364
editbox_emit sequence=688 bytes=39 elapsed_us=2131 envelope=@J10000000001000000068856392|I421pg100;
editbox_receipt monotonic_ns=580512530760211 received=687 consumed=687 revision=339
published_frame=1365
published_frame=1366
editbox_emit sequence=689 bytes=39 elapsed_us=2118 envelope=@J10000000001000000068935415|I421rg100;
published_frame=1367
published_frame=1368
editbox_emit sequence=690 bytes=39 elapsed_us=2044 envelope=@J10000000001000000069055855|I421tg100;
published_frame=1369
published_frame=1370
editbox_emit sequence=691 bytes=39 elapsed_us=2123 envelope=@J10000000001000000069134878|I421vg100;
editbox_receipt monotonic_ns=580512630307992 received=690 consumed=690 revision=340
published_frame=1371
published_frame=1372
editbox_emit sequence=692 bytes=39 elapsed_us=2520 envelope=@J10000000001000000069213901|I421xg100;
published_frame=1373
event mono_ns=580512677853000 frame=1374 held=1 pressed=1 released=0
event mono_ns=580512683302000 frame=1374 held=0 pressed=0 released=1
published_frame=1374
editbox_emit sequence=693 bytes=50 elapsed_us=3906 envelope=@J10000000001000000069332265|I421zg10o0010011H03_;
published_frame=1375
editbox_receipt monotonic_ns=580512725982092 received=693 consumed=693 revision=341
published_frame=1376
editbox_emit sequence=694 bytes=39 elapsed_us=2343 envelope=@J10000000001000000069437468|I421_g100;
event mono_ns=580512728637000 frame=1377 held=2 pressed=2 released=0
event mono_ns=580512734034000 frame=1377 held=0 pressed=0 released=2
published_frame=1377
published_frame=1378
editbox_emit sequence=695 bytes=50 elapsed_us=3107 envelope=@J10000000001000000069519517|I421Xh1o0020022Y07-0;
published_frame=1379
event mono_ns=580512779282000 frame=1380 held=4 pressed=4 released=0
event mono_ns=580512784588000 frame=1380 held=0 pressed=0 released=4
published_frame=1380
editbox_emit sequence=696 bytes=50 elapsed_us=3389 envelope=@J10000000001000000069636660|I421Zh10o004004FC001;
published_frame=1381
editbox_receipt monotonic_ns=580512811877544 received=695 consumed=695 revision=342
published_frame=1382
editbox_emit sequence=697 bytes=39 elapsed_us=2875 envelope=@J10000000001000000069730569|I421bh100;
event mono_ns=580512829831000 frame=1383 held=24 pressed=24 released=0
event mono_ns=580512835140000 frame=1383 held=0 pressed=0 released=24
published_frame=1383
published_frame=1384
editbox_emit sequence=698 bytes=50 elapsed_us=3535 envelope=@J10000000001000000069819375|I421dh1o00O00OUO0020;
published_frame=1385
event mono_ns=580512880351000 frame=1386 held=16 pressed=16 released=0
event mono_ns=580512885697000 frame=1386 held=0 pressed=0 released=16
published_frame=1386
editbox_emit sequence=699 bytes=45 elapsed_us=2525 envelope=@J10000000001000000069919992|I421fh10200G00G;
published_frame=1387
editbox_receipt monotonic_ns=580512921726612 received=698 consumed=698 revision=343
published_frame=1388
editbox_emit sequence=700 bytes=39 elapsed_us=2443 envelope=@J10000000001000000070052404|I421hh100;
event mono_ns=580512930936000 frame=1389 held=16 pressed=16 released=0
event mono_ns=580512936280000 frame=1389 held=0 pressed=0 released=16
published_frame=1389
published_frame=1390
editbox_emit sequence=701 bytes=45 elapsed_us=3132 envelope=@J10000000001000000070143046|I421jh1200G00G0;
published_frame=1391
event mono_ns=580512981518000 frame=1392 held=32 pressed=32 released=0
event mono_ns=580512986829000 frame=1392 held=0 pressed=0 released=32
published_frame=1392
editbox_emit sequence=702 bytes=45 elapsed_us=2577 envelope=@J10000000001000000070207776|I421lh10200W00W;
published_frame=1393
published_frame=1394
editbox_emit sequence=703 bytes=39 elapsed_us=2416 envelope=@J10000000001000000070354994|I421nh100;
editbox_receipt monotonic_ns=580513030446514 received=701 consumed=701 revision=344
event mono_ns=580513032099000 frame=1395 held=64 pressed=64 released=0
event mono_ns=580513037390000 frame=1395 held=0 pressed=0 released=64
published_frame=1395
published_frame=1396
editbox_emit sequence=704 bytes=45 elapsed_us=2632 envelope=@J10000000001000000070436257|I421ph120100100;
published_frame=1397
event mono_ns=580513082675000 frame=1398 held=256 pressed=256 released=0
event mono_ns=580513088184000 frame=1398 held=0 pressed=0 released=256
published_frame=1398
editbox_emit sequence=705 bytes=45 elapsed_us=2624 envelope=@J10000000001000000070510415|I421rh102040040;
published_frame=1399
published_frame=1400
editbox_emit sequence=706 bytes=39 elapsed_us=2521 envelope=@J10000000001000000070657584|I421th100;
event mono_ns=580513133406000 frame=1401 held=512 pressed=512 released=0
event mono_ns=580513138710000 frame=1401 held=0 pressed=0 released=512
published_frame=1401
editbox_receipt monotonic_ns=580513150815469 received=705 consumed=705 revision=345
published_frame=1402
editbox_emit sequence=707 bytes=45 elapsed_us=2377 envelope=@J10000000001000000070762370|I421vh120800800;
published_frame=1403
event mono_ns=580513183945000 frame=1404 held=128 pressed=128 released=0
event mono_ns=580513189220000 frame=1404 held=0 pressed=0 released=128
published_frame=1404
editbox_emit sequence=708 bytes=45 elapsed_us=2167 envelope=@J10000000001000000070847751|I421xh102020020;
published_frame=1405
published_frame=1406
editbox_emit sequence=709 bytes=39 elapsed_us=2073 envelope=@J10000000001000000070960174|I421zh100;
event mono_ns=580513234521000 frame=1407 held=16384 pressed=16384 released=0
event mono_ns=580513239772000 frame=1407 held=0 pressed=0 released=16384
editbox_receipt monotonic_ns=580513240921563 received=708 consumed=708 revision=346
published_frame=1407
published_frame=1408
editbox_emit sequence=710 bytes=45 elapsed_us=2331 envelope=@J10000000001000000071021241|I421_h124004000;
published_frame=1409
published_frame=1410
editbox_emit sequence=711 bytes=39 elapsed_us=1958 envelope=@J10000000001000000071150148|I421Xi100;
published_frame=1411
editbox_receipt monotonic_ns=580513317534387 received=710 consumed=710 revision=347
published_frame=1412
editbox_emit sequence=712 bytes=39 elapsed_us=2464 envelope=@J10000000001000000071229171|I421Zi100;
published_frame=1413
published_frame=1414
editbox_emit sequence=713 bytes=39 elapsed_us=2040 envelope=@J10000000001000000071308194|I421bi100;
published_frame=1415
published_frame=1416
editbox_emit sequence=714 bytes=39 elapsed_us=2081 envelope=@J10000000001000000071452738|I421di100;
published_frame=1417
published_frame=1418
editbox_emit sequence=715 bytes=39 elapsed_us=1986 envelope=@J10000000001000000071531761|I421fi100;
editbox_receipt monotonic_ns=580513440349797 received=714 consumed=714 revision=348
published_frame=1419
published_frame=1420
editbox_emit sequence=716 bytes=39 elapsed_us=2079 envelope=@J10000000001000000071610784|I421hi100;
published_frame=1421
published_frame=1422
editbox_emit sequence=717 bytes=39 elapsed_us=2106 envelope=@J10000000001000000071755328|I421ji100;
published_frame=1423
editbox_receipt monotonic_ns=580513525172629 received=716 consumed=716 revision=349
published_frame=1424
editbox_emit sequence=718 bytes=39 elapsed_us=2143 envelope=@J10000000001000000071834351|I421li100;
published_frame=1425
published_frame=1426
editbox_emit sequence=719 bytes=39 elapsed_us=2028 envelope=@J10000000001000000071913374|I421ni100;
published_frame=1427
published_frame=1428
editbox_emit sequence=720 bytes=39 elapsed_us=2534 envelope=@J10000000001000000072033814|I421pi100;
published_frame=1429
editbox_receipt monotonic_ns=580513619145060 received=720 consumed=720 revision=350
published_frame=1430
editbox_emit sequence=721 bytes=39 elapsed_us=3977 envelope=@J10000000001000000072112837|I421ri100;
published_frame=1431
published_frame=1432
editbox_emit sequence=722 bytes=39 elapsed_us=2685 envelope=@J10000000001000000072257381|I421ti100;
published_frame=1433
published_frame=1434
editbox_emit sequence=723 bytes=39 elapsed_us=2477 envelope=@J10000000001000000072336404|I421vi100;
published_frame=1435
editbox_receipt monotonic_ns=580513718326654 received=723 consumed=723 revision=351
published_frame=1436
editbox_emit sequence=724 bytes=39 elapsed_us=2011 envelope=@J10000000001000000072415427|I421xi100;
published_frame=1437
published_frame=1438
editbox_emit sequence=725 bytes=39 elapsed_us=2084 envelope=@J10000000001000000072559971|I421zi100;
published_frame=1439
published_frame=1440
editbox_emit sequence=726 bytes=39 elapsed_us=2304 envelope=@J10000000001000000072638994|I421_i100;
published_frame=1441
editbox_receipt monotonic_ns=580513817691702 received=726 consumed=726 revision=352
published_frame=1442
editbox_emit sequence=727 bytes=39 elapsed_us=2544 envelope=@J10000000001000000072708528|I421Xj100;
published_frame=1443
published_frame=1444
editbox_emit sequence=728 bytes=39 elapsed_us=2365 envelope=@J10000000001000000072853072|I421Zj100;
published_frame=1445
published_frame=1446
editbox_emit sequence=729 bytes=39 elapsed_us=2150 envelope=@J10000000001000000072932095|I421bj100;
published_frame=1447
editbox_receipt monotonic_ns=580513917689997 received=729 consumed=729 revision=353
published_frame=1448
editbox_emit sequence=730 bytes=39 elapsed_us=1964 envelope=@J10000000001000000073052535|I421dj100;
published_frame=1449
published_frame=1450
editbox_emit sequence=731 bytes=39 elapsed_us=2061 envelope=@J10000000001000000073131558|I421fj100;
published_frame=1451
event mono_ns=580513985116000 frame=1452 held=1 pressed=1 released=0
published_frame=1452
editbox_emit sequence=732 bytes=56 elapsed_us=3146 envelope=@J10000000001000000073232367|I421hj10t001001000Fm31H03_;
published_frame=1453
published_frame=1454
editbox_emit sequence=733 bytes=51 elapsed_us=2699 envelope=@J10000000001000000073349437|I421jj15001Fm35001Fm3;
editbox_receipt monotonic_ns=580514029951006 received=732 consumed=732 revision=354
published_frame=1455
published_frame=1456
editbox_emit sequence=734 bytes=51 elapsed_us=3023 envelope=@J10000000001000000073453568|I421lj15001Fm35001Fm3;
published_frame=1457
published_frame=1458
editbox_emit sequence=735 bytes=51 elapsed_us=3020 envelope=@J10000000001000000073557699|I421nj15001Fm35001Fm3;
published_frame=1459
editbox_receipt monotonic_ns=580514118629213 received=735 consumed=735 revision=355
published_frame=1460
editbox_emit sequence=736 bytes=51 elapsed_us=2834 envelope=@J10000000001000000073661830|I421pj15001Fm35001Fm3;
published_frame=1461
published_frame=1462
editbox_emit sequence=737 bytes=51 elapsed_us=2883 envelope=@J10000000001000000073700440|I421rj15001Fm35001Fm3;
published_frame=1463
published_frame=1464
editbox_emit sequence=738 bytes=51 elapsed_us=2577 envelope=@J10000000001000000073804571|I421tj15001Fm35001Fm3;
editbox_receipt monotonic_ns=580514206899677 received=737 consumed=737 revision=356
published_frame=1465
published_frame=1466
editbox_emit sequence=739 bytes=51 elapsed_us=3337 envelope=@J10000000001000000073908702|I421vj15001Fm35001Fm3;
published_frame=1467
published_frame=1468
editbox_emit sequence=740 bytes=51 elapsed_us=2661 envelope=@J10000000001000000074021506|I421xj15001Fm35001Fm3;
published_frame=1469
published_frame=1470
editbox_emit sequence=741 bytes=51 elapsed_us=2751 envelope=@J10000000001000000074125637|I421zj15001Fm35001Fm3;
published_frame=1471
published_frame=1472
editbox_emit sequence=742 bytes=51 elapsed_us=2779 envelope=@J10000000001000000074229768|I421_j15001Fm35001Fm3;
editbox_receipt monotonic_ns=580514341643996 received=741 consumed=741 revision=357
published_frame=1473
published_frame=1474
editbox_emit sequence=743 bytes=51 elapsed_us=2850 envelope=@J10000000001000000074351663|I421Xk15001Fm35001Fm3;
published_frame=1475
published_frame=1476
editbox_emit sequence=744 bytes=51 elapsed_us=3498 envelope=@J10000000001000000074455794|I421Zk15001Fm35001Fm3;
published_frame=1477
editbox_receipt monotonic_ns=580514419269247 received=743 consumed=743 revision=358
published_frame=1478
editbox_emit sequence=745 bytes=51 elapsed_us=3126 envelope=@J10000000001000000074559925|I421bk15001Fm35001Fm3;
published_frame=1479
published_frame=1480
editbox_emit sequence=746 bytes=51 elapsed_us=2631 envelope=@J10000000001000000074664056|I421dk15001Fm35001Fm3;
published_frame=1481
published_frame=1482
editbox_emit sequence=747 bytes=51 elapsed_us=2772 envelope=@J10000000001000000074702666|I421fk15001Fm35001Fm3;
editbox_receipt monotonic_ns=580514507690153 received=746 consumed=746 revision=359
published_frame=1483
published_frame=1484
editbox_emit sequence=748 bytes=51 elapsed_us=3687 envelope=@J10000000001000000074806797|I421hk15001Fm35001Fm3;
published_frame=1485
published_frame=1486
editbox_emit sequence=749 bytes=51 elapsed_us=3280 envelope=@J10000000001000000074910928|I421jk15001Fm35001Fm3;
published_frame=1487
published_frame=1488
editbox_emit sequence=750 bytes=51 elapsed_us=3140 envelope=@J10000000001000000075023732|I421lk15001Fm35001Fm3;
published_frame=1489
published_frame=1490
editbox_emit sequence=751 bytes=51 elapsed_us=3800 envelope=@J10000000001000000075127863|I421nk15001Fm35001Fm3;
editbox_receipt monotonic_ns=580514642051023 received=750 consumed=750 revision=360
published_frame=1491
published_frame=1492
editbox_emit sequence=752 bytes=51 elapsed_us=3396 envelope=@J10000000001000000075231994|I421pk15001Fm35001Fm3;
published_frame=1493
published_frame=1494
editbox_emit sequence=753 bytes=51 elapsed_us=3644 envelope=@J10000000001000000075336125|I421rk15001Fm35001Fm3;
published_frame=1495
published_frame=1496
editbox_emit sequence=754 bytes=51 elapsed_us=4008 envelope=@J10000000001000000075440256|I421tk15001Fm35001Fm3;
editbox_receipt monotonic_ns=580514731658632 received=753 consumed=753 revision=361
published_frame=1497
published_frame=1498
editbox_emit sequence=755 bytes=51 elapsed_us=2604 envelope=@J10000000001000000075544387|I421vk15001Fm35001Fm3;
published_frame=1499
published_frame=1500
editbox_emit sequence=756 bytes=51 elapsed_us=3420 envelope=@J10000000001000000075648518|I421xk15001Fm35001Fm3;
published_frame=1501
published_frame=1502
editbox_emit sequence=757 bytes=51 elapsed_us=4172 envelope=@J10000000001000000075752649|I421zk15001Fm35001Fm3;
published_frame=1503
editbox_receipt monotonic_ns=580514843341878 received=756 consumed=756 revision=362
published_frame=1504
editbox_emit sequence=758 bytes=51 elapsed_us=3335 envelope=@J10000000001000000075856780|I421_k15001Fm35001Fm3;
published_frame=1505
published_frame=1506
editbox_emit sequence=759 bytes=51 elapsed_us=3574 envelope=@J10000000001000000075913154|I421Xl15001Fm35001Fm3;
published_frame=1507
published_frame=1508
editbox_emit sequence=760 bytes=51 elapsed_us=3419 envelope=@J10000000001000000076025958|I421Zl15001Fm35001Fm3;
published_frame=1509
editbox_receipt monotonic_ns=580514944988462 received=759 consumed=759 revision=363
published_frame=1510
editbox_emit sequence=761 bytes=51 elapsed_us=2574 envelope=@J10000000001000000076130089|I421bl15001Fm35001Fm3;
published_frame=1511
published_frame=1512
editbox_emit sequence=762 bytes=51 elapsed_us=2520 envelope=@J10000000001000000076234220|I421dl15001Fm35001Fm3;
published_frame=1513
published_frame=1514
editbox_emit sequence=763 bytes=51 elapsed_us=3417 envelope=@J10000000001000000076338351|I421fl15001Fm35001Fm3;
published_frame=1515
editbox_receipt monotonic_ns=580515054013827 received=763 consumed=762 revision=364
published_frame=1516
editbox_emit sequence=764 bytes=51 elapsed_us=2714 envelope=@J10000000001000000076442482|I421hl15001Fm35001Fm3;
published_frame=1517
published_frame=1518
editbox_emit sequence=765 bytes=51 elapsed_us=3251 envelope=@J10000000001000000076546613|I421jl15001Fm35001Fm3;
published_frame=1519
published_frame=1520
editbox_emit sequence=766 bytes=51 elapsed_us=2590 envelope=@J10000000001000000076650744|I421ll15001Fm35001Fm3;
published_frame=1521
editbox_receipt monotonic_ns=580515154158205 received=766 consumed=765 revision=365
published_frame=1522
editbox_emit sequence=767 bytes=51 elapsed_us=2768 envelope=@J10000000001000000076754875|I421nl15001Fm35001Fm3;
published_frame=1523
published_frame=1524
editbox_emit sequence=768 bytes=51 elapsed_us=2597 envelope=@J10000000001000000076859006|I421pl15001Fm35001Fm3;
published_frame=1525
published_frame=1526
editbox_emit sequence=769 bytes=51 elapsed_us=2813 envelope=@J10000000001000000076963137|I421rl15001Fm35001Fm3;
published_frame=1527
published_frame=1528
editbox_receipt monotonic_ns=580515259824123 received=769 consumed=768 revision=366
editbox_emit sequence=770 bytes=51 elapsed_us=2581 envelope=@J10000000001000000077010420|I421tl15001Fm35001Fm3;
published_frame=1529
published_frame=1530
editbox_emit sequence=771 bytes=51 elapsed_us=2933 envelope=@J10000000001000000077114551|I421vl15001Fm35001Fm3;
published_frame=1531
published_frame=1532
editbox_emit sequence=772 bytes=51 elapsed_us=2611 envelope=@J10000000001000000077218682|I421xl15001Fm35001Fm3;
editbox_receipt monotonic_ns=580515332912972 received=771 consumed=771 revision=367
published_frame=1533
published_frame=1534
editbox_emit sequence=773 bytes=51 elapsed_us=2653 envelope=@J10000000001000000077322813|I421zl15001Fm35001Fm3;
published_frame=1535
published_frame=1536
editbox_emit sequence=774 bytes=51 elapsed_us=3384 envelope=@J10000000001000000077426944|I421_l15001Fm35001Fm3;
published_frame=1537
published_frame=1538
editbox_emit sequence=775 bytes=51 elapsed_us=2760 envelope=@J10000000001000000077548839|I421Xm15001Fm35001Fm3;
published_frame=1539
editbox_receipt monotonic_ns=580515452092017 received=774 consumed=774 revision=368
published_frame=1540
editbox_emit sequence=776 bytes=51 elapsed_us=2833 envelope=@J10000000001000000077652970|I421Zm15001Fm35001Fm3;
published_frame=1541
published_frame=1542
editbox_emit sequence=777 bytes=51 elapsed_us=2604 envelope=@J10000000001000000077757101|I421bm15001Fm35001Fm3;
match_end epoch=1 frontier=1543 old_rows=drain terminal_rows=discard
suppressed mono_ns=580515495782000 reason=focus-pause-or-neutral
input_armed=true gameplay_armed=false mono_ns=580515496759196
editbox_emit sequence=778 bytes=34 elapsed_us=1749 envelope=@J10000000001000000077838648|JE11;
editbox_receipt monotonic_ns=580515549504405 received=778 consumed=778 revision=369
match_quiescent epoch=1
waiting_for_match build=playable-0042 slot=0 after_epoch=1
menu_emit epoch=1 phase=Some(Result) key=n mono_ns=580543674312000
menu_emit epoch=1 phase=Some(Character) key=n mono_ns=580549636558000
menu_emit epoch=1 phase=Some(Character) key=y mono_ns=580549877564000
menu_emit epoch=1 phase=Some(Stage) key=y mono_ns=580558110612000
match_ready epoch=2 neutral_rearm=required
input_armed=true gameplay_armed=false mono_ns=580558397736747
editbox_receipt monotonic_ns=580558397846523 received=0 consumed=0 revision=1
editbox_emit sequence=1 bytes=34 elapsed_us=1795 envelope=@J10000000002000000000144738|JR12;
editbox_receipt monotonic_ns=580558423927546 received=1 consumed=1 revision=2
editbox_receipt monotonic_ns=580558434282173 received=1 consumed=1 revision=3
editbox_receipt monotonic_ns=580558479769439 received=1 consumed=1 revision=4
match_start epoch=2 epoch_ns=580558574827764 read_ns=580558575142555 uncertainty_ns=1100306
input_armed=true gameplay_armed=true mono_ns=580558575113520
published_frame=1
published_frame=2
editbox_emit sequence=2 bytes=37 elapsed_us=1835 envelope=@J10000000002000000000230575|I422100;
published_frame=3
published_frame=4
editbox_emit sequence=3 bytes=37 elapsed_us=2102 envelope=@J10000000002000000000309341|I422300;
published_frame=5
published_frame=6
editbox_emit sequence=4 bytes=37 elapsed_us=2079 envelope=@J10000000002000000000453628|I422500;
published_frame=7
published_frame=8
editbox_emit sequence=5 bytes=37 elapsed_us=2072 envelope=@J10000000002000000000532394|I422700;
published_frame=9
published_frame=10
editbox_emit sequence=6 bytes=37 elapsed_us=2371 envelope=@J10000000002000000000611160|I422900;
published_frame=11
editbox_receipt monotonic_ns=580558768160013 received=2 consumed=2 revision=5
published_frame=12
editbox_emit sequence=7 bytes=37 elapsed_us=1950 envelope=@J10000000002000000000755447|I422B00;
published_frame=13
published_frame=14
editbox_emit sequence=8 bytes=37 elapsed_us=2010 envelope=@J10000000002000000000834213|I422D00;
published_frame=15
editbox_receipt monotonic_ns=580558833378882 received=8 consumed=3 revision=6
published_frame=16
editbox_emit sequence=9 bytes=37 elapsed_us=2086 envelope=@J10000000002000000000912979|I422F00;
published_frame=17
editbox_receipt monotonic_ns=580558866420000 received=8 consumed=8 revision=7
published_frame=18
editbox_emit sequence=10 bytes=37 elapsed_us=1981 envelope=@J10000000002000000001020251|I422H00;
published_frame=19
published_frame=20
editbox_emit sequence=11 bytes=37 elapsed_us=1967 envelope=@J10000000002000000001164538|I422J00;
editbox_receipt monotonic_ns=580558922926859 received=10 consumed=10 revision=8
published_frame=21
published_frame=22
editbox_emit sequence=12 bytes=37 elapsed_us=2764 envelope=@J10000000002000000001243304|I422L00;
published_frame=23
published_frame=24
editbox_emit sequence=13 bytes=37 elapsed_us=2120 envelope=@J10000000002000000001322070|I422N00;
published_frame=25
editbox_receipt monotonic_ns=580558997075024 received=12 consumed=12 revision=9
published_frame=26
editbox_emit sequence=14 bytes=37 elapsed_us=1905 envelope=@J10000000002000000001400836|I422P00;
published_frame=27
published_frame=28
editbox_emit sequence=15 bytes=37 elapsed_us=2062 envelope=@J10000000002000000001545123|I422R00;
published_frame=29
published_frame=30
editbox_emit sequence=16 bytes=37 elapsed_us=2057 envelope=@J10000000002000000001623889|I422T00;
published_frame=31
editbox_receipt monotonic_ns=580559095894870 received=15 consumed=15 revision=10
published_frame=32
editbox_emit sequence=17 bytes=37 elapsed_us=2459 envelope=@J10000000002000000001702655|I422V00;
published_frame=33
published_frame=34
editbox_emit sequence=18 bytes=38 elapsed_us=1987 envelope=@J10000000002000000001851664|I422X100;
published_frame=35
published_frame=36
editbox_emit sequence=19 bytes=38 elapsed_us=3247 envelope=@J10000000002000000001929131|I422Z100;
published_frame=37
editbox_receipt monotonic_ns=580559192617365 received=18 consumed=18 revision=11
published_frame=38
editbox_emit sequence=20 bytes=38 elapsed_us=1875 envelope=@J10000000002000000002019815|I422b100;
published_frame=39
published_frame=40
editbox_emit sequence=21 bytes=38 elapsed_us=1809 envelope=@J10000000002000000002162803|I422d100;
published_frame=41
published_frame=42
editbox_emit sequence=22 bytes=38 elapsed_us=2246 envelope=@J10000000002000000002240270|I422f100;
editbox_receipt monotonic_ns=580559289600999 received=21 consumed=21 revision=12
published_frame=43
published_frame=44
editbox_emit sequence=23 bytes=38 elapsed_us=2040 envelope=@J10000000002000000002317737|I422h100;
published_frame=45
published_frame=46
editbox_emit sequence=24 bytes=38 elapsed_us=2051 envelope=@J10000000002000000002460725|I422j100;
published_frame=47
published_frame=48
editbox_emit sequence=25 bytes=38 elapsed_us=2253 envelope=@J10000000002000000002538192|I422l100;
published_frame=49
published_frame=50
editbox_emit sequence=26 bytes=38 elapsed_us=2464 envelope=@J10000000002000000002615659|I422n100;
editbox_receipt monotonic_ns=580559413836140 received=25 consumed=24 revision=13
published_frame=51
published_frame=52
editbox_emit sequence=27 bytes=38 elapsed_us=2048 envelope=@J10000000002000000002758647|I422p100;
published_frame=53
published_frame=54
editbox_emit sequence=28 bytes=38 elapsed_us=2061 envelope=@J10000000002000000002836114|I422r100;
published_frame=55
published_frame=56
editbox_emit sequence=29 bytes=38 elapsed_us=2482 envelope=@J10000000002000000002913581|I422t100;
published_frame=57
editbox_receipt monotonic_ns=580559526773065 received=28 consumed=27 revision=14
published_frame=58
editbox_emit sequence=30 bytes=38 elapsed_us=2543 envelope=@J10000000002000000003004265|I422v100;
published_frame=59
published_frame=60
editbox_emit sequence=31 bytes=38 elapsed_us=2071 envelope=@J10000000002000000003147253|I422x100;
published_frame=61
published_frame=62
editbox_emit sequence=32 bytes=38 elapsed_us=1968 envelope=@J10000000002000000003224720|I422z100;
published_frame=63
published_frame=64
editbox_emit sequence=33 bytes=38 elapsed_us=2213 envelope=@J10000000002000000003302187|I422_100;
published_frame=65
published_frame=66
editbox_emit sequence=34 bytes=38 elapsed_us=2132 envelope=@J10000000002000000003437306|I422X200;
published_frame=67
published_frame=68
editbox_emit sequence=35 bytes=38 elapsed_us=2131 envelope=@J10000000002000000003514773|I422Z200;
published_frame=69
editbox_receipt monotonic_ns=580559737354023 received=30 consumed=30 revision=15
published_frame=70
editbox_emit sequence=36 bytes=38 elapsed_us=1927 envelope=@J10000000002000000003657761|I422b200;
published_frame=71
published_frame=72
editbox_emit sequence=37 bytes=38 elapsed_us=2369 envelope=@J10000000002000000003735228|I422d200;
published_frame=73
editbox_receipt monotonic_ns=580559802230289 received=35 consumed=35 revision=16
published_frame=74
editbox_emit sequence=38 bytes=38 elapsed_us=2204 envelope=@J10000000002000000003812695|I422f200;
published_frame=75
published_frame=76
editbox_emit sequence=39 bytes=38 elapsed_us=2088 envelope=@J10000000002000000003955683|I422h200;
published_frame=77
published_frame=78
editbox_emit sequence=40 bytes=38 elapsed_us=2755 envelope=@J10000000002000000004046367|I422j200;
editbox_receipt monotonic_ns=580559879840051 received=38 consumed=38 revision=17
published_frame=79
published_frame=80
editbox_emit sequence=41 bytes=38 elapsed_us=2401 envelope=@J10000000002000000004123834|I422l200;
published_frame=81
published_frame=82
editbox_emit sequence=42 bytes=38 elapsed_us=2997 envelope=@J10000000002000000004201301|I422n200;
editbox_receipt monotonic_ns=580559947621022 received=41 consumed=39 revision=18
published_frame=83
published_frame=84
editbox_emit sequence=43 bytes=38 elapsed_us=2237 envelope=@J10000000002000000004344289|I422p200;
published_frame=85
published_frame=86
editbox_emit sequence=44 bytes=38 elapsed_us=2717 envelope=@J10000000002000000004421756|I422r200;
published_frame=87
published_frame=88
editbox_emit sequence=45 bytes=38 elapsed_us=2377 envelope=@J10000000002000000004564744|I422t200;
editbox_receipt monotonic_ns=580560046261261 received=43 consumed=43 revision=19
published_frame=89
published_frame=90
editbox_emit sequence=46 bytes=38 elapsed_us=2577 envelope=@J10000000002000000004642211|I422v200;
published_frame=91
published_frame=92
editbox_emit sequence=47 bytes=38 elapsed_us=2076 envelope=@J10000000002000000004719678|I422x200;
published_frame=93
published_frame=94
editbox_emit sequence=48 bytes=38 elapsed_us=2286 envelope=@J10000000002000000004862666|I422z200;
editbox_receipt monotonic_ns=580560146340387 received=45 consumed=45 revision=20
published_frame=95
published_frame=96
editbox_emit sequence=49 bytes=38 elapsed_us=2211 envelope=@J10000000002000000004940133|I422_200;
published_frame=97
published_frame=98
editbox_emit sequence=50 bytes=38 elapsed_us=2171 envelope=@J10000000002000000005022948|I422X300;
published_frame=99
published_frame=100
editbox_emit sequence=51 bytes=38 elapsed_us=2664 envelope=@J10000000002000000005100415|I422Z300;
editbox_receipt monotonic_ns=580560248284418 received=49 consumed=49 revision=21
published_frame=101
event mono_ns=580560275042000 frame=103 held=1 pressed=1 released=0
published_frame=102
editbox_emit sequence=52 bytes=38 elapsed_us=2481 envelope=@J10000000002000000005243403|I422b300;
event mono_ns=580560280406000 frame=103 held=0 pressed=0 released=1
published_frame=103
published_frame=104
editbox_emit sequence=53 bytes=49 elapsed_us=2611 envelope=@J10000000002000000005329976|I422d3o0010011H03_0;
editbox_receipt monotonic_ns=580560323280963 received=52 consumed=51 revision=22
published_frame=105
published_frame=106
editbox_emit sequence=54 bytes=38 elapsed_us=2331 envelope=@J10000000002000000005463858|I422f300;
published_frame=107
published_frame=108
editbox_emit sequence=55 bytes=38 elapsed_us=2334 envelope=@J10000000002000000005541325|I422h300;
published_frame=109
published_frame=110
editbox_emit sequence=56 bytes=38 elapsed_us=1897 envelope=@J10000000002000000005618792|I422j300;
editbox_receipt monotonic_ns=580560422906539 received=55 consumed=55 revision=23
published_frame=111
published_frame=112
editbox_emit sequence=57 bytes=38 elapsed_us=2070 envelope=@J10000000002000000005761780|I422l300;
published_frame=113
published_frame=114
editbox_emit sequence=58 bytes=38 elapsed_us=2045 envelope=@J10000000002000000005839247|I422n300;
published_frame=115
published_frame=116
editbox_emit sequence=59 bytes=38 elapsed_us=1903 envelope=@J10000000002000000005916714|I422p300;
editbox_receipt monotonic_ns=580560523054414 received=58 consumed=58 revision=24
published_frame=117
published_frame=118
editbox_emit sequence=60 bytes=38 elapsed_us=1870 envelope=@J10000000002000000006007398|I422r300;
published_frame=119
published_frame=120
editbox_emit sequence=61 bytes=38 elapsed_us=2035 envelope=@J10000000002000000006150386|I422t300;
published_frame=121
published_frame=122
editbox_emit sequence=62 bytes=38 elapsed_us=2245 envelope=@J10000000002000000006227853|I422v300;
published_frame=123
published_frame=124
editbox_emit sequence=63 bytes=38 elapsed_us=2463 envelope=@J10000000002000000006305320|I422x300;
published_frame=125
published_frame=126
editbox_emit sequence=64 bytes=38 elapsed_us=2387 envelope=@J10000000002000000006448308|I422z300;
published_frame=127
published_frame=128
editbox_emit sequence=65 bytes=38 elapsed_us=2341 envelope=@J10000000002000000006525775|I422_300;
published_frame=129
published_frame=130
editbox_emit sequence=66 bytes=38 elapsed_us=2031 envelope=@J10000000002000000006660894|I422X400;
published_frame=131
editbox_receipt monotonic_ns=580560766349076 received=60 consumed=60 revision=25
published_frame=132
editbox_emit sequence=67 bytes=38 elapsed_us=2514 envelope=@J10000000002000000006738361|I422Z400;
published_frame=133
published_frame=134
editbox_emit sequence=68 bytes=38 elapsed_us=2133 envelope=@J10000000002000000006815828|I422b400;
published_frame=135
editbox_receipt monotonic_ns=580560833647712 received=66 consumed=66 revision=26
published_frame=136
editbox_emit sequence=69 bytes=38 elapsed_us=2078 envelope=@J10000000002000000006958816|I422d400;
published_frame=137
published_frame=138
editbox_emit sequence=70 bytes=38 elapsed_us=2484 envelope=@J10000000002000000007049500|I422f400;
editbox_receipt monotonic_ns=580560891192507 received=69 consumed=67 revision=27
published_frame=139
published_frame=140
editbox_emit sequence=71 bytes=38 elapsed_us=2873 envelope=@J10000000002000000007126967|I422h400;
published_frame=141
published_frame=142
editbox_emit sequence=72 bytes=38 elapsed_us=2443 envelope=@J10000000002000000007204434|I422j400;
published_frame=143
published_frame=144
editbox_emit sequence=73 bytes=38 elapsed_us=2692 envelope=@J10000000002000000007347422|I422l400;
editbox_receipt monotonic_ns=580560979446891 received=69 consumed=69 revision=28
published_frame=145
published_frame=146
editbox_emit sequence=74 bytes=38 elapsed_us=2250 envelope=@J10000000002000000007424889|I422n400;
published_frame=147
event mono_ns=580561030728000 frame=148 held=2 pressed=2 released=0
event mono_ns=580561036013000 frame=148 held=0 pressed=0 released=2
published_frame=148
editbox_emit sequence=75 bytes=49 elapsed_us=3020 envelope=@J10000000002000000007509603|I422p40o0020022Y07-;
published_frame=149
editbox_receipt monotonic_ns=580561069127016 received=72 consumed=72 revision=29
published_frame=150
editbox_emit sequence=76 bytes=38 elapsed_us=2447 envelope=@J10000000002000000007645344|I422r400;
published_frame=151
published_frame=152
editbox_emit sequence=77 bytes=38 elapsed_us=2231 envelope=@J10000000002000000007722811|I422t400;
published_frame=153
published_frame=154
editbox_emit sequence=78 bytes=38 elapsed_us=2903 envelope=@J10000000002000000007800278|I422v400;
published_frame=155
editbox_receipt monotonic_ns=580561167994140 received=78 consumed=76 revision=30
published_frame=156
editbox_emit sequence=79 bytes=38 elapsed_us=2714 envelope=@J10000000002000000007943266|I422x400;
published_frame=157
published_frame=158
editbox_emit sequence=80 bytes=38 elapsed_us=2223 envelope=@J10000000002000000008033950|I422z400;
published_frame=159
published_frame=160
editbox_emit sequence=81 bytes=38 elapsed_us=2420 envelope=@J10000000002000000008111417|I422_400;
editbox_receipt monotonic_ns=580561257114156 received=80 consumed=79 revision=31
published_frame=161
published_frame=162
editbox_emit sequence=82 bytes=38 elapsed_us=2020 envelope=@J10000000002000000008246536|I422X500;
published_frame=163
published_frame=164
editbox_emit sequence=83 bytes=38 elapsed_us=2264 envelope=@J10000000002000000008324003|I422Z500;
published_frame=165
published_frame=166
editbox_emit sequence=84 bytes=38 elapsed_us=2738 envelope=@J10000000002000000008401470|I422b500;
editbox_receipt monotonic_ns=580561347370532 received=83 consumed=81 revision=32
published_frame=167
published_frame=168
editbox_emit sequence=85 bytes=38 elapsed_us=2435 envelope=@J10000000002000000008544458|I422d500;
published_frame=169
published_frame=170
editbox_emit sequence=86 bytes=38 elapsed_us=2210 envelope=@J10000000002000000008621925|I422f500;
published_frame=171
published_frame=172
editbox_emit sequence=87 bytes=38 elapsed_us=2112 envelope=@J10000000002000000008764913|I422h500;
editbox_receipt monotonic_ns=580561446068038 received=85 consumed=85 revision=33
published_frame=173
published_frame=174
editbox_emit sequence=88 bytes=38 elapsed_us=2035 envelope=@J10000000002000000008842380|I422j500;
published_frame=175
published_frame=176
editbox_emit sequence=89 bytes=38 elapsed_us=2006 envelope=@J10000000002000000008919847|I422l500;
published_frame=177
published_frame=178
editbox_emit sequence=90 bytes=38 elapsed_us=2060 envelope=@J10000000002000000009010531|I422n500;
editbox_receipt monotonic_ns=580561546223688 received=87 consumed=87 revision=34
published_frame=179
published_frame=180
editbox_emit sequence=91 bytes=38 elapsed_us=2019 envelope=@J10000000002000000009153519|I422p500;
published_frame=181
published_frame=182
editbox_emit sequence=92 bytes=38 elapsed_us=2041 envelope=@J10000000002000000009230986|I422r500;
published_frame=183
published_frame=184
editbox_emit sequence=93 bytes=38 elapsed_us=2266 envelope=@J10000000002000000009308453|I422t500;
published_frame=185
published_frame=186
editbox_emit sequence=94 bytes=38 elapsed_us=2443 envelope=@J10000000002000000009451441|I422v500;
published_frame=187
published_frame=188
editbox_emit sequence=95 bytes=38 elapsed_us=2386 envelope=@J10000000002000000009528908|I422x500;
published_frame=189
published_frame=190
editbox_emit sequence=96 bytes=38 elapsed_us=2151 envelope=@J10000000002000000009606375|I422z500;
published_frame=191
published_frame=192
editbox_emit sequence=97 bytes=38 elapsed_us=2550 envelope=@J10000000002000000009749363|I422_500;
editbox_receipt monotonic_ns=580561779885575 received=90 consumed=90 revision=35
event mono_ns=580561786352000 frame=193 held=4 pressed=4 released=0
event mono_ns=580561791723000 frame=194 held=0 pressed=0 released=4
published_frame=193
published_frame=194
editbox_emit sequence=98 bytes=61 elapsed_us=3865 envelope=@J10000000002000000009839367|I422X6t00400400003zFC0012000004;
published_frame=195
editbox_receipt monotonic_ns=580561836551593 received=96 consumed=96 revision=36
published_frame=196
editbox_emit sequence=99 bytes=38 elapsed_us=2699 envelope=@J10000000002000000009961949|I422Z600;
published_frame=197
published_frame=198
editbox_emit sequence=100 bytes=38 elapsed_us=2135 envelope=@J10000000002000000010028529|I422b600;
published_frame=199
published_frame=200
editbox_emit sequence=101 bytes=38 elapsed_us=2353 envelope=@J10000000002000000010105996|I422d600;
editbox_receipt monotonic_ns=580561912654040 received=96 consumed=96 revision=37
published_frame=201
published_frame=202
editbox_emit sequence=102 bytes=38 elapsed_us=2137 envelope=@J10000000002000000010248984|I422f600;
published_frame=203
published_frame=204
editbox_emit sequence=103 bytes=38 elapsed_us=2680 envelope=@J10000000002000000010326451|I422h600;
editbox_receipt monotonic_ns=580561979864962 received=100 consumed=100 revision=38
published_frame=205
published_frame=206
editbox_emit sequence=104 bytes=38 elapsed_us=2039 envelope=@J10000000002000000010403918|I422j600;
published_frame=207
published_frame=208
editbox_emit sequence=105 bytes=38 elapsed_us=2133 envelope=@J10000000002000000010546906|I422l600;
editbox_receipt monotonic_ns=580562057174722 received=104 consumed=104 revision=39
published_frame=209
published_frame=210
editbox_emit sequence=106 bytes=38 elapsed_us=2003 envelope=@J10000000002000000010624373|I422n600;
published_frame=211
published_frame=212
editbox_emit sequence=107 bytes=38 elapsed_us=2684 envelope=@J10000000002000000010701840|I422p600;
published_frame=213
published_frame=214
editbox_emit sequence=108 bytes=38 elapsed_us=2092 envelope=@J10000000002000000010844828|I422r600;
editbox_receipt monotonic_ns=580562157042733 received=106 consumed=106 revision=40
published_frame=215
published_frame=216
editbox_emit sequence=109 bytes=38 elapsed_us=2027 envelope=@J10000000002000000010922295|I422t600;
published_frame=217
published_frame=218
editbox_emit sequence=110 bytes=38 elapsed_us=2084 envelope=@J10000000002000000011012979|I422v600;
published_frame=219
published_frame=220
editbox_emit sequence=111 bytes=38 elapsed_us=2076 envelope=@J10000000002000000011155967|I422x600;
editbox_receipt monotonic_ns=580562246032835 received=109 consumed=109 revision=41
published_frame=221
published_frame=222
editbox_emit sequence=112 bytes=38 elapsed_us=1927 envelope=@J10000000002000000011233434|I422z600;
published_frame=223
published_frame=224
editbox_emit sequence=113 bytes=38 elapsed_us=2110 envelope=@J10000000002000000011310901|I422_600;
published_frame=225
published_frame=226
editbox_emit sequence=114 bytes=38 elapsed_us=2154 envelope=@J10000000002000000011446020|I422X700;
published_frame=227
editbox_receipt monotonic_ns=580562368257949 received=113 consumed=113 revision=42
published_frame=228
editbox_emit sequence=115 bytes=38 elapsed_us=2552 envelope=@J10000000002000000011523487|I422Z700;
published_frame=229
published_frame=230
editbox_emit sequence=116 bytes=38 elapsed_us=2090 envelope=@J10000000002000000011600954|I422b700;
published_frame=231
published_frame=232
editbox_emit sequence=117 bytes=38 elapsed_us=1945 envelope=@J10000000002000000011743942|I422d700;
published_frame=233
editbox_receipt monotonic_ns=580562467427741 received=116 consumed=116 revision=43
published_frame=234
editbox_emit sequence=118 bytes=38 elapsed_us=2011 envelope=@J10000000002000000011821409|I422f700;
published_frame=235
published_frame=236
editbox_emit sequence=119 bytes=38 elapsed_us=2304 envelope=@J10000000002000000011964397|I422h700;
published_frame=237
event mono_ns=580562541968000 frame=239 held=24 pressed=24 released=0
published_frame=238
editbox_emit sequence=120 bytes=38 elapsed_us=2152 envelope=@J10000000002000000012055081|I422j700;
editbox_receipt monotonic_ns=580562546653482 received=118 consumed=118 revision=44
event mono_ns=580562547349000 frame=239 held=0 pressed=0 released=24
published_frame=239
published_frame=240
editbox_emit sequence=121 bytes=49 elapsed_us=2730 envelope=@J10000000002000000012104095|I422l7o00O00OUO0020;
published_frame=241
published_frame=242
editbox_emit sequence=122 bytes=38 elapsed_us=2089 envelope=@J10000000002000000012210015|I422n700;
published_frame=243
published_frame=244
editbox_emit sequence=123 bytes=38 elapsed_us=1867 envelope=@J10000000002000000012353003|I422p700;
published_frame=245
published_frame=246
editbox_emit sequence=124 bytes=38 elapsed_us=2014 envelope=@J10000000002000000012430470|I422r700;
published_frame=247
published_frame=248
editbox_emit sequence=125 bytes=38 elapsed_us=2254 envelope=@J10000000002000000012507937|I422t700;
published_frame=249
published_frame=250
editbox_emit sequence=126 bytes=38 elapsed_us=2174 envelope=@J10000000002000000012650925|I422v700;
editbox_receipt monotonic_ns=580562745403975 received=121 consumed=121 revision=45
published_frame=251
published_frame=252
editbox_emit sequence=127 bytes=38 elapsed_us=2152 envelope=@J10000000002000000012728392|I422x700;
published_frame=253
published_frame=254
editbox_emit sequence=128 bytes=38 elapsed_us=2304 envelope=@J10000000002000000012805859|I422z700;
published_frame=255
published_frame=256
editbox_emit sequence=129 bytes=38 elapsed_us=2478 envelope=@J10000000002000000012948847|I422_700;
published_frame=257
published_frame=258
editbox_emit sequence=130 bytes=38 elapsed_us=1963 envelope=@J10000000002000000013031662|I422X800;
editbox_receipt monotonic_ns=580562878371975 received=128 consumed=125 revision=46
published_frame=259
published_frame=260
editbox_emit sequence=131 bytes=38 elapsed_us=2435 envelope=@J10000000002000000013109129|I422Z800;
published_frame=261
editbox_receipt monotonic_ns=580562930690554 received=128 consumed=128 revision=47
published_frame=262
editbox_emit sequence=132 bytes=38 elapsed_us=1903 envelope=@J10000000002000000013252117|I422b800;
published_frame=263
published_frame=264
editbox_emit sequence=133 bytes=38 elapsed_us=2304 envelope=@J10000000002000000013329584|I422d800;
published_frame=265
published_frame=266
editbox_emit sequence=134 bytes=38 elapsed_us=2124 envelope=@J10000000002000000013407051|I422f800;
published_frame=267
editbox_receipt monotonic_ns=580563026963486 received=133 consumed=131 revision=48
published_frame=268
editbox_emit sequence=135 bytes=38 elapsed_us=2888 envelope=@J10000000002000000013550039|I422h800;
published_frame=269
published_frame=270
editbox_emit sequence=136 bytes=38 elapsed_us=2459 envelope=@J10000000002000000013627506|I422j800;
published_frame=271
published_frame=272
editbox_emit sequence=137 bytes=38 elapsed_us=2683 envelope=@J10000000002000000013704973|I422l800;
published_frame=273
editbox_receipt monotonic_ns=580563137283767 received=133 consumed=133 revision=49
published_frame=274
editbox_emit sequence=138 bytes=38 elapsed_us=2414 envelope=@J10000000002000000013847961|I422n800;
published_frame=275
published_frame=276
editbox_emit sequence=139 bytes=38 elapsed_us=2394 envelope=@J10000000002000000013925428|I422p800;
published_frame=277
editbox_receipt monotonic_ns=580563200551058 received=137 consumed=137 revision=50
published_frame=278
editbox_emit sequence=140 bytes=38 elapsed_us=1931 envelope=@J10000000002000000014016112|I422r800;
published_frame=279
published_frame=280
editbox_emit sequence=141 bytes=38 elapsed_us=1958 envelope=@J10000000002000000014159100|I422t800;
published_frame=281
published_frame=282
editbox_emit sequence=142 bytes=38 elapsed_us=2224 envelope=@J10000000002000000014236567|I422v800;
published_frame=283
event mono_ns=580563297561000 frame=284 held=16 pressed=16 released=0
editbox_receipt monotonic_ns=580563298133254 received=141 consumed=140 revision=51
event mono_ns=580563302842000 frame=284 held=0 pressed=0 released=16
published_frame=284
editbox_emit sequence=143 bytes=44 elapsed_us=2284 envelope=@J10000000002000000014330301|I422x80200G00G;
published_frame=285
published_frame=286
editbox_emit sequence=144 bytes=38 elapsed_us=2457 envelope=@J10000000002000000014457022|I422z800;
published_frame=287
published_frame=288
editbox_emit sequence=145 bytes=38 elapsed_us=2144 envelope=@J10000000002000000014534489|I422_800;
editbox_receipt monotonic_ns=580563383055592 received=141 consumed=141 revision=52
published_frame=289
published_frame=290
editbox_emit sequence=146 bytes=38 elapsed_us=2470 envelope=@J10000000002000000014604087|I422X900;
published_frame=291
published_frame=292
editbox_emit sequence=147 bytes=38 elapsed_us=2693 envelope=@J10000000002000000014747075|I422Z900;
published_frame=293
editbox_receipt monotonic_ns=580563468346441 received=144 consumed=144 revision=53
published_frame=294
editbox_emit sequence=148 bytes=38 elapsed_us=2003 envelope=@J10000000002000000014824542|I422b900;
published_frame=295
published_frame=296
editbox_emit sequence=149 bytes=38 elapsed_us=2281 envelope=@J10000000002000000014902009|I422d900;
published_frame=297
published_frame=298
editbox_receipt monotonic_ns=580563542400549 received=147 consumed=147 revision=54
editbox_emit sequence=150 bytes=38 elapsed_us=2048 envelope=@J10000000002000000015058214|I422f900;
published_frame=299
published_frame=300
editbox_emit sequence=151 bytes=38 elapsed_us=2098 envelope=@J10000000002000000015135681|I422h900;
published_frame=301
published_frame=302
editbox_emit sequence=152 bytes=38 elapsed_us=2032 envelope=@J10000000002000000015213148|I422j900;
published_frame=303
published_frame=304
editbox_emit sequence=153 bytes=38 elapsed_us=2046 envelope=@J10000000002000000015356136|I422l900;
published_frame=305
published_frame=306
editbox_emit sequence=154 bytes=38 elapsed_us=2251 envelope=@J10000000002000000015433603|I422n900;
published_frame=307
published_frame=308
editbox_emit sequence=155 bytes=38 elapsed_us=1928 envelope=@J10000000002000000015511070|I422p900;
published_frame=309
published_frame=310
editbox_emit sequence=156 bytes=38 elapsed_us=2234 envelope=@J10000000002000000015654058|I422r900;
published_frame=311
published_frame=312
editbox_emit sequence=157 bytes=38 elapsed_us=2046 envelope=@J10000000002000000015731525|I422t900;
editbox_receipt monotonic_ns=580563779818827 received=156 consumed=150 revision=55
published_frame=313
published_frame=314
editbox_emit sequence=158 bytes=38 elapsed_us=1846 envelope=@J10000000002000000015808992|I422v900;
published_frame=315
published_frame=316
editbox_emit sequence=159 bytes=38 elapsed_us=2060 envelope=@J10000000002000000015951980|I422x900;
published_frame=317
editbox_receipt monotonic_ns=580563866797579 received=156 consumed=156 revision=56
published_frame=318
editbox_emit sequence=160 bytes=38 elapsed_us=1873 envelope=@J10000000002000000016042664|I422z900;
published_frame=319
published_frame=320
editbox_emit sequence=161 bytes=38 elapsed_us=2079 envelope=@J10000000002000000016120131|I422_900;
published_frame=321
published_frame=322
editbox_emit sequence=162 bytes=38 elapsed_us=2049 envelope=@J10000000002000000016255250|I422XA00;
editbox_receipt monotonic_ns=580563955721497 received=161 consumed=157 revision=57
published_frame=323
published_frame=324
editbox_emit sequence=163 bytes=38 elapsed_us=2620 envelope=@J10000000002000000016332717|I422ZA00;
published_frame=325
editbox_receipt monotonic_ns=580564000826897 received=161 consumed=161 revision=58
published_frame=326
editbox_emit sequence=164 bytes=38 elapsed_us=1992 envelope=@J10000000002000000016410184|I422bA00;
published_frame=327
published_frame=328
editbox_emit sequence=165 bytes=38 elapsed_us=2476 envelope=@J10000000002000000016553172|I422dA00;
event mono_ns=580564053055000 frame=329 held=16 pressed=16 released=0
event mono_ns=580564058374000 frame=330 held=0 pressed=0 released=16
published_frame=329
published_frame=330
editbox_emit sequence=166 bytes=53 elapsed_us=2969 envelope=@J10000000002000000016612701|I422fA300G00G000200000G;
published_frame=331
published_frame=332
editbox_emit sequence=167 bytes=38 elapsed_us=2139 envelope=@J10000000002000000016708106|I422hA00;
editbox_receipt monotonic_ns=580564113084449 received=166 consumed=163 revision=59
published_frame=333
published_frame=334
editbox_emit sequence=168 bytes=38 elapsed_us=2153 envelope=@J10000000002000000016851094|I422jA00;
published_frame=335
editbox_receipt monotonic_ns=580564167238068 received=166 consumed=166 revision=60
published_frame=336
editbox_emit sequence=169 bytes=38 elapsed_us=2249 envelope=@J10000000002000000016928561|I422lA00;
published_frame=337
published_frame=338
editbox_emit sequence=170 bytes=38 elapsed_us=2043 envelope=@J10000000002000000017019245|I422nA00;
published_frame=339
published_frame=340
editbox_emit sequence=171 bytes=38 elapsed_us=2083 envelope=@J10000000002000000017162233|I422pA00;
published_frame=341
published_frame=342
editbox_emit sequence=172 bytes=38 elapsed_us=2111 envelope=@J10000000002000000017239700|I422rA00;
editbox_receipt monotonic_ns=580564279131197 received=169 consumed=169 revision=61
published_frame=343
published_frame=344
editbox_emit sequence=173 bytes=38 elapsed_us=2008 envelope=@J10000000002000000017317167|I422tA00;
published_frame=345
published_frame=346
editbox_emit sequence=174 bytes=38 elapsed_us=2168 envelope=@J10000000002000000017460155|I422vA00;
editbox_receipt monotonic_ns=580564346068416 received=172 consumed=172 revision=62
published_frame=347
published_frame=348
editbox_emit sequence=175 bytes=38 elapsed_us=2134 envelope=@J10000000002000000017537622|I422xA00;
published_frame=349
published_frame=350
editbox_emit sequence=176 bytes=38 elapsed_us=1876 envelope=@J10000000002000000017615089|I422zA00;
published_frame=351
editbox_receipt monotonic_ns=580564433314099 received=175 consumed=175 revision=63
published_frame=352
editbox_emit sequence=177 bytes=38 elapsed_us=2041 envelope=@J10000000002000000017758077|I422_A00;
published_frame=353
published_frame=354
editbox_emit sequence=178 bytes=38 elapsed_us=2100 envelope=@J10000000002000000017827675|I422XB00;
published_frame=355
published_frame=356
editbox_emit sequence=179 bytes=38 elapsed_us=2527 envelope=@J10000000002000000017905142|I422ZB00;
published_frame=357
published_frame=358
editbox_emit sequence=180 bytes=38 elapsed_us=2013 envelope=@J10000000002000000018061347|I422bB00;
editbox_receipt monotonic_ns=580564555981682 received=178 consumed=178 revision=64
published_frame=359
published_frame=360
editbox_emit sequence=181 bytes=38 elapsed_us=2552 envelope=@J10000000002000000018138814|I422dB00;
published_frame=361
published_frame=362
editbox_emit sequence=182 bytes=38 elapsed_us=2709 envelope=@J10000000002000000018216281|I422fB00;
published_frame=363
published_frame=364
editbox_emit sequence=183 bytes=38 elapsed_us=2708 envelope=@J10000000002000000018359269|I422hB00;
published_frame=365
published_frame=366
editbox_emit sequence=184 bytes=38 elapsed_us=2744 envelope=@J10000000002000000018436736|I422jB00;
published_frame=367
published_frame=368
editbox_emit sequence=185 bytes=38 elapsed_us=2064 envelope=@J10000000002000000018514203|I422lB00;
published_frame=369
published_frame=370
editbox_emit sequence=186 bytes=38 elapsed_us=2569 envelope=@J10000000002000000018657191|I422nB00;
published_frame=371
published_frame=372
editbox_emit sequence=187 bytes=38 elapsed_us=2548 envelope=@J10000000002000000018734658|I422pB00;
editbox_receipt monotonic_ns=580564790650166 received=181 consumed=181 revision=65
published_frame=373
published_frame=374
editbox_emit sequence=188 bytes=38 elapsed_us=2189 envelope=@J10000000002000000018812125|I422rB00;
event mono_ns=580564808684000 frame=375 held=32 pressed=32 released=0
event mono_ns=580564814117000 frame=375 held=0 pressed=0 released=32
published_frame=375
published_frame=376
editbox_emit sequence=189 bytes=44 elapsed_us=3085 envelope=@J10000000002000000018902575|I422tB200W00W0;
published_frame=377
published_frame=378
editbox_emit sequence=190 bytes=38 elapsed_us=2314 envelope=@J10000000002000000019045797|I422vB00;
editbox_receipt monotonic_ns=580564890937582 received=187 consumed=187 revision=66
published_frame=379
published_frame=380
editbox_emit sequence=191 bytes=38 elapsed_us=2105 envelope=@J10000000002000000019123264|I422xB00;
published_frame=381
published_frame=382
editbox_emit sequence=192 bytes=38 elapsed_us=2064 envelope=@J10000000002000000019200731|I422zB00;
editbox_receipt monotonic_ns=580564955529556 received=190 consumed=190 revision=67
published_frame=383
published_frame=384
editbox_emit sequence=193 bytes=38 elapsed_us=2033 envelope=@J10000000002000000019343719|I422_B00;
published_frame=385
editbox_receipt monotonic_ns=580564996760133 received=190 consumed=190 revision=68
published_frame=386
editbox_emit sequence=194 bytes=38 elapsed_us=1992 envelope=@J10000000002000000019413317|I422XC00;
published_frame=387
published_frame=388
editbox_emit sequence=195 bytes=38 elapsed_us=2665 envelope=@J10000000002000000019556305|I422ZC00;
published_frame=389
published_frame=390
editbox_emit sequence=196 bytes=38 elapsed_us=2577 envelope=@J10000000002000000019633772|I422bC00;
published_frame=391
editbox_receipt monotonic_ns=580565093369205 received=194 consumed=193 revision=69
published_frame=392
editbox_emit sequence=197 bytes=38 elapsed_us=2243 envelope=@J10000000002000000019711239|I422dC00;
published_frame=393
published_frame=394
editbox_emit sequence=198 bytes=38 elapsed_us=2383 envelope=@J10000000002000000019854227|I422fC00;
published_frame=395
published_frame=396
editbox_emit sequence=199 bytes=38 elapsed_us=2187 envelope=@J10000000002000000019931694|I422hC00;
editbox_receipt monotonic_ns=580565179497754 received=194 consumed=194 revision=70
published_frame=397
published_frame=398
editbox_emit sequence=200 bytes=38 elapsed_us=1990 envelope=@J10000000002000000020063795|I422jC00;
published_frame=399
published_frame=400
editbox_emit sequence=201 bytes=38 elapsed_us=2025 envelope=@J10000000002000000020141262|I422lC00;
published_frame=401
published_frame=402
editbox_emit sequence=202 bytes=38 elapsed_us=2468 envelope=@J10000000002000000020218729|I422nC00;
editbox_receipt monotonic_ns=580565289783951 received=200 consumed=200 revision=71
published_frame=403
published_frame=404
editbox_emit sequence=203 bytes=38 elapsed_us=2558 envelope=@J10000000002000000020361717|I422pC00;
published_frame=405
published_frame=406
editbox_emit sequence=204 bytes=38 elapsed_us=2250 envelope=@J10000000002000000020439184|I422rC00;
published_frame=407
published_frame=408
editbox_emit sequence=205 bytes=38 elapsed_us=1932 envelope=@J10000000002000000020516651|I422tC00;
editbox_receipt monotonic_ns=580565378514157 received=203 consumed=203 revision=72
published_frame=409
published_frame=410
editbox_emit sequence=206 bytes=38 elapsed_us=2316 envelope=@J10000000002000000020659639|I422vC00;
published_frame=411
published_frame=412
editbox_emit sequence=207 bytes=38 elapsed_us=2016 envelope=@J10000000002000000020737106|I422xC00;
editbox_receipt monotonic_ns=580565455821282 received=206 consumed=206 revision=73
published_frame=413
published_frame=414
editbox_emit sequence=208 bytes=38 elapsed_us=2060 envelope=@J10000000002000000020814573|I422zC00;
published_frame=415
published_frame=416
editbox_emit sequence=209 bytes=38 elapsed_us=2293 envelope=@J10000000002000000020957561|I422_C00;
editbox_receipt monotonic_ns=580565524192438 received=208 consumed=208 revision=74
published_frame=417
published_frame=418
editbox_emit sequence=210 bytes=38 elapsed_us=2381 envelope=@J10000000002000000021040376|I422XD00;
published_frame=419
event mono_ns=580565564338000 frame=420 held=64 pressed=64 released=0
event mono_ns=580565569619000 frame=420 held=0 pressed=0 released=64
published_frame=420
editbox_emit sequence=211 bytes=44 elapsed_us=2328 envelope=@J10000000002000000021156406|I422ZD02010010;
published_frame=421
published_frame=422
editbox_emit sequence=212 bytes=38 elapsed_us=2125 envelope=@J10000000002000000021260831|I422bD00;
published_frame=423
published_frame=424
editbox_emit sequence=213 bytes=38 elapsed_us=2195 envelope=@J10000000002000000021338298|I422dD00;
published_frame=425
published_frame=426
editbox_emit sequence=214 bytes=38 elapsed_us=2472 envelope=@J10000000002000000021415765|I422fD00;
published_frame=427
published_frame=428
editbox_emit sequence=215 bytes=38 elapsed_us=2331 envelope=@J10000000002000000021558753|I422hD00;
published_frame=429
editbox_receipt monotonic_ns=580565733312107 received=211 consumed=211 revision=75
published_frame=430
editbox_emit sequence=216 bytes=38 elapsed_us=2100 envelope=@J10000000002000000021636220|I422jD00;
published_frame=431
published_frame=432
editbox_emit sequence=217 bytes=38 elapsed_us=2239 envelope=@J10000000002000000021713687|I422lD00;
published_frame=433
published_frame=434
editbox_emit sequence=218 bytes=38 elapsed_us=2164 envelope=@J10000000002000000021856675|I422nD00;
published_frame=435
published_frame=436
editbox_emit sequence=219 bytes=38 elapsed_us=2040 envelope=@J10000000002000000021934142|I422pD00;
published_frame=437
editbox_receipt monotonic_ns=580565864804410 received=217 consumed=216 revision=76
published_frame=438
editbox_emit sequence=220 bytes=38 elapsed_us=2239 envelope=@J10000000002000000022024826|I422rD00;
published_frame=439
editbox_receipt monotonic_ns=580565895657567 received=217 consumed=217 revision=77
published_frame=440
editbox_emit sequence=221 bytes=38 elapsed_us=2046 envelope=@J10000000002000000022102293|I422tD00;
published_frame=441
published_frame=442
editbox_emit sequence=222 bytes=38 elapsed_us=2056 envelope=@J10000000002000000022245281|I422vD00;
published_frame=443
published_frame=444
editbox_emit sequence=223 bytes=38 elapsed_us=2116 envelope=@J10000000002000000022322748|I422xD00;
editbox_receipt monotonic_ns=580565991136511 received=221 consumed=221 revision=78
published_frame=445
published_frame=446
editbox_emit sequence=224 bytes=38 elapsed_us=2146 envelope=@J10000000002000000022400215|I422zD00;
published_frame=447
published_frame=448
editbox_emit sequence=225 bytes=38 elapsed_us=2104 envelope=@J10000000002000000022543203|I422_D00;
published_frame=449
published_frame=450
editbox_emit sequence=226 bytes=38 elapsed_us=2448 envelope=@J10000000002000000022612801|I422XE00;
published_frame=451
published_frame=452
editbox_emit sequence=227 bytes=38 elapsed_us=2408 envelope=@J10000000002000000022755789|I422ZE00;
editbox_receipt monotonic_ns=580566113990694 received=226 consumed=223 revision=79
published_frame=453
published_frame=454
editbox_emit sequence=228 bytes=38 elapsed_us=2037 envelope=@J10000000002000000022833256|I422bE00;
published_frame=455
published_frame=456
editbox_receipt monotonic_ns=580566175730712 received=226 consumed=226 revision=80
editbox_emit sequence=229 bytes=38 elapsed_us=2018 envelope=@J10000000002000000022910723|I422dE00;
published_frame=457
published_frame=458
editbox_emit sequence=230 bytes=38 elapsed_us=1995 envelope=@J10000000002000000023001407|I422fE00;
published_frame=459
published_frame=460
editbox_emit sequence=231 bytes=38 elapsed_us=2108 envelope=@J10000000002000000023144395|I422hE00;
editbox_receipt monotonic_ns=580566249243355 received=229 consumed=229 revision=81
published_frame=461
published_frame=462
editbox_emit sequence=232 bytes=38 elapsed_us=1998 envelope=@J10000000002000000023221862|I422jE00;
published_frame=463
published_frame=464
editbox_emit sequence=233 bytes=38 elapsed_us=2102 envelope=@J10000000002000000023364850|I422lE00;
event mono_ns=580566319967000 frame=465 held=256 pressed=256 released=0
published_frame=465
event mono_ns=580566325390000 frame=466 held=0 pressed=0 released=256
published_frame=466
editbox_emit sequence=234 bytes=56 elapsed_us=2929 envelope=@J10000000002000000023452198|I422nEB040040000Fy02000040;
editbox_receipt monotonic_ns=580566346768705 received=232 consumed=232 revision=82
published_frame=467
published_frame=468
editbox_emit sequence=235 bytes=38 elapsed_us=2131 envelope=@J10000000002000000023519784|I422pE00;
published_frame=469
published_frame=470
editbox_emit sequence=236 bytes=38 elapsed_us=2037 envelope=@J10000000002000000023662772|I422rE00;
published_frame=471
published_frame=472
editbox_emit sequence=237 bytes=38 elapsed_us=1973 envelope=@J10000000002000000023740239|I422tE00;
published_frame=473
published_frame=474
editbox_emit sequence=238 bytes=38 elapsed_us=2036 envelope=@J10000000002000000023817706|I422vE00;
published_frame=475
editbox_receipt monotonic_ns=580566499080730 received=236 consumed=236 revision=83
published_frame=476
editbox_emit sequence=239 bytes=38 elapsed_us=2361 envelope=@J10000000002000000023960694|I422xE00;
published_frame=477
published_frame=478
editbox_emit sequence=240 bytes=38 elapsed_us=2081 envelope=@J10000000002000000024051378|I422zE00;
published_frame=479
published_frame=480
editbox_emit sequence=241 bytes=38 elapsed_us=2038 envelope=@J10000000002000000024128845|I422_E00;
editbox_receipt monotonic_ns=580566589128755 received=240 consumed=240 revision=84
published_frame=481
published_frame=482
editbox_emit sequence=242 bytes=38 elapsed_us=2020 envelope=@J10000000002000000024263964|I422XF00;
published_frame=483
published_frame=484
editbox_emit sequence=243 bytes=38 elapsed_us=2088 envelope=@J10000000002000000024341431|I422ZF00;
published_frame=485
published_frame=486
editbox_emit sequence=244 bytes=38 elapsed_us=2188 envelope=@J10000000002000000024418898|I422bF00;
published_frame=487
published_frame=488
editbox_emit sequence=245 bytes=38 elapsed_us=2459 envelope=@J10000000002000000024561886|I422dF00;
published_frame=489
published_frame=490
editbox_emit sequence=246 bytes=38 elapsed_us=1965 envelope=@J10000000002000000024639353|I422fF00;
published_frame=491
published_frame=492
editbox_emit sequence=247 bytes=38 elapsed_us=1977 envelope=@J10000000002000000024716820|I422hF00;
published_frame=493
published_frame=494
editbox_emit sequence=248 bytes=38 elapsed_us=1983 envelope=@J10000000002000000024859808|I422jF00;
published_frame=495
editbox_emit sequence=241 bytes=38 elapsed_us=2126 envelope=@J10000000002000000024128845|I422_E00;
published_frame=496
editbox_receipt monotonic_ns=580566844010665 received=240 consumed=240 revision=85
published_frame=497
published_frame=498
published_frame=499
editbox_receipt monotonic_ns=580566906360335 received=248 consumed=246 revision=86
editbox_emit sequence=249 bytes=38 elapsed_us=1946 envelope=@J10000000002000000024937275|I422lF00;
published_frame=500
editbox_emit sequence=250 bytes=38 elapsed_us=2496 envelope=@J10000000002000000025027959|I422nF00;
editbox_emit sequence=251 bytes=38 elapsed_us=2301 envelope=@J10000000002000000025105426|I422pF00;
published_frame=501
published_frame=502
editbox_emit sequence=252 bytes=38 elapsed_us=2171 envelope=@J10000000002000000025248414|I422rF00;
published_frame=503
published_frame=504
editbox_emit sequence=253 bytes=38 elapsed_us=2104 envelope=@J10000000002000000025325881|I422tF00;
editbox_receipt monotonic_ns=580566991239903 received=248 consumed=248 revision=87
published_frame=505
published_frame=506
editbox_emit sequence=254 bytes=38 elapsed_us=2092 envelope=@J10000000002000000025403348|I422vF00;
published_frame=507
editbox_receipt monotonic_ns=580567034355604 received=253 consumed=253 revision=88
published_frame=508
editbox_emit sequence=255 bytes=38 elapsed_us=2066 envelope=@J10000000002000000025546336|I422xF00;
published_frame=509
editbox_receipt monotonic_ns=580567066776389 received=253 consumed=253 revision=89
event mono_ns=580567075752000 frame=511 held=512 pressed=512 released=0
published_frame=510
editbox_emit sequence=256 bytes=38 elapsed_us=2228 envelope=@J10000000002000000025623803|I422zF00;
event mono_ns=580567081178000 frame=511 held=0 pressed=0 released=512
published_frame=511
published_frame=512
editbox_emit sequence=257 bytes=44 elapsed_us=2397 envelope=@J10000000002000000025751039|I422_F20800800;
published_frame=513
published_frame=514
editbox_emit sequence=258 bytes=38 elapsed_us=2464 envelope=@J10000000002000000025836389|I422XG00;
published_frame=515
published_frame=516
editbox_emit sequence=259 bytes=38 elapsed_us=2488 envelope=@J10000000002000000025913856|I422ZG00;
editbox_receipt monotonic_ns=580567190386078 received=256 consumed=256 revision=90
published_frame=517
published_frame=518
editbox_emit sequence=260 bytes=38 elapsed_us=2427 envelope=@J10000000002000000026004540|I422bG00;
published_frame=519
published_frame=520
editbox_emit sequence=261 bytes=38 elapsed_us=2327 envelope=@J10000000002000000026147528|I422dG00;
published_frame=521
published_frame=522
editbox_emit sequence=262 bytes=38 elapsed_us=2113 envelope=@J10000000002000000026224995|I422fG00;
editbox_receipt monotonic_ns=580567290120699 received=261 consumed=259 revision=91
published_frame=523
published_frame=524
editbox_emit sequence=263 bytes=38 elapsed_us=2013 envelope=@J10000000002000000026302462|I422hG00;
published_frame=525
published_frame=526
editbox_emit sequence=264 bytes=38 elapsed_us=1991 envelope=@J10000000002000000026445450|I422jG00;
published_frame=527
editbox_receipt monotonic_ns=580567367289334 received=261 consumed=261 revision=92
published_frame=528
editbox_emit sequence=265 bytes=38 elapsed_us=2107 envelope=@J10000000002000000026522917|I422lG00;
published_frame=529
published_frame=530
editbox_emit sequence=266 bytes=38 elapsed_us=2237 envelope=@J10000000002000000026600384|I422nG00;
published_frame=531
published_frame=532
editbox_emit sequence=267 bytes=38 elapsed_us=2049 envelope=@J10000000002000000026743372|I422pG00;
published_frame=533
published_frame=534
editbox_emit sequence=268 bytes=38 elapsed_us=2071 envelope=@J10000000002000000026820839|I422rG00;
published_frame=535
editbox_receipt monotonic_ns=580567494124398 received=264 consumed=264 revision=93
published_frame=536
editbox_emit sequence=269 bytes=38 elapsed_us=2027 envelope=@J10000000002000000026963827|I422tG00;
published_frame=537
published_frame=538
editbox_emit sequence=270 bytes=38 elapsed_us=2311 envelope=@J10000000002000000027054511|I422vG00;
editbox_receipt monotonic_ns=580567546636040 received=268 consumed=268 revision=94
published_frame=539
published_frame=540
editbox_emit sequence=271 bytes=38 elapsed_us=2008 envelope=@J10000000002000000027131978|I422xG00;
published_frame=541
published_frame=542
editbox_emit sequence=272 bytes=38 elapsed_us=2570 envelope=@J10000000002000000027209445|I422zG00;
published_frame=543
published_frame=544
editbox_emit sequence=273 bytes=38 elapsed_us=1993 envelope=@J10000000002000000027352433|I422_G00;
published_frame=545
published_frame=546
editbox_emit sequence=274 bytes=38 elapsed_us=2141 envelope=@J10000000002000000027422031|I422XH00;
published_frame=547
published_frame=548
editbox_emit sequence=275 bytes=38 elapsed_us=2062 envelope=@J10000000002000000027565019|I422ZH00;
published_frame=549
published_frame=550
editbox_emit sequence=276 bytes=38 elapsed_us=2200 envelope=@J10000000002000000027642486|I422bH00;
published_frame=551
published_frame=552
editbox_emit sequence=277 bytes=38 elapsed_us=2579 envelope=@J10000000002000000027719953|I422dH00;
published_frame=553
editbox_emit sequence=269 bytes=38 elapsed_us=1942 envelope=@J10000000002000000026963827|I422tG00;
published_frame=554
editbox_receipt monotonic_ns=580567822940742 received=270 consumed=270 revision=95
editbox_emit sequence=271 bytes=38 elapsed_us=2019 envelope=@J10000000002000000027131978|I422xG00;
published_frame=555
event mono_ns=580567831406000 frame=556 held=128 pressed=128 released=0
event mono_ns=580567836751000 frame=556 held=0 pressed=0 released=128
published_frame=556
published_frame=557
published_frame=558
editbox_receipt monotonic_ns=580567876165019 received=277 consumed=276 revision=96
editbox_emit sequence=278 bytes=38 elapsed_us=2000 envelope=@J10000000002000000027862941|I422fH00;
editbox_emit sequence=279 bytes=44 elapsed_us=2274 envelope=@J10000000002000000027900744|I422hH02020020;
editbox_emit sequence=280 bytes=38 elapsed_us=2023 envelope=@J10000000002000000028031092|I422jH00;
published_frame=559
published_frame=560
editbox_emit sequence=281 bytes=38 elapsed_us=1878 envelope=@J10000000002000000028108559|I422lH00;
published_frame=561
editbox_receipt monotonic_ns=580567928565672 received=277 consumed=277 revision=97
published_frame=562
editbox_emit sequence=282 bytes=38 elapsed_us=2567 envelope=@J10000000002000000028251547|I422nH00;
published_frame=563
published_frame=564
editbox_emit sequence=283 bytes=38 elapsed_us=2457 envelope=@J10000000002000000028329014|I422pH00;
published_frame=565
published_frame=566
editbox_emit sequence=284 bytes=38 elapsed_us=2234 envelope=@J10000000002000000028406481|I422rH00;
published_frame=567
published_frame=568
editbox_emit sequence=285 bytes=38 elapsed_us=2249 envelope=@J10000000002000000028549469|I422tH00;
editbox_receipt monotonic_ns=580568045642116 received=283 consumed=280 revision=98
published_frame=569
published_frame=570
editbox_emit sequence=286 bytes=38 elapsed_us=2302 envelope=@J10000000002000000028626936|I422vH00;
editbox_receipt monotonic_ns=580568080057751 received=283 consumed=283 revision=99
published_frame=571
published_frame=572
editbox_emit sequence=287 bytes=38 elapsed_us=2199 envelope=@J10000000002000000028704403|I422xH00;
published_frame=573
published_frame=574
editbox_emit sequence=288 bytes=38 elapsed_us=2569 envelope=@J10000000002000000028847391|I422zH00;
published_frame=575
published_frame=576
editbox_emit sequence=289 bytes=38 elapsed_us=2442 envelope=@J10000000002000000028924858|I422_H00;
published_frame=577
editbox_receipt monotonic_ns=580568197265881 received=288 consumed=288 revision=100
published_frame=578
editbox_emit sequence=290 bytes=38 elapsed_us=2221 envelope=@J10000000002000000029007673|I422XI00;
published_frame=579
published_frame=580
editbox_emit sequence=291 bytes=38 elapsed_us=2308 envelope=@J10000000002000000029150661|I422ZI00;
published_frame=581
published_frame=582
editbox_emit sequence=292 bytes=38 elapsed_us=2264 envelope=@J10000000002000000029228128|I422bI00;
editbox_receipt monotonic_ns=580568283420519 received=288 consumed=288 revision=101
published_frame=583
published_frame=584
editbox_emit sequence=293 bytes=38 elapsed_us=2356 envelope=@J10000000002000000029305595|I422dI00;
published_frame=585
published_frame=586
editbox_emit sequence=294 bytes=38 elapsed_us=2134 envelope=@J10000000002000000029448583|I422fI00;
published_frame=587
published_frame=588
editbox_emit sequence=295 bytes=38 elapsed_us=2208 envelope=@J10000000002000000029526050|I422hI00;
published_frame=589
editbox_receipt monotonic_ns=580568400219272 received=294 consumed=293 revision=102
published_frame=590
editbox_emit sequence=296 bytes=38 elapsed_us=2014 envelope=@J10000000002000000029603517|I422jI00;
published_frame=591
published_frame=592
editbox_emit sequence=297 bytes=38 elapsed_us=2078 envelope=@J10000000002000000029746505|I422lI00;
published_frame=593
published_frame=594
editbox_emit sequence=298 bytes=38 elapsed_us=1932 envelope=@J10000000002000000029823972|I422nI00;
published_frame=595
editbox_receipt monotonic_ns=580568499892387 received=294 consumed=294 revision=103
published_frame=596
editbox_emit sequence=299 bytes=38 elapsed_us=1938 envelope=@J10000000002000000029901439|I422pI00;
published_frame=597
published_frame=598
editbox_emit sequence=300 bytes=38 elapsed_us=1969 envelope=@J10000000002000000030033540|I422rI00;
published_frame=599
published_frame=600
editbox_emit sequence=301 bytes=38 elapsed_us=1975 envelope=@J10000000002000000030111007|I422tI00;
event mono_ns=580568586919000 frame=601 held=16384 pressed=16384 released=0
published_frame=601
event mono_ns=580568592254000 frame=602 held=0 pressed=0 released=16384
published_frame=602
editbox_emit sequence=302 bytes=53 elapsed_us=2629 envelope=@J10000000002000000030244245|I422vI34004000002000400;
editbox_receipt monotonic_ns=580568618775407 received=300 consumed=299 revision=104
published_frame=603
published_frame=604
editbox_emit sequence=303 bytes=38 elapsed_us=2544 envelope=@J10000000002000000030331462|I422xI00;
published_frame=605
published_frame=606
editbox_emit sequence=304 bytes=38 elapsed_us=2201 envelope=@J10000000002000000030408929|I422zI00;
published_frame=607
published_frame=608
editbox_emit sequence=305 bytes=38 elapsed_us=2221 envelope=@J10000000002000000030551917|I422_I00;
published_frame=609
published_frame=610
editbox_emit sequence=306 bytes=38 elapsed_us=2109 envelope=@J10000000002000000030621515|I422XJ00;
published_frame=611
published_frame=612
editbox_emit sequence=307 bytes=38 elapsed_us=2271 envelope=@J10000000002000000030764503|I422ZJ00;
editbox_receipt monotonic_ns=580568790155511 received=303 consumed=303 revision=105
published_frame=613
published_frame=614
editbox_emit sequence=308 bytes=38 elapsed_us=1971 envelope=@J10000000002000000030841970|I422bJ00;
published_frame=615
published_frame=616
editbox_emit sequence=309 bytes=38 elapsed_us=2836 envelope=@J10000000002000000030919437|I422dJ00;
published_frame=617
published_frame=618
editbox_emit sequence=310 bytes=38 elapsed_us=2592 envelope=@J10000000002000000031010121|I422fJ00;
published_frame=619
published_frame=620
editbox_emit sequence=311 bytes=38 elapsed_us=2325 envelope=@J10000000002000000031153109|I422hJ00;
editbox_receipt monotonic_ns=580568924054695 received=309 consumed=305 revision=106
published_frame=621
published_frame=622
editbox_emit sequence=312 bytes=38 elapsed_us=2213 envelope=@J10000000002000000031230576|I422jJ00;
published_frame=623
published_frame=624
editbox_emit sequence=313 bytes=38 elapsed_us=2421 envelope=@J10000000002000000031308043|I422lJ00;
editbox_receipt monotonic_ns=580568991156743 received=309 consumed=309 revision=107
published_frame=625
published_frame=626
editbox_emit sequence=314 bytes=38 elapsed_us=3520 envelope=@J10000000002000000031451031|I422nJ00;
editbox_receipt monotonic_ns=580569014265896 received=309 consumed=309 revision=108
published_frame=627
published_frame=628
editbox_emit sequence=315 bytes=38 elapsed_us=2402 envelope=@J10000000002000000031528498|I422pJ00;
published_frame=629
published_frame=630
editbox_emit sequence=316 bytes=38 elapsed_us=2063 envelope=@J10000000002000000031605965|I422rJ00;
published_frame=631
published_frame=632
editbox_emit sequence=317 bytes=38 elapsed_us=2024 envelope=@J10000000002000000031748953|I422tJ00;
published_frame=633
published_frame=634
editbox_receipt monotonic_ns=580569142665703 received=316 consumed=314 revision=109
editbox_emit sequence=318 bytes=38 elapsed_us=2010 envelope=@J10000000002000000031826420|I422vJ00;
published_frame=635
published_frame=636
editbox_emit sequence=319 bytes=38 elapsed_us=2433 envelope=@J10000000002000000031903887|I422xJ00;
published_frame=637
editbox_receipt monotonic_ns=580569205406286 received=318 consumed=318 revision=110
published_frame=638
editbox_emit sequence=320 bytes=38 elapsed_us=1967 envelope=@J10000000002000000032060092|I422zJ00;
published_frame=639
published_frame=640
editbox_emit sequence=321 bytes=38 elapsed_us=2151 envelope=@J10000000002000000032137559|I422_J00;
published_frame=641
published_frame=642
editbox_emit sequence=322 bytes=38 elapsed_us=2123 envelope=@J10000000002000000032207157|I422XK00;
published_frame=643
editbox_receipt monotonic_ns=580569291859684 received=318 consumed=318 revision=111
published_frame=644
editbox_emit sequence=323 bytes=38 elapsed_us=2064 envelope=@J10000000002000000032350145|I422ZK00;
published_frame=645
published_frame=646
editbox_emit sequence=324 bytes=38 elapsed_us=2243 envelope=@J10000000002000000032427612|I422bK00;
event mono_ns=580569342451000 frame=647 held=1 pressed=1 released=0
event mono_ns=580569347835000 frame=647 held=0 pressed=0 released=1
published_frame=647
published_frame=648
editbox_emit sequence=325 bytes=49 elapsed_us=2778 envelope=@J10000000002000000032541286|I422dKo0010011H03_0;
editbox_receipt monotonic_ns=580569390601183 received=323 consumed=323 revision=112
published_frame=649
event mono_ns=580569393122000 frame=650 held=2 pressed=2 released=0
event mono_ns=580569398442000 frame=650 held=0 pressed=0 released=2
published_frame=650
editbox_emit sequence=326 bytes=49 elapsed_us=2782 envelope=@J10000000002000000032663056|I422fK0o0020022Y07-;
published_frame=651
published_frame=652
editbox_emit sequence=327 bytes=38 elapsed_us=2503 envelope=@J10000000002000000032725534|I422hK00;
event mono_ns=580569443798000 frame=653 held=4 pressed=4 released=0
event mono_ns=580569449094000 frame=653 held=0 pressed=0 released=4
published_frame=653
published_frame=654
editbox_emit sequence=328 bytes=49 elapsed_us=2628 envelope=@J10000000002000000032860551|I422jKo004004FC0010;
editbox_receipt monotonic_ns=580569489935253 received=326 consumed=325 revision=113
published_frame=655
event mono_ns=580569494372000 frame=656 held=24 pressed=24 released=0
event mono_ns=580569499703000 frame=656 held=0 pressed=0 released=24
published_frame=656
editbox_emit sequence=329 bytes=49 elapsed_us=3546 envelope=@J10000000002000000032953658|I422lK0o00O00OUO002;
published_frame=657
published_frame=658
editbox_emit sequence=330 bytes=38 elapsed_us=2048 envelope=@J10000000002000000033036673|I422nK00;
event mono_ns=580569545015000 frame=659 held=16 pressed=16 released=0
event mono_ns=580569550283000 frame=659 held=0 pressed=0 released=16
published_frame=659
published_frame=660
editbox_emit sequence=331 bytes=44 elapsed_us=2509 envelope=@J10000000002000000033133826|I422pK200G00G0;
editbox_receipt monotonic_ns=580569579617723 received=329 consumed=329 revision=114
published_frame=661
event mono_ns=580569595546000 frame=662 held=16 pressed=16 released=0
event mono_ns=580569600851000 frame=662 held=0 pressed=0 released=16
published_frame=662
editbox_emit sequence=332 bytes=44 elapsed_us=2417 envelope=@J10000000002000000033228611|I422rK0200G00G;
published_frame=663
published_frame=664
editbox_emit sequence=333 bytes=38 elapsed_us=1968 envelope=@J10000000002000000033334595|I422tK00;
event mono_ns=580569646034000 frame=665 held=32 pressed=32 released=0
event mono_ns=580569651386000 frame=665 held=0 pressed=0 released=32
published_frame=665
published_frame=666
editbox_emit sequence=334 bytes=44 elapsed_us=2513 envelope=@J10000000002000000033448690|I422vK200W00W0;
published_frame=667
event mono_ns=580569696567000 frame=668 held=64 pressed=64 released=0
event mono_ns=580569701874000 frame=668 held=0 pressed=0 released=64
published_frame=668
editbox_emit sequence=335 bytes=44 elapsed_us=2107 envelope=@J10000000002000000033515793|I422xK02010010;
published_frame=669
published_frame=670
editbox_emit sequence=336 bytes=38 elapsed_us=2199 envelope=@J10000000002000000033632517|I422zK00;
event mono_ns=580569747037000 frame=671 held=256 pressed=256 released=0
event mono_ns=580569752300000 frame=671 held=0 pressed=0 released=256
editbox_receipt monotonic_ns=580569757122987 received=332 consumed=331 revision=115
published_frame=671
published_frame=672
editbox_emit sequence=337 bytes=44 elapsed_us=3015 envelope=@J10000000002000000033744529|I422_K20400400;
published_frame=673
event mono_ns=580569797524000 frame=674 held=512 pressed=512 released=0
event mono_ns=580569802783000 frame=674 held=0 pressed=0 released=512
published_frame=674
editbox_emit sequence=338 bytes=44 elapsed_us=2487 envelope=@J10000000002000000033803939|I422XL02080080;
published_frame=675
published_frame=676
editbox_emit sequence=339 bytes=38 elapsed_us=2400 envelope=@J10000000002000000033922570|I422ZL00;
event mono_ns=580569848044000 frame=677 held=128 pressed=128 released=0
event mono_ns=580569853471000 frame=677 held=0 pressed=0 released=128
published_frame=677
published_frame=678
editbox_emit sequence=340 bytes=44 elapsed_us=2486 envelope=@J10000000002000000034051917|I422bL20200200;
editbox_receipt monotonic_ns=580569889385794 received=339 consumed=334 revision=116
published_frame=679
event mono_ns=580569898662000 frame=680 held=16384 pressed=16384 released=0
event mono_ns=580569903962000 frame=680 held=0 pressed=0 released=16384
published_frame=680
editbox_emit sequence=341 bytes=44 elapsed_us=2193 envelope=@J10000000002000000034135622|I422dL02400400;
published_frame=681
published_frame=682
editbox_emit sequence=342 bytes=38 elapsed_us=2003 envelope=@J10000000002000000034233709|I422fL00;
event mono_ns=580569949277000 frame=683 held=32 pressed=32 released=0
event mono_ns=580569949444000 frame=683 held=96 pressed=64 released=0
event mono_ns=580569954623000 frame=683 held=64 pressed=0 released=32
event mono_ns=580569954753000 frame=683 held=0 pressed=0 released=64
published_frame=683
published_frame=684
editbox_emit sequence=343 bytes=44 elapsed_us=2426 envelope=@J10000000002000000034335613|I422hL201W01W0;
editbox_receipt monotonic_ns=580569983736574 received=339 consumed=339 revision=117
published_frame=685
event mono_ns=580569999958000 frame=686 held=1 pressed=1 released=0
event mono_ns=580570005256000 frame=686 held=0 pressed=0 released=1
published_frame=686
editbox_emit sequence=344 bytes=49 elapsed_us=2871 envelope=@J10000000002000000034432991|I422jL0o0010011H03_;
published_frame=687
published_frame=688
editbox_emit sequence=345 bytes=38 elapsed_us=2294 envelope=@J10000000002000000034531631|I422lL00;
event mono_ns=580570050418000 frame=689 held=2 pressed=2 released=0
event mono_ns=580570055828000 frame=689 held=0 pressed=0 released=2
published_frame=689
published_frame=690
editbox_emit sequence=346 bytes=49 elapsed_us=3099 envelope=@J10000000002000000034623248|I422nLo0020022Y07-0;
published_frame=691
event mono_ns=580570101193000 frame=692 held=4 pressed=4 released=0
editbox_receipt monotonic_ns=580570101648503 received=345 consumed=341 revision=118
event mono_ns=580570106457000 frame=692 held=0 pressed=0 released=4
published_frame=692
editbox_emit sequence=347 bytes=49 elapsed_us=3334 envelope=@J10000000002000000034752501|I422pL0o004004FC001;
published_frame=693
published_frame=694
editbox_emit sequence=348 bytes=38 elapsed_us=2407 envelope=@J10000000002000000034829553|I422rL00;
event mono_ns=580570151673000 frame=695 held=24 pressed=24 released=0
event mono_ns=580570157030000 frame=695 held=0 pressed=0 released=24
published_frame=695
published_frame=696
editbox_emit sequence=349 bytes=49 elapsed_us=3139 envelope=@J10000000002000000034959436|I422tLo00O00OUO0020;
published_frame=697
event mono_ns=580570202410000 frame=698 held=16 pressed=16 released=0
event mono_ns=580570207718000 frame=698 held=0 pressed=0 released=16
published_frame=698
editbox_emit sequence=350 bytes=44 elapsed_us=3022 envelope=@J10000000002000000035036123|I422vL0200G00G;
editbox_receipt monotonic_ns=580570213687957 received=345 consumed=345 revision=119
published_frame=699
published_frame=700
editbox_emit sequence=351 bytes=38 elapsed_us=2629 envelope=@J10000000002000000035140692|I422xL00;
event mono_ns=580570252885000 frame=701 held=16 pressed=16 released=0
event mono_ns=580570258343000 frame=702 held=0 pressed=0 released=16
published_frame=701
published_frame=702
editbox_emit sequence=352 bytes=53 elapsed_us=2989 envelope=@J10000000002000000035249680|I422zL300G00G000200000G;
published_frame=703
event mono_ns=580570303624000 frame=704 held=32 pressed=32 released=0
published_frame=704
editbox_emit sequence=353 bytes=47 elapsed_us=3385 envelope=@J10000000002000000035362395|I422_L0300W00W000;
event mono_ns=580570309156000 frame=705 held=0 pressed=0 released=32
published_frame=705
published_frame=706
editbox_emit sequence=354 bytes=44 elapsed_us=2869 envelope=@J10000000002000000035437198|I422XM200000W0;
editbox_emit sequence=346 bytes=49 elapsed_us=2713 envelope=@J10000000002000000034623248|I422nLo0020022Y07-0;
event mono_ns=580570354391000 frame=707 held=64 pressed=64 released=0
published_frame=707
event mono_ns=580570359648000 frame=708 held=0 pressed=0 released=64
published_frame=708
published_frame=709
event mono_ns=580570404856000 frame=710 held=256 pressed=256 released=0
published_frame=710
event mono_ns=580570410123000 frame=711 held=0 pressed=0 released=256
editbox_receipt monotonic_ns=580570412086901 received=354 consumed=346 revision=120
editbox_emit sequence=355 bytes=53 elapsed_us=3056 envelope=@J10000000002000000035502156|I422ZM30100100002000010;
editbox_emit sequence=356 bytes=50 elapsed_us=3053 envelope=@J10000000002000000035619750|I422bM0B040040000Fy0;
published_frame=711
published_frame=712
editbox_emit sequence=357 bytes=44 elapsed_us=2819 envelope=@J10000000002000000035746605|I422dM20000400;
event mono_ns=580570455303000 frame=713 held=512 pressed=512 released=0
published_frame=713
event mono_ns=580570460641000 frame=714 held=0 pressed=0 released=512
editbox_receipt monotonic_ns=580570468456764 received=354 consumed=352 revision=121
published_frame=714
editbox_emit sequence=358 bytes=56 elapsed_us=2939 envelope=@J10000000002000000035863556|I422fMB08008000003_2000080;
published_frame=715
editbox_receipt monotonic_ns=580570502260311 received=354 consumed=354 revision=122
event mono_ns=580570505898000 frame=716 held=128 pressed=128 released=0
published_frame=716
editbox_emit sequence=359 bytes=47 elapsed_us=2459 envelope=@J10000000002000000035929593|I422hM03020020000;
event mono_ns=580570511107000 frame=717 held=0 pressed=0 released=128
published_frame=717
published_frame=718
editbox_emit sequence=360 bytes=44 elapsed_us=2823 envelope=@J10000000002000000036035709|I422jM20000200;
event mono_ns=580570556222000 frame=719 held=16384 pressed=16384 released=0
published_frame=719
event mono_ns=580570561459000 frame=720 held=0 pressed=0 released=16384
published_frame=720
editbox_emit sequence=361 bytes=53 elapsed_us=3030 envelope=@J10000000002000000036120553|I422lM34004000002000400;
editbox_receipt monotonic_ns=580570591124467 received=354 consumed=354 revision=123
published_frame=721
event mono_ns=580570606624000 frame=722 held=32 pressed=32 released=0
event mono_ns=580570606768000 frame=722 held=96 pressed=64 released=0
published_frame=722
editbox_emit sequence=362 bytes=47 elapsed_us=3095 envelope=@J10000000002000000036217706|I422nM0301W01W000;
event mono_ns=580570612103000 frame=723 held=64 pressed=0 released=32
event mono_ns=580570612176000 frame=723 held=0 pressed=0 released=64
published_frame=723
published_frame=724
editbox_emit sequence=363 bytes=44 elapsed_us=2505 envelope=@J10000000002000000036308259|I422pM200001W0;
event mono_ns=580570657359000 frame=725 held=1 pressed=1 released=0
published_frame=725
editbox_emit sequence=355 bytes=53 elapsed_us=3065 envelope=@J10000000002000000035502156|I422ZM30100100002000010;
event mono_ns=580570662735000 frame=726 held=0 pressed=0 released=1
published_frame=726
published_frame=727
event mono_ns=580570707983000 frame=728 held=2 pressed=2 released=0
published_frame=728
event mono_ns=580570713347000 frame=729 held=0 pressed=0 released=2
published_frame=729
published_frame=730
published_frame=731
event mono_ns=580570758628000 frame=732 held=4 pressed=4 released=0
event mono_ns=580570763947000 frame=732 held=0 pressed=0 released=4
published_frame=732
published_frame=733
published_frame=734
event mono_ns=580570809134000 frame=735 held=24 pressed=24 released=0
event mono_ns=580570814397000 frame=735 held=0 pressed=0 released=24
published_frame=735
published_frame=736
published_frame=737
event mono_ns=580570859640000 frame=738 held=16 pressed=16 released=0
event mono_ns=580570864898000 frame=738 held=0 pressed=0 released=16
published_frame=738
editbox_receipt monotonic_ns=580570881553061 received=363 consumed=359 revision=124
editbox_emit sequence=364 bytes=61 elapsed_us=3490 envelope=@J10000000002000000036432918|I422rMt001001000Fm31H03_2000001;
editbox_emit sequence=365 bytes=55 elapsed_us=3669 envelope=@J10000000002000000036543324|I422tM0t002002000Fq22Y07-;
editbox_emit sequence=366 bytes=44 elapsed_us=3008 envelope=@J10000000002000000036630768|I422vM20000020;
published_frame=739
editbox_emit sequence=367 bytes=49 elapsed_us=3214 envelope=@J10000000002000000036733994|I422xM0o004004FC001;
editbox_emit sequence=368 bytes=38 elapsed_us=2362 envelope=@J10000000002000000036856105|I422zM00;
editbox_emit sequence=369 bytes=49 elapsed_us=2982 envelope=@J10000000002000000036940929|I422_Mo00O00OUO0020;
published_frame=740
editbox_emit sequence=370 bytes=44 elapsed_us=2711 envelope=@J10000000002000000037056810|I422XN0200G00G;
event mono_ns=580570910043000 frame=741 held=16 pressed=16 released=0
editbox_emit sequence=371 bytes=38 elapsed_us=2535 envelope=@J10000000002000000037159375|I422ZN00;
event mono_ns=580570915339000 frame=741 held=0 pressed=0 released=16
published_frame=741
published_frame=742
editbox_emit sequence=372 bytes=44 elapsed_us=2968 envelope=@J10000000002000000037224023|I422bN200G00G0;
published_frame=743
event mono_ns=580570960463000 frame=744 held=32 pressed=32 released=0
event mono_ns=580570965792000 frame=744 held=0 pressed=0 released=32
published_frame=744
editbox_emit sequence=373 bytes=44 elapsed_us=2811 envelope=@J10000000002000000037354259|I422dN0200W00W;
published_frame=745
published_frame=746
editbox_emit sequence=374 bytes=38 elapsed_us=2278 envelope=@J10000000002000000037457297|I422fN00;
event mono_ns=580571010983000 frame=747 held=64 pressed=64 released=0
event mono_ns=580571016284000 frame=747 held=0 pressed=0 released=64
published_frame=747
editbox_receipt monotonic_ns=580571034322393 received=363 consumed=363 revision=125
published_frame=748
editbox_emit sequence=375 bytes=44 elapsed_us=2758 envelope=@J10000000002000000037517189|I422hN20100100;
published_frame=749
event mono_ns=580571061467000 frame=750 held=256 pressed=256 released=0
event mono_ns=580571066811000 frame=750 held=0 pressed=0 released=256
published_frame=750
editbox_emit sequence=376 bytes=44 elapsed_us=3103 envelope=@J10000000002000000037656853|I422jN02040040;
published_frame=751
published_frame=752
editbox_emit sequence=377 bytes=38 elapsed_us=2702 envelope=@J10000000002000000037755219|I422lN00;
event mono_ns=580571112028000 frame=753 held=512 pressed=512 released=0
event mono_ns=580571117279000 frame=753 held=0 pressed=0 released=512
published_frame=753
editbox_emit sequence=364 bytes=61 elapsed_us=3940 envelope=@J10000000002000000036432918|I422rMt001001000Fm31H03_2000001;
published_frame=754
published_frame=755
event mono_ns=580571162499000 frame=756 held=128 pressed=128 released=0
event mono_ns=580571167842000 frame=756 held=0 pressed=0 released=128
published_frame=756
published_frame=757
published_frame=758
event mono_ns=580571212989000 frame=759 held=16384 pressed=16384 released=0
event mono_ns=580571218316000 frame=759 held=0 pressed=0 released=16384
published_frame=759
published_frame=760
published_frame=761
event mono_ns=580571263512000 frame=762 held=32 pressed=32 released=0
event mono_ns=580571263672000 frame=762 held=96 pressed=64 released=0
event mono_ns=580571268898000 frame=762 held=64 pressed=0 released=32
event mono_ns=580571268973000 frame=762 held=0 pressed=0 released=64
published_frame=762
published_frame=763
published_frame=764
event mono_ns=580571314170000 frame=765 held=1 pressed=1 released=0
event mono_ns=580571319418000 frame=765 held=0 pressed=0 released=1
published_frame=765
published_frame=766
published_frame=767
event mono_ns=580571364634000 frame=768 held=2 pressed=2 released=0
event mono_ns=580571369886000 frame=768 held=0 pressed=0 released=2
published_frame=768
published_frame=769
published_frame=770
event mono_ns=580571415216000 frame=771 held=4 pressed=4 released=0
editbox_receipt monotonic_ns=580571418657835 received=377 consumed=367 revision=126
editbox_emit sequence=378 bytes=44 elapsed_us=2542 envelope=@J10000000002000000037843257|I422nN20800800;
event mono_ns=580571420481000 frame=771 held=0 pressed=0 released=4
editbox_emit sequence=379 bytes=44 elapsed_us=2313 envelope=@J10000000002000000037928623|I422pN02020020;
published_frame=771
editbox_emit sequence=380 bytes=38 elapsed_us=2030 envelope=@J10000000002000000038000837|I422rN00;
editbox_emit sequence=381 bytes=44 elapsed_us=2271 envelope=@J10000000002000000038154868|I422tN24004000;
editbox_emit sequence=382 bytes=44 elapsed_us=2145 envelope=@J10000000002000000038222954|I422vN0201W01W;
editbox_emit sequence=383 bytes=38 elapsed_us=1831 envelope=@J10000000002000000038364280|I422xN00;
published_frame=772
published_frame=773
editbox_receipt monotonic_ns=580571461534538 received=377 consumed=372 revision=127
editbox_emit sequence=384 bytes=49 elapsed_us=2505 envelope=@J10000000002000000038409401|I422zNo0010011H03_0;
editbox_emit sequence=385 bytes=49 elapsed_us=2809 envelope=@J10000000002000000038531171|I422_N0o0020022Y07-;
event mono_ns=580571465679000 frame=774 held=24 pressed=24 released=0
editbox_emit sequence=386 bytes=38 elapsed_us=1925 envelope=@J10000000002000000038654333|I422XO00;
event mono_ns=580571471025000 frame=774 held=0 pressed=0 released=24
editbox_emit sequence=387 bytes=49 elapsed_us=2440 envelope=@J10000000002000000038731883|I422ZOo004004FC0010;
published_frame=774
editbox_emit sequence=388 bytes=49 elapsed_us=2437 envelope=@J10000000002000000038824990|I422bO0o00O00OUO002;
published_frame=775
editbox_receipt monotonic_ns=580571503582377 received=377 consumed=372 revision=128
published_frame=776
event mono_ns=580571516266000 frame=777 held=16 pressed=16 released=0
event mono_ns=580571521588000 frame=777 held=0 pressed=0 released=16
published_frame=777
editbox_receipt monotonic_ns=580571535125748 received=377 consumed=372 revision=129
published_frame=778
published_frame=779
event mono_ns=580571566813000 frame=780 held=16 pressed=16 released=0
event mono_ns=580571572120000 frame=780 held=0 pressed=0 released=16
published_frame=780
published_frame=781
published_frame=782
event mono_ns=580571617396000 frame=783 held=32 pressed=32 released=0
event mono_ns=580571622830000 frame=783 held=0 pressed=0 released=32
published_frame=783
published_frame=784
published_frame=785
editbox_receipt monotonic_ns=580571662817819 received=377 consumed=376 revision=130
editbox_emit sequence=389 bytes=38 elapsed_us=2129 envelope=@J10000000002000000038952255|I422dO00;
editbox_emit sequence=390 bytes=44 elapsed_us=2586 envelope=@J10000000002000000039031535|I422fO200G00G0;
event mono_ns=580571668285000 frame=786 held=64 pressed=64 released=0
editbox_emit sequence=378 bytes=44 elapsed_us=3506 envelope=@J10000000002000000037843257|I422nN20800800;
event mono_ns=580571673556000 frame=786 held=0 pressed=0 released=64
published_frame=786
published_frame=787
editbox_receipt monotonic_ns=580571698573495 received=377 consumed=377 revision=131
published_frame=788
event mono_ns=580571718907000 frame=789 held=256 pressed=256 released=0
event mono_ns=580571724209000 frame=789 held=0 pressed=0 released=256
published_frame=789
editbox_receipt monotonic_ns=580571730086419 received=377 consumed=377 revision=132
published_frame=790
published_frame=791
editbox_receipt monotonic_ns=580571762797168 received=377 consumed=377 revision=133
event mono_ns=580571769585000 frame=792 held=512 pressed=512 released=0
event mono_ns=580571774847000 frame=793 held=0 pressed=0 released=512
published_frame=792
published_frame=793
published_frame=794
event mono_ns=580571820094000 frame=795 held=128 pressed=128 released=0
event mono_ns=580571825403000 frame=796 held=0 pressed=0 released=128
published_frame=795
published_frame=796
published_frame=797
event mono_ns=580571870620000 frame=798 held=16384 pressed=16384 released=0
published_frame=798
event mono_ns=580571875944000 frame=799 held=0 pressed=0 released=16384
published_frame=799
published_frame=800
editbox_emit sequence=378 bytes=44 elapsed_us=2561 envelope=@J10000000002000000037843257|I422nN20800800;
event mono_ns=580571921170000 frame=801 held=32 pressed=32 released=0
event mono_ns=580571921320000 frame=801 held=96 pressed=64 released=0
published_frame=801
event mono_ns=580571926556000 frame=802 held=64 pressed=0 released=32
event mono_ns=580571926639000 frame=802 held=0 pressed=0 released=64
published_frame=802
published_frame=803
event mono_ns=580571971867000 frame=804 held=1 pressed=1 released=0
published_frame=804
event mono_ns=580571977229000 frame=805 held=0 pressed=0 released=1
published_frame=805
published_frame=806
event mono_ns=580572022477000 frame=807 held=2 pressed=2 released=0
published_frame=807
event mono_ns=580572027802000 frame=808 held=0 pressed=0 released=2
published_frame=808
published_frame=809
event mono_ns=580572073058000 frame=810 held=4 pressed=4 released=0
published_frame=810
event mono_ns=580572078422000 frame=811 held=0 pressed=0 released=4
published_frame=811
published_frame=812
editbox_receipt monotonic_ns=580572119990988 received=390 consumed=380 revision=134
editbox_emit sequence=391 bytes=44 elapsed_us=3102 envelope=@J10000000002000000039126320|I422hO0200G00G;
event mono_ns=580572123644000 frame=813 held=24 pressed=24 released=0
editbox_emit sequence=392 bytes=38 elapsed_us=2364 envelope=@J10000000002000000039263394|I422jO00;
published_frame=813
editbox_emit sequence=393 bytes=44 elapsed_us=2389 envelope=@J10000000002000000039346399|I422lO200W00W0;
event mono_ns=580572128985000 frame=814 held=0 pressed=0 released=24
editbox_emit sequence=394 bytes=44 elapsed_us=2105 envelope=@J10000000002000000039413502|I422nO02010010;
editbox_emit sequence=395 bytes=38 elapsed_us=1953 envelope=@J10000000002000000039561316|I422pO00;
editbox_emit sequence=396 bytes=44 elapsed_us=2432 envelope=@J10000000002000000039642238|I422rO20400400;
published_frame=814
published_frame=815
event mono_ns=580572174298000 frame=816 held=16 pressed=16 released=0
published_frame=816
event mono_ns=580572179658000 frame=817 held=0 pressed=0 released=16
published_frame=817
published_frame=818
event mono_ns=580572224882000 frame=820 held=16 pressed=16 released=0
published_frame=819
event mono_ns=580572230256000 frame=820 held=0 pressed=0 released=16
published_frame=820
published_frame=821
event mono_ns=580572275527000 frame=823 held=32 pressed=32 released=0
published_frame=822
event mono_ns=580572280942000 frame=823 held=0 pressed=0 released=32
published_frame=823
published_frame=824
published_frame=825
event mono_ns=580572326258000 frame=826 held=64 pressed=64 released=0
event mono_ns=580572331617000 frame=826 held=0 pressed=0 released=64
published_frame=826
published_frame=827
editbox_receipt monotonic_ns=580572363066659 received=390 consumed=383 revision=135
editbox_emit sequence=397 bytes=50 elapsed_us=2966 envelope=@J10000000002000000039757053|I422tO0B08008000003_;
editbox_emit sequence=398 bytes=44 elapsed_us=2493 envelope=@J10000000002000000039831893|I422vO20000800;
editbox_emit sequence=391 bytes=44 elapsed_us=2191 envelope=@J10000000002000000039126320|I422hO0200G00G;
published_frame=828
event mono_ns=580572376840000 frame=829 held=256 pressed=256 released=0
event mono_ns=580572382152000 frame=829 held=0 pressed=0 released=256
published_frame=829
published_frame=830
editbox_receipt monotonic_ns=580572418441117 received=390 consumed=389 revision=136
published_frame=831
event mono_ns=580572427527000 frame=832 held=512 pressed=512 released=0
event mono_ns=580572432885000 frame=832 held=0 pressed=0 released=512
published_frame=832
editbox_receipt monotonic_ns=580572450309036 received=390 consumed=390 revision=137
published_frame=833
published_frame=834
event mono_ns=580572478117000 frame=835 held=128 pressed=128 released=0
editbox_receipt monotonic_ns=580572482580231 received=390 consumed=390 revision=138
event mono_ns=580572483468000 frame=835 held=0 pressed=0 released=128
published_frame=835
published_frame=836
editbox_receipt monotonic_ns=580572514137438 received=390 consumed=390 revision=139
published_frame=837
event mono_ns=580572528663000 frame=838 held=16384 pressed=16384 released=0
event mono_ns=580572534016000 frame=838 held=0 pressed=0 released=16384
published_frame=838
published_frame=839
published_frame=840
event mono_ns=580572579383000 frame=841 held=32 pressed=32 released=0
event mono_ns=580572579526000 frame=841 held=96 pressed=64 released=0
event mono_ns=580572584771000 frame=841 held=64 pressed=0 released=32
event mono_ns=580572584870000 frame=841 held=0 pressed=0 released=64
published_frame=841
published_frame=842
editbox_emit sequence=391 bytes=44 elapsed_us=2671 envelope=@J10000000002000000039126320|I422hO0200G00G;
published_frame=843
event mono_ns=580572630059000 frame=844 held=1 pressed=1 released=0
event mono_ns=580572635434000 frame=844 held=0 pressed=0 released=1
published_frame=844
published_frame=845
published_frame=846
event mono_ns=580572680745000 frame=847 held=2 pressed=2 released=0
editbox_receipt monotonic_ns=580572683778773 received=398 consumed=391 revision=140
editbox_emit sequence=399 bytes=53 elapsed_us=3333 envelope=@J10000000002000000039941359|I422xO30200200002000020;
event mono_ns=580572686095000 frame=847 held=0 pressed=0 released=2
editbox_emit sequence=400 bytes=47 elapsed_us=2961 envelope=@J10000000002000000040012515|I422zO03400400000;
published_frame=847
editbox_emit sequence=401 bytes=44 elapsed_us=2667 envelope=@J10000000002000000040130637|I422_O20004000;
editbox_emit sequence=402 bytes=53 elapsed_us=3183 envelope=@J10000000002000000040234216|I422XP301W01W000200001W;
editbox_emit sequence=403 bytes=55 elapsed_us=2680 envelope=@J10000000002000000040317173|I422ZP0t001001000Fm31H03_;
editbox_emit sequence=404 bytes=44 elapsed_us=2101 envelope=@J10000000002000000040427997|I422bP20000010;
published_frame=848
editbox_emit sequence=405 bytes=61 elapsed_us=2840 envelope=@J10000000002000000040556301|I422dPt002002000Fq22Y07-2000002;
editbox_emit sequence=406 bytes=55 elapsed_us=2561 envelope=@J10000000002000000040614915|I422fP0t00400400003zFC001;
editbox_emit sequence=407 bytes=44 elapsed_us=1969 envelope=@J10000000002000000040756269|I422hP20000040;
published_frame=849
event mono_ns=580572731320000 frame=850 held=4 pressed=4 released=0
event mono_ns=580572736632000 frame=850 held=0 pressed=0 released=4
published_frame=850
editbox_receipt monotonic_ns=580572742034470 received=398 consumed=396 revision=141
editbox_emit sequence=408 bytes=61 elapsed_us=3171 envelope=@J10000000002000000040856885|I422jPt00O00O00003-UO002200000O;
editbox_emit sequence=409 bytes=47 elapsed_us=2260 envelope=@J10000000002000000040931614|I422lP0300G00G000;
editbox_emit sequence=410 bytes=44 elapsed_us=2133 envelope=@J10000000002000000041043345|I422nP200000G0;
editbox_emit sequence=411 bytes=44 elapsed_us=2193 envelope=@J10000000002000000041121459|I422pP0200G00G;
editbox_emit sequence=412 bytes=38 elapsed_us=2140 envelope=@J10000000002000000041200321|I422rP00;
published_frame=851
editbox_receipt monotonic_ns=580572764815088 received=398 consumed=396 revision=142
published_frame=852
event mono_ns=580572781916000 frame=853 held=24 pressed=24 released=0
event mono_ns=580572787210000 frame=853 held=0 pressed=0 released=24
published_frame=853
published_frame=854
published_frame=855
event mono_ns=580572832426000 frame=856 held=16 pressed=16 released=0
event mono_ns=580572837661000 frame=856 held=0 pressed=0 released=16
published_frame=856
published_frame=857
editbox_receipt monotonic_ns=580572859388004 received=398 consumed=397 revision=143
editbox_emit sequence=413 bytes=44 elapsed_us=2253 envelope=@J10000000002000000041341538|I422tP200W00W0;
published_frame=858
event mono_ns=580572882860000 frame=859 held=16 pressed=16 released=0
event mono_ns=580572888162000 frame=859 held=0 pressed=0 released=16
published_frame=859
published_frame=860
editbox_receipt monotonic_ns=580572911441236 received=398 consumed=398 revision=144
editbox_emit sequence=414 bytes=44 elapsed_us=2502 envelope=@J10000000002000000041408641|I422vP02010010;
published_frame=861
event mono_ns=580572933366000 frame=862 held=32 pressed=32 released=0
editbox_emit sequence=399 bytes=53 elapsed_us=2739 envelope=@J10000000002000000039941359|I422xO30200200002000020;
event mono_ns=580572938757000 frame=862 held=0 pressed=0 released=32
published_frame=862
published_frame=863
published_frame=864
event mono_ns=580572984193000 frame=865 held=64 pressed=64 released=0
event mono_ns=580572989494000 frame=865 held=0 pressed=0 released=64
published_frame=865
published_frame=866
published_frame=867
event mono_ns=580573034681000 frame=868 held=256 pressed=256 released=0
editbox_receipt monotonic_ns=580573036790565 received=398 consumed=398 revision=145
event mono_ns=580573040016000 frame=868 held=0 pressed=0 released=256
published_frame=868
published_frame=869
editbox_receipt monotonic_ns=580573068114595 received=398 consumed=398 revision=146
published_frame=870
event mono_ns=580573085208000 frame=871 held=512 pressed=512 released=0
event mono_ns=580573090631000 frame=871 held=0 pressed=0 released=512
published_frame=871
published_frame=872
published_frame=873
event mono_ns=580573135882000 frame=874 held=128 pressed=128 released=0
event mono_ns=580573141193000 frame=874 held=0 pressed=0 released=128
published_frame=874
published_frame=875
published_frame=876
editbox_emit sequence=399 bytes=53 elapsed_us=4324 envelope=@J10000000002000000039941359|I422xO30200200002000020;
event mono_ns=580573186399000 frame=877 held=16384 pressed=16384 released=0
event mono_ns=580573191664000 frame=878 held=0 pressed=0 released=16384
published_frame=877
published_frame=878
published_frame=879
event mono_ns=580573236832000 frame=880 held=32 pressed=32 released=0
event mono_ns=580573236973000 frame=880 held=96 pressed=64 released=0
event mono_ns=580573242156000 frame=881 held=64 pressed=0 released=32
event mono_ns=580573242255000 frame=881 held=0 pressed=0 released=64
published_frame=880
published_frame=881
published_frame=882
event mono_ns=580573287510000 frame=883 held=1 pressed=1 released=0
published_frame=883
event mono_ns=580573292831000 frame=884 held=0 pressed=0 released=1
published_frame=884
published_frame=885
event mono_ns=580573338126000 frame=886 held=2 pressed=2 released=0
published_frame=886
event mono_ns=580573343635000 frame=887 held=0 pressed=0 released=2
published_frame=887
published_frame=888
event mono_ns=580573388959000 frame=889 held=4 pressed=4 released=0
published_frame=889
event mono_ns=580573394366000 frame=890 held=0 pressed=0 released=4
published_frame=890
published_frame=891
event mono_ns=580573439629000 frame=892 held=24 pressed=24 released=0
published_frame=892
event mono_ns=580573444999000 frame=893 held=0 pressed=0 released=24
published_frame=893
published_frame=894
event mono_ns=580573490266000 frame=895 held=16 pressed=16 released=0
published_frame=895
event mono_ns=580573495651000 frame=896 held=0 pressed=0 released=16
published_frame=896
published_frame=897
event mono_ns=580573540849000 frame=898 held=16 pressed=16 released=0
published_frame=898
event mono_ns=580573546203000 frame=899 held=0 pressed=0 released=16
published_frame=899
published_frame=900
event mono_ns=580573591443000 frame=901 held=32 pressed=32 released=0
published_frame=901
event mono_ns=580573596751000 frame=902 held=0 pressed=0 released=32
editbox_receipt monotonic_ns=580573601265027 received=414 consumed=403 revision=147
editbox_emit sequence=415 bytes=38 elapsed_us=2434 envelope=@J10000000002000000041563764|I422xP00;
editbox_emit sequence=416 bytes=44 elapsed_us=2294 envelope=@J10000000002000000041637377|I422zP20400400;
published_frame=902
editbox_emit sequence=417 bytes=44 elapsed_us=2446 envelope=@J10000000002000000041701958|I422_P02080080;
editbox_emit sequence=418 bytes=38 elapsed_us=1985 envelope=@J10000000002000000041853817|I422XQ00;
editbox_emit sequence=419 bytes=44 elapsed_us=2144 envelope=@J10000000002000000041922699|I422ZQ20200200;
editbox_receipt monotonic_ns=580573623404913 received=414 consumed=404 revision=148
editbox_emit sequence=420 bytes=44 elapsed_us=2024 envelope=@J10000000002000000042028470|I422bQ02400400;
published_frame=903
event mono_ns=580573642100000 frame=905 held=64 pressed=64 released=0
published_frame=904
event mono_ns=580573647334000 frame=905 held=0 pressed=0 released=64
editbox_receipt monotonic_ns=580573654768207 received=414 consumed=404 revision=149
published_frame=905
published_frame=906
editbox_receipt monotonic_ns=580573686401156 received=414 consumed=404 revision=150
published_frame=907
event mono_ns=580573692609000 frame=908 held=256 pressed=256 released=0
event mono_ns=580573697847000 frame=908 held=0 pressed=0 released=256
published_frame=908
editbox_receipt monotonic_ns=580573708615231 received=414 consumed=404 revision=151
published_frame=909
published_frame=910
event mono_ns=580573743096000 frame=911 held=512 pressed=512 released=0
event mono_ns=580573748455000 frame=911 held=0 pressed=0 released=512
published_frame=911
published_frame=912
published_frame=913
event mono_ns=580573793661000 frame=914 held=128 pressed=128 released=0
event mono_ns=580573798935000 frame=914 held=0 pressed=0 released=128
published_frame=914
published_frame=915
editbox_receipt monotonic_ns=580573826827494 received=414 consumed=406 revision=152
editbox_emit sequence=421 bytes=38 elapsed_us=2029 envelope=@J10000000002000000042164956|I422dQ00;
editbox_emit sequence=422 bytes=44 elapsed_us=2264 envelope=@J10000000002000000042228461|I422fQ201W01W0;
published_frame=916
event mono_ns=580573844249000 frame=917 held=16384 pressed=16384 released=0
event mono_ns=580573849528000 frame=917 held=0 pressed=0 released=16384
editbox_emit sequence=415 bytes=38 elapsed_us=2634 envelope=@J10000000002000000041563764|I422xP00;
published_frame=917
published_frame=918
published_frame=919
event mono_ns=580573894745000 frame=920 held=32 pressed=32 released=0
event mono_ns=580573894938000 frame=920 held=96 pressed=64 released=0
event mono_ns=580573900136000 frame=920 held=64 pressed=0 released=32
event mono_ns=580573900249000 frame=920 held=0 pressed=0 released=64
editbox_receipt monotonic_ns=580573902724997 received=414 consumed=412 revision=153
published_frame=920
published_frame=921
published_frame=922
event mono_ns=580573945445000 frame=923 held=1 pressed=1 released=0
event mono_ns=580573950633000 frame=923 held=0 pressed=0 released=1
published_frame=923
published_frame=924
published_frame=925
event mono_ns=580573995903000 frame=926 held=2 pressed=2 released=0
event mono_ns=580574001288000 frame=926 held=0 pressed=0 released=2
published_frame=926
published_frame=927
published_frame=928
event mono_ns=580574046574000 frame=929 held=4 pressed=4 released=0
event mono_ns=580574051917000 frame=929 held=0 pressed=0 released=4
published_frame=929
editbox_receipt monotonic_ns=580574072052223 received=422 consumed=417 revision=154
editbox_emit sequence=423 bytes=49 elapsed_us=2872 envelope=@J10000000002000000042341191|I422hQ0o0010011H03_;
published_frame=930
editbox_emit sequence=424 bytes=38 elapsed_us=2194 envelope=@J10000000002000000042462878|I422jQ00;
editbox_emit sequence=425 bytes=49 elapsed_us=2759 envelope=@J10000000002000000042531448|I422lQo0020022Y07-0;
editbox_emit sequence=426 bytes=49 elapsed_us=2552 envelope=@J10000000002000000042660701|I422nQ0o004004FC001;
editbox_emit sequence=427 bytes=38 elapsed_us=1981 envelope=@J10000000002000000042760800|I422pQ00;
published_frame=931
editbox_emit sequence=428 bytes=49 elapsed_us=2713 envelope=@J10000000002000000042802115|I422rQo00O00OUO0020;
editbox_emit sequence=429 bytes=44 elapsed_us=2883 envelope=@J10000000002000000042906905|I422tQ0200G00G;
event mono_ns=580574097181000 frame=932 held=24 pressed=24 released=0
editbox_emit sequence=430 bytes=38 elapsed_us=2062 envelope=@J10000000002000000043006418|I422vQ00;
event mono_ns=580574102604000 frame=932 held=0 pressed=0 released=24
editbox_emit sequence=431 bytes=44 elapsed_us=2344 envelope=@J10000000002000000043161705|I422xQ200G00G0;
editbox_emit sequence=432 bytes=44 elapsed_us=2227 envelope=@J10000000002000000043226420|I422zQ0200W00W;
published_frame=932
editbox_emit sequence=433 bytes=38 elapsed_us=2100 envelope=@J10000000002000000043304340|I422_Q00;
published_frame=933
published_frame=934
event mono_ns=580574147970000 frame=935 held=16 pressed=16 released=0
event mono_ns=580574153348000 frame=935 held=0 pressed=0 released=16
published_frame=935
published_frame=936
published_frame=937
event mono_ns=580574198534000 frame=938 held=16 pressed=16 released=0
event mono_ns=580574203953000 frame=938 held=0 pressed=0 released=16
published_frame=938
editbox_receipt monotonic_ns=580574215114832 received=422 consumed=420 revision=155
editbox_emit sequence=434 bytes=44 elapsed_us=2163 envelope=@J10000000002000000043449700|I422XR20100100;
editbox_emit sequence=435 bytes=44 elapsed_us=2284 envelope=@J10000000002000000043523843|I422ZR02040040;
editbox_emit sequence=436 bytes=38 elapsed_us=2022 envelope=@J10000000002000000043659914|I422bR00;
published_frame=939
published_frame=940
event mono_ns=580574249222000 frame=941 held=32 pressed=32 released=0
event mono_ns=580574254592000 frame=941 held=0 pressed=0 released=32
editbox_receipt monotonic_ns=580574257789707 received=422 consumed=420 revision=156
published_frame=941
published_frame=942
editbox_receipt monotonic_ns=580574290431967 received=422 consumed=420 revision=157
published_frame=943
event mono_ns=580574300031000 frame=944 held=64 pressed=64 released=0
event mono_ns=580574305412000 frame=944 held=0 pressed=0 released=64
published_frame=944
editbox_receipt monotonic_ns=580574311562031 received=422 consumed=420 revision=158
editbox_emit sequence=423 bytes=49 elapsed_us=2813 envelope=@J10000000002000000042341191|I422hQ0o0010011H03_;
published_frame=945
published_frame=946
event mono_ns=580574350649000 frame=947 held=256 pressed=256 released=0
editbox_receipt monotonic_ns=580574354736722 received=422 consumed=420 revision=159
event mono_ns=580574355894000 frame=947 held=0 pressed=0 released=256
published_frame=947
published_frame=948
published_frame=949
event mono_ns=580574401176000 frame=950 held=512 pressed=512 released=0
event mono_ns=580574406530000 frame=950 held=0 pressed=0 released=512
published_frame=950
published_frame=951
published_frame=952
event mono_ns=580574451805000 frame=953 held=128 pressed=128 released=0
event mono_ns=580574457190000 frame=953 held=0 pressed=0 released=128
published_frame=953
published_frame=954
published_frame=955
event mono_ns=580574502394000 frame=956 held=16384 pressed=16384 released=0
event mono_ns=580574507708000 frame=956 held=0 pressed=0 released=16384
published_frame=956
published_frame=957
published_frame=958
event mono_ns=580574552945000 frame=959 held=32 pressed=32 released=0
event mono_ns=580574553112000 frame=959 held=96 pressed=64 released=0
event mono_ns=580574558408000 frame=960 held=64 pressed=0 released=32
event mono_ns=580574558515000 frame=960 held=0 pressed=0 released=64
published_frame=959
editbox_emit sequence=423 bytes=49 elapsed_us=2712 envelope=@J10000000002000000042341191|I422hQ0o0010011H03_;
published_frame=960
published_frame=961
event mono_ns=580574603658000 frame=962 held=1 pressed=1 released=0
event mono_ns=580574609006000 frame=963 held=0 pressed=0 released=1
published_frame=962
published_frame=963
published_frame=964
event mono_ns=580574654329000 frame=965 held=2 pressed=2 released=0
published_frame=965
event mono_ns=580574659692000 frame=966 held=0 pressed=0 released=2
published_frame=966
published_frame=967
event mono_ns=580574704970000 frame=968 held=4 pressed=4 released=0
published_frame=968
event mono_ns=580574710221000 frame=969 held=0 pressed=0 released=4
published_frame=969
editbox_receipt monotonic_ns=580574725813473 received=436 consumed=420 revision=160
published_frame=970
event mono_ns=580574755475000 frame=971 held=24 pressed=24 released=0
published_frame=971
event mono_ns=580574760732000 frame=972 held=0 pressed=0 released=24
published_frame=972
published_frame=973
event mono_ns=580574806044000 frame=974 held=16 pressed=16 released=0
published_frame=974
event mono_ns=580574811385000 frame=975 held=0 pressed=0 released=16
published_frame=975
published_frame=976
event mono_ns=580574856613000 frame=977 held=16 pressed=16 released=0
published_frame=977
event mono_ns=580574861862000 frame=978 held=0 pressed=0 released=16
published_frame=978
editbox_receipt monotonic_ns=580574886718734 received=436 consumed=425 revision=161
editbox_emit sequence=437 bytes=44 elapsed_us=2382 envelope=@J10000000002000000043710247|I422dR20800800;
editbox_emit sequence=438 bytes=44 elapsed_us=2300 envelope=@J10000000002000000043861134|I422fR02020020;
published_frame=979
editbox_emit sequence=439 bytes=38 elapsed_us=2037 envelope=@J10000000002000000043957836|I422hR00;
editbox_emit sequence=440 bytes=53 elapsed_us=2389 envelope=@J10000000002000000044027156|I422jR34004000002000400;
editbox_emit sequence=441 bytes=47 elapsed_us=2351 envelope=@J10000000002000000044134343|I422lR0301W01W000;
event mono_ns=580574907112000 frame=980 held=32 pressed=32 released=0
published_frame=980
event mono_ns=580574912413000 frame=981 held=0 pressed=0 released=32
published_frame=981
editbox_receipt monotonic_ns=580574930386019 received=436 consumed=431 revision=162
editbox_emit sequence=442 bytes=44 elapsed_us=2582 envelope=@J10000000002000000044201107|I422nR200001W0;
editbox_emit sequence=443 bytes=61 elapsed_us=3012 envelope=@J10000000002000000044334208|I422pRt001001000Fm31H03_2000001;
editbox_emit sequence=444 bytes=55 elapsed_us=2642 envelope=@J10000000002000000044446098|I422rR0t002002000Fq22Y07-;
published_frame=982
editbox_emit sequence=445 bytes=44 elapsed_us=2091 envelope=@J10000000002000000044523616|I422tR20000020;
editbox_emit sequence=446 bytes=61 elapsed_us=2949 envelope=@J10000000002000000044650768|I422vRt00400400003zFC0012000004;
editbox_emit sequence=447 bytes=55 elapsed_us=3531 envelope=@J10000000002000000044753066|I422xR0t00O00O00003-UO002;
editbox_receipt monotonic_ns=580574955793870 received=436 consumed=436 revision=163
editbox_emit sequence=448 bytes=44 elapsed_us=2383 envelope=@J10000000002000000044856657|I422zR200000O0;
event mono_ns=580574957640000 frame=983 held=64 pressed=64 released=0
published_frame=983
editbox_emit sequence=449 bytes=53 elapsed_us=2657 envelope=@J10000000002000000044912279|I422_R300G00G000200000G;
event mono_ns=580574962916000 frame=984 held=0 pressed=0 released=64
editbox_emit sequence=450 bytes=47 elapsed_us=2381 envelope=@J10000000002000000045011397|I422XS0300G00G000;
editbox_emit sequence=451 bytes=44 elapsed_us=2255 envelope=@J10000000002000000045133542|I422ZS200000G0;
editbox_emit sequence=452 bytes=53 elapsed_us=2558 envelope=@J10000000002000000045249127|I422bS300W00W000200000W;
published_frame=984
editbox_receipt monotonic_ns=580574988757333 received=436 consumed=436 revision=164
published_frame=985
event mono_ns=580575008179000 frame=987 held=256 pressed=256 released=0
published_frame=986
event mono_ns=580575013579000 frame=987 held=0 pressed=0 released=256
published_frame=987
published_frame=988
event mono_ns=580575058852000 frame=990 held=512 pressed=512 released=0
published_frame=989
event mono_ns=580575064210000 frame=990 held=0 pressed=0 released=512
published_frame=990
published_frame=991
published_frame=992
event mono_ns=580575109431000 frame=993 held=128 pressed=128 released=0
event mono_ns=580575114658000 frame=993 held=0 pressed=0 released=128
editbox_receipt monotonic_ns=580575116950383 received=436 consumed=436 revision=165
published_frame=993
editbox_emit sequence=437 bytes=44 elapsed_us=2599 envelope=@J10000000002000000043710247|I422dR20800800;
published_frame=994
published_frame=995
event mono_ns=580575159901000 frame=996 held=16384 pressed=16384 released=0
event mono_ns=580575165234000 frame=996 held=0 pressed=0 released=16384
published_frame=996
published_frame=997
published_frame=998
event mono_ns=580575210410000 frame=999 held=32 pressed=32 released=0
event mono_ns=580575210557000 frame=999 held=96 pressed=64 released=0
event mono_ns=580575215811000 frame=999 held=64 pressed=0 released=32
event mono_ns=580575215908000 frame=999 held=0 pressed=0 released=64
published_frame=999
published_frame=1000
published_frame=1001
event mono_ns=580575261047000 frame=1002 held=1 pressed=1 released=0
event mono_ns=580575266428000 frame=1002 held=0 pressed=0 released=1
published_frame=1002
published_frame=1003
published_frame=1004
event mono_ns=580575311785000 frame=1005 held=2 pressed=2 released=0
event mono_ns=580575317135000 frame=1005 held=0 pressed=0 released=2
published_frame=1005
published_frame=1006
published_frame=1007
event mono_ns=580575362373000 frame=1008 held=4 pressed=4 released=0
event mono_ns=580575367735000 frame=1008 held=0 pressed=0 released=4
published_frame=1008
published_frame=1009
published_frame=1010
event mono_ns=580575413022000 frame=1011 held=24 pressed=24 released=0
event mono_ns=580575418311000 frame=1011 held=0 pressed=0 released=24
published_frame=1011
published_frame=1012
published_frame=1013
event mono_ns=580575463632000 frame=1014 held=16 pressed=16 released=0
event mono_ns=580575468970000 frame=1014 held=0 pressed=0 released=16
published_frame=1014
published_frame=1015
published_frame=1016
event mono_ns=580575514233000 frame=1017 held=16 pressed=16 released=0
event mono_ns=580575519528000 frame=1017 held=0 pressed=0 released=16
published_frame=1017
published_frame=1018
published_frame=1019
event mono_ns=580575564773000 frame=1020 held=32 pressed=32 released=0
event mono_ns=580575570193000 frame=1020 held=0 pressed=0 released=32
published_frame=1020
editbox_receipt monotonic_ns=580575583902130 received=452 consumed=436 revision=166
published_frame=1021
published_frame=1022
event mono_ns=580575615515000 frame=1023 held=64 pressed=64 released=0
editbox_receipt monotonic_ns=580575616773520 received=452 consumed=436 revision=167
event mono_ns=580575620906000 frame=1023 held=0 pressed=0 released=64
published_frame=1023
editbox_receipt monotonic_ns=580575638485434 received=452 consumed=436 revision=168
published_frame=1024
published_frame=1025
event mono_ns=580575666206000 frame=1026 held=256 pressed=256 released=0
event mono_ns=580575671581000 frame=1026 held=0 pressed=0 released=256
published_frame=1026
published_frame=1027
published_frame=1028
event mono_ns=580575716884000 frame=1029 held=512 pressed=512 released=0
event mono_ns=580575722290000 frame=1029 held=0 pressed=0 released=512
published_frame=1029
editbox_receipt monotonic_ns=580575736824859 received=452 consumed=436 revision=169
published_frame=1030
published_frame=1031
event mono_ns=580575767495000 frame=1032 held=128 pressed=128 released=0
event mono_ns=580575772866000 frame=1032 held=0 pressed=0 released=128
published_frame=1032
published_frame=1033
published_frame=1034
editbox_receipt monotonic_ns=580575811953131 received=452 consumed=442 revision=170
editbox_emit sequence=453 bytes=38 elapsed_us=3281 envelope=@J10000000002000000045323023|I422dS00;
editbox_emit sequence=454 bytes=44 elapsed_us=3359 envelope=@J10000000002000000045410037|I422fS20100100;
event mono_ns=580575818128000 frame=1035 held=16384 pressed=16384 released=0
editbox_emit sequence=455 bytes=44 elapsed_us=2809 envelope=@J10000000002000000045549701|I422hS02040040;
event mono_ns=580575823476000 frame=1035 held=0 pressed=0 released=16384
published_frame=1035
editbox_emit sequence=456 bytes=38 elapsed_us=2317 envelope=@J10000000002000000045620945|I422jS00;
editbox_emit sequence=457 bytes=44 elapsed_us=2505 envelope=@J10000000002000000045736105|I422lS20800800;
editbox_emit sequence=458 bytes=44 elapsed_us=2677 envelope=@J10000000002000000045821471|I422nS02020020;
published_frame=1036
editbox_receipt monotonic_ns=580575849445983 received=452 consumed=448 revision=171
editbox_emit sequence=459 bytes=38 elapsed_us=2752 envelope=@J10000000002000000045918867|I422pS00;
editbox_emit sequence=460 bytes=44 elapsed_us=2485 envelope=@J10000000002000000046047716|I422rS24004000;
editbox_emit sequence=461 bytes=44 elapsed_us=2205 envelope=@J10000000002000000046115802|I422tS0201W01W;
published_frame=1037
editbox_emit sequence=462 bytes=38 elapsed_us=1879 envelope=@J10000000002000000046230006|I422vS00;
editbox_emit sequence=463 bytes=49 elapsed_us=2383 envelope=@J10000000002000000046317601|I422xSo0010011H03_0;
editbox_emit sequence=464 bytes=49 elapsed_us=2675 envelope=@J10000000002000000046439371|I422zS0o0020022Y07-;
event mono_ns=580575868692000 frame=1038 held=32 pressed=32 released=0
event mono_ns=580575868791000 frame=1038 held=96 pressed=64 released=0
event mono_ns=580575874102000 frame=1038 held=64 pressed=0 released=32
event mono_ns=580575874173000 frame=1038 held=0 pressed=0 released=64
published_frame=1038
editbox_receipt monotonic_ns=580575883369625 received=452 consumed=452 revision=172
editbox_emit sequence=465 bytes=38 elapsed_us=2100 envelope=@J10000000002000000046527928|I422_S00;
editbox_emit sequence=466 bytes=49 elapsed_us=2434 envelope=@J10000000002000000046640083|I422XTo004004FC0010;
editbox_emit sequence=467 bytes=49 elapsed_us=2558 envelope=@J10000000002000000046733190|I422ZT0o00O00OUO002;
published_frame=1039
editbox_emit sequence=468 bytes=38 elapsed_us=1844 envelope=@J10000000002000000046817981|I422bT00;
published_frame=1040
editbox_receipt monotonic_ns=580575915886250 received=452 consumed=452 revision=173
published_frame=1041
editbox_receipt monotonic_ns=580575936605714 received=452 consumed=452 revision=174
published_frame=1042
published_frame=1043
published_frame=1044
published_frame=1045
published_frame=1046
published_frame=1047
published_frame=1048
published_frame=1049
editbox_emit sequence=453 bytes=38 elapsed_us=2334 envelope=@J10000000002000000045323023|I422dS00;
published_frame=1050
published_frame=1051
published_frame=1052
published_frame=1053
published_frame=1054
published_frame=1055
published_frame=1056
published_frame=1057
published_frame=1058
published_frame=1059
published_frame=1060
published_frame=1061
published_frame=1062
published_frame=1063
published_frame=1064
published_frame=1065
published_frame=1066
published_frame=1067
published_frame=1068
published_frame=1069
published_frame=1070
editbox_receipt monotonic_ns=580576424485236 received=468 consumed=452 revision=175
published_frame=1071
published_frame=1072
editbox_receipt monotonic_ns=580576455776434 received=468 consumed=452 revision=176
published_frame=1073
published_frame=1074
editbox_receipt monotonic_ns=580576487312381 received=468 consumed=452 revision=177
published_frame=1075
published_frame=1076
published_frame=1077
published_frame=1078
published_frame=1079
published_frame=1080
published_frame=1081
editbox_receipt monotonic_ns=580576592034660 received=468 consumed=454 revision=178
editbox_emit sequence=469 bytes=44 elapsed_us=2400 envelope=@J10000000002000000046902317|I422dT200G00G0;
editbox_emit sequence=470 bytes=44 elapsed_us=2558 envelope=@J10000000002000000047019168|I422fT0200G00G;
published_frame=1082
event mono_ns=580576619495000 frame=1083 held=1 pressed=1 released=0
published_frame=1083
published_frame=1084
editbox_receipt monotonic_ns=580576656796852 received=468 consumed=460 revision=179
editbox_emit sequence=471 bytes=38 elapsed_us=2176 envelope=@J10000000002000000047129120|I422hT00;
published_frame=1085
editbox_emit sequence=472 bytes=44 elapsed_us=2844 envelope=@J10000000002000000047239247|I422jT200W00W0;
editbox_emit sequence=473 bytes=44 elapsed_us=2883 envelope=@J10000000002000000047306350|I422lT02010010;
editbox_emit sequence=474 bytes=38 elapsed_us=2350 envelope=@J10000000002000000047427042|I422nT00;
editbox_emit sequence=475 bytes=44 elapsed_us=2625 envelope=@J10000000002000000047535086|I422pT20400400;
published_frame=1086
editbox_emit sequence=476 bytes=44 elapsed_us=2611 envelope=@J10000000002000000047665188|I422rT02080080;
published_frame=1087
published_frame=1088
published_frame=1089
published_frame=1090
published_frame=1091
published_frame=1092
published_frame=1093
published_frame=1094
editbox_receipt monotonic_ns=580576812010606 received=476 consumed=466 revision=180
editbox_emit sequence=477 bytes=38 elapsed_us=2878 envelope=@J10000000002000000047724964|I422tT00;
editbox_emit sequence=478 bytes=44 elapsed_us=2667 envelope=@J10000000002000000047825579|I422vT20200200;
editbox_emit sequence=479 bytes=44 elapsed_us=3261 envelope=@J10000000002000000047909284|I422xT02400400;
published_frame=1095
editbox_emit sequence=480 bytes=38 elapsed_us=2794 envelope=@J10000000002000000048036103|I422zT00;
editbox_emit sequence=481 bytes=53 elapsed_us=3608 envelope=@J10000000002000000048124449|I422_T301W01W000200001W;
editbox_emit sequence=482 bytes=55 elapsed_us=3267 envelope=@J10000000002000000048211202|I422XU0t001001000Fm31H03_;
editbox_receipt monotonic_ns=580576840041173 received=476 consumed=466 revision=181
published_frame=1096
published_frame=1097
editbox_receipt monotonic_ns=580576871889445 received=476 consumed=466 revision=182
published_frame=1098
published_frame=1099
published_frame=1100
editbox_receipt monotonic_ns=580576915832146 received=476 consumed=466 revision=183
published_frame=1101
published_frame=1102
editbox_receipt monotonic_ns=580576947774355 received=476 consumed=466 revision=184
published_frame=1103
published_frame=1104
published_frame=1105
published_frame=1106
published_frame=1107
published_frame=1108
published_frame=1109
editbox_emit sequence=477 bytes=38 elapsed_us=2604 envelope=@J10000000002000000047724964|I422tT00;
published_frame=1110
editbox_receipt monotonic_ns=580577087543712 received=476 consumed=466 revision=185
published_frame=1111
published_frame=1112
editbox_receipt monotonic_ns=580577119333064 received=476 consumed=466 revision=186
published_frame=1113
published_frame=1114
published_frame=1115
published_frame=1116
published_frame=1117
published_frame=1118
published_frame=1119
published_frame=1120
published_frame=1121
published_frame=1122
published_frame=1123
published_frame=1124
editbox_emit sequence=477 bytes=38 elapsed_us=2720 envelope=@J10000000002000000047724964|I422tT00;
editbox_receipt monotonic_ns=580577316686489 received=476 consumed=468 revision=187
published_frame=1125
published_frame=1126
published_frame=1127
published_frame=1128
published_frame=1129
published_frame=1130
editbox_receipt monotonic_ns=580577412776418 received=482 consumed=474 revision=188
editbox_emit sequence=483 bytes=44 elapsed_us=3036 envelope=@J10000000002000000048351564|I422ZU20000010;
editbox_emit sequence=484 bytes=61 elapsed_us=3586 envelope=@J10000000002000000048403734|I422bUt002002000Fq22Y07-2000002;
editbox_emit sequence=485 bytes=55 elapsed_us=3554 envelope=@J10000000002000000048508944|I422dU0t00400400003zFC001;
published_frame=1131
editbox_emit sequence=486 bytes=44 elapsed_us=2745 envelope=@J10000000002000000048614315|I422fU20000040;
editbox_emit sequence=487 bytes=61 elapsed_us=3734 envelope=@J10000000002000000048704318|I422hUt00O00O00003-UO002200000O;
editbox_emit sequence=488 bytes=47 elapsed_us=2785 envelope=@J10000000002000000048849963|I422jU0300G00G000;
editbox_emit sequence=489 bytes=44 elapsed_us=2695 envelope=@J10000000002000000048944846|I422lU200000G0;
published_frame=1132
editbox_emit sequence=490 bytes=53 elapsed_us=2698 envelope=@J10000000002000000049032591|I422nU300G00G000200000G;
editbox_receipt monotonic_ns=580577451627706 received=482 consumed=480 revision=189
editbox_emit sequence=491 bytes=47 elapsed_us=2481 envelope=@J10000000002000000049154395|I422pU0300W00W000;
editbox_emit sequence=492 bytes=44 elapsed_us=2116 envelope=@J10000000002000000049232926|I422rU200000W0;
published_frame=1133
editbox_emit sequence=493 bytes=53 elapsed_us=2353 envelope=@J10000000002000000049365025|I422tU30100100002000010;
editbox_emit sequence=494 bytes=38 elapsed_us=1842 envelope=@J10000000002000000049453594|I422vU00;
editbox_emit sequence=495 bytes=44 elapsed_us=2061 envelope=@J10000000002000000049560944|I422xU20400400;
editbox_emit sequence=496 bytes=44 elapsed_us=2191 envelope=@J10000000002000000049625525|I422zU02080080;
published_frame=1134
editbox_receipt monotonic_ns=580577483945549 received=482 consumed=482 revision=190
editbox_emit sequence=497 bytes=38 elapsed_us=2398 envelope=@J10000000002000000049751516|I422_U00;
editbox_emit sequence=498 bytes=44 elapsed_us=2582 envelope=@J10000000002000000049846266|I422XV20200200;
published_frame=1135
published_frame=1136
editbox_receipt monotonic_ns=580577517224002 received=482 consumed=482 revision=191
published_frame=1137
published_frame=1138
editbox_receipt monotonic_ns=580577549898874 received=482 consumed=482 revision=192
published_frame=1139
published_frame=1140
published_frame=1141
published_frame=1142
published_frame=1143
published_frame=1144
published_frame=1145
editbox_emit sequence=483 bytes=44 elapsed_us=2421 envelope=@J10000000002000000048351564|I422ZU20000010;
published_frame=1146
published_frame=1147
published_frame=1148
published_frame=1149
published_frame=1150
published_frame=1151
published_frame=1152
published_frame=1153
published_frame=1154
published_frame=1155
published_frame=1156
published_frame=1157
published_frame=1158
published_frame=1159
published_frame=1160
published_frame=1161
published_frame=1162
published_frame=1163
published_frame=1164
published_frame=1165
editbox_receipt monotonic_ns=580577995654583 received=498 consumed=482 revision=193
published_frame=1166
published_frame=1167
editbox_receipt monotonic_ns=580578028635569 received=498 consumed=482 revision=194
published_frame=1168
published_frame=1169
published_frame=1170
published_frame=1171
published_frame=1172
published_frame=1173
published_frame=1174
editbox_receipt monotonic_ns=580578144879101 received=498 consumed=482 revision=195
published_frame=1175
published_frame=1176
published_frame=1177
published_frame=1178
published_frame=1179
published_frame=1180
published_frame=1181
editbox_receipt monotonic_ns=580578270537580 received=498 consumed=484 revision=196
editbox_emit sequence=499 bytes=44 elapsed_us=2446 envelope=@J10000000002000000049929971|I422ZV02400400;
editbox_emit sequence=500 bytes=38 elapsed_us=2195 envelope=@J10000000002000000050030682|I422bV00;
published_frame=1182
published_frame=1183
published_frame=1184
published_frame=1185
editbox_receipt monotonic_ns=580578334313123 received=498 consumed=490 revision=197
editbox_emit sequence=501 bytes=44 elapsed_us=2466 envelope=@J10000000002000000050121309|I422dV201W01W0;
editbox_emit sequence=502 bytes=49 elapsed_us=2533 envelope=@J10000000002000000050249391|I422fV0o0010011H03_;
published_frame=1186
editbox_emit sequence=503 bytes=38 elapsed_us=1892 envelope=@J10000000002000000050328604|I422hV00;
editbox_emit sequence=504 bytes=49 elapsed_us=2603 envelope=@J10000000002000000050439648|I422jVo0020022Y07-0;
editbox_emit sequence=505 bytes=49 elapsed_us=2566 envelope=@J10000000002000000050503380|I422lV0o004004FC001;
editbox_emit sequence=506 bytes=38 elapsed_us=2029 envelope=@J10000000002000000050626526|I422nV00;
published_frame=1187
editbox_receipt monotonic_ns=580578368020871 received=498 consumed=496 revision=198
editbox_emit sequence=507 bytes=49 elapsed_us=2803 envelope=@J10000000002000000050710315|I422pVo00O00OUO0020;
editbox_emit sequence=508 bytes=44 elapsed_us=2292 envelope=@J10000000002000000050865274|I422rV0200G00G;
published_frame=1188
editbox_emit sequence=509 bytes=38 elapsed_us=1844 envelope=@J10000000002000000050924448|I422tV00;
editbox_emit sequence=510 bytes=44 elapsed_us=2230 envelope=@J10000000002000000051054553|I422vV200G00G0;
editbox_emit sequence=511 bytes=44 elapsed_us=2185 envelope=@J10000000002000000051119268|I422xV0200W00W;
editbox_emit sequence=512 bytes=38 elapsed_us=1842 envelope=@J10000000002000000051235587|I422zV00;
published_frame=1189
published_frame=1190
published_frame=1191
published_frame=1192
published_frame=1193
published_frame=1194
published_frame=1195
published_frame=1196
editbox_emit sequence=499 bytes=44 elapsed_us=2670 envelope=@J10000000002000000049929971|I422ZV02400400;
published_frame=1197
published_frame=1198
published_frame=1199
published_frame=1200
published_frame=1201
published_frame=1202
published_frame=1203
published_frame=1204
published_frame=1205
published_frame=1206
editbox_receipt monotonic_ns=580578686788891 received=512 consumed=498 revision=199
editbox_emit sequence=513 bytes=44 elapsed_us=3479 envelope=@J10000000002000000051347719|I422_V20100100;
published_frame=1207
editbox_emit sequence=514 bytes=45 elapsed_us=3158 envelope=@J10000000002000000051420377|I422XW102040040;
published_frame=1208
editbox_receipt monotonic_ns=580578718640520 received=512 consumed=498 revision=200
published_frame=1209
published_frame=1210
editbox_receipt monotonic_ns=580578751441127 received=512 consumed=498 revision=201
published_frame=1211
editbox_receipt monotonic_ns=580578772008767 received=512 consumed=498 revision=202
published_frame=1212
editbox_receipt monotonic_ns=580578803606249 received=512 consumed=498 revision=203
editbox_receipt monotonic_ns=580578901147969 received=512 consumed=499 revision=204
editbox_emit sequence=515 bytes=39 elapsed_us=2076 envelope=@J10000000002000000051512063|I422ZW100;
editbox_emit sequence=513 bytes=44 elapsed_us=2697 envelope=@J10000000002000000051347719|I422_V20100100;
editbox_receipt monotonic_ns=580579082401038 received=512 consumed=505 revision=205
published_frame=1213
published_frame=1214
published_frame=1215
published_frame=1216
published_frame=1217
published_frame=1218
published_frame=1219
published_frame=1220
editbox_receipt monotonic_ns=580579187880425 received=515 consumed=511 revision=206
editbox_emit sequence=516 bytes=45 elapsed_us=2779 envelope=@J10000000002000000051606811|I422bW120800800;
published_frame=1221
published_frame=1222
published_frame=1223
published_frame=1224
published_frame=1225
published_frame=1226
published_frame=1227
published_frame=1228
editbox_emit sequence=517 bytes=45 elapsed_us=2674 envelope=@J10000000002000000051757713|I422dW102020020;
editbox_emit sequence=518 bytes=39 elapsed_us=2446 envelope=@J10000000002000000051814653|I422fW100;
editbox_emit sequence=519 bytes=45 elapsed_us=2534 envelope=@J10000000002000000051961922|I422hW124004000;
editbox_emit sequence=520 bytes=45 elapsed_us=2682 envelope=@J10000000002000000052064825|I422jW10201W01W;
editbox_emit sequence=521 bytes=39 elapsed_us=2305 envelope=@J10000000002000000052158660|I422lW100;
editbox_emit sequence=522 bytes=39 elapsed_us=2278 envelope=@J10000000002000000052237683|I422nW100;
editbox_emit sequence=523 bytes=39 elapsed_us=2325 envelope=@J10000000002000000052316706|I422pW100;
editbox_emit sequence=524 bytes=39 elapsed_us=2265 envelope=@J10000000002000000052461250|I422rW100;
editbox_receipt monotonic_ns=580579223063488 received=515 consumed=514 revision=207
editbox_emit sequence=525 bytes=39 elapsed_us=2340 envelope=@J10000000002000000052540273|I422tW100;
published_frame=1229
published_frame=1230
published_frame=1231
published_frame=1232
editbox_emit sequence=526 bytes=39 elapsed_us=2325 envelope=@J10000000002000000052619296|I422vW100;
editbox_emit sequence=527 bytes=39 elapsed_us=2279 envelope=@J10000000002000000052763840|I422xW100;
editbox_emit sequence=528 bytes=39 elapsed_us=2310 envelope=@J10000000002000000052842863|I422zW100;
editbox_emit sequence=529 bytes=39 elapsed_us=2390 envelope=@J10000000002000000052921886|I422_W100;
editbox_emit sequence=530 bytes=39 elapsed_us=2398 envelope=@J10000000002000000053032837|I422XX100;
editbox_receipt monotonic_ns=580579257098700 received=515 consumed=514 revision=208
editbox_receipt monotonic_ns=580579289611778 received=515 consumed=514 revision=209
editbox_receipt monotonic_ns=580579320939816 received=515 consumed=514 revision=210
editbox_emit sequence=516 bytes=45 elapsed_us=3783 envelope=@J10000000002000000051606811|I422bW120800800;
editbox_receipt monotonic_ns=580579647598164 received=530 consumed=514 revision=211
editbox_receipt monotonic_ns=580579690579112 received=530 consumed=514 revision=212
editbox_receipt monotonic_ns=580579721811090 received=530 consumed=514 revision=213
editbox_receipt monotonic_ns=580579870180385 received=530 consumed=518 revision=214
editbox_emit sequence=531 bytes=39 elapsed_us=2070 envelope=@J10000000002000000053111860|I422ZX100;
published_frame=1233
published_frame=1234
published_frame=1235
published_frame=1236
editbox_emit sequence=532 bytes=39 elapsed_us=1931 envelope=@J10000000002000000053256404|I422bX100;
editbox_emit sequence=533 bytes=39 elapsed_us=1921 envelope=@J10000000002000000053335427|I422dX100;
editbox_emit sequence=534 bytes=39 elapsed_us=1918 envelope=@J10000000002000000053414450|I422fX100;
editbox_receipt monotonic_ns=580579954465398 received=530 consumed=524 revision=215
editbox_emit sequence=535 bytes=39 elapsed_us=2229 envelope=@J10000000002000000053558994|I422hX100;
published_frame=1237
published_frame=1238
published_frame=1239
published_frame=1240
published_frame=1241
published_frame=1242
published_frame=1243
published_frame=1244
editbox_emit sequence=536 bytes=39 elapsed_us=2241 envelope=@J10000000002000000053638017|I422jX100;
editbox_emit sequence=537 bytes=39 elapsed_us=2115 envelope=@J10000000002000000053717040|I422lX100;
editbox_emit sequence=538 bytes=39 elapsed_us=2120 envelope=@J10000000002000000053861584|I422nX100;
editbox_emit sequence=539 bytes=39 elapsed_us=2259 envelope=@J10000000002000000053940607|I422pX100;
editbox_emit sequence=540 bytes=39 elapsed_us=1993 envelope=@J10000000002000000054061047|I422rX100;
editbox_receipt monotonic_ns=580580018467346 received=534 consumed=530 revision=216
editbox_emit sequence=541 bytes=39 elapsed_us=2021 envelope=@J10000000002000000054140070|I422tX100;
published_frame=1245
published_frame=1246
published_frame=1247
published_frame=1248
editbox_emit sequence=542 bytes=39 elapsed_us=1973 envelope=@J10000000002000000054219093|I422vX100;
editbox_emit sequence=543 bytes=62 elapsed_us=3460 envelope=@J10000000002000000054351702|I422xX1t001001000Fm31H03_5001Fm3;
editbox_emit sequence=544 bytes=51 elapsed_us=2556 envelope=@J10000000002000000054457464|I422zX15001Fm35001Fm3;
editbox_emit sequence=545 bytes=51 elapsed_us=2844 envelope=@J10000000002000000054561595|I422_X15001Fm35001Fm3;
editbox_emit sequence=546 bytes=51 elapsed_us=2659 envelope=@J10000000002000000054617969|I422XY15001Fm35001Fm3;
editbox_receipt monotonic_ns=580580042569480 received=534 consumed=530 revision=217
editbox_receipt monotonic_ns=580580075014621 received=534 consumed=530 revision=218
editbox_emit sequence=535 bytes=39 elapsed_us=3284 envelope=@J10000000002000000053558994|I422hX100;
editbox_receipt monotonic_ns=580580320838614 received=546 consumed=530 revision=219
editbox_receipt monotonic_ns=580580353103507 received=546 consumed=530 revision=220
editbox_receipt monotonic_ns=580580471643644 received=546 consumed=531 revision=221
editbox_emit sequence=547 bytes=51 elapsed_us=2722 envelope=@J10000000002000000054722100|I422ZY15001Fm35001Fm3;
published_frame=1249
published_frame=1250
editbox_receipt monotonic_ns=580580555131163 received=546 consumed=537 revision=222
editbox_emit sequence=548 bytes=51 elapsed_us=2848 envelope=@J10000000002000000054826231|I422bY15001Fm35001Fm3;
published_frame=1251
published_frame=1252
published_frame=1253
published_frame=1254
published_frame=1255
published_frame=1256
editbox_emit sequence=549 bytes=51 elapsed_us=2471 envelope=@J10000000002000000054930362|I422dY15001Fm35001Fm3;
editbox_emit sequence=550 bytes=51 elapsed_us=2508 envelope=@J10000000002000000055043166|I422fY15001Fm35001Fm3;
editbox_emit sequence=551 bytes=51 elapsed_us=2499 envelope=@J10000000002000000055147297|I422hY15001Fm35001Fm3;
editbox_emit sequence=552 bytes=51 elapsed_us=2488 envelope=@J10000000002000000055251428|I422jY15001Fm35001Fm3;
editbox_emit sequence=553 bytes=51 elapsed_us=2481 envelope=@J10000000002000000055355559|I422lY15001Fm35001Fm3;
editbox_receipt monotonic_ns=580580719123069 received=546 consumed=543 revision=223
editbox_emit sequence=554 bytes=51 elapsed_us=3261 envelope=@J10000000002000000055459690|I422nY15001Fm35001Fm3;
published_frame=1257
published_frame=1258
published_frame=1259
published_frame=1260
published_frame=1261
published_frame=1262
editbox_emit sequence=547 bytes=51 elapsed_us=2747 envelope=@J10000000002000000054722100|I422ZY15001Fm35001Fm3;
editbox_receipt monotonic_ns=580580771485781 received=553 consumed=546 revision=224
editbox_emit sequence=554 bytes=51 elapsed_us=2723 envelope=@J10000000002000000055459690|I422nY15001Fm35001Fm3;
published_frame=1263
published_frame=1264
published_frame=1265
published_frame=1266
published_frame=1267
published_frame=1268
editbox_emit sequence=555 bytes=51 elapsed_us=2648 envelope=@J10000000002000000055563821|I422pY15001Fm35001Fm3;
editbox_emit sequence=556 bytes=51 elapsed_us=2620 envelope=@J10000000002000000055602431|I422rY15001Fm35001Fm3;
editbox_emit sequence=557 bytes=51 elapsed_us=3214 envelope=@J10000000002000000055706562|I422tY15001Fm35001Fm3;
editbox_emit sequence=558 bytes=51 elapsed_us=2509 envelope=@J10000000002000000055810693|I422vY15001Fm35001Fm3;
editbox_emit sequence=559 bytes=51 elapsed_us=2506 envelope=@J10000000002000000055914824|I422xY15001Fm35001Fm3;
editbox_emit sequence=560 bytes=51 elapsed_us=2558 envelope=@J10000000002000000056027628|I422zY15001Fm35001Fm3;
editbox_emit sequence=561 bytes=51 elapsed_us=2721 envelope=@J10000000002000000056131759|I422_Y15001Fm35001Fm3;
editbox_emit sequence=562 bytes=51 elapsed_us=2792 envelope=@J10000000002000000056253654|I422XZ15001Fm35001Fm3;
editbox_receipt monotonic_ns=580580809427475 received=553 consumed=546 revision=225
editbox_receipt monotonic_ns=580580841272421 received=553 consumed=546 revision=226
editbox_emit sequence=554 bytes=51 elapsed_us=3642 envelope=@J10000000002000000055459690|I422nY15001Fm35001Fm3;
editbox_receipt monotonic_ns=580581187046798 received=562 consumed=547 revision=227
editbox_emit sequence=563 bytes=51 elapsed_us=3359 envelope=@J10000000002000000056357785|I422ZZ15001Fm35001Fm3;
published_frame=1269
published_frame=1270
editbox_receipt monotonic_ns=580581249532073 received=562 consumed=553 revision=228
editbox_emit sequence=564 bytes=51 elapsed_us=2886 envelope=@J10000000002000000056461916|I422bZ15001Fm35001Fm3;
published_frame=1271
published_frame=1272
published_frame=1273
published_frame=1274
published_frame=1275
published_frame=1276
published_frame=1277
published_frame=1278
published_frame=1279
published_frame=1280
published_frame=1281
published_frame=1282
editbox_emit sequence=565 bytes=51 elapsed_us=2871 envelope=@J10000000002000000056500526|I422dZ15001Fm35001Fm3;
editbox_emit sequence=566 bytes=51 elapsed_us=2503 envelope=@J10000000002000000056604657|I422fZ15001Fm35001Fm3;
editbox_emit sequence=567 bytes=51 elapsed_us=2572 envelope=@J10000000002000000056708788|I422hZ15001Fm35001Fm3;
editbox_emit sequence=568 bytes=51 elapsed_us=2795 envelope=@J10000000002000000056812919|I422jZ15001Fm35001Fm3;
editbox_emit sequence=569 bytes=51 elapsed_us=2557 envelope=@J10000000002000000056917050|I422lZ15001Fm35001Fm3;
editbox_receipt monotonic_ns=580581414145374 received=569 consumed=554 revision=229
editbox_emit sequence=570 bytes=51 elapsed_us=3762 envelope=@J10000000002000000057029854|I422nZ15001Fm35001Fm3;
published_frame=1283
published_frame=1284
editbox_receipt monotonic_ns=580581447013217 received=569 consumed=554 revision=230
editbox_receipt monotonic_ns=580581479055633 received=569 consumed=554 revision=231
editbox_receipt monotonic_ns=580581511437136 received=569 consumed=554 revision=232
editbox_receipt monotonic_ns=580581565077913 received=569 consumed=554 revision=233
editbox_receipt monotonic_ns=580581608377859 received=570 consumed=554 revision=234
editbox_receipt monotonic_ns=580581729061915 received=570 consumed=558 revision=235
editbox_emit sequence=571 bytes=51 elapsed_us=2901 envelope=@J10000000002000000057133985|I422pZ15001Fm35001Fm3;
published_frame=1285
published_frame=1286
published_frame=1287
published_frame=1288
published_frame=1289
published_frame=1290
published_frame=1291
published_frame=1292
editbox_emit sequence=572 bytes=51 elapsed_us=2585 envelope=@J10000000002000000057238116|I422rZ15001Fm35001Fm3;
editbox_emit sequence=573 bytes=51 elapsed_us=2773 envelope=@J10000000002000000057342247|I422tZ15001Fm35001Fm3;
editbox_emit sequence=574 bytes=51 elapsed_us=3005 envelope=@J10000000002000000057446378|I422vZ15001Fm35001Fm3;
editbox_receipt monotonic_ns=580581827292085 received=570 consumed=564 revision=236
editbox_emit sequence=575 bytes=51 elapsed_us=4462 envelope=@J10000000002000000057550509|I422xZ15001Fm35001Fm3;
published_frame=1293
published_frame=1294
published_frame=1295
published_frame=1296
published_frame=1297
published_frame=1298
published_frame=1299
published_frame=1300
published_frame=1301
published_frame=1302
published_frame=1303
published_frame=1304
editbox_emit sequence=576 bytes=51 elapsed_us=2940 envelope=@J10000000002000000057654640|I422zZ15001Fm35001Fm3;
editbox_emit sequence=577 bytes=51 elapsed_us=3069 envelope=@J10000000002000000057758771|I422_Z15001Fm35001Fm3;
editbox_emit sequence=578 bytes=51 elapsed_us=3031 envelope=@J10000000002000000057815145|I422Xa15001Fm35001Fm3;
editbox_emit sequence=579 bytes=51 elapsed_us=2989 envelope=@J10000000002000000057919276|I422Za15001Fm35001Fm3;
editbox_emit sequence=580 bytes=51 elapsed_us=2913 envelope=@J10000000002000000058032080|I422ba15001Fm35001Fm3;
editbox_receipt monotonic_ns=580581893982872 received=574 consumed=570 revision=237
editbox_emit sequence=581 bytes=51 elapsed_us=2997 envelope=@J10000000002000000058136211|I422da15001Fm35001Fm3;
published_frame=1305
published_frame=1306
published_frame=1307
published_frame=1308
published_frame=1309
published_frame=1310
published_frame=1311
published_frame=1312
published_frame=1313
published_frame=1314
published_frame=1315
published_frame=1316
editbox_emit sequence=582 bytes=51 elapsed_us=4579 envelope=@J10000000002000000058240342|I422fa15001Fm35001Fm3;
editbox_emit sequence=583 bytes=51 elapsed_us=3307 envelope=@J10000000002000000058344473|I422ha15001Fm35001Fm3;
editbox_emit sequence=584 bytes=51 elapsed_us=2987 envelope=@J10000000002000000058448604|I422ja15001Fm35001Fm3;
editbox_emit sequence=585 bytes=51 elapsed_us=3039 envelope=@J10000000002000000058552735|I422la15001Fm35001Fm3;
editbox_emit sequence=586 bytes=51 elapsed_us=2642 envelope=@J10000000002000000058656866|I422na15001Fm35001Fm3;
editbox_emit sequence=575 bytes=51 elapsed_us=3668 envelope=@J10000000002000000057550509|I422xZ15001Fm35001Fm3;
editbox_receipt monotonic_ns=580582280497147 received=586 consumed=570 revision=238
editbox_receipt monotonic_ns=580582313041535 received=586 consumed=570 revision=239
editbox_receipt monotonic_ns=580582345338287 received=586 consumed=570 revision=240
editbox_receipt monotonic_ns=580582377350587 received=586 consumed=570 revision=241
editbox_receipt monotonic_ns=580582431183115 received=586 consumed=570 revision=242
editbox_receipt monotonic_ns=580582589991405 received=586 consumed=574 revision=243
editbox_emit sequence=587 bytes=51 elapsed_us=2706 envelope=@J10000000002000000058760997|I422pa15001Fm35001Fm3;
published_frame=1317
published_frame=1318
published_frame=1319
published_frame=1320
published_frame=1321
published_frame=1322
published_frame=1323
published_frame=1324
editbox_emit sequence=588 bytes=51 elapsed_us=2640 envelope=@J10000000002000000058865128|I422ra15001Fm35001Fm3;
editbox_emit sequence=589 bytes=51 elapsed_us=2978 envelope=@J10000000002000000058903738|I422ta15001Fm35001Fm3;
editbox_emit sequence=590 bytes=51 elapsed_us=3241 envelope=@J10000000002000000059016542|I422va15001Fm35001Fm3;
editbox_receipt monotonic_ns=580582634962363 received=586 consumed=580 revision=244
editbox_emit sequence=591 bytes=51 elapsed_us=2876 envelope=@J10000000002000000059120673|I422xa15001Fm35001Fm3;
published_frame=1325
published_frame=1326
published_frame=1327
published_frame=1328
published_frame=1329
published_frame=1330
published_frame=1331
published_frame=1332
published_frame=1333
published_frame=1334
published_frame=1335
published_frame=1336
editbox_emit sequence=592 bytes=51 elapsed_us=3411 envelope=@J10000000002000000059224804|I422za15001Fm35001Fm3;
editbox_emit sequence=593 bytes=51 elapsed_us=3448 envelope=@J10000000002000000059328935|I422_a15001Fm35001Fm3;
editbox_emit sequence=594 bytes=51 elapsed_us=4213 envelope=@J10000000002000000059450830|I422Xb15001Fm35001Fm3;
editbox_emit sequence=595 bytes=51 elapsed_us=3727 envelope=@J10000000002000000059554961|I422Zb15001Fm35001Fm3;
editbox_emit sequence=596 bytes=51 elapsed_us=3623 envelope=@J10000000002000000059659092|I422bb15001Fm35001Fm3;
editbox_emit sequence=587 bytes=51 elapsed_us=4016 envelope=@J10000000002000000058760997|I422pa15001Fm35001Fm3;
editbox_receipt monotonic_ns=580582946424340 received=596 consumed=586 revision=245
editbox_emit sequence=597 bytes=51 elapsed_us=3171 envelope=@J10000000002000000059763223|I422db15001Fm35001Fm3;
published_frame=1337
published_frame=1338
published_frame=1339
published_frame=1340
published_frame=1341
published_frame=1342
published_frame=1343
published_frame=1344
published_frame=1345
published_frame=1346
published_frame=1347
published_frame=1348
editbox_emit sequence=598 bytes=51 elapsed_us=3215 envelope=@J10000000002000000059801833|I422fb15001Fm35001Fm3;
editbox_emit sequence=599 bytes=51 elapsed_us=3467 envelope=@J10000000002000000059905964|I422hb15001Fm35001Fm3;
editbox_emit sequence=600 bytes=51 elapsed_us=3800 envelope=@J10000000002000000060033498|I422jb15001Fm35001Fm3;
editbox_emit sequence=601 bytes=51 elapsed_us=2846 envelope=@J10000000002000000060137629|I422lb15001Fm35001Fm3;
editbox_emit sequence=602 bytes=51 elapsed_us=4946 envelope=@J10000000002000000060241760|I422nb15001Fm35001Fm3;
editbox_receipt monotonic_ns=580582994453770 received=596 consumed=586 revision=246
editbox_receipt monotonic_ns=580583026038659 received=596 consumed=586 revision=247
editbox_receipt monotonic_ns=580583185473063 received=602 consumed=586 revision=248
editbox_receipt monotonic_ns=580583239428000 received=602 consumed=586 revision=249
editbox_receipt monotonic_ns=580583270870872 received=602 consumed=586 revision=250
editbox_receipt monotonic_ns=580583324847529 received=602 consumed=586 revision=251
editbox_receipt monotonic_ns=580583432510760 received=602 consumed=587 revision=252
editbox_emit sequence=603 bytes=51 elapsed_us=4552 envelope=@J10000000002000000060345891|I422pb15001Fm35001Fm3;
published_frame=1349
published_frame=1350
editbox_receipt monotonic_ns=580583541119513 received=603 consumed=593 revision=253
editbox_emit sequence=604 bytes=51 elapsed_us=3447 envelope=@J10000000002000000060450022|I422rb15001Fm35001Fm3;
published_frame=1351
published_frame=1352
published_frame=1353
published_frame=1354
published_frame=1355
published_frame=1356
published_frame=1357
published_frame=1358
published_frame=1359
published_frame=1360
published_frame=1361
published_frame=1362
editbox_emit sequence=605 bytes=51 elapsed_us=3742 envelope=@J10000000002000000060554153|I422tb15001Fm35001Fm3;
editbox_emit sequence=606 bytes=51 elapsed_us=3141 envelope=@J10000000002000000060658284|I422vb15001Fm35001Fm3;
editbox_emit sequence=607 bytes=51 elapsed_us=3135 envelope=@J10000000002000000060762415|I422xb15001Fm35001Fm3;
editbox_emit sequence=608 bytes=51 elapsed_us=3635 envelope=@J10000000002000000060801025|I422zb15001Fm35001Fm3;
editbox_emit sequence=609 bytes=51 elapsed_us=3990 envelope=@J10000000002000000060905156|I422_b15001Fm35001Fm3;
editbox_receipt monotonic_ns=580583587779427 received=603 consumed=599 revision=254
editbox_emit sequence=610 bytes=51 elapsed_us=2646 envelope=@J10000000002000000061035724|I422Xc15001Fm35001Fm3;
published_frame=1363
published_frame=1364
published_frame=1365
published_frame=1366
published_frame=1367
published_frame=1368
published_frame=1369
published_frame=1370
published_frame=1371
published_frame=1372
published_frame=1373
published_frame=1374
editbox_emit sequence=611 bytes=51 elapsed_us=2453 envelope=@J10000000002000000061139855|I422Zc15001Fm35001Fm3;
editbox_emit sequence=612 bytes=51 elapsed_us=2971 envelope=@J10000000002000000061243986|I422bc15001Fm35001Fm3;
editbox_emit sequence=613 bytes=51 elapsed_us=2997 envelope=@J10000000002000000061348117|I422dc15001Fm35001Fm3;
editbox_emit sequence=614 bytes=51 elapsed_us=4798 envelope=@J10000000002000000061452248|I422fc15001Fm35001Fm3;
editbox_emit sequence=615 bytes=51 elapsed_us=3681 envelope=@J10000000002000000061556379|I422hc15001Fm35001Fm3;
editbox_emit sequence=604 bytes=51 elapsed_us=3200 envelope=@J10000000002000000060450022|I422rb15001Fm35001Fm3;
editbox_receipt monotonic_ns=580583967749466 received=615 consumed=602 revision=255
editbox_emit sequence=616 bytes=51 elapsed_us=4330 envelope=@J10000000002000000061660510|I422jc15001Fm35001Fm3;
published_frame=1375
published_frame=1376
published_frame=1377
published_frame=1378
published_frame=1379
published_frame=1380
editbox_emit sequence=617 bytes=51 elapsed_us=4082 envelope=@J10000000002000000061764641|I422lc15001Fm35001Fm3;
editbox_emit sequence=618 bytes=51 elapsed_us=3347 envelope=@J10000000002000000061803251|I422nc15001Fm35001Fm3;
editbox_receipt monotonic_ns=580584000075284 received=615 consumed=602 revision=256
editbox_receipt monotonic_ns=580584031313192 received=615 consumed=602 revision=257
editbox_receipt monotonic_ns=580584109334526 received=618 consumed=602 revision=258
editbox_receipt monotonic_ns=580584163685575 received=618 consumed=602 revision=259
editbox_receipt monotonic_ns=580584205265507 received=618 consumed=602 revision=260
editbox_receipt monotonic_ns=580584258667507 received=618 consumed=602 revision=261
editbox_receipt monotonic_ns=580584374694684 received=618 consumed=605 revision=262
editbox_emit sequence=619 bytes=51 elapsed_us=3108 envelope=@J10000000002000000061907382|I422pc15001Fm35001Fm3;
published_frame=1381
published_frame=1382
published_frame=1383
published_frame=1384
published_frame=1385
published_frame=1386
editbox_emit sequence=620 bytes=51 elapsed_us=3038 envelope=@J10000000002000000062020186|I422rc15001Fm35001Fm3;
editbox_emit sequence=621 bytes=51 elapsed_us=3455 envelope=@J10000000002000000062124317|I422tc15001Fm35001Fm3;
editbox_receipt monotonic_ns=580584485265635 received=621 consumed=611 revision=263
editbox_emit sequence=622 bytes=51 elapsed_us=3348 envelope=@J10000000002000000062228448|I422vc15001Fm35001Fm3;
published_frame=1387
published_frame=1388
published_frame=1389
published_frame=1390
published_frame=1391
published_frame=1392
published_frame=1393
published_frame=1394
published_frame=1395
published_frame=1396
published_frame=1397
published_frame=1398
editbox_emit sequence=623 bytes=51 elapsed_us=3536 envelope=@J10000000002000000062332579|I422xc15001Fm35001Fm3;
editbox_emit sequence=624 bytes=51 elapsed_us=5282 envelope=@J10000000002000000062436710|I422zc15001Fm35001Fm3;
editbox_emit sequence=625 bytes=51 elapsed_us=4130 envelope=@J10000000002000000062540841|I422_c15001Fm35001Fm3;
editbox_emit sequence=626 bytes=51 elapsed_us=3328 envelope=@J10000000002000000062662736|I422Xd15001Fm35001Fm3;
editbox_emit sequence=627 bytes=51 elapsed_us=3133 envelope=@J10000000002000000062701346|I422Zd15001Fm35001Fm3;
editbox_receipt monotonic_ns=580584624088668 received=627 consumed=617 revision=264
editbox_emit sequence=628 bytes=51 elapsed_us=3015 envelope=@J10000000002000000062805477|I422bd15001Fm35001Fm3;
published_frame=1399
published_frame=1400
published_frame=1401
published_frame=1402
published_frame=1403
published_frame=1404
published_frame=1405
published_frame=1406
published_frame=1407
published_frame=1408
published_frame=1409
published_frame=1410
editbox_emit sequence=629 bytes=51 elapsed_us=2616 envelope=@J10000000002000000062909608|I422dd15001Fm35001Fm3;
editbox_emit sequence=630 bytes=51 elapsed_us=2567 envelope=@J10000000002000000063022412|I422fd15001Fm35001Fm3;
editbox_emit sequence=631 bytes=51 elapsed_us=2508 envelope=@J10000000002000000063126543|I422hd15001Fm35001Fm3;
editbox_emit sequence=632 bytes=51 elapsed_us=2868 envelope=@J10000000002000000063230674|I422jd15001Fm35001Fm3;
editbox_emit sequence=633 bytes=51 elapsed_us=2453 envelope=@J10000000002000000063334805|I422ld15001Fm35001Fm3;
editbox_receipt monotonic_ns=580584764763591 received=633 consumed=618 revision=265
editbox_emit sequence=634 bytes=51 elapsed_us=2849 envelope=@J10000000002000000063438936|I422nd15001Fm35001Fm3;
published_frame=1411
published_frame=1412
editbox_receipt monotonic_ns=580584806968846 received=633 consumed=618 revision=266
editbox_receipt monotonic_ns=580584870012908 received=634 consumed=618 revision=267
editbox_receipt monotonic_ns=580584932985025 received=634 consumed=618 revision=268
editbox_receipt monotonic_ns=580585026897924 received=634 consumed=618 revision=269
editbox_receipt monotonic_ns=580585132618193 received=634 consumed=618 revision=270
editbox_receipt monotonic_ns=580585281953639 received=634 consumed=619 revision=271
editbox_emit sequence=635 bytes=51 elapsed_us=2754 envelope=@J10000000002000000063543067|I422pd15001Fm35001Fm3;
published_frame=1413
published_frame=1414
editbox_receipt monotonic_ns=580585381051566 received=635 consumed=625 revision=272
editbox_emit sequence=636 bytes=51 elapsed_us=2845 envelope=@J10000000002000000063647198|I422rd15001Fm35001Fm3;
published_frame=1415
published_frame=1416
published_frame=1417
published_frame=1418
published_frame=1419
published_frame=1420
published_frame=1421
published_frame=1422
published_frame=1423
published_frame=1424
published_frame=1425
published_frame=1426
editbox_emit sequence=637 bytes=51 elapsed_us=2734 envelope=@J10000000002000000063751329|I422td15001Fm35001Fm3;
editbox_emit sequence=638 bytes=51 elapsed_us=2922 envelope=@J10000000002000000063855460|I422vd15001Fm35001Fm3;
editbox_emit sequence=639 bytes=51 elapsed_us=2530 envelope=@J10000000002000000063959591|I422xd15001Fm35001Fm3;
editbox_emit sequence=640 bytes=51 elapsed_us=2832 envelope=@J10000000002000000064006874|I422zd15001Fm35001Fm3;
editbox_emit sequence=641 bytes=51 elapsed_us=2759 envelope=@J10000000002000000064111005|I422_d15001Fm35001Fm3;
editbox_receipt monotonic_ns=580585524118193 received=641 consumed=631 revision=273
editbox_emit sequence=642 bytes=51 elapsed_us=3425 envelope=@J10000000002000000064232900|I422Xe15001Fm35001Fm3;
published_frame=1427
published_frame=1428
published_frame=1429
published_frame=1430
published_frame=1431
published_frame=1432
published_frame=1433
published_frame=1434
published_frame=1435
published_frame=1436
published_frame=1437
published_frame=1438
editbox_emit sequence=643 bytes=51 elapsed_us=2968 envelope=@J10000000002000000064337031|I422Ze15001Fm35001Fm3;
editbox_emit sequence=644 bytes=51 elapsed_us=2674 envelope=@J10000000002000000064441162|I422be15001Fm35001Fm3;
editbox_emit sequence=645 bytes=51 elapsed_us=3343 envelope=@J10000000002000000064545293|I422de15001Fm35001Fm3;
editbox_emit sequence=646 bytes=51 elapsed_us=2591 envelope=@J10000000002000000064649424|I422fe15001Fm35001Fm3;
editbox_emit sequence=647 bytes=51 elapsed_us=2339 envelope=@J10000000002000000064753555|I422he15001Fm35001Fm3;
editbox_receipt monotonic_ns=580585667179319 received=647 consumed=634 revision=274
editbox_emit sequence=648 bytes=51 elapsed_us=2763 envelope=@J10000000002000000064857686|I422je15001Fm35001Fm3;
published_frame=1439
published_frame=1440
published_frame=1441
published_frame=1442
published_frame=1443
published_frame=1444
editbox_emit sequence=649 bytes=51 elapsed_us=2612 envelope=@J10000000002000000064961817|I422le15001Fm35001Fm3;
editbox_emit sequence=650 bytes=51 elapsed_us=2724 envelope=@J10000000002000000065009100|I422ne15001Fm35001Fm3;
editbox_receipt monotonic_ns=580585711671299 received=647 consumed=634 revision=275
editbox_receipt monotonic_ns=580585796494662 received=650 consumed=634 revision=276
editbox_receipt monotonic_ns=580585850202916 received=650 consumed=634 revision=277
editbox_receipt monotonic_ns=580585945591811 received=650 consumed=634 revision=278
editbox_receipt monotonic_ns=580586032067120 received=650 consumed=634 revision=279
editbox_receipt monotonic_ns=580586179494530 received=650 consumed=635 revision=280
editbox_emit sequence=651 bytes=51 elapsed_us=2628 envelope=@J10000000002000000065113231|I422pe15001Fm35001Fm3;
published_frame=1445
published_frame=1446
editbox_receipt monotonic_ns=580586286548037 received=651 consumed=641 revision=281
editbox_emit sequence=652 bytes=51 elapsed_us=2906 envelope=@J10000000002000000065217362|I422re15001Fm35001Fm3;
published_frame=1447
published_frame=1448
published_frame=1449
published_frame=1450
published_frame=1451
published_frame=1452
published_frame=1453
published_frame=1454
published_frame=1455
published_frame=1456
published_frame=1457
published_frame=1458
editbox_emit sequence=653 bytes=51 elapsed_us=2641 envelope=@J10000000002000000065321493|I422te15001Fm35001Fm3;
editbox_emit sequence=654 bytes=51 elapsed_us=2959 envelope=@J10000000002000000065425624|I422ve15001Fm35001Fm3;
editbox_emit sequence=655 bytes=51 elapsed_us=2969 envelope=@J10000000002000000065529755|I422xe15001Fm35001Fm3;
editbox_emit sequence=656 bytes=51 elapsed_us=3243 envelope=@J10000000002000000065633886|I422ze15001Fm35001Fm3;
editbox_emit sequence=657 bytes=51 elapsed_us=3075 envelope=@J10000000002000000065738017|I422_e15001Fm35001Fm3;
editbox_receipt monotonic_ns=580586428676005 received=657 consumed=647 revision=282
editbox_emit sequence=658 bytes=51 elapsed_us=2706 envelope=@J10000000002000000065859912|I422Xf15001Fm35001Fm3;
published_frame=1459
published_frame=1460
published_frame=1461
published_frame=1462
published_frame=1463
published_frame=1464
published_frame=1465
published_frame=1466
published_frame=1467
published_frame=1468
published_frame=1469
published_frame=1470
editbox_emit sequence=659 bytes=51 elapsed_us=2586 envelope=@J10000000002000000065964043|I422Zf15001Fm35001Fm3;
editbox_emit sequence=660 bytes=51 elapsed_us=2523 envelope=@J10000000002000000066011326|I422bf15001Fm35001Fm3;
editbox_emit sequence=661 bytes=51 elapsed_us=2595 envelope=@J10000000002000000066115457|I422df15001Fm35001Fm3;
editbox_emit sequence=662 bytes=51 elapsed_us=3172 envelope=@J10000000002000000066219588|I422ff15001Fm35001Fm3;
editbox_emit sequence=663 bytes=51 elapsed_us=2787 envelope=@J10000000002000000066323719|I422hf15001Fm35001Fm3;
editbox_receipt monotonic_ns=580586559149108 received=663 consumed=650 revision=283
editbox_emit sequence=664 bytes=51 elapsed_us=2631 envelope=@J10000000002000000066427850|I422jf15001Fm35001Fm3;
published_frame=1471
published_frame=1472
published_frame=1473
published_frame=1474
published_frame=1475
published_frame=1476
editbox_emit sequence=665 bytes=51 elapsed_us=3487 envelope=@J10000000002000000066531981|I422lf15001Fm35001Fm3;
editbox_emit sequence=666 bytes=51 elapsed_us=2908 envelope=@J10000000002000000066636112|I422nf15001Fm35001Fm3;
editbox_receipt monotonic_ns=580586614934224 received=663 consumed=650 revision=284
editbox_receipt monotonic_ns=580586701719083 received=666 consumed=650 revision=285
editbox_receipt monotonic_ns=580586744583343 received=666 consumed=650 revision=286
editbox_receipt monotonic_ns=580586830223516 received=666 consumed=650 revision=287
editbox_receipt monotonic_ns=580586939977435 received=666 consumed=650 revision=288
editbox_receipt monotonic_ns=580587078143948 received=666 consumed=650 revision=289
editbox_receipt monotonic_ns=580587186197810 received=666 consumed=656 revision=290
editbox_emit sequence=667 bytes=51 elapsed_us=3213 envelope=@J10000000002000000066740243|I422pf15001Fm35001Fm3;
published_frame=1477
published_frame=1478
published_frame=1479
published_frame=1480
published_frame=1481
published_frame=1482
published_frame=1483
published_frame=1484
published_frame=1485
published_frame=1486
published_frame=1487
published_frame=1488
editbox_emit sequence=668 bytes=51 elapsed_us=2680 envelope=@J10000000002000000066844374|I422rf15001Fm35001Fm3;
editbox_emit sequence=669 bytes=51 elapsed_us=2591 envelope=@J10000000002000000066948505|I422tf15001Fm35001Fm3;
editbox_emit sequence=670 bytes=51 elapsed_us=2394 envelope=@J10000000002000000067061309|I422vf15001Fm35001Fm3;
editbox_emit sequence=671 bytes=51 elapsed_us=2274 envelope=@J10000000002000000067165440|I422xf15001Fm35001Fm3;
editbox_emit sequence=672 bytes=51 elapsed_us=2466 envelope=@J10000000002000000067204050|I422zf15001Fm35001Fm3;
editbox_receipt monotonic_ns=580587336639640 received=672 consumed=662 revision=291
editbox_emit sequence=673 bytes=51 elapsed_us=2711 envelope=@J10000000002000000067308181|I422_f15001Fm35001Fm3;
published_frame=1489
published_frame=1490
published_frame=1491
published_frame=1492
published_frame=1493
published_frame=1494
published_frame=1495
published_frame=1496
published_frame=1497
published_frame=1498
published_frame=1499
published_frame=1500
editbox_emit sequence=674 bytes=51 elapsed_us=2817 envelope=@J10000000002000000067430076|I422Xg15001Fm35001Fm3;
editbox_emit sequence=675 bytes=51 elapsed_us=2512 envelope=@J10000000002000000067534207|I422Zg15001Fm35001Fm3;
editbox_emit sequence=676 bytes=51 elapsed_us=2541 envelope=@J10000000002000000067638338|I422bg15001Fm35001Fm3;
editbox_emit sequence=677 bytes=51 elapsed_us=2827 envelope=@J10000000002000000067742469|I422dg15001Fm35001Fm3;
editbox_emit sequence=678 bytes=51 elapsed_us=2549 envelope=@J10000000002000000067846600|I422fg15001Fm35001Fm3;
editbox_receipt monotonic_ns=580587479577385 received=678 consumed=666 revision=292
editbox_emit sequence=679 bytes=51 elapsed_us=2666 envelope=@J10000000002000000067950731|I422hg15001Fm35001Fm3;
published_frame=1501
published_frame=1502
published_frame=1503
published_frame=1504
published_frame=1505
published_frame=1506
published_frame=1507
published_frame=1508
editbox_emit sequence=680 bytes=51 elapsed_us=2638 envelope=@J10000000002000000068063535|I422jg15001Fm35001Fm3;
editbox_emit sequence=681 bytes=51 elapsed_us=3084 envelope=@J10000000002000000068102145|I422lg15001Fm35001Fm3;
editbox_emit sequence=682 bytes=51 elapsed_us=2618 envelope=@J10000000002000000068206276|I422ng15001Fm35001Fm3;
editbox_receipt monotonic_ns=580587514644290 received=678 consumed=666 revision=293
editbox_receipt monotonic_ns=580587621615564 received=682 consumed=666 revision=294
editbox_receipt monotonic_ns=580587674012060 received=682 consumed=666 revision=295
editbox_receipt monotonic_ns=580587747225061 received=682 consumed=666 revision=296
editbox_receipt monotonic_ns=580587842554805 received=682 consumed=666 revision=297
match_end epoch=2 frontier=1509 old_rows=drain terminal_rows=discard
input_armed=true gameplay_armed=false mono_ns=580587987272927
editbox_receipt monotonic_ns=580588013571017 received=682 consumed=682 revision=298
editbox_emit sequence=683 bytes=51 elapsed_us=2724 envelope=@J10000000002000000068310407|I422pg15001Fm35001Fm3;
editbox_emit sequence=684 bytes=51 elapsed_us=2474 envelope=@J10000000002000000068414538|I422rg15001Fm35001Fm3;
editbox_emit sequence=685 bytes=51 elapsed_us=3149 envelope=@J10000000002000000068518669|I422tg15001Fm35001Fm3;
editbox_emit sequence=686 bytes=51 elapsed_us=2442 envelope=@J10000000002000000068622800|I422vg15001Fm35001Fm3;
editbox_emit sequence=687 bytes=51 elapsed_us=2476 envelope=@J10000000002000000068726931|I422xg15001Fm35001Fm3;
editbox_emit sequence=688 bytes=51 elapsed_us=2485 envelope=@J10000000002000000068831062|I422zg15001Fm35001Fm3;
editbox_emit sequence=689 bytes=51 elapsed_us=2789 envelope=@J10000000002000000068935193|I422_g15001Fm35001Fm3;
editbox_emit sequence=690 bytes=51 elapsed_us=2594 envelope=@J10000000002000000069000240|I422Xh15001Fm35001Fm3;
editbox_emit sequence=691 bytes=51 elapsed_us=2917 envelope=@J10000000002000000069104371|I422Zh15001Fm35001Fm3;
editbox_emit sequence=692 bytes=51 elapsed_us=3140 envelope=@J10000000002000000069208502|I422bh15001Fm35001Fm3;
editbox_emit sequence=693 bytes=51 elapsed_us=3414 envelope=@J10000000002000000069312633|I422dh15001Fm35001Fm3;
editbox_emit sequence=694 bytes=51 elapsed_us=4662 envelope=@J10000000002000000069416764|I422fh15001Fm35001Fm3;
editbox_emit sequence=695 bytes=51 elapsed_us=5232 envelope=@J10000000002000000069520895|I422hh15001Fm35001Fm3;
editbox_emit sequence=696 bytes=51 elapsed_us=3898 envelope=@J10000000002000000069625026|I422jh15001Fm35001Fm3;
editbox_emit sequence=697 bytes=51 elapsed_us=2456 envelope=@J10000000002000000069729157|I422lh15001Fm35001Fm3;
editbox_emit sequence=698 bytes=51 elapsed_us=2577 envelope=@J10000000002000000069833288|I422nh15001Fm35001Fm3;
editbox_emit sequence=683 bytes=51 elapsed_us=4801 envelope=@J10000000002000000068310407|I422pg15001Fm35001Fm3;
editbox_receipt monotonic_ns=580588440551417 received=698 consumed=698 revision=299
editbox_emit sequence=699 bytes=51 elapsed_us=2850 envelope=@J10000000002000000069937419|I422ph15001Fm35001Fm3;
editbox_emit sequence=700 bytes=51 elapsed_us=2745 envelope=@J10000000002000000070064953|I422rh15001Fm35001Fm3;
editbox_emit sequence=701 bytes=51 elapsed_us=2903 envelope=@J10000000002000000070103563|I422th15001Fm35001Fm3;
editbox_receipt monotonic_ns=580588453366035 received=698 consumed=698 revision=301
editbox_emit sequence=702 bytes=51 elapsed_us=2484 envelope=@J10000000002000000070207694|I422vh15001Fm35001Fm3;
editbox_emit sequence=703 bytes=51 elapsed_us=2452 envelope=@J10000000002000000070311825|I422xh15001Fm35001Fm3;
editbox_emit sequence=704 bytes=51 elapsed_us=2430 envelope=@J10000000002000000070415956|I422zh15001Fm35001Fm3;
editbox_receipt monotonic_ns=580588465149581 received=698 consumed=698 revision=302
editbox_emit sequence=705 bytes=51 elapsed_us=2456 envelope=@J10000000002000000070520087|I422_h15001Fm35001Fm3;
editbox_emit sequence=706 bytes=51 elapsed_us=2426 envelope=@J10000000002000000070641982|I422Xi15001Fm35001Fm3;
editbox_emit sequence=707 bytes=51 elapsed_us=2958 envelope=@J10000000002000000070746113|I422Zi15001Fm35001Fm3;
editbox_emit sequence=708 bytes=51 elapsed_us=2891 envelope=@J10000000002000000070850244|I422bi15001Fm35001Fm3;
editbox_emit sequence=709 bytes=51 elapsed_us=2695 envelope=@J10000000002000000070954375|I422di15001Fm35001Fm3;
editbox_emit sequence=710 bytes=51 elapsed_us=2876 envelope=@J10000000002000000071001658|I422fi15001Fm35001Fm3;
editbox_emit sequence=711 bytes=51 elapsed_us=2956 envelope=@J10000000002000000071105789|I422hi15001Fm35001Fm3;
editbox_emit sequence=712 bytes=51 elapsed_us=2634 envelope=@J10000000002000000071209920|I422ji15001Fm35001Fm3;
editbox_emit sequence=713 bytes=51 elapsed_us=2630 envelope=@J10000000002000000071314051|I422li15001Fm35001Fm3;
editbox_emit sequence=714 bytes=51 elapsed_us=2781 envelope=@J10000000002000000071418182|I422ni15001Fm35001Fm3;
editbox_emit sequence=699 bytes=51 elapsed_us=2884 envelope=@J10000000002000000069937419|I422ph15001Fm35001Fm3;
suppressed mono_ns=580588922606000 reason=focus-pause-or-neutral
editbox_receipt monotonic_ns=580588947647465 received=714 consumed=714 revision=303
editbox_emit sequence=715 bytes=51 elapsed_us=3524 envelope=@J10000000002000000071522313|I422pi15001Fm35001Fm3;
editbox_emit sequence=716 bytes=51 elapsed_us=3336 envelope=@J10000000002000000071626444|I422ri15001Fm35001Fm3;
editbox_receipt monotonic_ns=580588957653730 received=714 consumed=714 revision=304
editbox_emit sequence=717 bytes=51 elapsed_us=3138 envelope=@J10000000002000000071730575|I422ti15001Fm35001Fm3;
editbox_emit sequence=718 bytes=51 elapsed_us=3083 envelope=@J10000000002000000071834706|I422vi15001Fm35001Fm3;
editbox_emit sequence=719 bytes=51 elapsed_us=3308 envelope=@J10000000002000000071938837|I422xi15001Fm35001Fm3;
editbox_receipt monotonic_ns=580588971856400 received=714 consumed=714 revision=306
editbox_emit sequence=720 bytes=51 elapsed_us=2960 envelope=@J10000000002000000072051641|I422zi15001Fm35001Fm3;
editbox_emit sequence=721 bytes=51 elapsed_us=3057 envelope=@J10000000002000000072155772|I422_i15001Fm35001Fm3;
editbox_emit sequence=722 bytes=51 elapsed_us=2896 envelope=@J10000000002000000072212146|I422Xj15001Fm35001Fm3;
editbox_emit sequence=723 bytes=51 elapsed_us=3061 envelope=@J10000000002000000072316277|I422Zj15001Fm35001Fm3;
editbox_emit sequence=724 bytes=51 elapsed_us=3259 envelope=@J10000000002000000072420408|I422bj15001Fm35001Fm3;
editbox_emit sequence=725 bytes=51 elapsed_us=3166 envelope=@J10000000002000000072524539|I422dj15001Fm35001Fm3;
editbox_receipt monotonic_ns=580588998996127 received=714 consumed=714 revision=307
editbox_emit sequence=726 bytes=51 elapsed_us=3085 envelope=@J10000000002000000072628670|I422fj15001Fm35001Fm3;
editbox_emit sequence=727 bytes=51 elapsed_us=3027 envelope=@J10000000002000000072732801|I422hj15001Fm35001Fm3;
editbox_emit sequence=728 bytes=51 elapsed_us=2892 envelope=@J10000000002000000072836932|I422jj15001Fm35001Fm3;
editbox_emit sequence=729 bytes=51 elapsed_us=2991 envelope=@J10000000002000000072941063|I422lj15001Fm35001Fm3;
editbox_emit sequence=730 bytes=51 elapsed_us=3216 envelope=@J10000000002000000073053867|I422nj15001Fm35001Fm3;
editbox_emit sequence=715 bytes=51 elapsed_us=2773 envelope=@J10000000002000000071522313|I422pi15001Fm35001Fm3;
editbox_receipt monotonic_ns=580589452432172 received=730 consumed=730 revision=308
editbox_emit sequence=731 bytes=51 elapsed_us=2997 envelope=@J10000000002000000073157998|I422pj15001Fm35001Fm3;
editbox_emit sequence=732 bytes=51 elapsed_us=2599 envelope=@J10000000002000000073262129|I422rj15001Fm35001Fm3;
editbox_emit sequence=733 bytes=51 elapsed_us=2571 envelope=@J10000000002000000073300739|I422tj15001Fm35001Fm3;
editbox_receipt monotonic_ns=580589465080679 received=730 consumed=730 revision=310
editbox_emit sequence=734 bytes=51 elapsed_us=2634 envelope=@J10000000002000000073404870|I422vj15001Fm35001Fm3;
editbox_emit sequence=735 bytes=51 elapsed_us=2433 envelope=@J10000000002000000073509001|I422xj15001Fm35001Fm3;
editbox_emit sequence=736 bytes=51 elapsed_us=2780 envelope=@J10000000002000000073613132|I422zj15001Fm35001Fm3;
editbox_receipt monotonic_ns=580589477684151 received=730 consumed=730 revision=312
editbox_emit sequence=737 bytes=51 elapsed_us=2406 envelope=@J10000000002000000073717263|I422_j15001Fm35001Fm3;
editbox_emit sequence=738 bytes=51 elapsed_us=2474 envelope=@J10000000002000000073839158|I422Xk15001Fm35001Fm3;
editbox_emit sequence=739 bytes=51 elapsed_us=2993 envelope=@J10000000002000000073943289|I422Zk15001Fm35001Fm3;
editbox_emit sequence=740 bytes=51 elapsed_us=3390 envelope=@J10000000002000000074056093|I422bk15001Fm35001Fm3;
editbox_emit sequence=741 bytes=51 elapsed_us=3316 envelope=@J10000000002000000074160224|I422dk15001Fm35001Fm3;
editbox_emit sequence=742 bytes=51 elapsed_us=3095 envelope=@J10000000002000000074264355|I422fk15001Fm35001Fm3;
editbox_emit sequence=743 bytes=51 elapsed_us=2920 envelope=@J10000000002000000074302965|I422hk15001Fm35001Fm3;
editbox_emit sequence=744 bytes=51 elapsed_us=3057 envelope=@J10000000002000000074407096|I422jk15001Fm35001Fm3;
editbox_emit sequence=745 bytes=51 elapsed_us=2846 envelope=@J10000000002000000074511227|I422lk15001Fm35001Fm3;
editbox_emit sequence=746 bytes=51 elapsed_us=2712 envelope=@J10000000002000000074615358|I422nk15001Fm35001Fm3;
editbox_emit sequence=731 bytes=51 elapsed_us=3313 envelope=@J10000000002000000073157998|I422pj15001Fm35001Fm3;
editbox_receipt monotonic_ns=580589906129917 received=730 consumed=730 revision=313
editbox_receipt monotonic_ns=580589948830700 received=746 consumed=746 revision=314
editbox_emit sequence=747 bytes=51 elapsed_us=2692 envelope=@J10000000002000000074719489|I422pk15001Fm35001Fm3;
editbox_emit sequence=748 bytes=51 elapsed_us=2667 envelope=@J10000000002000000074823620|I422rk15001Fm35001Fm3;
editbox_emit sequence=749 bytes=51 elapsed_us=2519 envelope=@J10000000002000000074927751|I422tk15001Fm35001Fm3;
editbox_receipt monotonic_ns=580589960882729 received=746 consumed=746 revision=316
editbox_emit sequence=750 bytes=51 elapsed_us=2451 envelope=@J10000000002000000075040555|I422vk15001Fm35001Fm3;
editbox_emit sequence=751 bytes=51 elapsed_us=2384 envelope=@J10000000002000000075144686|I422xk15001Fm35001Fm3;
editbox_emit sequence=752 bytes=51 elapsed_us=2353 envelope=@J10000000002000000075248817|I422zk15001Fm35001Fm3;
editbox_receipt monotonic_ns=580589972102087 received=746 consumed=746 revision=317
editbox_emit sequence=753 bytes=51 elapsed_us=2497 envelope=@J10000000002000000075352948|I422_k15001Fm35001Fm3;
editbox_emit sequence=754 bytes=51 elapsed_us=2555 envelope=@J10000000002000000075409322|I422Xl15001Fm35001Fm3;
editbox_emit sequence=755 bytes=51 elapsed_us=2705 envelope=@J10000000002000000075513453|I422Zl15001Fm35001Fm3;
editbox_emit sequence=756 bytes=34 elapsed_us=2602 envelope=@J10000000002000000075600855|JE12;
editbox_receipt monotonic_ns=580590152160226 received=756 consumed=756 revision=318
match_quiescent epoch=2
waiting_for_match build=playable-0042 slot=0 after_epoch=2
shutdown signal=SIGINT mailbox_release=begin
