source=/dev/input/event3 name=Some("Smashcraft Event Retention Virtual Gamepad") clock=CLOCK_MONOTONIC epoch_ns=0 frame_rule=segment_frame+floor((t-segment_epoch)*60/1e9) first=1 delay=0 pause_policy=sequenced-map-control
waiting_for_match build=playable-0041 slot=1 start_before=final-match-confirmation
input_armed=true gameplay_armed=false mono_ns=564217443629296
menu_emit epoch=0 phase=Some(Character) key=r mono_ns=564220186312000
menu_emit epoch=0 phase=Some(Character) key=n mono_ns=564220456684000
menu_emit epoch=0 phase=Some(Character) key=u mono_ns=564220877234000
menu_emit epoch=0 phase=Some(Character) key=n mono_ns=564221297805000
match_ready epoch=1 neutral_rearm=required
input_armed=true gameplay_armed=false mono_ns=564229598748146
editbox_receipt monotonic_ns=564229598845619 received=0 consumed=0 revision=1
editbox_emit sequence=1 bytes=34 elapsed_us=1932 envelope=@J10000000001000000000130780|JR11;
editbox_emit sequence=1 bytes=34 elapsed_us=2540 envelope=@J10000000001000000000130780|JR11;
editbox_receipt monotonic_ns=564229902683423 received=1 consumed=1 revision=2
editbox_receipt monotonic_ns=564229913171112 received=1 consumed=1 revision=4
editbox_receipt monotonic_ns=564229923860188 received=1 consumed=1 revision=5
editbox_receipt monotonic_ns=564229934754349 received=1 consumed=1 revision=6
editbox_receipt monotonic_ns=564229956795114 received=1 consumed=1 revision=7
match_start epoch=1 epoch_ns=564230046088355 read_ns=564230047228409 uncertainty_ns=1100526
input_armed=true gameplay_armed=true mono_ns=564230047194595
published_frame=1
published_frame=2
editbox_emit sequence=2 bytes=37 elapsed_us=2084 envelope=@J10000000001000000000252069|I421100;
published_frame=3
published_frame=4
editbox_emit sequence=3 bytes=37 elapsed_us=2423 envelope=@J10000000001000000000330835|I421300;
published_frame=5
published_frame=6
editbox_emit sequence=4 bytes=37 elapsed_us=2211 envelope=@J10000000001000000000409601|I421500;
published_frame=7
published_frame=8
editbox_emit sequence=5 bytes=37 elapsed_us=2199 envelope=@J10000000001000000000553888|I421700;
published_frame=9
published_frame=10
editbox_emit sequence=6 bytes=37 elapsed_us=2037 envelope=@J10000000001000000000632654|I421900;
editbox_receipt monotonic_ns=564230217553969 received=3 consumed=3 revision=8
published_frame=11
published_frame=12
editbox_emit sequence=7 bytes=37 elapsed_us=2144 envelope=@J10000000001000000000711420|I421B00;
editbox_receipt monotonic_ns=564230252728382 received=6 consumed=5 revision=9
published_frame=13
published_frame=14
editbox_emit sequence=8 bytes=37 elapsed_us=2179 envelope=@J10000000001000000000855707|I421D00;
editbox_receipt monotonic_ns=564230295562343 received=6 consumed=6 revision=10
published_frame=15
published_frame=16
editbox_emit sequence=9 bytes=37 elapsed_us=2506 envelope=@J10000000001000000000934473|I421F00;
published_frame=17
published_frame=18
editbox_emit sequence=10 bytes=37 elapsed_us=1991 envelope=@J10000000001000000001041745|I421H00;
event mono_ns=564230362822000 frame=20 held=32 pressed=32 released=0
published_frame=19
event mono_ns=564230368314000 frame=20 held=0 pressed=0 released=32
editbox_receipt monotonic_ns=564230371133178 received=9 consumed=9 revision=11
published_frame=20
editbox_emit sequence=11 bytes=43 elapsed_us=2978 envelope=@J10000000001000000001113305|I421J0200W00W;
published_frame=21
published_frame=22
editbox_emit sequence=12 bytes=37 elapsed_us=2286 envelope=@J10000000001000000001264798|I421L00;
published_frame=23
published_frame=24
editbox_emit sequence=13 bytes=37 elapsed_us=1943 envelope=@J10000000001000000001343564|I421N00;
editbox_receipt monotonic_ns=564230462881087 received=12 consumed=12 revision=12
published_frame=25
published_frame=26
editbox_emit sequence=14 bytes=37 elapsed_us=2642 envelope=@J10000000001000000001422330|I421P00;
published_frame=27
published_frame=28
editbox_emit sequence=15 bytes=37 elapsed_us=2032 envelope=@J10000000001000000001501096|I421R00;
published_frame=29
published_frame=30
editbox_emit sequence=16 bytes=37 elapsed_us=1964 envelope=@J10000000001000000001645383|I421T00;
published_frame=31
editbox_receipt monotonic_ns=564230571986762 received=15 consumed=15 revision=13
published_frame=32
editbox_emit sequence=17 bytes=37 elapsed_us=2065 envelope=@J10000000001000000001724149|I421V00;
published_frame=33
published_frame=34
editbox_emit sequence=18 bytes=38 elapsed_us=2782 envelope=@J10000000001000000001808415|I421X100;
published_frame=35
published_frame=36
editbox_emit sequence=19 bytes=38 elapsed_us=1944 envelope=@J10000000001000000001951403|I421Z100;
published_frame=37
editbox_receipt monotonic_ns=564230675210862 received=18 consumed=18 revision=14
published_frame=38
editbox_emit sequence=20 bytes=38 elapsed_us=2039 envelope=@J10000000001000000002042087|I421b100;
published_frame=39
published_frame=40
editbox_emit sequence=21 bytes=38 elapsed_us=2195 envelope=@J10000000001000000002119554|I421d100;
published_frame=41
published_frame=42
editbox_emit sequence=22 bytes=38 elapsed_us=2082 envelope=@J10000000001000000002262542|I421f100;
published_frame=43
editbox_receipt monotonic_ns=564230771759550 received=21 consumed=21 revision=15
published_frame=44
editbox_emit sequence=23 bytes=38 elapsed_us=1936 envelope=@J10000000001000000002340009|I421h100;
published_frame=45
published_frame=46
editbox_emit sequence=24 bytes=38 elapsed_us=2083 envelope=@J10000000001000000002417476|I421j100;
published_frame=47
published_frame=48
editbox_emit sequence=25 bytes=38 elapsed_us=2362 envelope=@J10000000001000000002560464|I421l100;
published_frame=49
editbox_receipt monotonic_ns=564230871562247 received=24 consumed=24 revision=16
published_frame=50
editbox_emit sequence=26 bytes=38 elapsed_us=3617 envelope=@J10000000001000000002637931|I421n100;
published_frame=51
published_frame=52
editbox_emit sequence=27 bytes=38 elapsed_us=2254 envelope=@J10000000001000000002715398|I421p100;
published_frame=53
published_frame=54
editbox_emit sequence=28 bytes=38 elapsed_us=2104 envelope=@J10000000001000000002858386|I421r100;
published_frame=55
editbox_receipt monotonic_ns=564230975031296 received=27 consumed=27 revision=17
published_frame=56
editbox_emit sequence=29 bytes=38 elapsed_us=2108 envelope=@J10000000001000000002935853|I421t100;
published_frame=57
published_frame=58
editbox_emit sequence=30 bytes=38 elapsed_us=2131 envelope=@J10000000001000000003026537|I421v100;
published_frame=59
published_frame=60
editbox_emit sequence=31 bytes=38 elapsed_us=1949 envelope=@J10000000001000000003104004|I421x100;
published_frame=61
published_frame=62
editbox_emit sequence=32 bytes=38 elapsed_us=1922 envelope=@J10000000001000000003246992|I421z100;
published_frame=63
published_frame=64
editbox_emit sequence=33 bytes=38 elapsed_us=2049 envelope=@J10000000001000000003324459|I421_100;
published_frame=65
editbox_receipt monotonic_ns=564231145933327 received=30 consumed=30 revision=18
published_frame=66
editbox_emit sequence=34 bytes=38 elapsed_us=2045 envelope=@J10000000001000000003459578|I421X200;
published_frame=67
published_frame=68
editbox_emit sequence=35 bytes=38 elapsed_us=2003 envelope=@J10000000001000000003537045|I421Z200;
published_frame=69
editbox_receipt monotonic_ns=564231209936479 received=33 consumed=33 revision=19
published_frame=70
editbox_emit sequence=36 bytes=38 elapsed_us=2177 envelope=@J10000000001000000003614512|I421b200;
published_frame=71
published_frame=72
editbox_emit sequence=37 bytes=38 elapsed_us=2172 envelope=@J10000000001000000003757500|I421d200;
published_frame=73
editbox_receipt monotonic_ns=564231276673476 received=36 consumed=36 revision=20
published_frame=74
editbox_emit sequence=38 bytes=38 elapsed_us=2034 envelope=@J10000000001000000003834967|I421f200;
published_frame=75
published_frame=76
editbox_emit sequence=39 bytes=38 elapsed_us=2092 envelope=@J10000000001000000003912434|I421h200;
published_frame=77
published_frame=78
editbox_emit sequence=40 bytes=38 elapsed_us=2529 envelope=@J10000000001000000004003118|I421j200;
published_frame=79
published_frame=80
editbox_emit sequence=41 bytes=38 elapsed_us=2635 envelope=@J10000000001000000004146106|I421l200;
published_frame=81
editbox_receipt monotonic_ns=564231397620988 received=39 consumed=39 revision=21
published_frame=82
editbox_emit sequence=42 bytes=38 elapsed_us=2204 envelope=@J10000000001000000004223573|I421n200;
published_frame=83
published_frame=84
editbox_emit sequence=43 bytes=38 elapsed_us=2175 envelope=@J10000000001000000004301040|I421p200;
published_frame=85
editbox_receipt monotonic_ns=564231472451586 received=42 consumed=42 revision=22
published_frame=86
editbox_emit sequence=44 bytes=38 elapsed_us=2045 envelope=@J10000000001000000004444028|I421r200;
published_frame=87
published_frame=88
editbox_emit sequence=45 bytes=38 elapsed_us=2071 envelope=@J10000000001000000004521495|I421t200;
published_frame=89
published_frame=90
editbox_emit sequence=46 bytes=38 elapsed_us=2702 envelope=@J10000000001000000004664483|I421v200;
published_frame=91
published_frame=92
editbox_emit sequence=47 bytes=38 elapsed_us=2000 envelope=@J10000000001000000004741950|I421x200;
editbox_receipt monotonic_ns=564231583533636 received=45 consumed=45 revision=23
published_frame=93
published_frame=94
editbox_emit sequence=48 bytes=38 elapsed_us=2081 envelope=@J10000000001000000004819417|I421z200;
published_frame=95
published_frame=96
editbox_emit sequence=49 bytes=38 elapsed_us=2145 envelope=@J10000000001000000004962405|I421_200;
published_frame=97
editbox_receipt monotonic_ns=564231672743988 received=48 consumed=48 revision=24
published_frame=98
editbox_emit sequence=50 bytes=38 elapsed_us=2096 envelope=@J10000000001000000005045220|I421X300;
published_frame=99
published_frame=100
editbox_emit sequence=51 bytes=38 elapsed_us=2157 envelope=@J10000000001000000005122687|I421Z300;
published_frame=101
published_frame=102
editbox_emit sequence=52 bytes=38 elapsed_us=2060 envelope=@J10000000001000000005200154|I421b300;
published_frame=103
editbox_receipt monotonic_ns=564231773238081 received=51 consumed=51 revision=25
published_frame=104
editbox_emit sequence=53 bytes=38 elapsed_us=1979 envelope=@J10000000001000000005343142|I421d300;
published_frame=105
published_frame=106
editbox_emit sequence=54 bytes=38 elapsed_us=2129 envelope=@J10000000001000000005420609|I421f300;
published_frame=107
event mono_ns=564231838879000 frame=108 held=64 pressed=64 released=0
published_frame=108
editbox_emit sequence=55 bytes=47 elapsed_us=2474 envelope=@J10000000001000000005502289|I421h303010010000;
published_frame=109
editbox_receipt monotonic_ns=564231878669559 received=54 consumed=54 revision=26
published_frame=110
editbox_emit sequence=56 bytes=44 elapsed_us=2155 envelope=@J10000000001000000005614285|I421j310101010;
published_frame=111
published_frame=112
editbox_emit sequence=57 bytes=44 elapsed_us=2355 envelope=@J10000000001000000005723458|I421l310101010;
published_frame=113
published_frame=114
editbox_emit sequence=58 bytes=44 elapsed_us=2571 envelope=@J10000000001000000005832631|I421n310101010;
event mono_ns=564231959116000 frame=115 held=0 pressed=0 released=64
published_frame=115
editbox_receipt monotonic_ns=564231974418628 received=57 consumed=57 revision=27
published_frame=116
editbox_emit sequence=59 bytes=44 elapsed_us=2187 envelope=@J10000000001000000005964160|I421p320000100;
published_frame=117
published_frame=118
editbox_emit sequence=60 bytes=38 elapsed_us=2531 envelope=@J10000000001000000006029670|I421r300;
published_frame=119
published_frame=120
editbox_emit sequence=61 bytes=38 elapsed_us=2211 envelope=@J10000000001000000006107137|I421t300;
published_frame=121
published_frame=122
editbox_emit sequence=62 bytes=38 elapsed_us=2037 envelope=@J10000000001000000006250125|I421v300;
published_frame=123
published_frame=124
editbox_emit sequence=63 bytes=38 elapsed_us=2241 envelope=@J10000000001000000006327592|I421x300;
published_frame=125
published_frame=126
editbox_emit sequence=64 bytes=38 elapsed_us=2211 envelope=@J10000000001000000006405059|I421z300;
editbox_receipt monotonic_ns=564232150904856 received=60 consumed=60 revision=28
published_frame=127
published_frame=128
editbox_emit sequence=65 bytes=38 elapsed_us=2102 envelope=@J10000000001000000006548047|I421_300;
published_frame=129
published_frame=130
editbox_emit sequence=66 bytes=38 elapsed_us=2195 envelope=@J10000000001000000006617645|I421X400;
editbox_receipt monotonic_ns=564232217234188 received=63 consumed=63 revision=29
published_frame=131
published_frame=132
editbox_emit sequence=67 bytes=38 elapsed_us=2006 envelope=@J10000000001000000006760633|I421Z400;
published_frame=133
published_frame=134
editbox_emit sequence=68 bytes=38 elapsed_us=2210 envelope=@J10000000001000000006838100|I421b400;
editbox_receipt monotonic_ns=564232290488401 received=66 consumed=66 revision=30
published_frame=135
published_frame=136
editbox_emit sequence=69 bytes=38 elapsed_us=2088 envelope=@J10000000001000000006915567|I421d400;
published_frame=137
published_frame=138
editbox_emit sequence=70 bytes=38 elapsed_us=2754 envelope=@J10000000001000000007006251|I421f400;
published_frame=139
published_frame=140
editbox_emit sequence=71 bytes=38 elapsed_us=2039 envelope=@J10000000001000000007149239|I421h400;
editbox_receipt monotonic_ns=564232383373280 received=70 consumed=70 revision=31
published_frame=141
published_frame=142
editbox_emit sequence=72 bytes=38 elapsed_us=2175 envelope=@J10000000001000000007226706|I421j400;
published_frame=143
published_frame=144
editbox_emit sequence=73 bytes=38 elapsed_us=1879 envelope=@J10000000001000000007304173|I421l400;
published_frame=145
published_frame=146
editbox_emit sequence=74 bytes=38 elapsed_us=1921 envelope=@J10000000001000000007447161|I421n400;
editbox_receipt monotonic_ns=564232483900566 received=72 consumed=72 revision=32
published_frame=147
published_frame=148
editbox_emit sequence=75 bytes=38 elapsed_us=2021 envelope=@J10000000001000000007524628|I421p400;
published_frame=149
published_frame=150
editbox_emit sequence=76 bytes=38 elapsed_us=2204 envelope=@J10000000001000000007602095|I421r400;
published_frame=151
editbox_receipt monotonic_ns=564232571929503 received=75 consumed=75 revision=33
published_frame=152
editbox_emit sequence=77 bytes=38 elapsed_us=2058 envelope=@J10000000001000000007745083|I421t400;
published_frame=153
published_frame=154
editbox_emit sequence=78 bytes=38 elapsed_us=1953 envelope=@J10000000001000000007822550|I421v400;
published_frame=155
published_frame=156
editbox_emit sequence=79 bytes=38 elapsed_us=2102 envelope=@J10000000001000000007900017|I421x400;
published_frame=157
editbox_receipt monotonic_ns=564232677867431 received=78 consumed=78 revision=34
published_frame=158
editbox_emit sequence=80 bytes=38 elapsed_us=2485 envelope=@J10000000001000000008056222|I421z400;
published_frame=159
published_frame=160
editbox_emit sequence=81 bytes=38 elapsed_us=2123 envelope=@J10000000001000000008133689|I421_400;
published_frame=161
published_frame=162
editbox_emit sequence=82 bytes=38 elapsed_us=2028 envelope=@J10000000001000000008203287|I421X500;
published_frame=163
editbox_receipt monotonic_ns=564232772967052 received=81 consumed=81 revision=35
published_frame=164
editbox_emit sequence=83 bytes=38 elapsed_us=2168 envelope=@J10000000001000000008346275|I421Z500;
published_frame=165
published_frame=166
editbox_emit sequence=84 bytes=38 elapsed_us=2389 envelope=@J10000000001000000008423742|I421b500;
published_frame=167
published_frame=168
editbox_emit sequence=85 bytes=38 elapsed_us=1988 envelope=@J10000000001000000008501209|I421d500;
published_frame=169
editbox_receipt monotonic_ns=564232872467513 received=84 consumed=84 revision=36
published_frame=170
editbox_emit sequence=86 bytes=38 elapsed_us=2108 envelope=@J10000000001000000008644197|I421f500;
published_frame=171
published_frame=172
editbox_emit sequence=87 bytes=38 elapsed_us=2470 envelope=@J10000000001000000008721664|I421h500;
published_frame=173
published_frame=174
editbox_emit sequence=88 bytes=38 elapsed_us=2009 envelope=@J10000000001000000008864652|I421j500;
published_frame=175
editbox_receipt monotonic_ns=564232971537106 received=87 consumed=87 revision=37
published_frame=176
editbox_emit sequence=89 bytes=38 elapsed_us=2091 envelope=@J10000000001000000008942119|I421l500;
published_frame=177
published_frame=178
editbox_emit sequence=90 bytes=38 elapsed_us=2122 envelope=@J10000000001000000009032803|I421n500;
published_frame=179
published_frame=180
editbox_emit sequence=91 bytes=38 elapsed_us=2289 envelope=@J10000000001000000009110270|I421p500;
published_frame=181
published_frame=182
editbox_emit sequence=92 bytes=38 elapsed_us=2077 envelope=@J10000000001000000009253258|I421r500;
published_frame=183
published_frame=184
editbox_emit sequence=93 bytes=38 elapsed_us=1938 envelope=@J10000000001000000009330725|I421t500;
published_frame=185
published_frame=186
editbox_emit sequence=94 bytes=38 elapsed_us=1958 envelope=@J10000000001000000009408192|I421v500;
editbox_receipt monotonic_ns=564233150723515 received=90 consumed=90 revision=38
published_frame=187
published_frame=188
editbox_emit sequence=95 bytes=38 elapsed_us=2074 envelope=@J10000000001000000009551180|I421x500;
published_frame=189
published_frame=190
editbox_emit sequence=96 bytes=38 elapsed_us=1980 envelope=@J10000000001000000009628647|I421z500;
published_frame=191
editbox_receipt monotonic_ns=564233238171774 received=93 consumed=93 revision=39
published_frame=192
editbox_emit sequence=97 bytes=38 elapsed_us=2240 envelope=@J10000000001000000009706114|I421_500;
published_frame=193
published_frame=194
editbox_emit sequence=98 bytes=38 elapsed_us=2028 envelope=@J10000000001000000009841233|I421X600;
editbox_receipt monotonic_ns=564233293571850 received=96 consumed=96 revision=40
published_frame=195
published_frame=196
editbox_emit sequence=99 bytes=38 elapsed_us=2280 envelope=@J10000000001000000009918700|I421Z600;
published_frame=197
published_frame=198
editbox_emit sequence=100 bytes=38 elapsed_us=1986 envelope=@J10000000001000000010050801|I421b600;
published_frame=199
published_frame=200
editbox_emit sequence=101 bytes=38 elapsed_us=2133 envelope=@J10000000001000000010128268|I421d600;
editbox_receipt monotonic_ns=564233383395341 received=99 consumed=99 revision=41
published_frame=201
published_frame=202
editbox_emit sequence=102 bytes=38 elapsed_us=2561 envelope=@J10000000001000000010205735|I421f600;
published_frame=203
published_frame=204
editbox_emit sequence=103 bytes=38 elapsed_us=1986 envelope=@J10000000001000000010348723|I421h600;
published_frame=205
editbox_receipt monotonic_ns=564233469477670 received=102 consumed=102 revision=42
published_frame=206
editbox_emit sequence=104 bytes=38 elapsed_us=1959 envelope=@J10000000001000000010426190|I421j600;
published_frame=207
published_frame=208
editbox_emit sequence=105 bytes=38 elapsed_us=1966 envelope=@J10000000001000000010503657|I421l600;
published_frame=209
published_frame=210
editbox_emit sequence=106 bytes=38 elapsed_us=1988 envelope=@J10000000001000000010646645|I421n600;
published_frame=211
published_frame=212
editbox_receipt monotonic_ns=564233579642200 received=105 consumed=105 revision=43
editbox_emit sequence=107 bytes=38 elapsed_us=1875 envelope=@J10000000001000000010724112|I421p600;
published_frame=213
published_frame=214
editbox_emit sequence=108 bytes=38 elapsed_us=1915 envelope=@J10000000001000000010801579|I421r600;
published_frame=215
published_frame=216
editbox_emit sequence=109 bytes=38 elapsed_us=1929 envelope=@J10000000001000000010944567|I421t600;
published_frame=217
editbox_receipt monotonic_ns=564233678243325 received=108 consumed=108 revision=44
published_frame=218
editbox_emit sequence=110 bytes=38 elapsed_us=3181 envelope=@J10000000001000000011035251|I421v600;
published_frame=219
published_frame=220
editbox_emit sequence=111 bytes=38 elapsed_us=2145 envelope=@J10000000001000000011112718|I421x600;
published_frame=221
published_frame=222
editbox_emit sequence=112 bytes=38 elapsed_us=1889 envelope=@J10000000001000000011255706|I421z600;
published_frame=223
editbox_receipt monotonic_ns=564233765889775 received=111 consumed=111 revision=45
published_frame=224
editbox_emit sequence=113 bytes=38 elapsed_us=2097 envelope=@J10000000001000000011333173|I421_600;
published_frame=225
published_frame=226
editbox_emit sequence=114 bytes=38 elapsed_us=2308 envelope=@J10000000001000000011402771|I421X700;
published_frame=227
published_frame=228
editbox_emit sequence=115 bytes=38 elapsed_us=2575 envelope=@J10000000001000000011545759|I421Z700;
published_frame=229
editbox_receipt monotonic_ns=564233875530894 received=114 consumed=114 revision=46
published_frame=230
editbox_emit sequence=116 bytes=38 elapsed_us=2217 envelope=@J10000000001000000011623226|I421b700;
published_frame=231
published_frame=232
editbox_emit sequence=117 bytes=38 elapsed_us=2098 envelope=@J10000000001000000011700693|I421d700;
published_frame=233
published_frame=234
editbox_emit sequence=118 bytes=38 elapsed_us=2492 envelope=@J10000000001000000011843681|I421f700;
published_frame=235
published_frame=236
editbox_emit sequence=119 bytes=38 elapsed_us=2453 envelope=@J10000000001000000011921148|I421h700;
editbox_receipt monotonic_ns=564233985748895 received=117 consumed=117 revision=47
published_frame=237
published_frame=238
editbox_emit sequence=120 bytes=38 elapsed_us=3261 envelope=@J10000000001000000012011832|I421j700;
published_frame=239
published_frame=240
editbox_emit sequence=121 bytes=38 elapsed_us=2481 envelope=@J10000000001000000012154820|I421l700;
published_frame=241
published_frame=242
editbox_emit sequence=122 bytes=38 elapsed_us=1940 envelope=@J10000000001000000012232287|I421n700;
published_frame=243
published_frame=244
editbox_emit sequence=123 bytes=38 elapsed_us=2281 envelope=@J10000000001000000012309754|I421p700;
published_frame=245
published_frame=246
editbox_emit sequence=124 bytes=38 elapsed_us=1924 envelope=@J10000000001000000012452742|I421r700;
editbox_receipt monotonic_ns=564234160301778 received=120 consumed=120 revision=48
published_frame=247
published_frame=248
editbox_emit sequence=125 bytes=38 elapsed_us=2612 envelope=@J10000000001000000012530209|I421t700;
published_frame=249
published_frame=250
editbox_emit sequence=126 bytes=38 elapsed_us=2084 envelope=@J10000000001000000012607676|I421v700;
editbox_receipt monotonic_ns=564234216931189 received=124 consumed=124 revision=49
published_frame=251
published_frame=252
editbox_emit sequence=127 bytes=38 elapsed_us=1958 envelope=@J10000000001000000012750664|I421x700;
published_frame=253
published_frame=254
editbox_emit sequence=128 bytes=38 elapsed_us=2575 envelope=@J10000000001000000012828131|I421z700;
editbox_receipt monotonic_ns=564234296165180 received=126 consumed=126 revision=50
published_frame=255
published_frame=256
editbox_emit sequence=129 bytes=38 elapsed_us=2368 envelope=@J10000000001000000012905598|I421_700;
published_frame=257
published_frame=258
editbox_emit sequence=130 bytes=38 elapsed_us=2189 envelope=@J10000000001000000013053934|I421X800;
published_frame=259
published_frame=260
editbox_emit sequence=131 bytes=38 elapsed_us=2734 envelope=@J10000000001000000013131401|I421Z800;
editbox_receipt monotonic_ns=564234385114643 received=129 consumed=129 revision=51
published_frame=261
published_frame=262
editbox_emit sequence=132 bytes=38 elapsed_us=2270 envelope=@J10000000001000000013208868|I421b800;
published_frame=263
published_frame=264
editbox_emit sequence=133 bytes=38 elapsed_us=2214 envelope=@J10000000001000000013351856|I421d800;
published_frame=265
published_frame=266
editbox_emit sequence=134 bytes=38 elapsed_us=2661 envelope=@J10000000001000000013429323|I421f800;
editbox_receipt monotonic_ns=564234491686108 received=132 consumed=132 revision=52
published_frame=267
published_frame=268
editbox_emit sequence=135 bytes=38 elapsed_us=2457 envelope=@J10000000001000000013506790|I421h800;
published_frame=269
published_frame=270
editbox_emit sequence=136 bytes=38 elapsed_us=2039 envelope=@J10000000001000000013649778|I421j800;
published_frame=271
published_frame=272
editbox_emit sequence=137 bytes=38 elapsed_us=2235 envelope=@J10000000001000000013727245|I421l800;
editbox_receipt monotonic_ns=564234595749853 received=135 consumed=135 revision=53
published_frame=273
published_frame=274
editbox_emit sequence=138 bytes=38 elapsed_us=3070 envelope=@J10000000001000000013804712|I421n800;
published_frame=275
published_frame=276
editbox_emit sequence=139 bytes=38 elapsed_us=1934 envelope=@J10000000001000000013947700|I421p800;
published_frame=277
editbox_receipt monotonic_ns=564234672953649 received=138 consumed=138 revision=54
published_frame=278
editbox_emit sequence=140 bytes=38 elapsed_us=2168 envelope=@J10000000001000000014038384|I421r800;
published_frame=279
published_frame=280
editbox_emit sequence=141 bytes=38 elapsed_us=2587 envelope=@J10000000001000000014115851|I421t800;
published_frame=281
published_frame=282
editbox_emit sequence=142 bytes=38 elapsed_us=2332 envelope=@J10000000001000000014258839|I421v800;
published_frame=283
editbox_receipt monotonic_ns=564234771881326 received=141 consumed=141 revision=55
published_frame=284
editbox_emit sequence=143 bytes=38 elapsed_us=1944 envelope=@J10000000001000000014336306|I421x800;
published_frame=285
published_frame=286
editbox_emit sequence=144 bytes=38 elapsed_us=1906 envelope=@J10000000001000000014413773|I421z800;
published_frame=287
published_frame=288
editbox_emit sequence=145 bytes=38 elapsed_us=1978 envelope=@J10000000001000000014556761|I421_800;
published_frame=289
editbox_receipt monotonic_ns=564234871892333 received=144 consumed=144 revision=56
published_frame=290
editbox_emit sequence=146 bytes=38 elapsed_us=2060 envelope=@J10000000001000000014626359|I421X900;
published_frame=291
published_frame=292
editbox_emit sequence=147 bytes=38 elapsed_us=2206 envelope=@J10000000001000000014703826|I421Z900;
published_frame=293
published_frame=294
editbox_emit sequence=148 bytes=38 elapsed_us=2162 envelope=@J10000000001000000014846814|I421b900;
published_frame=295
editbox_receipt monotonic_ns=564234971894845 received=147 consumed=147 revision=57
published_frame=296
editbox_emit sequence=149 bytes=38 elapsed_us=1837 envelope=@J10000000001000000014924281|I421d900;
published_frame=297
published_frame=298
editbox_emit sequence=150 bytes=38 elapsed_us=1965 envelope=@J10000000001000000015014965|I421f900;
published_frame=299
published_frame=300
editbox_emit sequence=151 bytes=38 elapsed_us=2017 envelope=@J10000000001000000015157953|I421h900;
published_frame=301
published_frame=302
editbox_emit sequence=152 bytes=38 elapsed_us=2035 envelope=@J10000000001000000015235420|I421j900;
published_frame=303
published_frame=304
editbox_emit sequence=153 bytes=38 elapsed_us=2174 envelope=@J10000000001000000015312887|I421l900;
published_frame=305
published_frame=306
editbox_emit sequence=154 bytes=38 elapsed_us=2008 envelope=@J10000000001000000015455875|I421n900;
editbox_receipt monotonic_ns=564235152135340 received=150 consumed=150 revision=58
published_frame=307
published_frame=308
editbox_emit sequence=155 bytes=38 elapsed_us=2199 envelope=@J10000000001000000015533342|I421p900;
published_frame=309
published_frame=310
editbox_emit sequence=156 bytes=38 elapsed_us=2157 envelope=@J10000000001000000015610809|I421r900;
editbox_receipt monotonic_ns=564235217533537 received=153 consumed=153 revision=59
published_frame=311
published_frame=312
editbox_emit sequence=157 bytes=38 elapsed_us=2154 envelope=@J10000000001000000015753797|I421t900;
published_frame=313
editbox_receipt monotonic_ns=564235271966840 received=156 consumed=156 revision=60
published_frame=314
editbox_emit sequence=158 bytes=38 elapsed_us=2031 envelope=@J10000000001000000015831264|I421v900;
published_frame=315
published_frame=316
editbox_emit sequence=159 bytes=38 elapsed_us=2228 envelope=@J10000000001000000015908731|I421x900;
published_frame=317
published_frame=318
editbox_emit sequence=160 bytes=38 elapsed_us=1990 envelope=@J10000000001000000016064936|I421z900;
published_frame=319
editbox_receipt monotonic_ns=564235371715055 received=159 consumed=159 revision=61
published_frame=320
editbox_emit sequence=161 bytes=38 elapsed_us=2022 envelope=@J10000000001000000016142403|I421_900;
published_frame=321
published_frame=322
editbox_emit sequence=162 bytes=38 elapsed_us=2175 envelope=@J10000000001000000016212001|I421XA00;
published_frame=323
published_frame=324
editbox_emit sequence=163 bytes=38 elapsed_us=2150 envelope=@J10000000001000000016354989|I421ZA00;
published_frame=325
published_frame=326
editbox_emit sequence=164 bytes=38 elapsed_us=2202 envelope=@J10000000001000000016432456|I421bA00;
editbox_receipt monotonic_ns=564235483855058 received=162 consumed=162 revision=62
published_frame=327
published_frame=328
editbox_emit sequence=165 bytes=38 elapsed_us=1982 envelope=@J10000000001000000016509923|I421dA00;
published_frame=329
published_frame=330
editbox_emit sequence=166 bytes=38 elapsed_us=2021 envelope=@J10000000001000000016652911|I421fA00;
published_frame=331
editbox_receipt monotonic_ns=564235579387942 received=165 consumed=165 revision=63
published_frame=332
editbox_emit sequence=167 bytes=38 elapsed_us=2305 envelope=@J10000000001000000016730378|I421hA00;
published_frame=333
published_frame=334
editbox_emit sequence=168 bytes=38 elapsed_us=2214 envelope=@J10000000001000000016807845|I421jA00;
published_frame=335
published_frame=336
editbox_emit sequence=169 bytes=38 elapsed_us=2225 envelope=@J10000000001000000016950833|I421lA00;
published_frame=337
editbox_receipt monotonic_ns=564235676874818 received=168 consumed=168 revision=64
published_frame=338
editbox_emit sequence=170 bytes=38 elapsed_us=2489 envelope=@J10000000001000000017041517|I421nA00;
published_frame=339
published_frame=340
editbox_emit sequence=171 bytes=38 elapsed_us=2270 envelope=@J10000000001000000017118984|I421pA00;
published_frame=341
published_frame=342
editbox_emit sequence=172 bytes=38 elapsed_us=2408 envelope=@J10000000001000000017261972|I421rA00;
published_frame=343
editbox_receipt monotonic_ns=564235775049363 received=171 consumed=171 revision=65
published_frame=344
editbox_emit sequence=173 bytes=38 elapsed_us=2169 envelope=@J10000000001000000017339439|I421tA00;
published_frame=345
published_frame=346
editbox_emit sequence=174 bytes=38 elapsed_us=1941 envelope=@J10000000001000000017416906|I421vA00;
published_frame=347
published_frame=348
editbox_emit sequence=175 bytes=38 elapsed_us=2395 envelope=@J10000000001000000017559894|I421xA00;
published_frame=349
editbox_receipt monotonic_ns=564235873664454 received=174 consumed=174 revision=66
published_frame=350
editbox_emit sequence=176 bytes=38 elapsed_us=2198 envelope=@J10000000001000000017637361|I421zA00;
published_frame=351
published_frame=352
editbox_emit sequence=177 bytes=38 elapsed_us=3749 envelope=@J10000000001000000017714828|I421_A00;
published_frame=353
published_frame=354
editbox_emit sequence=178 bytes=38 elapsed_us=2156 envelope=@J10000000001000000017849947|I421XB00;
published_frame=355
published_frame=356
editbox_emit sequence=179 bytes=38 elapsed_us=2405 envelope=@J10000000001000000017927414|I421ZB00;
editbox_receipt monotonic_ns=564235984339181 received=177 consumed=177 revision=67
published_frame=357
published_frame=358
editbox_emit sequence=180 bytes=38 elapsed_us=2214 envelope=@J10000000001000000018018098|I421bB00;
published_frame=359
published_frame=360
editbox_emit sequence=181 bytes=38 elapsed_us=1965 envelope=@J10000000001000000018161086|I421dB00;
published_frame=361
published_frame=362
editbox_emit sequence=182 bytes=38 elapsed_us=2135 envelope=@J10000000001000000018238553|I421fB00;
published_frame=363
published_frame=364
editbox_emit sequence=183 bytes=38 elapsed_us=2086 envelope=@J10000000001000000018316020|I421hB00;
published_frame=365
published_frame=366
editbox_emit sequence=184 bytes=38 elapsed_us=2583 envelope=@J10000000001000000018459008|I421jB00;
editbox_receipt monotonic_ns=564236151190989 received=180 consumed=180 revision=68
published_frame=367
published_frame=368
editbox_emit sequence=185 bytes=38 elapsed_us=1959 envelope=@J10000000001000000018536475|I421lB00;
published_frame=369
editbox_receipt monotonic_ns=564236204067575 received=183 consumed=183 revision=69
published_frame=370
editbox_emit sequence=186 bytes=38 elapsed_us=2951 envelope=@J10000000001000000018613942|I421nB00;
published_frame=371
published_frame=372
editbox_emit sequence=187 bytes=38 elapsed_us=2577 envelope=@J10000000001000000018756930|I421pB00;
published_frame=373
published_frame=374
editbox_emit sequence=188 bytes=38 elapsed_us=2780 envelope=@J10000000001000000018834397|I421rB00;
editbox_receipt monotonic_ns=564236284677275 received=186 consumed=186 revision=70
published_frame=375
published_frame=376
editbox_emit sequence=189 bytes=38 elapsed_us=2854 envelope=@J10000000001000000018911864|I421tB00;
published_frame=377
published_frame=378
editbox_emit sequence=190 bytes=38 elapsed_us=2545 envelope=@J10000000001000000019002548|I421vB00;
published_frame=379
editbox_receipt monotonic_ns=564236371991012 received=189 consumed=189 revision=71
published_frame=380
editbox_emit sequence=191 bytes=38 elapsed_us=2444 envelope=@J10000000001000000019145536|I421xB00;
published_frame=381
published_frame=382
editbox_emit sequence=192 bytes=38 elapsed_us=2102 envelope=@J10000000001000000019223003|I421zB00;
published_frame=383
published_frame=384
editbox_emit sequence=193 bytes=38 elapsed_us=2307 envelope=@J10000000001000000019300470|I421_B00;
published_frame=385
editbox_receipt monotonic_ns=564236471724730 received=192 consumed=192 revision=72
published_frame=386
editbox_emit sequence=194 bytes=38 elapsed_us=2080 envelope=@J10000000001000000019435589|I421XC00;
published_frame=387
published_frame=388
editbox_emit sequence=195 bytes=38 elapsed_us=2621 envelope=@J10000000001000000019513056|I421ZC00;
published_frame=389
published_frame=390
editbox_emit sequence=196 bytes=38 elapsed_us=2021 envelope=@J10000000001000000019656044|I421bC00;
published_frame=391
editbox_receipt monotonic_ns=564236571430185 received=195 consumed=195 revision=73
published_frame=392
editbox_emit sequence=197 bytes=38 elapsed_us=2092 envelope=@J10000000001000000019733511|I421dC00;
published_frame=393
published_frame=394
editbox_emit sequence=198 bytes=38 elapsed_us=2101 envelope=@J10000000001000000019810978|I421fC00;
published_frame=395
published_frame=396
editbox_emit sequence=199 bytes=38 elapsed_us=2027 envelope=@J10000000001000000019953966|I421hC00;
published_frame=397
editbox_receipt monotonic_ns=564236672244237 received=198 consumed=198 revision=74
published_frame=398
editbox_emit sequence=200 bytes=38 elapsed_us=2029 envelope=@J10000000001000000020020546|I421jC00;
published_frame=399
published_frame=400
editbox_emit sequence=201 bytes=38 elapsed_us=1976 envelope=@J10000000001000000020163534|I421lC00;
published_frame=401
published_frame=402
editbox_emit sequence=202 bytes=38 elapsed_us=2209 envelope=@J10000000001000000020241001|I421nC00;
editbox_receipt monotonic_ns=564236762441870 received=201 consumed=201 revision=75
published_frame=403
published_frame=404
editbox_emit sequence=203 bytes=38 elapsed_us=2509 envelope=@J10000000001000000020318468|I421pC00;
published_frame=405
published_frame=406
editbox_emit sequence=204 bytes=38 elapsed_us=2141 envelope=@J10000000001000000020461456|I421rC00;
published_frame=407
published_frame=408
editbox_emit sequence=205 bytes=38 elapsed_us=2214 envelope=@J10000000001000000020538923|I421tC00;
published_frame=409
editbox_receipt monotonic_ns=564236871671317 received=204 consumed=204 revision=76
published_frame=410
editbox_emit sequence=206 bytes=38 elapsed_us=2043 envelope=@J10000000001000000020616390|I421vC00;
published_frame=411
published_frame=412
editbox_emit sequence=207 bytes=38 elapsed_us=2167 envelope=@J10000000001000000020759378|I421xC00;
published_frame=413
published_frame=414
editbox_emit sequence=208 bytes=38 elapsed_us=2058 envelope=@J10000000001000000020836845|I421zC00;
published_frame=415
published_frame=416
editbox_emit sequence=209 bytes=38 elapsed_us=2286 envelope=@J10000000001000000020914312|I421_C00;
editbox_receipt monotonic_ns=564236983885800 received=207 consumed=207 revision=77
published_frame=417
published_frame=418
editbox_emit sequence=210 bytes=38 elapsed_us=2120 envelope=@J10000000001000000021062648|I421XD00;
published_frame=419
published_frame=420
editbox_emit sequence=211 bytes=38 elapsed_us=2115 envelope=@J10000000001000000021140115|I421ZD00;
published_frame=421
published_frame=422
editbox_emit sequence=212 bytes=38 elapsed_us=2146 envelope=@J10000000001000000021217582|I421bD00;
published_frame=423
published_frame=424
editbox_emit sequence=213 bytes=38 elapsed_us=1996 envelope=@J10000000001000000021360570|I421dD00;
published_frame=425
published_frame=426
editbox_emit sequence=214 bytes=38 elapsed_us=2172 envelope=@J10000000001000000021438037|I421fD00;
editbox_receipt monotonic_ns=564237150410746 received=210 consumed=210 revision=78
published_frame=427
published_frame=428
editbox_emit sequence=215 bytes=38 elapsed_us=2159 envelope=@J10000000001000000021515504|I421hD00;
published_frame=429
published_frame=430
editbox_emit sequence=216 bytes=38 elapsed_us=2080 envelope=@J10000000001000000021658492|I421jD00;
editbox_receipt monotonic_ns=564237217155867 received=213 consumed=213 revision=79
published_frame=431
published_frame=432
editbox_emit sequence=217 bytes=38 elapsed_us=2286 envelope=@J10000000001000000021735959|I421lD00;
published_frame=433
published_frame=434
editbox_receipt monotonic_ns=564237280373777 received=216 consumed=216 revision=80
editbox_emit sequence=218 bytes=38 elapsed_us=2127 envelope=@J10000000001000000021813426|I421nD00;
published_frame=435
published_frame=436
editbox_emit sequence=219 bytes=38 elapsed_us=2010 envelope=@J10000000001000000021956414|I421pD00;
published_frame=437
published_frame=438
editbox_emit sequence=220 bytes=38 elapsed_us=2024 envelope=@J10000000001000000022047098|I421rD00;
published_frame=439
published_frame=440
editbox_receipt monotonic_ns=564237380611370 received=219 consumed=219 revision=81
editbox_emit sequence=221 bytes=38 elapsed_us=2201 envelope=@J10000000001000000022124565|I421tD00;
published_frame=441
published_frame=442
editbox_emit sequence=222 bytes=38 elapsed_us=2162 envelope=@J10000000001000000022202032|I421vD00;
published_frame=443
published_frame=444
editbox_emit sequence=223 bytes=38 elapsed_us=2622 envelope=@J10000000001000000022345020|I421xD00;
published_frame=445
editbox_receipt monotonic_ns=564237473735598 received=222 consumed=222 revision=82
published_frame=446
editbox_emit sequence=224 bytes=38 elapsed_us=2234 envelope=@J10000000001000000022422487|I421zD00;
published_frame=447
published_frame=448
editbox_emit sequence=225 bytes=38 elapsed_us=2491 envelope=@J10000000001000000022565475|I421_D00;
published_frame=449
published_frame=450
editbox_emit sequence=226 bytes=38 elapsed_us=2268 envelope=@J10000000001000000022635073|I421XE00;
published_frame=451
editbox_receipt monotonic_ns=564237572101692 received=225 consumed=225 revision=83
published_frame=452
editbox_emit sequence=227 bytes=38 elapsed_us=2107 envelope=@J10000000001000000022712540|I421ZE00;
published_frame=453
published_frame=454
editbox_emit sequence=228 bytes=38 elapsed_us=2257 envelope=@J10000000001000000022855528|I421bE00;
published_frame=455
published_frame=456
editbox_emit sequence=229 bytes=38 elapsed_us=2099 envelope=@J10000000001000000022932995|I421dE00;
published_frame=457
editbox_receipt monotonic_ns=564237673119447 received=228 consumed=228 revision=84
published_frame=458
editbox_emit sequence=230 bytes=38 elapsed_us=2073 envelope=@J10000000001000000023023679|I421fE00;
published_frame=459
published_frame=460
editbox_emit sequence=231 bytes=38 elapsed_us=2425 envelope=@J10000000001000000023101146|I421hE00;
published_frame=461
published_frame=462
editbox_emit sequence=232 bytes=38 elapsed_us=2116 envelope=@J10000000001000000023244134|I421jE00;
published_frame=463
editbox_receipt monotonic_ns=564237773424195 received=231 consumed=231 revision=85
published_frame=464
editbox_emit sequence=233 bytes=38 elapsed_us=2012 envelope=@J10000000001000000023321601|I421lE00;
published_frame=465
published_frame=466
editbox_emit sequence=234 bytes=38 elapsed_us=2048 envelope=@J10000000001000000023464589|I421nE00;
published_frame=467
published_frame=468
editbox_emit sequence=235 bytes=38 elapsed_us=2106 envelope=@J10000000001000000023542056|I421pE00;
published_frame=469
editbox_receipt monotonic_ns=564237871671417 received=234 consumed=234 revision=86
published_frame=470
editbox_emit sequence=236 bytes=38 elapsed_us=2184 envelope=@J10000000001000000023619523|I421rE00;
published_frame=471
published_frame=472
editbox_emit sequence=237 bytes=38 elapsed_us=2477 envelope=@J10000000001000000023762511|I421tE00;
published_frame=473
published_frame=474
editbox_emit sequence=238 bytes=38 elapsed_us=2058 envelope=@J10000000001000000023839978|I421vE00;
published_frame=475
editbox_receipt monotonic_ns=564237971368576 received=237 consumed=237 revision=87
published_frame=476
editbox_emit sequence=239 bytes=38 elapsed_us=2007 envelope=@J10000000001000000023917445|I421xE00;
published_frame=477
published_frame=478
editbox_emit sequence=240 bytes=38 elapsed_us=1981 envelope=@J10000000001000000024008129|I421zE00;
published_frame=479
published_frame=480
editbox_emit sequence=241 bytes=38 elapsed_us=2357 envelope=@J10000000001000000024151117|I421_E00;
published_frame=481
event mono_ns=564238072410000 frame=482 held=256 pressed=256 released=0
published_frame=482
editbox_emit sequence=242 bytes=50 elapsed_us=2822 envelope=@J10000000001000000024221746|I421XF0B040040000Fy0;
published_frame=483
published_frame=484
editbox_emit sequence=243 bytes=50 elapsed_us=2846 envelope=@J10000000001000000024328034|I421ZF9040Fy09040Fy0;
published_frame=485
published_frame=486
editbox_emit sequence=244 bytes=50 elapsed_us=3019 envelope=@J10000000001000000024457809|I421bF9040Fy09040Fy0;
published_frame=487
editbox_receipt monotonic_ns=564238174852410 received=240 consumed=240 revision=88
published_frame=488
editbox_emit sequence=245 bytes=50 elapsed_us=2709 envelope=@J10000000001000000024522063|I421dF9040Fy09040Fy0;
published_frame=489
published_frame=490
editbox_emit sequence=246 bytes=50 elapsed_us=3308 envelope=@J10000000001000000024651838|I421fF9040Fy09040Fy0;
editbox_receipt monotonic_ns=564238218292177 received=244 consumed=244 revision=89
published_frame=491
published_frame=492
editbox_emit sequence=247 bytes=50 elapsed_us=3438 envelope=@J10000000001000000024716092|I421hF9040Fy09040Fy0;
published_frame=493
published_frame=494
editbox_emit sequence=248 bytes=50 elapsed_us=3313 envelope=@J10000000001000000024845867|I421jF9040Fy09040Fy0;
published_frame=495
published_frame=496
editbox_emit sequence=249 bytes=50 elapsed_us=2957 envelope=@J10000000001000000024910121|I421lF9040Fy09040Fy0;
editbox_receipt monotonic_ns=564238317628139 received=246 consumed=246 revision=90
published_frame=497
published_frame=498
editbox_emit sequence=250 bytes=50 elapsed_us=2681 envelope=@J10000000001000000025029750|I421nF9040Fy09040Fy0;
published_frame=499
published_frame=500
editbox_emit sequence=251 bytes=50 elapsed_us=2733 envelope=@J10000000001000000025159525|I421pF9040Fy09040Fy0;
published_frame=501
editbox_receipt monotonic_ns=564238405008410 received=250 consumed=250 revision=91
published_frame=502
editbox_emit sequence=252 bytes=50 elapsed_us=3407 envelope=@J10000000001000000025223779|I421rF9040Fy09040Fy0;
event mono_ns=564238422819000 frame=503 held=768 pressed=512 released=0
published_frame=503
published_frame=504
editbox_emit sequence=253 bytes=56 elapsed_us=3378 envelope=@J10000000001000000025342520|I421tFB0C0080000F__90C0F__;
published_frame=505
published_frame=506
editbox_emit sequence=254 bytes=50 elapsed_us=2967 envelope=@J10000000001000000025406895|I421vF90C0F__90C0F__;
published_frame=507
editbox_receipt monotonic_ns=564238496606829 received=252 consumed=252 revision=92
published_frame=508
editbox_emit sequence=255 bytes=50 elapsed_us=3032 envelope=@J10000000001000000025536670|I421xF90C0F__90C0F__;
published_frame=509
published_frame=510
editbox_emit sequence=256 bytes=50 elapsed_us=3302 envelope=@J10000000001000000025600924|I421zF90C0F__90C0F__;
published_frame=511
published_frame=512
editbox_emit sequence=257 bytes=50 elapsed_us=3123 envelope=@J10000000001000000025730699|I421_F90C0F__90C0F__;
editbox_receipt monotonic_ns=564238585436718 received=255 consumed=255 revision=93
published_frame=513
published_frame=514
editbox_emit sequence=258 bytes=50 elapsed_us=3924 envelope=@J10000000001000000025816168|I421XG90C0F__90C0F__;
published_frame=515
published_frame=516
editbox_emit sequence=259 bytes=50 elapsed_us=3192 envelope=@J10000000001000000025945943|I421ZG90C0F__90C0F__;
published_frame=517
published_frame=518
editbox_emit sequence=260 bytes=50 elapsed_us=3660 envelope=@J10000000001000000026000051|I421bG90C0F__90C0F__;
editbox_receipt monotonic_ns=564238685254683 received=258 consumed=258 revision=94
published_frame=519
published_frame=520
editbox_emit sequence=261 bytes=50 elapsed_us=3965 envelope=@J10000000001000000026129826|I421dG90C0F__90C0F__;
published_frame=521
published_frame=522
editbox_emit sequence=262 bytes=50 elapsed_us=3190 envelope=@J10000000001000000026259601|I421fG90C0F__90C0F__;
published_frame=523
event mono_ns=564238773026000 frame=524 held=512 pressed=0 released=256
editbox_receipt monotonic_ns=564238777645828 received=261 consumed=261 revision=95
published_frame=524
editbox_emit sequence=263 bytes=56 elapsed_us=3053 envelope=@J10000000001000000026307718|I421hG90C0F__B08000004003_;
published_frame=525
published_frame=526
editbox_emit sequence=264 bytes=50 elapsed_us=2750 envelope=@J10000000001000000026456470|I421jG908003_908003_;
published_frame=527
published_frame=528
editbox_emit sequence=265 bytes=50 elapsed_us=2675 envelope=@J10000000001000000026520724|I421lG908003_908003_;
published_frame=529
published_frame=530
editbox_emit sequence=266 bytes=50 elapsed_us=2606 envelope=@J10000000001000000026650499|I421nG908003_908003_;
editbox_receipt monotonic_ns=564238885120155 received=264 consumed=264 revision=96
published_frame=531
published_frame=532
editbox_emit sequence=267 bytes=50 elapsed_us=2586 envelope=@J10000000001000000026714753|I421pG908003_908003_;
published_frame=533
published_frame=534
editbox_emit sequence=268 bytes=50 elapsed_us=2885 envelope=@J10000000001000000026844528|I421rG908003_908003_;
published_frame=535
published_frame=536
editbox_emit sequence=269 bytes=50 elapsed_us=2600 envelope=@J10000000001000000026908782|I421tG908003_908003_;
editbox_receipt monotonic_ns=564238993392067 received=267 consumed=267 revision=97
published_frame=537
published_frame=538
editbox_emit sequence=270 bytes=50 elapsed_us=2650 envelope=@J10000000001000000027028411|I421vG908003_908003_;
published_frame=539
published_frame=540
editbox_emit sequence=271 bytes=50 elapsed_us=2968 envelope=@J10000000001000000027158186|I421xG908003_908003_;
published_frame=541
published_frame=542
editbox_emit sequence=272 bytes=50 elapsed_us=2629 envelope=@J10000000001000000027222440|I421zG908003_908003_;
published_frame=543
published_frame=544
editbox_emit sequence=273 bytes=50 elapsed_us=2680 envelope=@J10000000001000000027352215|I421_G908003_908003_;
event mono_ns=564239123346000 frame=545 held=0 pressed=0 released=512
published_frame=545
published_frame=546
editbox_emit sequence=274 bytes=44 elapsed_us=2927 envelope=@J10000000001000000027411579|I421XH20000800;
published_frame=547
editbox_receipt monotonic_ns=564239174434696 received=270 consumed=270 revision=98
published_frame=548
editbox_emit sequence=275 bytes=38 elapsed_us=2628 envelope=@J10000000001000000027521770|I421ZH00;
published_frame=549
published_frame=550
editbox_emit sequence=276 bytes=38 elapsed_us=2085 envelope=@J10000000001000000027664758|I421bH00;
editbox_receipt monotonic_ns=564239227397784 received=274 consumed=274 revision=99
published_frame=551
published_frame=552
editbox_emit sequence=277 bytes=38 elapsed_us=2241 envelope=@J10000000001000000027742225|I421dH00;
published_frame=553
published_frame=554
editbox_emit sequence=278 bytes=38 elapsed_us=1898 envelope=@J10000000001000000027819692|I421fH00;
published_frame=555
editbox_receipt monotonic_ns=564239305159666 received=276 consumed=276 revision=100
published_frame=556
editbox_emit sequence=279 bytes=38 elapsed_us=2017 envelope=@J10000000001000000027962680|I421hH00;
published_frame=557
published_frame=558
editbox_emit sequence=280 bytes=38 elapsed_us=2132 envelope=@J10000000001000000028053364|I421jH00;
published_frame=559
published_frame=560
editbox_emit sequence=281 bytes=38 elapsed_us=2397 envelope=@J10000000001000000028130831|I421lH00;
published_frame=561
editbox_receipt monotonic_ns=564239406244076 received=279 consumed=279 revision=101
published_frame=562
editbox_emit sequence=282 bytes=38 elapsed_us=2131 envelope=@J10000000001000000028208298|I421nH00;
published_frame=563
published_frame=564
editbox_emit sequence=283 bytes=38 elapsed_us=2551 envelope=@J10000000001000000028351286|I421pH00;
published_frame=565
published_frame=566
editbox_emit sequence=284 bytes=38 elapsed_us=2256 envelope=@J10000000001000000028428753|I421rH00;
editbox_receipt monotonic_ns=564239484491478 received=283 consumed=283 revision=102
published_frame=567
published_frame=568
editbox_emit sequence=285 bytes=38 elapsed_us=2676 envelope=@J10000000001000000028506220|I421tH00;
published_frame=569
published_frame=570
editbox_emit sequence=286 bytes=38 elapsed_us=2426 envelope=@J10000000001000000028649208|I421vH00;
published_frame=571
published_frame=572
editbox_emit sequence=287 bytes=38 elapsed_us=2044 envelope=@J10000000001000000028726675|I421xH00;
editbox_receipt monotonic_ns=564239585865581 received=286 consumed=286 revision=103
published_frame=573
published_frame=574
editbox_emit sequence=288 bytes=38 elapsed_us=2667 envelope=@J10000000001000000028804142|I421zH00;
published_frame=575
published_frame=576
editbox_emit sequence=289 bytes=38 elapsed_us=2069 envelope=@J10000000001000000028947130|I421_H00;
published_frame=577
control sequence=1 state=PREPARE frame=578 epoch_ns=564239666892794
editbox_emit sequence=290 bytes=37 elapsed_us=1998 envelope=@J10000000001000000029036059|I411XI0;
input_armed=true gameplay_armed=false mono_ns=564239670541673
editbox_emit sequence=291 bytes=48 elapsed_us=2986 envelope=@J10000000001000000029143052|ACK1|1|PREPARE|578;
editbox_receipt monotonic_ns=564239740324619 received=291 consumed=290 revision=104
editbox_receipt monotonic_ns=564239782738553 received=291 consumed=291 revision=105
control sequence=2 state=PAUSE_COMMIT target=578 frontier=578 epoch_ns=564239880924199
input_armed=true gameplay_armed=true mono_ns=564239881038433
control sequence=2 state=PAUSE frame=578 epoch_ns=564239880924199
editbox_emit sequence=292 bytes=46 elapsed_us=3115 envelope=@J10000000001000000029215058|ACK1|2|PAUSE|578;
input_armed=true gameplay_armed=false mono_ns=564239885765374
editbox_receipt monotonic_ns=564239910497223 received=292 consumed=292 revision=106
editbox_receipt monotonic_ns=564239967489743 received=292 consumed=292 revision=107
editbox_receipt monotonic_ns=564240125978947 received=292 consumed=292 revision=108
editbox_receipt monotonic_ns=564240168269759 received=292 consumed=292 revision=109
editbox_receipt monotonic_ns=564240266313139 received=292 consumed=292 revision=110
editbox_receipt monotonic_ns=564240354157991 received=292 consumed=292 revision=111
editbox_receipt monotonic_ns=564240463144022 received=292 consumed=292 revision=112
editbox_receipt monotonic_ns=564240561820027 received=292 consumed=292 revision=113
editbox_receipt monotonic_ns=564240660217520 received=292 consumed=292 revision=114
editbox_receipt monotonic_ns=564240760662612 received=292 consumed=292 revision=115
editbox_receipt monotonic_ns=564240869729183 received=292 consumed=292 revision=116
editbox_receipt monotonic_ns=564240967177397 received=292 consumed=292 revision=117
editbox_receipt monotonic_ns=564241173605099 received=292 consumed=292 revision=118
editbox_receipt monotonic_ns=564241184506063 received=292 consumed=292 revision=119
editbox_receipt monotonic_ns=564241272552022 received=292 consumed=292 revision=120
editbox_receipt monotonic_ns=564241358743566 received=292 consumed=292 revision=121
editbox_receipt monotonic_ns=564241521703549 received=292 consumed=292 revision=122
editbox_receipt monotonic_ns=564241565072954 received=292 consumed=292 revision=123
editbox_receipt monotonic_ns=564241739585382 received=292 consumed=292 revision=124
editbox_receipt monotonic_ns=564241761077428 received=292 consumed=292 revision=125
editbox_receipt monotonic_ns=564241858806128 received=292 consumed=292 revision=126
editbox_receipt monotonic_ns=564241980966964 received=292 consumed=292 revision=127
editbox_receipt monotonic_ns=564242108896464 received=292 consumed=292 revision=128
editbox_receipt monotonic_ns=564242199662613 received=292 consumed=292 revision=129
editbox_receipt monotonic_ns=564242255248727 received=292 consumed=292 revision=130
editbox_receipt monotonic_ns=564242419351593 received=292 consumed=292 revision=131
editbox_receipt monotonic_ns=564242441835989 received=292 consumed=292 revision=132
editbox_receipt monotonic_ns=564242650062864 received=292 consumed=292 revision=133
editbox_receipt monotonic_ns=564242670761763 received=292 consumed=292 revision=134
editbox_receipt monotonic_ns=564242757255303 received=292 consumed=292 revision=135
editbox_receipt monotonic_ns=564242898016415 received=292 consumed=292 revision=136
editbox_receipt monotonic_ns=564242964275526 received=292 consumed=292 revision=137
editbox_receipt monotonic_ns=564243187170676 received=292 consumed=292 revision=139
editbox_receipt monotonic_ns=564243322069459 received=292 consumed=292 revision=140
editbox_receipt monotonic_ns=564243344530031 received=292 consumed=292 revision=141
editbox_receipt monotonic_ns=564243570924971 received=292 consumed=292 revision=142
editbox_receipt monotonic_ns=564243582335400 received=292 consumed=292 revision=143
editbox_receipt monotonic_ns=564243664993670 received=292 consumed=292 revision=144
editbox_receipt monotonic_ns=564243795860596 received=292 consumed=292 revision=145
editbox_receipt monotonic_ns=564243861116476 received=292 consumed=292 revision=146
editbox_receipt monotonic_ns=564244032328438 received=292 consumed=292 revision=147
editbox_receipt monotonic_ns=564244132123190 received=292 consumed=292 revision=148
editbox_receipt monotonic_ns=564244154155248 received=292 consumed=292 revision=149
editbox_receipt monotonic_ns=564244262660418 received=292 consumed=292 revision=150
editbox_receipt monotonic_ns=564244359244221 received=292 consumed=292 revision=151
editbox_receipt monotonic_ns=564244468692529 received=292 consumed=292 revision=152
editbox_receipt monotonic_ns=564244558436281 received=292 consumed=292 revision=153
editbox_receipt monotonic_ns=564244666086658 received=292 consumed=292 revision=154
editbox_receipt monotonic_ns=564244755376589 received=292 consumed=292 revision=155
editbox_receipt monotonic_ns=564244866631934 received=292 consumed=292 revision=156
control sequence=3 state=RESUME frame=578 epoch_ns=564244920161920 read_ns=564244921391339 uncertainty_ns=1100511 timestamp_resolution_ns=1000000
input_armed=true gameplay_armed=true mono_ns=564244921358227
editbox_emit sequence=293 bytes=47 elapsed_us=3573 envelope=@J10000000001000000029364649|ACK1|3|RESUME|578;
published_frame=578
published_frame=579
editbox_emit sequence=294 bytes=38 elapsed_us=3985 envelope=@J10000000001000000029443067|I421YI00;
published_frame=580
editbox_receipt monotonic_ns=564244974347073 received=294 consumed=293 revision=157
published_frame=581
editbox_emit sequence=295 bytes=38 elapsed_us=2117 envelope=@J10000000001000000029520534|I421aI00;
published_frame=582
published_frame=583
editbox_emit sequence=296 bytes=38 elapsed_us=2057 envelope=@J10000000001000000029663522|I421cI00;
published_frame=584
published_frame=585
editbox_emit sequence=297 bytes=38 elapsed_us=2033 envelope=@J10000000001000000029740989|I421eI00;
published_frame=586
published_frame=587
editbox_emit sequence=298 bytes=38 elapsed_us=1970 envelope=@J10000000001000000029818456|I421gI00;
published_frame=588
published_frame=589
editbox_emit sequence=299 bytes=38 elapsed_us=2369 envelope=@J10000000001000000029961444|I421iI00;
published_frame=590
editbox_receipt monotonic_ns=564245143891989 received=299 consumed=293 revision=158
published_frame=591
editbox_emit sequence=300 bytes=38 elapsed_us=2450 envelope=@J10000000001000000030028024|I421kI00;
published_frame=592
published_frame=593
editbox_emit sequence=301 bytes=38 elapsed_us=2462 envelope=@J10000000001000000030105491|I421mI00;
editbox_receipt monotonic_ns=564245198308201 received=300 consumed=299 revision=159
published_frame=594
published_frame=595
editbox_emit sequence=302 bytes=38 elapsed_us=2337 envelope=@J10000000001000000030248479|I421oI00;
published_frame=596
published_frame=597
editbox_emit sequence=303 bytes=38 elapsed_us=2259 envelope=@J10000000001000000030325946|I421qI00;
published_frame=598
editbox_receipt monotonic_ns=564245274227219 received=302 consumed=302 revision=160
published_frame=599
editbox_emit sequence=304 bytes=38 elapsed_us=2031 envelope=@J10000000001000000030403413|I421sI00;
published_frame=600
published_frame=601
editbox_emit sequence=305 bytes=38 elapsed_us=2024 envelope=@J10000000001000000030546401|I421uI00;
published_frame=602
published_frame=603
editbox_emit sequence=306 bytes=38 elapsed_us=2419 envelope=@J10000000001000000030623868|I421wI00;
published_frame=604
published_frame=605
editbox_emit sequence=307 bytes=38 elapsed_us=3642 envelope=@J10000000001000000030701335|I421yI00;
editbox_receipt monotonic_ns=564245392767088 received=306 consumed=306 revision=161
published_frame=606
published_frame=607
editbox_emit sequence=308 bytes=38 elapsed_us=2272 envelope=@J10000000001000000030844323|I421-I00;
published_frame=608
published_frame=609
editbox_emit sequence=309 bytes=38 elapsed_us=2210 envelope=@J10000000001000000030913921|I421WJ00;
published_frame=610
published_frame=611
editbox_emit sequence=310 bytes=38 elapsed_us=3636 envelope=@J10000000001000000031004605|I421YJ00;
editbox_receipt monotonic_ns=564245493025319 received=309 consumed=309 revision=162
published_frame=612
published_frame=613
editbox_emit sequence=311 bytes=38 elapsed_us=2536 envelope=@J10000000001000000031147593|I421aJ00;
published_frame=614
published_frame=615
editbox_emit sequence=312 bytes=38 elapsed_us=2044 envelope=@J10000000001000000031225060|I421cJ00;
published_frame=616
editbox_receipt monotonic_ns=564245580052278 received=312 consumed=312 revision=163
published_frame=617
editbox_emit sequence=313 bytes=38 elapsed_us=2302 envelope=@J10000000001000000031302527|I421eJ00;
published_frame=618
published_frame=619
editbox_emit sequence=314 bytes=38 elapsed_us=2303 envelope=@J10000000001000000031445515|I421gJ00;
published_frame=620
published_frame=621
editbox_emit sequence=315 bytes=38 elapsed_us=2376 envelope=@J10000000001000000031522982|I421iJ00;
published_frame=622
editbox_receipt monotonic_ns=564245680113360 received=315 consumed=315 revision=164
published_frame=623
editbox_emit sequence=316 bytes=38 elapsed_us=2184 envelope=@J10000000001000000031600449|I421kJ00;
published_frame=624
published_frame=625
editbox_emit sequence=317 bytes=38 elapsed_us=3667 envelope=@J10000000001000000031743437|I421mJ00;
published_frame=626
published_frame=627
editbox_emit sequence=318 bytes=38 elapsed_us=2160 envelope=@J10000000001000000031820904|I421oJ00;
editbox_receipt monotonic_ns=564245768854813 received=317 consumed=317 revision=165
published_frame=628
published_frame=629
editbox_emit sequence=319 bytes=38 elapsed_us=2644 envelope=@J10000000001000000031963892|I421qJ00;
published_frame=630
published_frame=631
editbox_emit sequence=320 bytes=38 elapsed_us=2104 envelope=@J10000000001000000032054576|I421sJ00;
published_frame=632
published_frame=633
editbox_emit sequence=321 bytes=38 elapsed_us=2195 envelope=@J10000000001000000032132043|I421uJ00;
published_frame=634
published_frame=635
editbox_emit sequence=322 bytes=38 elapsed_us=2092 envelope=@J10000000001000000032209510|I421wJ00;
editbox_receipt monotonic_ns=564245892928395 received=321 consumed=321 revision=166
published_frame=636
published_frame=637
editbox_emit sequence=323 bytes=38 elapsed_us=2530 envelope=@J10000000001000000032352498|I421yJ00;
published_frame=638
published_frame=639
editbox_emit sequence=324 bytes=38 elapsed_us=2478 envelope=@J10000000001000000032429965|I421-J00;
published_frame=640
published_frame=641
editbox_emit sequence=325 bytes=38 elapsed_us=2200 envelope=@J10000000001000000032565084|I421WK00;
editbox_receipt monotonic_ns=564245990736142 received=324 consumed=324 revision=167
published_frame=642
published_frame=643
editbox_emit sequence=326 bytes=38 elapsed_us=2173 envelope=@J10000000001000000032642551|I421YK00;
published_frame=644
published_frame=645
editbox_emit sequence=327 bytes=38 elapsed_us=2266 envelope=@J10000000001000000032720018|I421aK00;
published_frame=646
published_frame=647
editbox_emit sequence=328 bytes=38 elapsed_us=2034 envelope=@J10000000001000000032863006|I421cK00;
published_frame=648
published_frame=649
editbox_emit sequence=329 bytes=38 elapsed_us=2513 envelope=@J10000000001000000032940473|I421eK00;
published_frame=650
published_frame=651
editbox_emit sequence=330 bytes=38 elapsed_us=2180 envelope=@J10000000001000000033031157|I421gK00;
editbox_receipt monotonic_ns=564246169348516 received=329 consumed=327 revision=168
published_frame=652
published_frame=653
editbox_emit sequence=331 bytes=38 elapsed_us=1970 envelope=@J10000000001000000033108624|I421iK00;
published_frame=654
published_frame=655
editbox_emit sequence=332 bytes=38 elapsed_us=2476 envelope=@J10000000001000000033251612|I421kK00;
editbox_receipt monotonic_ns=564246234996541 received=331 consumed=330 revision=169
published_frame=656
published_frame=657
editbox_emit sequence=333 bytes=38 elapsed_us=1989 envelope=@J10000000001000000033329079|I421mK00;
published_frame=658
published_frame=659
editbox_emit sequence=334 bytes=38 elapsed_us=1998 envelope=@J10000000001000000033406546|I421oK00;
editbox_receipt monotonic_ns=564246291016909 received=333 consumed=333 revision=170
published_frame=660
published_frame=661
editbox_emit sequence=335 bytes=38 elapsed_us=2253 envelope=@J10000000001000000033549534|I421qK00;
published_frame=662
published_frame=663
editbox_emit sequence=336 bytes=38 elapsed_us=2454 envelope=@J10000000001000000033627001|I421sK00;
published_frame=664
published_frame=665
editbox_emit sequence=337 bytes=38 elapsed_us=2695 envelope=@J10000000001000000033704468|I421uK00;
editbox_receipt monotonic_ns=564246391608405 received=336 consumed=336 revision=171
published_frame=666
published_frame=667
editbox_emit sequence=338 bytes=38 elapsed_us=2689 envelope=@J10000000001000000033847456|I421wK00;
published_frame=668
published_frame=669
editbox_emit sequence=339 bytes=38 elapsed_us=1976 envelope=@J10000000001000000033924923|I421yK00;
published_frame=670
editbox_receipt monotonic_ns=564246478412797 received=339 consumed=338 revision=172
published_frame=671
editbox_emit sequence=340 bytes=38 elapsed_us=2004 envelope=@J10000000001000000034015607|I421-K00;
published_frame=672
published_frame=673
editbox_emit sequence=341 bytes=38 elapsed_us=2117 envelope=@J10000000001000000034150726|I421WL00;
published_frame=674
published_frame=675
editbox_emit sequence=342 bytes=38 elapsed_us=2207 envelope=@J10000000001000000034228193|I421YL00;
published_frame=676
editbox_receipt monotonic_ns=564246578699361 received=342 consumed=342 revision=173
published_frame=677
editbox_emit sequence=343 bytes=38 elapsed_us=2171 envelope=@J10000000001000000034305660|I421aL00;
published_frame=678
published_frame=679
editbox_emit sequence=344 bytes=38 elapsed_us=2174 envelope=@J10000000001000000034448648|I421cL00;
published_frame=680
published_frame=681
editbox_emit sequence=345 bytes=38 elapsed_us=2131 envelope=@J10000000001000000034526115|I421eL00;
published_frame=682
editbox_receipt monotonic_ns=564246683856695 received=345 consumed=345 revision=174
published_frame=683
editbox_emit sequence=346 bytes=38 elapsed_us=2155 envelope=@J10000000001000000034603582|I421gL00;
published_frame=684
published_frame=685
editbox_emit sequence=347 bytes=38 elapsed_us=2097 envelope=@J10000000001000000034746570|I421iL00;
published_frame=686
published_frame=687
editbox_emit sequence=348 bytes=38 elapsed_us=2295 envelope=@J10000000001000000034824037|I421kL00;
published_frame=688
editbox_receipt monotonic_ns=564246771359617 received=347 consumed=347 revision=175
published_frame=689
editbox_emit sequence=349 bytes=38 elapsed_us=2111 envelope=@J10000000001000000034901504|I421mL00;
published_frame=690
published_frame=691
editbox_emit sequence=350 bytes=38 elapsed_us=2430 envelope=@J10000000001000000035057709|I421oL00;
published_frame=692
published_frame=693
editbox_emit sequence=351 bytes=38 elapsed_us=2607 envelope=@J10000000001000000035135176|I421qL00;
published_frame=694
editbox_receipt monotonic_ns=564246872421634 received=351 consumed=351 revision=176
published_frame=695
editbox_emit sequence=352 bytes=38 elapsed_us=2630 envelope=@J10000000001000000035212643|I421sL00;
published_frame=696
published_frame=697
editbox_emit sequence=353 bytes=38 elapsed_us=2149 envelope=@J10000000001000000035355631|I421uL00;
published_frame=698
published_frame=699
editbox_emit sequence=354 bytes=38 elapsed_us=2085 envelope=@J10000000001000000035433098|I421wL00;
published_frame=700
editbox_receipt monotonic_ns=564246980165637 received=354 consumed=354 revision=177
published_frame=701
editbox_emit sequence=355 bytes=38 elapsed_us=2567 envelope=@J10000000001000000035510565|I421yL00;
published_frame=702
published_frame=703
editbox_emit sequence=356 bytes=38 elapsed_us=2108 envelope=@J10000000001000000035653553|I421-L00;
published_frame=704
published_frame=705
editbox_emit sequence=357 bytes=38 elapsed_us=2207 envelope=@J10000000001000000035723151|I421WM00;
published_frame=706
published_frame=707
editbox_emit sequence=358 bytes=38 elapsed_us=2240 envelope=@J10000000001000000035800618|I421YM00;
published_frame=708
published_frame=709
editbox_emit sequence=359 bytes=38 elapsed_us=2030 envelope=@J10000000001000000035943606|I421aM00;
published_frame=710
published_frame=711
editbox_emit sequence=360 bytes=38 elapsed_us=2161 envelope=@J10000000001000000036034290|I421cM00;
editbox_receipt monotonic_ns=564247158029097 received=359 consumed=357 revision=178
published_frame=712
published_frame=713
editbox_emit sequence=361 bytes=38 elapsed_us=2122 envelope=@J10000000001000000036111757|I421eM00;
published_frame=714
editbox_receipt monotonic_ns=564247212312018 received=361 consumed=360 revision=179
published_frame=715
editbox_emit sequence=362 bytes=38 elapsed_us=1994 envelope=@J10000000001000000036254745|I421gM00;
published_frame=716
published_frame=717
editbox_emit sequence=363 bytes=38 elapsed_us=2258 envelope=@J10000000001000000036332212|I421iM00;
published_frame=718
editbox_receipt monotonic_ns=564247280176989 received=363 consumed=363 revision=180
published_frame=719
editbox_emit sequence=364 bytes=38 elapsed_us=2231 envelope=@J10000000001000000036409679|I421kM00;
published_frame=720
published_frame=721
editbox_emit sequence=365 bytes=38 elapsed_us=2388 envelope=@J10000000001000000036552667|I421mM00;
published_frame=722
published_frame=723
editbox_emit sequence=366 bytes=38 elapsed_us=2936 envelope=@J10000000001000000036630134|I421oM00;
published_frame=724
editbox_receipt monotonic_ns=564247381745686 received=366 consumed=366 revision=181
published_frame=725
editbox_emit sequence=367 bytes=38 elapsed_us=2681 envelope=@J10000000001000000036707601|I421qM00;
published_frame=726
published_frame=727
editbox_emit sequence=368 bytes=38 elapsed_us=2023 envelope=@J10000000001000000036850589|I421sM00;
published_frame=728
published_frame=729
editbox_emit sequence=369 bytes=38 elapsed_us=2977 envelope=@J10000000001000000036928056|I421uM00;
published_frame=730
editbox_receipt monotonic_ns=564247472335795 received=369 consumed=369 revision=182
published_frame=731
editbox_emit sequence=370 bytes=38 elapsed_us=2342 envelope=@J10000000001000000037018740|I421wM00;
published_frame=732
published_frame=733
editbox_emit sequence=371 bytes=38 elapsed_us=2060 envelope=@J10000000001000000037161728|I421yM00;
published_frame=734
published_frame=735
editbox_emit sequence=372 bytes=38 elapsed_us=2555 envelope=@J10000000001000000037239195|I421-M00;
published_frame=736
editbox_receipt monotonic_ns=564247580400258 received=372 consumed=372 revision=183
published_frame=737
editbox_emit sequence=373 bytes=38 elapsed_us=2105 envelope=@J10000000001000000037308793|I421WN00;
published_frame=738
published_frame=739
editbox_emit sequence=374 bytes=38 elapsed_us=2110 envelope=@J10000000001000000037451781|I421YN00;
published_frame=740
published_frame=741
editbox_emit sequence=375 bytes=38 elapsed_us=2154 envelope=@J10000000001000000037529248|I421aN00;
published_frame=742
editbox_receipt monotonic_ns=564247679219071 received=375 consumed=375 revision=184
published_frame=743
editbox_emit sequence=376 bytes=38 elapsed_us=2113 envelope=@J10000000001000000037606715|I421cN00;
published_frame=744
published_frame=745
editbox_emit sequence=377 bytes=38 elapsed_us=2051 envelope=@J10000000001000000037749703|I421eN00;
published_frame=746
published_frame=747
editbox_emit sequence=378 bytes=38 elapsed_us=2210 envelope=@J10000000001000000037827170|I421gN00;
published_frame=748
editbox_receipt monotonic_ns=564247786204452 received=378 consumed=378 revision=185
published_frame=749
editbox_emit sequence=379 bytes=38 elapsed_us=2140 envelope=@J10000000001000000037904637|I421iN00;
published_frame=750
published_frame=751
editbox_emit sequence=380 bytes=38 elapsed_us=2019 envelope=@J10000000001000000038060842|I421kN00;
published_frame=752
published_frame=753
editbox_emit sequence=381 bytes=38 elapsed_us=2346 envelope=@J10000000001000000038138309|I421mN00;
published_frame=754
editbox_receipt monotonic_ns=564247885296316 received=381 consumed=381 revision=186
published_frame=755
editbox_emit sequence=382 bytes=38 elapsed_us=2130 envelope=@J10000000001000000038215776|I421oN00;
published_frame=756
published_frame=757
editbox_emit sequence=383 bytes=38 elapsed_us=2549 envelope=@J10000000001000000038358764|I421qN00;
published_frame=758
published_frame=759
editbox_emit sequence=384 bytes=38 elapsed_us=2215 envelope=@J10000000001000000038436231|I421sN00;
published_frame=760
editbox_receipt monotonic_ns=564247981587061 received=384 consumed=384 revision=187
published_frame=761
editbox_emit sequence=385 bytes=38 elapsed_us=2034 envelope=@J10000000001000000038513698|I421uN00;
published_frame=762
published_frame=763
editbox_emit sequence=386 bytes=38 elapsed_us=2260 envelope=@J10000000001000000038656686|I421wN00;
published_frame=764
published_frame=765
editbox_emit sequence=387 bytes=38 elapsed_us=2052 envelope=@J10000000001000000038734153|I421yN00;
published_frame=766
published_frame=767
editbox_emit sequence=388 bytes=38 elapsed_us=1972 envelope=@J10000000001000000038811620|I421-N00;
published_frame=768
published_frame=769
editbox_emit sequence=389 bytes=38 elapsed_us=2168 envelope=@J10000000001000000038946739|I421WO00;
published_frame=770
published_frame=771
editbox_emit sequence=390 bytes=38 elapsed_us=2560 envelope=@J10000000001000000039037423|I421YO00;
editbox_receipt monotonic_ns=564248162276658 received=389 consumed=387 revision=188
published_frame=772
published_frame=773
editbox_emit sequence=391 bytes=38 elapsed_us=2013 envelope=@J10000000001000000039114890|I421aO00;
published_frame=774
published_frame=775
editbox_emit sequence=392 bytes=38 elapsed_us=2016 envelope=@J10000000001000000039257878|I421cO00;
editbox_receipt monotonic_ns=564248228884522 received=391 consumed=390 revision=189
published_frame=776
published_frame=777
editbox_emit sequence=393 bytes=38 elapsed_us=2357 envelope=@J10000000001000000039335345|I421eO00;
published_frame=778
editbox_receipt monotonic_ns=564248282480947 received=393 consumed=392 revision=190
published_frame=779
editbox_emit sequence=394 bytes=38 elapsed_us=1969 envelope=@J10000000001000000039412812|I421gO00;
published_frame=780
published_frame=781
editbox_emit sequence=395 bytes=38 elapsed_us=2315 envelope=@J10000000001000000039555800|I421iO00;
published_frame=782
published_frame=783
editbox_emit sequence=396 bytes=38 elapsed_us=2878 envelope=@J10000000001000000039633267|I421kO00;
published_frame=784
published_frame=785
editbox_emit sequence=397 bytes=38 elapsed_us=2764 envelope=@J10000000001000000039710734|I421mO00;
editbox_receipt monotonic_ns=564248391689395 received=396 consumed=396 revision=191
published_frame=786
published_frame=787
editbox_emit sequence=398 bytes=38 elapsed_us=2192 envelope=@J10000000001000000039853722|I421oO00;
published_frame=788
published_frame=789
editbox_emit sequence=399 bytes=38 elapsed_us=2072 envelope=@J10000000001000000039931189|I421qO00;
published_frame=790
editbox_receipt monotonic_ns=564248477801068 received=398 consumed=398 revision=192
published_frame=791
editbox_emit sequence=400 bytes=38 elapsed_us=1992 envelope=@J10000000001000000040063290|I421sO00;
published_frame=792
published_frame=793
editbox_emit sequence=401 bytes=38 elapsed_us=2047 envelope=@J10000000001000000040140757|I421uO00;
published_frame=794
published_frame=795
editbox_emit sequence=402 bytes=38 elapsed_us=2114 envelope=@J10000000001000000040218224|I421wO00;
published_frame=796
published_frame=797
editbox_receipt monotonic_ns=564248587541002 received=402 consumed=402 revision=193
editbox_emit sequence=403 bytes=38 elapsed_us=2366 envelope=@J10000000001000000040361212|I421yO00;
published_frame=798
published_frame=799
editbox_emit sequence=404 bytes=38 elapsed_us=2112 envelope=@J10000000001000000040438679|I421-O00;
published_frame=800
published_frame=801
editbox_emit sequence=405 bytes=38 elapsed_us=2084 envelope=@J10000000001000000040508277|I421WP00;
published_frame=802
editbox_receipt monotonic_ns=564248673179389 received=404 consumed=404 revision=194
published_frame=803
editbox_emit sequence=406 bytes=38 elapsed_us=2598 envelope=@J10000000001000000040651265|I421YP00;
published_frame=804
published_frame=805
editbox_emit sequence=407 bytes=38 elapsed_us=2555 envelope=@J10000000001000000040728732|I421aP00;
published_frame=806
published_frame=807
editbox_emit sequence=408 bytes=38 elapsed_us=2078 envelope=@J10000000001000000040806199|I421cP00;
published_frame=808
editbox_receipt monotonic_ns=564248780172985 received=408 consumed=408 revision=195
published_frame=809
editbox_emit sequence=409 bytes=38 elapsed_us=2798 envelope=@J10000000001000000040949187|I421eP00;
published_frame=810
published_frame=811
editbox_emit sequence=410 bytes=38 elapsed_us=2473 envelope=@J10000000001000000041039871|I421gP00;
published_frame=812
published_frame=813
editbox_emit sequence=411 bytes=38 elapsed_us=2021 envelope=@J10000000001000000041117338|I421iP00;
published_frame=814
editbox_receipt monotonic_ns=564248881112353 received=411 consumed=411 revision=196
published_frame=815
editbox_emit sequence=412 bytes=38 elapsed_us=2061 envelope=@J10000000001000000041260326|I421kP00;
published_frame=816
published_frame=817
editbox_emit sequence=413 bytes=38 elapsed_us=2140 envelope=@J10000000001000000041337793|I421mP00;
published_frame=818
published_frame=819
editbox_emit sequence=414 bytes=38 elapsed_us=2640 envelope=@J10000000001000000041415260|I421oP00;
published_frame=820
published_frame=821
editbox_emit sequence=415 bytes=38 elapsed_us=2115 envelope=@J10000000001000000041558248|I421qP00;
editbox_receipt monotonic_ns=564248991994668 received=414 consumed=414 revision=197
published_frame=822
published_frame=823
editbox_emit sequence=416 bytes=38 elapsed_us=1972 envelope=@J10000000001000000041635715|I421sP00;
published_frame=824
published_frame=825
editbox_emit sequence=417 bytes=38 elapsed_us=1983 envelope=@J10000000001000000041713182|I421uP00;
published_frame=826
published_frame=827
editbox_emit sequence=418 bytes=38 elapsed_us=2114 envelope=@J10000000001000000041856170|I421wP00;
published_frame=828
published_frame=829
editbox_emit sequence=419 bytes=38 elapsed_us=2118 envelope=@J10000000001000000041933637|I421yP00;
published_frame=830
published_frame=831
editbox_emit sequence=420 bytes=38 elapsed_us=2533 envelope=@J10000000001000000042024321|I421-P00;
editbox_receipt monotonic_ns=564249169939189 received=419 consumed=417 revision=198
published_frame=832
published_frame=833
editbox_emit sequence=421 bytes=38 elapsed_us=2297 envelope=@J10000000001000000042159440|I421WQ00;
editbox_receipt monotonic_ns=564249202129830 received=419 consumed=419 revision=199
published_frame=834
published_frame=835
editbox_emit sequence=422 bytes=38 elapsed_us=2219 envelope=@J10000000001000000042236907|I421YQ00;
published_frame=836
published_frame=837
editbox_emit sequence=423 bytes=38 elapsed_us=2131 envelope=@J10000000001000000042314374|I421aQ00;
published_frame=838
published_frame=839
editbox_emit sequence=424 bytes=38 elapsed_us=1962 envelope=@J10000000001000000042457362|I421cQ00;
editbox_receipt monotonic_ns=564249291654822 received=423 consumed=423 revision=200
published_frame=840
published_frame=841
editbox_emit sequence=425 bytes=38 elapsed_us=2221 envelope=@J10000000001000000042534829|I421eQ00;
published_frame=842
published_frame=843
editbox_emit sequence=426 bytes=38 elapsed_us=2357 envelope=@J10000000001000000042612296|I421gQ00;
published_frame=844
editbox_receipt monotonic_ns=564249378234813 received=425 consumed=425 revision=201
published_frame=845
editbox_emit sequence=427 bytes=38 elapsed_us=2510 envelope=@J10000000001000000042755284|I421iQ00;
published_frame=846
published_frame=847
editbox_emit sequence=428 bytes=38 elapsed_us=1993 envelope=@J10000000001000000042832751|I421kQ00;
published_frame=848
published_frame=849
editbox_emit sequence=429 bytes=38 elapsed_us=1988 envelope=@J10000000001000000042910218|I421mQ00;
published_frame=850
editbox_receipt monotonic_ns=564249481120088 received=429 consumed=429 revision=202
published_frame=851
editbox_emit sequence=430 bytes=38 elapsed_us=2060 envelope=@J10000000001000000043000902|I421oQ00;
published_frame=852
published_frame=853
editbox_emit sequence=431 bytes=38 elapsed_us=2141 envelope=@J10000000001000000043143890|I421qQ00;
published_frame=854
published_frame=855
editbox_emit sequence=432 bytes=38 elapsed_us=2063 envelope=@J10000000001000000043221357|I421sQ00;
published_frame=856
editbox_receipt monotonic_ns=564249578959425 received=432 consumed=432 revision=203
published_frame=857
editbox_emit sequence=433 bytes=38 elapsed_us=2362 envelope=@J10000000001000000043364345|I421uQ00;
published_frame=858
published_frame=859
editbox_emit sequence=434 bytes=38 elapsed_us=2129 envelope=@J10000000001000000043441812|I421wQ00;
published_frame=860
published_frame=861
editbox_emit sequence=435 bytes=38 elapsed_us=1958 envelope=@J10000000001000000043519279|I421yQ00;
published_frame=862
editbox_receipt monotonic_ns=564249680876566 received=435 consumed=435 revision=204
published_frame=863
editbox_emit sequence=436 bytes=38 elapsed_us=2183 envelope=@J10000000001000000043662267|I421-Q00;
published_frame=864
published_frame=865
editbox_emit sequence=437 bytes=38 elapsed_us=2139 envelope=@J10000000001000000043731865|I421WR00;
published_frame=866
published_frame=867
editbox_emit sequence=438 bytes=38 elapsed_us=2159 envelope=@J10000000001000000043809332|I421YR00;
published_frame=868
published_frame=869
editbox_emit sequence=439 bytes=38 elapsed_us=2573 envelope=@J10000000001000000043952320|I421aR00;
editbox_receipt monotonic_ns=564249791209401 received=438 consumed=438 revision=205
published_frame=870
published_frame=871
editbox_emit sequence=440 bytes=38 elapsed_us=2037 envelope=@J10000000001000000044043004|I421cR00;
published_frame=872
published_frame=873
editbox_emit sequence=441 bytes=38 elapsed_us=2692 envelope=@J10000000001000000044120471|I421eR00;
editbox_receipt monotonic_ns=564249868604826 received=440 consumed=440 revision=206
published_frame=874
published_frame=875
editbox_emit sequence=442 bytes=38 elapsed_us=2105 envelope=@J10000000001000000044263459|I421gR00;
published_frame=876
published_frame=877
editbox_emit sequence=443 bytes=38 elapsed_us=2137 envelope=@J10000000001000000044340926|I421iR00;
published_frame=878
published_frame=879
editbox_emit sequence=444 bytes=38 elapsed_us=2136 envelope=@J10000000001000000044418393|I421kR00;
published_frame=880
published_frame=881
editbox_emit sequence=445 bytes=38 elapsed_us=2982 envelope=@J10000000001000000044561381|I421mR00;
editbox_receipt monotonic_ns=564249992641750 received=444 consumed=444 revision=207
published_frame=882
published_frame=883
editbox_emit sequence=446 bytes=38 elapsed_us=1986 envelope=@J10000000001000000044638848|I421oR00;
published_frame=884
published_frame=885
editbox_emit sequence=447 bytes=38 elapsed_us=2459 envelope=@J10000000001000000044716315|I421qR00;
published_frame=886
published_frame=887
editbox_emit sequence=448 bytes=38 elapsed_us=2075 envelope=@J10000000001000000044859303|I421sR00;
published_frame=888
published_frame=889
editbox_emit sequence=449 bytes=38 elapsed_us=2318 envelope=@J10000000001000000044936770|I421uR00;
published_frame=890
published_frame=891
editbox_emit sequence=450 bytes=38 elapsed_us=2104 envelope=@J10000000001000000045027454|I421wR00;
published_frame=892
published_frame=893
editbox_emit sequence=451 bytes=38 elapsed_us=2509 envelope=@J10000000001000000045104921|I421yR00;
published_frame=894
published_frame=895
editbox_emit sequence=452 bytes=38 elapsed_us=2427 envelope=@J10000000001000000045247909|I421-R00;
editbox_receipt monotonic_ns=564250235564912 received=451 consumed=447 revision=208
published_frame=896
published_frame=897
editbox_emit sequence=453 bytes=38 elapsed_us=2140 envelope=@J10000000001000000045317507|I421WS00;
published_frame=898
editbox_receipt monotonic_ns=564250278824751 received=451 consumed=451 revision=209
published_frame=899
editbox_emit sequence=454 bytes=38 elapsed_us=2104 envelope=@J10000000001000000045460495|I421YS00;
published_frame=900
published_frame=901
editbox_emit sequence=455 bytes=38 elapsed_us=1978 envelope=@J10000000001000000045537962|I421aS00;
editbox_receipt monotonic_ns=564250334608936 received=454 consumed=453 revision=210
published_frame=902
published_frame=903
editbox_emit sequence=456 bytes=38 elapsed_us=2255 envelope=@J10000000001000000045615429|I421cS00;
published_frame=904
published_frame=905
editbox_emit sequence=457 bytes=38 elapsed_us=2456 envelope=@J10000000001000000045758417|I421eS00;
editbox_receipt monotonic_ns=564250403683996 received=456 consumed=456 revision=211
published_frame=906
published_frame=907
editbox_emit sequence=458 bytes=38 elapsed_us=2545 envelope=@J10000000001000000045835884|I421gS00;
published_frame=908
published_frame=909
editbox_emit sequence=459 bytes=38 elapsed_us=2468 envelope=@J10000000001000000045913351|I421iS00;
editbox_receipt monotonic_ns=564250469867855 received=458 consumed=458 revision=212
published_frame=910
published_frame=911
editbox_emit sequence=460 bytes=38 elapsed_us=2016 envelope=@J10000000001000000046004035|I421kS00;
published_frame=912
published_frame=913
editbox_emit sequence=461 bytes=38 elapsed_us=2151 envelope=@J10000000001000000046147023|I421mS00;
published_frame=914
published_frame=915
editbox_emit sequence=462 bytes=38 elapsed_us=1975 envelope=@J10000000001000000046224490|I421oS00;
published_frame=916
editbox_receipt monotonic_ns=564250580449337 received=461 consumed=461 revision=213
published_frame=917
editbox_emit sequence=463 bytes=38 elapsed_us=2170 envelope=@J10000000001000000046301957|I421qS00;
published_frame=918
published_frame=919
editbox_emit sequence=464 bytes=38 elapsed_us=2041 envelope=@J10000000001000000046444945|I421sS00;
published_frame=920
published_frame=921
editbox_emit sequence=465 bytes=38 elapsed_us=1984 envelope=@J10000000001000000046522412|I421uS00;
editbox_receipt monotonic_ns=564250668170838 received=464 consumed=464 revision=214
published_frame=922
published_frame=923
editbox_emit sequence=466 bytes=38 elapsed_us=2515 envelope=@J10000000001000000046665400|I421wS00;
published_frame=924
published_frame=925
editbox_emit sequence=467 bytes=38 elapsed_us=2395 envelope=@J10000000001000000046742867|I421yS00;
published_frame=926
published_frame=927
editbox_emit sequence=468 bytes=38 elapsed_us=2131 envelope=@J10000000001000000046820334|I421-S00;
published_frame=928
editbox_receipt monotonic_ns=564250779627420 received=468 consumed=468 revision=215
published_frame=929
editbox_emit sequence=469 bytes=38 elapsed_us=2441 envelope=@J10000000001000000046955453|I421WT00;
published_frame=930
published_frame=931
editbox_emit sequence=470 bytes=38 elapsed_us=2165 envelope=@J10000000001000000047046137|I421YT00;
published_frame=932
published_frame=933
editbox_emit sequence=471 bytes=38 elapsed_us=2216 envelope=@J10000000001000000047123604|I421aT00;
published_frame=934
match_end epoch=1 frontier=935 old_rows=drain terminal_rows=discard
input_armed=true gameplay_armed=false mono_ns=564250887093462
editbox_emit sequence=472 bytes=34 elapsed_us=1767 envelope=@J10000000001000000047233505|JE11;
editbox_receipt monotonic_ns=564250921635179 received=472 consumed=472 revision=216
match_quiescent epoch=1
waiting_for_match build=playable-0041 slot=1 after_epoch=1
menu_emit epoch=1 phase=Some(Result) key=y mono_ns=564278394244000
menu_emit epoch=1 phase=Some(Character) key=r mono_ns=564281500566000
menu_emit epoch=1 phase=Some(Character) key=w mono_ns=564281771026000
menu_emit epoch=1 phase=Some(Character) key=n mono_ns=564282041452000
menu_emit epoch=1 phase=Some(Character) key=u mono_ns=564282461848000
menu_emit epoch=1 phase=Some(Character) key=n mono_ns=564282882256000
match_ready epoch=2 neutral_rearm=required
input_armed=true gameplay_armed=false mono_ns=564291159555342
editbox_receipt monotonic_ns=564291159663354 received=0 consumed=0 revision=3
editbox_emit sequence=1 bytes=34 elapsed_us=1839 envelope=@J10000000002000000000144738|JR12;
editbox_receipt monotonic_ns=564291239585365 received=1 consumed=1 revision=4
match_start epoch=2 epoch_ns=564291321025032 read_ns=564291322334265 uncertainty_ns=1100586
input_armed=true gameplay_armed=true mono_ns=564291322291515
published_frame=1
published_frame=2
editbox_emit sequence=2 bytes=37 elapsed_us=2389 envelope=@J10000000002000000000230575|I422100;
published_frame=3
published_frame=4
editbox_emit sequence=3 bytes=37 elapsed_us=2250 envelope=@J10000000002000000000309341|I422300;
published_frame=5
published_frame=6
editbox_emit sequence=4 bytes=37 elapsed_us=2001 envelope=@J10000000002000000000453628|I422500;
published_frame=7
published_frame=8
editbox_emit sequence=5 bytes=37 elapsed_us=2627 envelope=@J10000000002000000000532394|I422700;
published_frame=9
editbox_receipt monotonic_ns=564291480120972 received=2 consumed=2 revision=5
published_frame=10
editbox_emit sequence=6 bytes=37 elapsed_us=2843 envelope=@J10000000002000000000611160|I422900;
published_frame=11
published_frame=12
editbox_emit sequence=7 bytes=37 elapsed_us=2019 envelope=@J10000000002000000000755447|I422B00;
editbox_receipt monotonic_ns=564291525729954 received=6 consumed=5 revision=6
published_frame=13
published_frame=14
editbox_emit sequence=8 bytes=37 elapsed_us=2490 envelope=@J10000000002000000000834213|I422D00;
editbox_receipt monotonic_ns=564291569794712 received=7 consumed=7 revision=7
published_frame=15
published_frame=16
editbox_emit sequence=9 bytes=37 elapsed_us=2379 envelope=@J10000000002000000000912979|I422F00;
published_frame=17
published_frame=18
editbox_emit sequence=10 bytes=37 elapsed_us=2010 envelope=@J10000000002000000001020251|I422H00;
event mono_ns=564291635925000 frame=19 held=32 pressed=32 released=0
published_frame=19
event mono_ns=564291641047000 frame=20 held=0 pressed=0 released=32
published_frame=20
editbox_emit sequence=11 bytes=52 elapsed_us=3252 envelope=@J10000000002000000001113977|I422J300W00W000200000W;
editbox_receipt monotonic_ns=564291670641967 received=10 consumed=10 revision=8
published_frame=21
published_frame=22
editbox_emit sequence=12 bytes=37 elapsed_us=2012 envelope=@J10000000002000000001243304|I422L00;
published_frame=23
published_frame=24
editbox_emit sequence=13 bytes=37 elapsed_us=2528 envelope=@J10000000002000000001322070|I422N00;
published_frame=25
published_frame=26
editbox_emit sequence=14 bytes=37 elapsed_us=2181 envelope=@J10000000002000000001400836|I422P00;
editbox_receipt monotonic_ns=564291760930941 received=13 consumed=13 revision=9
published_frame=27
published_frame=28
editbox_emit sequence=15 bytes=37 elapsed_us=2033 envelope=@J10000000002000000001545123|I422R00;
published_frame=29
published_frame=30
editbox_emit sequence=16 bytes=37 elapsed_us=2515 envelope=@J10000000002000000001623889|I422T00;
published_frame=31
published_frame=32
editbox_emit sequence=17 bytes=37 elapsed_us=2057 envelope=@J10000000002000000001702655|I422V00;
editbox_receipt monotonic_ns=564291870173903 received=16 consumed=16 revision=10
published_frame=33
published_frame=34
editbox_emit sequence=18 bytes=38 elapsed_us=3563 envelope=@J10000000002000000001851664|I422X100;
published_frame=35
published_frame=36
editbox_emit sequence=19 bytes=38 elapsed_us=2553 envelope=@J10000000002000000001929131|I422Z100;
published_frame=37
published_frame=38
editbox_emit sequence=20 bytes=38 elapsed_us=2083 envelope=@J10000000002000000002019815|I422b100;
published_frame=39
editbox_receipt monotonic_ns=564291980892411 received=19 consumed=19 revision=11
published_frame=40
editbox_emit sequence=21 bytes=38 elapsed_us=2449 envelope=@J10000000002000000002162803|I422d100;
published_frame=41
published_frame=42
editbox_emit sequence=22 bytes=38 elapsed_us=2078 envelope=@J10000000002000000002240270|I422f100;
published_frame=43
published_frame=44
editbox_emit sequence=23 bytes=38 elapsed_us=2174 envelope=@J10000000002000000002317737|I422h100;
editbox_receipt monotonic_ns=564292069947642 received=22 consumed=22 revision=12
published_frame=45
published_frame=46
editbox_emit sequence=24 bytes=38 elapsed_us=1987 envelope=@J10000000002000000002460725|I422j100;
published_frame=47
published_frame=48
editbox_emit sequence=25 bytes=38 elapsed_us=2117 envelope=@J10000000002000000002538192|I422l100;
published_frame=49
published_frame=50
editbox_emit sequence=26 bytes=38 elapsed_us=1997 envelope=@J10000000002000000002615659|I422n100;
published_frame=51
editbox_receipt monotonic_ns=564292171357853 received=25 consumed=25 revision=13
published_frame=52
editbox_emit sequence=27 bytes=38 elapsed_us=2257 envelope=@J10000000002000000002758647|I422p100;
published_frame=53
published_frame=54
editbox_emit sequence=28 bytes=38 elapsed_us=1935 envelope=@J10000000002000000002836114|I422r100;
published_frame=55
published_frame=56
editbox_emit sequence=29 bytes=38 elapsed_us=2945 envelope=@J10000000002000000002913581|I422t100;
published_frame=57
editbox_receipt monotonic_ns=564292278399980 received=28 consumed=28 revision=14
published_frame=58
editbox_emit sequence=30 bytes=38 elapsed_us=2883 envelope=@J10000000002000000003004265|I422v100;
published_frame=59
published_frame=60
editbox_emit sequence=31 bytes=38 elapsed_us=2076 envelope=@J10000000002000000003147253|I422x100;
published_frame=61
published_frame=62
editbox_emit sequence=32 bytes=38 elapsed_us=1923 envelope=@J10000000002000000003224720|I422z100;
published_frame=63
published_frame=64
editbox_emit sequence=33 bytes=38 elapsed_us=2038 envelope=@J10000000002000000003302187|I422_100;
published_frame=65
published_frame=66
editbox_emit sequence=34 bytes=38 elapsed_us=1980 envelope=@J10000000002000000003437306|I422X200;
published_frame=67
editbox_receipt monotonic_ns=564292438412388 received=33 consumed=31 revision=15
published_frame=68
editbox_emit sequence=35 bytes=38 elapsed_us=2198 envelope=@J10000000002000000003514773|I422Z200;
published_frame=69
published_frame=70
editbox_emit sequence=36 bytes=38 elapsed_us=2559 envelope=@J10000000002000000003657761|I422b200;
editbox_receipt monotonic_ns=564292503933395 received=35 consumed=34 revision=16
published_frame=71
published_frame=72
editbox_emit sequence=37 bytes=38 elapsed_us=2652 envelope=@J10000000002000000003735228|I422d200;
published_frame=73
published_frame=74
editbox_emit sequence=38 bytes=38 elapsed_us=2146 envelope=@J10000000002000000003812695|I422f200;
published_frame=75
editbox_receipt monotonic_ns=564292581586393 received=37 consumed=37 revision=17
published_frame=76
editbox_emit sequence=39 bytes=38 elapsed_us=2033 envelope=@J10000000002000000003955683|I422h200;
published_frame=77
published_frame=78
editbox_emit sequence=40 bytes=38 elapsed_us=2301 envelope=@J10000000002000000004046367|I422j200;
published_frame=79
published_frame=80
editbox_emit sequence=41 bytes=38 elapsed_us=2600 envelope=@J10000000002000000004123834|I422l200;
published_frame=81
published_frame=82
editbox_emit sequence=42 bytes=38 elapsed_us=3613 envelope=@J10000000002000000004201301|I422n200;
editbox_receipt monotonic_ns=564292693604938 received=41 consumed=40 revision=18
published_frame=83
published_frame=84
editbox_emit sequence=43 bytes=38 elapsed_us=2416 envelope=@J10000000002000000004344289|I422p200;
published_frame=85
published_frame=86
editbox_emit sequence=44 bytes=38 elapsed_us=1935 envelope=@J10000000002000000004421756|I422r200;
published_frame=87
editbox_receipt monotonic_ns=564292781323544 received=43 consumed=43 revision=19
published_frame=88
editbox_emit sequence=45 bytes=38 elapsed_us=2054 envelope=@J10000000002000000004564744|I422t200;
published_frame=89
published_frame=90
editbox_emit sequence=46 bytes=38 elapsed_us=2132 envelope=@J10000000002000000004642211|I422v200;
published_frame=91
published_frame=92
editbox_emit sequence=47 bytes=38 elapsed_us=1939 envelope=@J10000000002000000004719678|I422x200;
published_frame=93
editbox_receipt monotonic_ns=564292880158306 received=46 consumed=46 revision=20
published_frame=94
editbox_emit sequence=48 bytes=38 elapsed_us=2016 envelope=@J10000000002000000004862666|I422z200;
published_frame=95
published_frame=96
editbox_emit sequence=49 bytes=38 elapsed_us=1983 envelope=@J10000000002000000004940133|I422_200;
published_frame=97
published_frame=98
editbox_emit sequence=50 bytes=38 elapsed_us=2368 envelope=@J10000000002000000005022948|I422X300;
editbox_receipt monotonic_ns=564292961842771 received=49 consumed=49 revision=21
published_frame=99
published_frame=100
editbox_emit sequence=51 bytes=38 elapsed_us=2166 envelope=@J10000000002000000005100415|I422Z300;
published_frame=101
published_frame=102
editbox_emit sequence=52 bytes=38 elapsed_us=2019 envelope=@J10000000002000000005243403|I422b300;
published_frame=103
published_frame=104
editbox_emit sequence=53 bytes=38 elapsed_us=2209 envelope=@J10000000002000000005320870|I422d300;
published_frame=105
editbox_receipt monotonic_ns=564293071991722 received=52 consumed=52 revision=22
published_frame=106
editbox_emit sequence=54 bytes=38 elapsed_us=2295 envelope=@J10000000002000000005463858|I422f300;
published_frame=107
event mono_ns=564293111654000 frame=108 held=64 pressed=64 released=0
published_frame=108
editbox_emit sequence=55 bytes=47 elapsed_us=2438 envelope=@J10000000002000000005508340|I422h303010010000;
published_frame=109
published_frame=110
editbox_emit sequence=56 bytes=44 elapsed_us=2248 envelope=@J10000000002000000005609691|I422j310101010;
published_frame=111
editbox_receipt monotonic_ns=564293180234509 received=55 consumed=55 revision=23
published_frame=112
editbox_emit sequence=57 bytes=44 elapsed_us=2498 envelope=@J10000000002000000005718864|I422l310101010;
published_frame=113
published_frame=114
editbox_emit sequence=58 bytes=44 elapsed_us=2272 envelope=@J10000000002000000005828037|I422n310101010;
event mono_ns=564293231846000 frame=115 held=0 pressed=0 released=64
published_frame=115
published_frame=116
editbox_emit sequence=59 bytes=44 elapsed_us=2849 envelope=@J10000000002000000005959566|I422p320000100;
editbox_receipt monotonic_ns=564293270294063 received=58 consumed=58 revision=24
published_frame=117
published_frame=118
editbox_emit sequence=60 bytes=38 elapsed_us=1930 envelope=@J10000000002000000006007398|I422r300;
published_frame=119
published_frame=120
editbox_emit sequence=61 bytes=38 elapsed_us=2015 envelope=@J10000000002000000006150386|I422t300;
published_frame=121
published_frame=122
editbox_emit sequence=62 bytes=38 elapsed_us=1967 envelope=@J10000000002000000006227853|I422v300;
published_frame=123
published_frame=124
editbox_emit sequence=63 bytes=38 elapsed_us=1962 envelope=@J10000000002000000006305320|I422x300;
published_frame=125
published_frame=126
editbox_emit sequence=64 bytes=38 elapsed_us=2136 envelope=@J10000000002000000006448308|I422z300;
published_frame=127
editbox_receipt monotonic_ns=564293445508928 received=64 consumed=61 revision=25
published_frame=128
editbox_emit sequence=65 bytes=38 elapsed_us=1956 envelope=@J10000000002000000006525775|I422_300;
published_frame=129
published_frame=130
editbox_emit sequence=66 bytes=38 elapsed_us=2000 envelope=@J10000000002000000006660894|I422X400;
editbox_receipt monotonic_ns=564293500028273 received=64 consumed=64 revision=26
published_frame=131
published_frame=132
editbox_emit sequence=67 bytes=38 elapsed_us=1987 envelope=@J10000000002000000006738361|I422Z400;
published_frame=133
published_frame=134
editbox_emit sequence=68 bytes=38 elapsed_us=2010 envelope=@J10000000002000000006815828|I422b400;
editbox_receipt monotonic_ns=564293564761934 received=67 consumed=67 revision=27
published_frame=135
published_frame=136
editbox_emit sequence=69 bytes=38 elapsed_us=2465 envelope=@J10000000002000000006958816|I422d400;
published_frame=137
published_frame=138
editbox_emit sequence=70 bytes=38 elapsed_us=1946 envelope=@J10000000002000000007049500|I422f400;
published_frame=139
published_frame=140
editbox_emit sequence=71 bytes=38 elapsed_us=1970 envelope=@J10000000002000000007126967|I422h400;
published_frame=141
editbox_receipt monotonic_ns=564293684710674 received=70 consumed=70 revision=28
published_frame=142
editbox_emit sequence=72 bytes=38 elapsed_us=1936 envelope=@J10000000002000000007204434|I422j400;
published_frame=143
published_frame=144
editbox_emit sequence=73 bytes=38 elapsed_us=2037 envelope=@J10000000002000000007347422|I422l400;
published_frame=145
published_frame=146
editbox_emit sequence=74 bytes=38 elapsed_us=2749 envelope=@J10000000002000000007424889|I422n400;
editbox_receipt monotonic_ns=564293770375329 received=73 consumed=73 revision=29
published_frame=147
published_frame=148
editbox_emit sequence=75 bytes=38 elapsed_us=2564 envelope=@J10000000002000000007502356|I422p400;
published_frame=149
published_frame=150
editbox_emit sequence=76 bytes=38 elapsed_us=1939 envelope=@J10000000002000000007645344|I422r400;
published_frame=151
published_frame=152
editbox_emit sequence=77 bytes=38 elapsed_us=1951 envelope=@J10000000002000000007722811|I422t400;
published_frame=153
editbox_receipt monotonic_ns=564293873349070 received=76 consumed=76 revision=30
published_frame=154
editbox_emit sequence=78 bytes=38 elapsed_us=2827 envelope=@J10000000002000000007800278|I422v400;
published_frame=155
published_frame=156
editbox_emit sequence=79 bytes=38 elapsed_us=2432 envelope=@J10000000002000000007943266|I422x400;
published_frame=157
published_frame=158
editbox_emit sequence=80 bytes=38 elapsed_us=2419 envelope=@J10000000002000000008033950|I422z400;
published_frame=159
editbox_receipt monotonic_ns=564293983399456 received=79 consumed=79 revision=31
published_frame=160
editbox_emit sequence=81 bytes=38 elapsed_us=2039 envelope=@J10000000002000000008111417|I422_400;
published_frame=161
published_frame=162
editbox_emit sequence=82 bytes=38 elapsed_us=1982 envelope=@J10000000002000000008246536|I422X500;
published_frame=163
published_frame=164
editbox_emit sequence=83 bytes=38 elapsed_us=2115 envelope=@J10000000002000000008324003|I422Z500;
editbox_receipt monotonic_ns=564294069991319 received=82 consumed=82 revision=32
published_frame=165
published_frame=166
editbox_emit sequence=84 bytes=38 elapsed_us=2264 envelope=@J10000000002000000008401470|I422b500;
published_frame=167
published_frame=168
editbox_emit sequence=85 bytes=38 elapsed_us=2239 envelope=@J10000000002000000008544458|I422d500;
published_frame=169
published_frame=170
editbox_emit sequence=86 bytes=38 elapsed_us=2270 envelope=@J10000000002000000008621925|I422f500;
editbox_receipt monotonic_ns=564294159560734 received=85 consumed=85 revision=33
published_frame=171
published_frame=172
editbox_emit sequence=87 bytes=38 elapsed_us=2358 envelope=@J10000000002000000008764913|I422h500;
published_frame=173
published_frame=174
editbox_emit sequence=88 bytes=38 elapsed_us=2039 envelope=@J10000000002000000008842380|I422j500;
published_frame=175
published_frame=176
editbox_emit sequence=89 bytes=38 elapsed_us=1906 envelope=@J10000000002000000008919847|I422l500;
editbox_receipt monotonic_ns=564294269252258 received=88 consumed=88 revision=34
published_frame=177
published_frame=178
editbox_emit sequence=90 bytes=38 elapsed_us=2299 envelope=@J10000000002000000009010531|I422n500;
published_frame=179
published_frame=180
editbox_emit sequence=91 bytes=38 elapsed_us=3048 envelope=@J10000000002000000009153519|I422p500;
published_frame=181
published_frame=182
editbox_emit sequence=92 bytes=38 elapsed_us=2057 envelope=@J10000000002000000009230986|I422r500;
published_frame=183
published_frame=184
editbox_emit sequence=93 bytes=38 elapsed_us=2068 envelope=@J10000000002000000009308453|I422t500;
published_frame=185
published_frame=186
editbox_emit sequence=94 bytes=38 elapsed_us=2694 envelope=@J10000000002000000009451441|I422v500;
published_frame=187
editbox_receipt monotonic_ns=564294448151699 received=94 consumed=91 revision=35
published_frame=188
editbox_emit sequence=95 bytes=38 elapsed_us=2156 envelope=@J10000000002000000009528908|I422x500;
published_frame=189
published_frame=190
editbox_emit sequence=96 bytes=38 elapsed_us=1900 envelope=@J10000000002000000009606375|I422z500;
published_frame=191
editbox_receipt monotonic_ns=564294515665702 received=94 consumed=94 revision=36
published_frame=192
editbox_emit sequence=97 bytes=38 elapsed_us=2129 envelope=@J10000000002000000009749363|I422_500;
published_frame=193
published_frame=194
editbox_emit sequence=98 bytes=38 elapsed_us=2008 envelope=@J10000000002000000009818961|I422X600;
published_frame=195
editbox_receipt monotonic_ns=564294580265001 received=97 consumed=97 revision=37
published_frame=196
editbox_emit sequence=99 bytes=38 elapsed_us=2144 envelope=@J10000000002000000009961949|I422Z600;
published_frame=197
published_frame=198
editbox_emit sequence=100 bytes=38 elapsed_us=1996 envelope=@J10000000002000000010028529|I422b600;
published_frame=199
published_frame=200
editbox_emit sequence=101 bytes=38 elapsed_us=2223 envelope=@J10000000002000000010105996|I422d600;
published_frame=201
editbox_receipt monotonic_ns=564294679377885 received=100 consumed=100 revision=38
published_frame=202
editbox_emit sequence=102 bytes=38 elapsed_us=1888 envelope=@J10000000002000000010248984|I422f600;
published_frame=203
published_frame=204
editbox_emit sequence=103 bytes=38 elapsed_us=2222 envelope=@J10000000002000000010326451|I422h600;
published_frame=205
published_frame=206
editbox_emit sequence=104 bytes=38 elapsed_us=1984 envelope=@J10000000002000000010403918|I422j600;
editbox_receipt monotonic_ns=564294769516216 received=103 consumed=103 revision=39
published_frame=207
published_frame=208
editbox_emit sequence=105 bytes=38 elapsed_us=1966 envelope=@J10000000002000000010546906|I422l600;
published_frame=209
published_frame=210
editbox_emit sequence=106 bytes=38 elapsed_us=1946 envelope=@J10000000002000000010624373|I422n600;
published_frame=211
published_frame=212
editbox_emit sequence=107 bytes=38 elapsed_us=2467 envelope=@J10000000002000000010701840|I422p600;
published_frame=213
editbox_receipt monotonic_ns=564294880503799 received=106 consumed=106 revision=40
published_frame=214
editbox_emit sequence=108 bytes=38 elapsed_us=1911 envelope=@J10000000002000000010844828|I422r600;
published_frame=215
published_frame=216
editbox_emit sequence=109 bytes=38 elapsed_us=2221 envelope=@J10000000002000000010922295|I422t600;
published_frame=217
published_frame=218
editbox_emit sequence=110 bytes=38 elapsed_us=2349 envelope=@J10000000002000000011012979|I422v600;
published_frame=219
editbox_receipt monotonic_ns=564294980531898 received=109 consumed=109 revision=41
published_frame=220
editbox_emit sequence=111 bytes=38 elapsed_us=2587 envelope=@J10000000002000000011155967|I422x600;
published_frame=221
published_frame=222
editbox_emit sequence=112 bytes=38 elapsed_us=1952 envelope=@J10000000002000000011233434|I422z600;
published_frame=223
published_frame=224
editbox_emit sequence=113 bytes=38 elapsed_us=2064 envelope=@J10000000002000000011310901|I422_600;
published_frame=225
editbox_receipt monotonic_ns=564295080167532 received=112 consumed=112 revision=42
published_frame=226
editbox_emit sequence=114 bytes=38 elapsed_us=2086 envelope=@J10000000002000000011446020|I422X700;
published_frame=227
published_frame=228
editbox_emit sequence=115 bytes=38 elapsed_us=2725 envelope=@J10000000002000000011523487|I422Z700;
published_frame=229
published_frame=230
editbox_emit sequence=116 bytes=38 elapsed_us=2359 envelope=@J10000000002000000011600954|I422b700;
published_frame=231
editbox_receipt monotonic_ns=564295181301855 received=115 consumed=115 revision=43
published_frame=232
editbox_emit sequence=117 bytes=38 elapsed_us=2893 envelope=@J10000000002000000011743942|I422d700;
published_frame=233
published_frame=234
editbox_emit sequence=118 bytes=38 elapsed_us=2131 envelope=@J10000000002000000011821409|I422f700;
published_frame=235
published_frame=236
editbox_emit sequence=119 bytes=38 elapsed_us=2014 envelope=@J10000000002000000011964397|I422h700;
editbox_receipt monotonic_ns=564295269168308 received=118 consumed=118 revision=44
published_frame=237
published_frame=238
editbox_emit sequence=120 bytes=38 elapsed_us=2546 envelope=@J10000000002000000012055081|I422j700;
published_frame=239
published_frame=240
editbox_emit sequence=121 bytes=38 elapsed_us=2730 envelope=@J10000000002000000012132548|I422l700;
published_frame=241
published_frame=242
editbox_emit sequence=122 bytes=38 elapsed_us=1881 envelope=@J10000000002000000012210015|I422n700;
published_frame=243
published_frame=244
editbox_emit sequence=123 bytes=38 elapsed_us=2015 envelope=@J10000000002000000012353003|I422p700;
published_frame=245
published_frame=246
editbox_emit sequence=124 bytes=38 elapsed_us=2389 envelope=@J10000000002000000012430470|I422r700;
published_frame=247
published_frame=248
editbox_emit sequence=125 bytes=38 elapsed_us=2000 envelope=@J10000000002000000012507937|I422t700;
editbox_receipt monotonic_ns=564295457959501 received=124 consumed=121 revision=45
published_frame=249
published_frame=250
editbox_emit sequence=126 bytes=38 elapsed_us=2461 envelope=@J10000000002000000012650925|I422v700;
published_frame=251
editbox_receipt monotonic_ns=564295512715229 received=124 consumed=124 revision=46
published_frame=252
editbox_emit sequence=127 bytes=38 elapsed_us=2227 envelope=@J10000000002000000012728392|I422x700;
published_frame=253
published_frame=254
editbox_emit sequence=128 bytes=38 elapsed_us=1882 envelope=@J10000000002000000012805859|I422z700;
editbox_receipt monotonic_ns=564295559368098 received=127 consumed=127 revision=47
published_frame=255
published_frame=256
editbox_emit sequence=129 bytes=38 elapsed_us=2235 envelope=@J10000000002000000012948847|I422_700;
published_frame=257
published_frame=258
editbox_emit sequence=130 bytes=38 elapsed_us=2285 envelope=@J10000000002000000013031662|I422X800;
published_frame=259
published_frame=260
editbox_emit sequence=131 bytes=38 elapsed_us=2640 envelope=@J10000000002000000013109129|I422Z800;
published_frame=261
editbox_receipt monotonic_ns=564295681955564 received=130 consumed=130 revision=48
published_frame=262
editbox_emit sequence=132 bytes=38 elapsed_us=2317 envelope=@J10000000002000000013252117|I422b800;
published_frame=263
published_frame=264
editbox_emit sequence=133 bytes=38 elapsed_us=1915 envelope=@J10000000002000000013329584|I422d800;
published_frame=265
published_frame=266
editbox_emit sequence=134 bytes=38 elapsed_us=1984 envelope=@J10000000002000000013407051|I422f800;
published_frame=267
editbox_receipt monotonic_ns=564295780425443 received=133 consumed=133 revision=49
published_frame=268
editbox_emit sequence=135 bytes=38 elapsed_us=2021 envelope=@J10000000002000000013550039|I422h800;
published_frame=269
published_frame=270
editbox_emit sequence=136 bytes=38 elapsed_us=2025 envelope=@J10000000002000000013627506|I422j800;
published_frame=271
published_frame=272
editbox_emit sequence=137 bytes=38 elapsed_us=1975 envelope=@J10000000002000000013704973|I422l800;
published_frame=273
editbox_receipt monotonic_ns=564295875676348 received=136 consumed=136 revision=50
published_frame=274
editbox_emit sequence=138 bytes=38 elapsed_us=2402 envelope=@J10000000002000000013847961|I422n800;
published_frame=275
published_frame=276
editbox_emit sequence=139 bytes=38 elapsed_us=2955 envelope=@J10000000002000000013925428|I422p800;
published_frame=277
published_frame=278
editbox_emit sequence=140 bytes=38 elapsed_us=2688 envelope=@J10000000002000000014016112|I422r800;
published_frame=279
editbox_receipt monotonic_ns=564295972159252 received=139 consumed=139 revision=51
published_frame=280
editbox_emit sequence=141 bytes=38 elapsed_us=2712 envelope=@J10000000002000000014159100|I422t800;
published_frame=281
published_frame=282
editbox_emit sequence=142 bytes=38 elapsed_us=2256 envelope=@J10000000002000000014236567|I422v800;
published_frame=283
published_frame=284
editbox_emit sequence=143 bytes=38 elapsed_us=2068 envelope=@J10000000002000000014314034|I422x800;
published_frame=285
editbox_receipt monotonic_ns=564296081341470 received=142 consumed=142 revision=52
published_frame=286
editbox_emit sequence=144 bytes=38 elapsed_us=2222 envelope=@J10000000002000000014457022|I422z800;
published_frame=287
published_frame=288
editbox_emit sequence=145 bytes=38 elapsed_us=2510 envelope=@J10000000002000000014534489|I422_800;
published_frame=289
published_frame=290
editbox_emit sequence=146 bytes=38 elapsed_us=2235 envelope=@J10000000002000000014604087|I422X900;
editbox_receipt monotonic_ns=564296170498151 received=145 consumed=145 revision=53
published_frame=291
published_frame=292
editbox_emit sequence=147 bytes=38 elapsed_us=3121 envelope=@J10000000002000000014747075|I422Z900;
published_frame=293
published_frame=294
editbox_emit sequence=148 bytes=38 elapsed_us=2752 envelope=@J10000000002000000014824542|I422b900;
published_frame=295
published_frame=296
editbox_emit sequence=149 bytes=38 elapsed_us=2476 envelope=@J10000000002000000014902009|I422d900;
published_frame=297
editbox_receipt monotonic_ns=564296281094150 received=148 consumed=148 revision=54
published_frame=298
editbox_emit sequence=150 bytes=38 elapsed_us=2038 envelope=@J10000000002000000015058214|I422f900;
published_frame=299
published_frame=300
editbox_emit sequence=151 bytes=38 elapsed_us=2478 envelope=@J10000000002000000015135681|I422h900;
published_frame=301
published_frame=302
editbox_emit sequence=152 bytes=38 elapsed_us=2085 envelope=@J10000000002000000015213148|I422j900;
published_frame=303
published_frame=304
editbox_emit sequence=153 bytes=38 elapsed_us=2066 envelope=@J10000000002000000015356136|I422l900;
published_frame=305
published_frame=306
editbox_emit sequence=154 bytes=38 elapsed_us=1937 envelope=@J10000000002000000015433603|I422n900;
published_frame=307
published_frame=308
editbox_emit sequence=155 bytes=38 elapsed_us=1950 envelope=@J10000000002000000015511070|I422p900;
editbox_receipt monotonic_ns=564296457894627 received=151 consumed=151 revision=55
published_frame=309
published_frame=310
editbox_emit sequence=156 bytes=38 elapsed_us=2314 envelope=@J10000000002000000015654058|I422r900;
published_frame=311
editbox_receipt monotonic_ns=564296511693100 received=154 consumed=154 revision=56
published_frame=312
editbox_emit sequence=157 bytes=38 elapsed_us=1969 envelope=@J10000000002000000015731525|I422t900;
published_frame=313
published_frame=314
editbox_emit sequence=158 bytes=38 elapsed_us=2114 envelope=@J10000000002000000015808992|I422v900;
published_frame=315
published_frame=316
editbox_emit sequence=159 bytes=38 elapsed_us=2215 envelope=@J10000000002000000015951980|I422x900;
editbox_receipt monotonic_ns=564296592033455 received=157 consumed=157 revision=57
published_frame=317
published_frame=318
editbox_emit sequence=160 bytes=38 elapsed_us=2252 envelope=@J10000000002000000016042664|I422z900;
published_frame=319
published_frame=320
editbox_emit sequence=161 bytes=38 elapsed_us=2207 envelope=@J10000000002000000016120131|I422_900;
editbox_receipt monotonic_ns=564296669057855 received=160 consumed=160 revision=58
published_frame=321
published_frame=322
editbox_emit sequence=162 bytes=38 elapsed_us=2230 envelope=@J10000000002000000016255250|I422XA00;
published_frame=323
published_frame=324
editbox_emit sequence=163 bytes=38 elapsed_us=2724 envelope=@J10000000002000000016332717|I422ZA00;
published_frame=325
published_frame=326
editbox_emit sequence=164 bytes=38 elapsed_us=2007 envelope=@J10000000002000000016410184|I422bA00;
editbox_receipt monotonic_ns=564296764683472 received=163 consumed=163 revision=59
published_frame=327
published_frame=328
editbox_emit sequence=165 bytes=38 elapsed_us=1991 envelope=@J10000000002000000016553172|I422dA00;
published_frame=329
published_frame=330
editbox_emit sequence=166 bytes=38 elapsed_us=2085 envelope=@J10000000002000000016630639|I422fA00;
published_frame=331
published_frame=332
editbox_emit sequence=167 bytes=38 elapsed_us=1960 envelope=@J10000000002000000016708106|I422hA00;
published_frame=333
editbox_receipt monotonic_ns=564296885184658 received=166 consumed=166 revision=60
published_frame=334
editbox_emit sequence=168 bytes=38 elapsed_us=2580 envelope=@J10000000002000000016851094|I422jA00;
published_frame=335
published_frame=336
editbox_emit sequence=169 bytes=38 elapsed_us=2075 envelope=@J10000000002000000016928561|I422lA00;
published_frame=337
published_frame=338
editbox_emit sequence=170 bytes=38 elapsed_us=2128 envelope=@J10000000002000000017019245|I422nA00;
editbox_receipt monotonic_ns=564296964312921 received=169 consumed=169 revision=61
published_frame=339
published_frame=340
editbox_emit sequence=171 bytes=38 elapsed_us=2364 envelope=@J10000000002000000017162233|I422pA00;
published_frame=341
published_frame=342
editbox_emit sequence=172 bytes=38 elapsed_us=2033 envelope=@J10000000002000000017239700|I422rA00;
published_frame=343
published_frame=344
editbox_emit sequence=173 bytes=38 elapsed_us=2714 envelope=@J10000000002000000017317167|I422tA00;
editbox_receipt monotonic_ns=564297070322152 received=172 consumed=172 revision=62
published_frame=345
published_frame=346
editbox_emit sequence=174 bytes=38 elapsed_us=2029 envelope=@J10000000002000000017460155|I422vA00;
published_frame=347
published_frame=348
editbox_emit sequence=175 bytes=38 elapsed_us=2096 envelope=@J10000000002000000017537622|I422xA00;
published_frame=349
published_frame=350
editbox_emit sequence=176 bytes=38 elapsed_us=2505 envelope=@J10000000002000000017615089|I422zA00;
editbox_receipt monotonic_ns=564297160066374 received=175 consumed=175 revision=63
published_frame=351
published_frame=352
editbox_emit sequence=177 bytes=38 elapsed_us=2051 envelope=@J10000000002000000017758077|I422_A00;
published_frame=353
published_frame=354
editbox_emit sequence=178 bytes=38 elapsed_us=2628 envelope=@J10000000002000000017827675|I422XB00;
published_frame=355
published_frame=356
editbox_emit sequence=179 bytes=38 elapsed_us=2127 envelope=@J10000000002000000017905142|I422ZB00;
editbox_receipt monotonic_ns=564297259194347 received=178 consumed=178 revision=64
published_frame=357
published_frame=358
editbox_emit sequence=180 bytes=38 elapsed_us=2021 envelope=@J10000000002000000018061347|I422bB00;
published_frame=359
published_frame=360
editbox_emit sequence=181 bytes=38 elapsed_us=2202 envelope=@J10000000002000000018138814|I422dB00;
published_frame=361
published_frame=362
editbox_emit sequence=182 bytes=38 elapsed_us=2411 envelope=@J10000000002000000018216281|I422fB00;
published_frame=363
published_frame=364
editbox_emit sequence=183 bytes=38 elapsed_us=2166 envelope=@J10000000002000000018359269|I422hB00;
published_frame=365
published_frame=366
editbox_emit sequence=184 bytes=38 elapsed_us=2620 envelope=@J10000000002000000018436736|I422jB00;
published_frame=367
editbox_receipt monotonic_ns=564297444308647 received=181 consumed=181 revision=65
published_frame=368
editbox_emit sequence=185 bytes=38 elapsed_us=2097 envelope=@J10000000002000000018514203|I422lB00;
published_frame=369
published_frame=370
editbox_emit sequence=186 bytes=38 elapsed_us=2019 envelope=@J10000000002000000018657191|I422nB00;
published_frame=371
published_frame=372
editbox_emit sequence=187 bytes=38 elapsed_us=2870 envelope=@J10000000002000000018734658|I422pB00;
published_frame=373
published_frame=374
editbox_emit sequence=188 bytes=38 elapsed_us=2307 envelope=@J10000000002000000018812125|I422rB00;
published_frame=375
editbox_receipt monotonic_ns=564297584862741 received=185 consumed=185 revision=66
published_frame=376
editbox_emit sequence=189 bytes=38 elapsed_us=2034 envelope=@J10000000002000000018955113|I422tB00;
published_frame=377
published_frame=378
editbox_emit sequence=190 bytes=38 elapsed_us=2302 envelope=@J10000000002000000019045797|I422vB00;
editbox_receipt monotonic_ns=564297627756023 received=188 consumed=188 revision=67
published_frame=379
published_frame=380
editbox_emit sequence=191 bytes=38 elapsed_us=2284 envelope=@J10000000002000000019123264|I422xB00;
published_frame=381
published_frame=382
editbox_emit sequence=192 bytes=38 elapsed_us=2178 envelope=@J10000000002000000019200731|I422zB00;
editbox_receipt monotonic_ns=564297692402641 received=189 consumed=189 revision=68
published_frame=383
published_frame=384
editbox_emit sequence=193 bytes=38 elapsed_us=2088 envelope=@J10000000002000000019343719|I422_B00;
published_frame=385
published_frame=386
editbox_emit sequence=194 bytes=38 elapsed_us=2272 envelope=@J10000000002000000019413317|I422XC00;
published_frame=387
published_frame=388
editbox_emit sequence=195 bytes=38 elapsed_us=2129 envelope=@J10000000002000000019556305|I422ZC00;
published_frame=389
published_frame=390
editbox_emit sequence=196 bytes=38 elapsed_us=2180 envelope=@J10000000002000000019633772|I422bC00;
editbox_receipt monotonic_ns=564297836182662 received=195 consumed=193 revision=69
published_frame=391
published_frame=392
editbox_emit sequence=197 bytes=38 elapsed_us=2244 envelope=@J10000000002000000019711239|I422dC00;
published_frame=393
published_frame=394
editbox_emit sequence=198 bytes=38 elapsed_us=2040 envelope=@J10000000002000000019854227|I422fC00;
editbox_receipt monotonic_ns=564297892306154 received=197 consumed=197 revision=70
published_frame=395
published_frame=396
editbox_emit sequence=199 bytes=38 elapsed_us=2035 envelope=@J10000000002000000019931694|I422hC00;
published_frame=397
published_frame=398
editbox_emit sequence=200 bytes=38 elapsed_us=2079 envelope=@J10000000002000000020063795|I422jC00;
published_frame=399
published_frame=400
editbox_emit sequence=201 bytes=38 elapsed_us=2399 envelope=@J10000000002000000020141262|I422lC00;
published_frame=401
published_frame=402
editbox_emit sequence=202 bytes=38 elapsed_us=2388 envelope=@J10000000002000000020218729|I422nC00;
published_frame=403
published_frame=404
editbox_emit sequence=203 bytes=38 elapsed_us=2780 envelope=@J10000000002000000020361717|I422pC00;
editbox_receipt monotonic_ns=564298061035952 received=200 consumed=200 revision=71
published_frame=405
published_frame=406
editbox_emit sequence=204 bytes=38 elapsed_us=2236 envelope=@J10000000002000000020439184|I422rC00;
published_frame=407
published_frame=408
editbox_emit sequence=205 bytes=38 elapsed_us=2108 envelope=@J10000000002000000020516651|I422tC00;
editbox_receipt monotonic_ns=564298136293871 received=204 consumed=204 revision=72
published_frame=409
published_frame=410
editbox_emit sequence=206 bytes=38 elapsed_us=2092 envelope=@J10000000002000000020659639|I422vC00;
published_frame=411
published_frame=412
editbox_emit sequence=207 bytes=38 elapsed_us=2923 envelope=@J10000000002000000020737106|I422xC00;
editbox_receipt monotonic_ns=564298192555041 received=204 consumed=204 revision=73
published_frame=413
published_frame=414
editbox_emit sequence=208 bytes=38 elapsed_us=3035 envelope=@J10000000002000000020814573|I422zC00;
published_frame=415
published_frame=416
editbox_emit sequence=209 bytes=38 elapsed_us=2373 envelope=@J10000000002000000020957561|I422_C00;
published_frame=417
published_frame=418
editbox_emit sequence=210 bytes=38 elapsed_us=2604 envelope=@J10000000002000000021040376|I422XD00;
published_frame=419
editbox_receipt monotonic_ns=564298316104079 received=209 consumed=209 revision=74
published_frame=420
editbox_emit sequence=211 bytes=38 elapsed_us=1987 envelope=@J10000000002000000021117843|I422ZD00;
published_frame=421
published_frame=422
editbox_emit sequence=212 bytes=38 elapsed_us=2063 envelope=@J10000000002000000021260831|I422bD00;
published_frame=423
published_frame=424
editbox_emit sequence=213 bytes=38 elapsed_us=2000 envelope=@J10000000002000000021338298|I422dD00;
published_frame=425
published_frame=426
editbox_emit sequence=214 bytes=38 elapsed_us=2046 envelope=@J10000000002000000021415765|I422fD00;
published_frame=427
published_frame=428
editbox_emit sequence=215 bytes=38 elapsed_us=2006 envelope=@J10000000002000000021558753|I422hD00;
published_frame=429
editbox_receipt monotonic_ns=564298479935506 received=211 consumed=211 revision=75
published_frame=430
editbox_emit sequence=216 bytes=38 elapsed_us=2037 envelope=@J10000000002000000021636220|I422jD00;
published_frame=431
published_frame=432
editbox_emit sequence=217 bytes=38 elapsed_us=2038 envelope=@J10000000002000000021713687|I422lD00;
published_frame=433
editbox_receipt monotonic_ns=564298547530711 received=216 consumed=216 revision=76
published_frame=434
editbox_emit sequence=218 bytes=38 elapsed_us=2019 envelope=@J10000000002000000021856675|I422nD00;
published_frame=435
published_frame=436
editbox_emit sequence=219 bytes=38 elapsed_us=2161 envelope=@J10000000002000000021934142|I422pD00;
editbox_receipt monotonic_ns=564298591690527 received=216 consumed=216 revision=77
published_frame=437
published_frame=438
editbox_emit sequence=220 bytes=38 elapsed_us=2042 envelope=@J10000000002000000022024826|I422rD00;
published_frame=439
published_frame=440
editbox_emit sequence=221 bytes=38 elapsed_us=2009 envelope=@J10000000002000000022102293|I422tD00;
published_frame=441
published_frame=442
editbox_emit sequence=222 bytes=38 elapsed_us=1995 envelope=@J10000000002000000022245281|I422vD00;
published_frame=443
published_frame=444
editbox_emit sequence=223 bytes=38 elapsed_us=2150 envelope=@J10000000002000000022322748|I422xD00;
published_frame=445
published_frame=446
editbox_emit sequence=224 bytes=38 elapsed_us=2062 envelope=@J10000000002000000022400215|I422zD00;
editbox_receipt monotonic_ns=564298762688377 received=220 consumed=220 revision=78
published_frame=447
published_frame=448
editbox_emit sequence=225 bytes=38 elapsed_us=2191 envelope=@J10000000002000000022543203|I422_D00;
published_frame=449
published_frame=450
editbox_emit sequence=226 bytes=38 elapsed_us=2129 envelope=@J10000000002000000022612801|I422XE00;
editbox_receipt monotonic_ns=564298837061347 received=225 consumed=225 revision=79
published_frame=451
published_frame=452
editbox_emit sequence=227 bytes=38 elapsed_us=2354 envelope=@J10000000002000000022755789|I422ZE00;
published_frame=453
published_frame=454
editbox_emit sequence=228 bytes=38 elapsed_us=2569 envelope=@J10000000002000000022833256|I422bE00;
published_frame=455
editbox_receipt monotonic_ns=564298914136011 received=225 consumed=225 revision=80
published_frame=456
editbox_emit sequence=229 bytes=38 elapsed_us=2038 envelope=@J10000000002000000022910723|I422dE00;
published_frame=457
published_frame=458
editbox_emit sequence=230 bytes=38 elapsed_us=2634 envelope=@J10000000002000000023001407|I422fE00;
published_frame=459
published_frame=460
editbox_emit sequence=231 bytes=38 elapsed_us=2242 envelope=@J10000000002000000023144395|I422hE00;
editbox_receipt monotonic_ns=564299002650618 received=230 consumed=230 revision=81
published_frame=461
published_frame=462
editbox_emit sequence=232 bytes=38 elapsed_us=2257 envelope=@J10000000002000000023221862|I422jE00;
published_frame=463
published_frame=464
editbox_emit sequence=233 bytes=38 elapsed_us=1998 envelope=@J10000000002000000023364850|I422lE00;
published_frame=465
editbox_receipt monotonic_ns=564299082376212 received=232 consumed=232 revision=82
published_frame=466
editbox_emit sequence=234 bytes=38 elapsed_us=1974 envelope=@J10000000002000000023442317|I422nE00;
published_frame=467
published_frame=468
editbox_emit sequence=235 bytes=38 elapsed_us=2338 envelope=@J10000000002000000023519784|I422pE00;
published_frame=469
published_frame=470
editbox_emit sequence=236 bytes=38 elapsed_us=2059 envelope=@J10000000002000000023662772|I422rE00;
published_frame=471
published_frame=472
editbox_emit sequence=237 bytes=38 elapsed_us=2362 envelope=@J10000000002000000023740239|I422tE00;
published_frame=473
published_frame=474
editbox_emit sequence=238 bytes=38 elapsed_us=2099 envelope=@J10000000002000000023817706|I422vE00;
editbox_receipt monotonic_ns=564299225826124 received=237 consumed=236 revision=83
published_frame=475
published_frame=476
editbox_emit sequence=239 bytes=38 elapsed_us=2044 envelope=@J10000000002000000023960694|I422xE00;
published_frame=477
editbox_receipt monotonic_ns=564299279148375 received=238 consumed=238 revision=84
published_frame=478
editbox_emit sequence=240 bytes=38 elapsed_us=2026 envelope=@J10000000002000000024051378|I422zE00;
published_frame=479
published_frame=480
editbox_emit sequence=241 bytes=38 elapsed_us=2133 envelope=@J10000000002000000024128845|I422_E00;
published_frame=481
event mono_ns=564299344796000 frame=482 held=256 pressed=256 released=0
published_frame=482
editbox_emit sequence=242 bytes=50 elapsed_us=2950 envelope=@J10000000002000000024252441|I422XF0B040040000Fy0;
published_frame=483
published_frame=484
editbox_emit sequence=243 bytes=50 elapsed_us=3028 envelope=@J10000000002000000024358729|I422ZF9040Fy09040Fy0;
published_frame=485
published_frame=486
editbox_emit sequence=244 bytes=50 elapsed_us=2753 envelope=@J10000000002000000024422983|I422bF9040Fy09040Fy0;
published_frame=487
published_frame=488
editbox_emit sequence=245 bytes=50 elapsed_us=2686 envelope=@J10000000002000000024552758|I422dF9040Fy09040Fy0;
editbox_receipt monotonic_ns=564299469341185 received=241 consumed=241 revision=85
published_frame=489
published_frame=490
editbox_emit sequence=246 bytes=50 elapsed_us=2764 envelope=@J10000000002000000024617012|I422fF9040Fy09040Fy0;
published_frame=491
editbox_receipt monotonic_ns=564299513310774 received=245 consumed=245 revision=86
published_frame=492
editbox_emit sequence=247 bytes=50 elapsed_us=3382 envelope=@J10000000002000000024746787|I422hF9040Fy09040Fy0;
published_frame=493
published_frame=494
editbox_emit sequence=248 bytes=50 elapsed_us=2665 envelope=@J10000000002000000024811041|I422jF9040Fy09040Fy0;
published_frame=495
published_frame=496
editbox_emit sequence=249 bytes=50 elapsed_us=2804 envelope=@J10000000002000000024940816|I422lF9040Fy09040Fy0;
editbox_receipt monotonic_ns=564299601445440 received=247 consumed=247 revision=87
published_frame=497
published_frame=498
editbox_emit sequence=250 bytes=50 elapsed_us=2772 envelope=@J10000000002000000025060445|I422nF9040Fy09040Fy0;
published_frame=499
published_frame=500
editbox_emit sequence=251 bytes=50 elapsed_us=3211 envelope=@J10000000002000000025124699|I422pF9040Fy09040Fy0;
published_frame=501
published_frame=502
editbox_emit sequence=252 bytes=50 elapsed_us=2694 envelope=@J10000000002000000025254474|I422rF9040Fy09040Fy0;
event mono_ns=564299695114000 frame=503 held=768 pressed=512 released=0
published_frame=503
editbox_receipt monotonic_ns=564299713354760 received=251 consumed=251 revision=88
published_frame=504
editbox_emit sequence=253 bytes=56 elapsed_us=3550 envelope=@J10000000002000000025348669|I422tFB0C0080000F__90C0F__;
published_frame=505
published_frame=506
editbox_emit sequence=254 bytes=50 elapsed_us=3130 envelope=@J10000000002000000025437590|I422vF90C0F__90C0F__;
published_frame=507
published_frame=508
editbox_emit sequence=255 bytes=50 elapsed_us=3198 envelope=@J10000000002000000025501844|I422xF90C0F__90C0F__;
published_frame=509
published_frame=510
editbox_emit sequence=256 bytes=50 elapsed_us=2945 envelope=@J10000000002000000025631619|I422zF90C0F__90C0F__;
published_frame=511
editbox_receipt monotonic_ns=564299848866823 received=253 consumed=253 revision=89
published_frame=512
editbox_emit sequence=257 bytes=50 elapsed_us=3007 envelope=@J10000000002000000025761394|I422_F90C0F__90C0F__;
published_frame=513
published_frame=514
editbox_emit sequence=258 bytes=50 elapsed_us=3547 envelope=@J10000000002000000025846863|I422XG90C0F__90C0F__;
published_frame=515
published_frame=516
editbox_emit sequence=259 bytes=50 elapsed_us=3173 envelope=@J10000000002000000025911117|I422ZG90C0F__90C0F__;
published_frame=517
editbox_receipt monotonic_ns=564299948968911 received=258 consumed=258 revision=90
published_frame=518
editbox_emit sequence=260 bytes=50 elapsed_us=3400 envelope=@J10000000002000000026030746|I422bG90C0F__90C0F__;
published_frame=519
published_frame=520
editbox_emit sequence=261 bytes=50 elapsed_us=3298 envelope=@J10000000002000000026160521|I422dG90C0F__90C0F__;
published_frame=521
editbox_receipt monotonic_ns=564300014267842 received=258 consumed=258 revision=91
published_frame=522
editbox_emit sequence=262 bytes=50 elapsed_us=3276 envelope=@J10000000002000000026224775|I422fG90C0F__90C0F__;
published_frame=523
event mono_ns=564300045310000 frame=524 held=512 pressed=0 released=256
published_frame=524
editbox_emit sequence=263 bytes=56 elapsed_us=3995 envelope=@J10000000002000000026313867|I422hG90C0F__B08000004003_;
published_frame=525
published_frame=526
editbox_emit sequence=264 bytes=50 elapsed_us=2542 envelope=@J10000000002000000026421644|I422jG908003_908003_;
published_frame=527
published_frame=528
editbox_emit sequence=265 bytes=50 elapsed_us=3341 envelope=@J10000000002000000026551419|I422lG908003_908003_;
published_frame=529
editbox_receipt monotonic_ns=564300151438584 received=265 consumed=264 revision=92
published_frame=530
editbox_emit sequence=266 bytes=50 elapsed_us=2746 envelope=@J10000000002000000026615673|I422nG908003_908003_;
published_frame=531
published_frame=532
editbox_emit sequence=267 bytes=50 elapsed_us=3071 envelope=@J10000000002000000026745448|I422pG908003_908003_;
published_frame=533
editbox_receipt monotonic_ns=564300215385170 received=265 consumed=265 revision=93
published_frame=534
editbox_emit sequence=268 bytes=50 elapsed_us=3315 envelope=@J10000000002000000026809702|I422rG908003_908003_;
published_frame=535
published_frame=536
editbox_emit sequence=269 bytes=50 elapsed_us=3077 envelope=@J10000000002000000026939477|I422tG908003_908003_;
published_frame=537
published_frame=538
editbox_emit sequence=270 bytes=50 elapsed_us=2902 envelope=@J10000000002000000027059106|I422vG908003_908003_;
published_frame=539
published_frame=540
editbox_emit sequence=271 bytes=50 elapsed_us=3315 envelope=@J10000000002000000027123360|I422xG908003_908003_;
editbox_receipt monotonic_ns=564300326709644 received=269 consumed=269 revision=94
published_frame=541
published_frame=542
editbox_emit sequence=272 bytes=50 elapsed_us=2759 envelope=@J10000000002000000027253135|I422zG908003_908003_;
published_frame=543
published_frame=544
editbox_emit sequence=273 bytes=50 elapsed_us=3013 envelope=@J10000000002000000027317389|I422_G908003_908003_;
event mono_ns=564300395630000 frame=545 held=0 pressed=0 released=512
published_frame=545
published_frame=546
editbox_emit sequence=274 bytes=44 elapsed_us=2521 envelope=@J10000000002000000027406985|I422XH20000800;
published_frame=547
published_frame=548
editbox_emit sequence=275 bytes=38 elapsed_us=1984 envelope=@J10000000002000000027565019|I422ZH00;
published_frame=549
editbox_receipt monotonic_ns=564300479170557 received=271 consumed=271 revision=95
published_frame=550
editbox_emit sequence=276 bytes=38 elapsed_us=2098 envelope=@J10000000002000000027642486|I422bH00;
published_frame=551
published_frame=552
editbox_emit sequence=277 bytes=38 elapsed_us=2104 envelope=@J10000000002000000027719953|I422dH00;
published_frame=553
published_frame=554
editbox_emit sequence=278 bytes=38 elapsed_us=2554 envelope=@J10000000002000000027862941|I422fH00;
published_frame=555
published_frame=556
editbox_emit sequence=279 bytes=38 elapsed_us=2218 envelope=@J10000000002000000027940408|I422hH00;
published_frame=557
published_frame=558
editbox_emit sequence=280 bytes=38 elapsed_us=2011 envelope=@J10000000002000000028031092|I422jH00;
editbox_receipt monotonic_ns=564300630957617 received=279 consumed=276 revision=96
published_frame=559
published_frame=560
editbox_emit sequence=281 bytes=38 elapsed_us=2018 envelope=@J10000000002000000028108559|I422lH00;
editbox_receipt monotonic_ns=564300663229860 received=279 consumed=279 revision=97
published_frame=561
published_frame=562
editbox_emit sequence=282 bytes=38 elapsed_us=2146 envelope=@J10000000002000000028251547|I422nH00;
published_frame=563
published_frame=564
editbox_emit sequence=283 bytes=38 elapsed_us=1996 envelope=@J10000000002000000028329014|I422pH00;
published_frame=565
editbox_receipt monotonic_ns=564300738212843 received=282 consumed=280 revision=98
published_frame=566
editbox_emit sequence=284 bytes=38 elapsed_us=2085 envelope=@J10000000002000000028406481|I422rH00;
published_frame=567
published_frame=568
editbox_emit sequence=285 bytes=38 elapsed_us=2283 envelope=@J10000000002000000028549469|I422tH00;
published_frame=569
published_frame=570
editbox_emit sequence=286 bytes=38 elapsed_us=2339 envelope=@J10000000002000000028626936|I422vH00;
editbox_receipt monotonic_ns=564300826553054 received=285 consumed=283 revision=99
published_frame=571
published_frame=572
editbox_emit sequence=287 bytes=38 elapsed_us=2490 envelope=@J10000000002000000028704403|I422xH00;
published_frame=573
published_frame=574
editbox_emit sequence=288 bytes=38 elapsed_us=2536 envelope=@J10000000002000000028847391|I422zH00;
editbox_receipt monotonic_ns=564300895478202 received=287 consumed=287 revision=100
published_frame=575
published_frame=576
editbox_emit sequence=289 bytes=38 elapsed_us=2459 envelope=@J10000000002000000028924858|I422_H00;
published_frame=577
published_frame=578
editbox_emit sequence=290 bytes=38 elapsed_us=2686 envelope=@J10000000002000000029007673|I422XI00;
published_frame=579
published_frame=580
editbox_emit sequence=291 bytes=38 elapsed_us=2082 envelope=@J10000000002000000029150661|I422ZI00;
published_frame=581
control sequence=1 state=PREPARE frame=582 epoch_ns=564301014947233
editbox_emit sequence=292 bytes=37 elapsed_us=2076 envelope=@J10000000002000000029237618|I412bI0;
input_armed=true gameplay_armed=false mono_ns=564301018839669
editbox_emit sequence=293 bytes=48 elapsed_us=3418 envelope=@J10000000002000000029311653|ACK1|1|PREPARE|582;
editbox_receipt monotonic_ns=564301030275806 received=289 consumed=289 revision=101
editbox_receipt monotonic_ns=564301116135988 received=293 consumed=293 revision=102
editbox_receipt monotonic_ns=564301179510111 received=293 consumed=293 revision=103
control sequence=2 state=PAUSE_COMMIT target=582 frontier=582 epoch_ns=564301265825226
input_armed=true gameplay_armed=true mono_ns=564301266022516
control sequence=2 state=PAUSE frame=582 epoch_ns=564301265825226
editbox_emit sequence=294 bytes=46 elapsed_us=3577 envelope=@J10000000002000000029444332|ACK1|2|PAUSE|582;
input_armed=true gameplay_armed=false mono_ns=564301271280642
editbox_receipt monotonic_ns=564301309384586 received=294 consumed=294 revision=104
editbox_receipt monotonic_ns=564301428581737 received=294 consumed=294 revision=105
editbox_receipt monotonic_ns=564301460140594 received=294 consumed=294 revision=106
editbox_receipt monotonic_ns=564301557756762 received=294 consumed=294 revision=107
editbox_receipt monotonic_ns=564301666399970 received=294 consumed=294 revision=108
editbox_receipt monotonic_ns=564301762608319 received=294 consumed=294 revision=109
editbox_receipt monotonic_ns=564301859953540 received=294 consumed=294 revision=110
editbox_receipt monotonic_ns=564301957883546 received=294 consumed=294 revision=111
editbox_receipt monotonic_ns=564302067358444 received=294 consumed=294 revision=112
editbox_receipt monotonic_ns=564302165891230 received=294 consumed=294 revision=113
editbox_receipt monotonic_ns=564302264155944 received=294 consumed=294 revision=114
editbox_receipt monotonic_ns=564302449325228 received=294 consumed=294 revision=115
editbox_receipt monotonic_ns=564302482443106 received=294 consumed=294 revision=116
editbox_receipt monotonic_ns=564302567334172 received=294 consumed=294 revision=117
editbox_receipt monotonic_ns=564302665247447 received=294 consumed=294 revision=118
editbox_receipt monotonic_ns=564302763513032 received=294 consumed=294 revision=119
editbox_receipt monotonic_ns=564302863995273 received=294 consumed=294 revision=120
editbox_receipt monotonic_ns=564302963404142 received=294 consumed=294 revision=121
editbox_receipt monotonic_ns=564303062818491 received=294 consumed=294 revision=122
editbox_receipt monotonic_ns=564303158499402 received=294 consumed=294 revision=123
editbox_receipt monotonic_ns=564303257213879 received=294 consumed=294 revision=124
editbox_receipt monotonic_ns=564303418964094 received=294 consumed=294 revision=125
editbox_receipt monotonic_ns=564303460973900 received=294 consumed=294 revision=126
editbox_receipt monotonic_ns=564303558606048 received=294 consumed=294 revision=127
editbox_receipt monotonic_ns=564303656852879 received=294 consumed=294 revision=128
editbox_receipt monotonic_ns=564303764300045 received=294 consumed=294 revision=129
editbox_receipt monotonic_ns=564303865384625 received=294 consumed=294 revision=130
editbox_receipt monotonic_ns=564303965169458 received=294 consumed=294 revision=131
editbox_receipt monotonic_ns=564304061640951 received=294 consumed=294 revision=132
editbox_receipt monotonic_ns=564304168754802 received=294 consumed=294 revision=133
editbox_receipt monotonic_ns=564304268799172 received=294 consumed=294 revision=134
editbox_receipt monotonic_ns=564304425240597 received=294 consumed=294 revision=135
editbox_receipt monotonic_ns=564304457242904 received=294 consumed=294 revision=136
editbox_receipt monotonic_ns=564304555573782 received=294 consumed=294 revision=137
editbox_receipt monotonic_ns=564304653422656 received=294 consumed=294 revision=138
editbox_receipt monotonic_ns=564304760840748 received=294 consumed=294 revision=139
editbox_receipt monotonic_ns=564304883588805 received=294 consumed=294 revision=140
editbox_receipt monotonic_ns=564304992557833 received=294 consumed=294 revision=141
editbox_receipt monotonic_ns=564305082711192 received=294 consumed=294 revision=142
editbox_receipt monotonic_ns=564305191863404 received=294 consumed=294 revision=143
editbox_receipt monotonic_ns=564305290403514 received=294 consumed=294 revision=144
editbox_receipt monotonic_ns=564305429060802 received=294 consumed=294 revision=145
editbox_receipt monotonic_ns=564305484321576 received=294 consumed=294 revision=146
editbox_receipt monotonic_ns=564305582913153 received=294 consumed=294 revision=147
editbox_receipt monotonic_ns=564305679961477 received=294 consumed=294 revision=148
editbox_receipt monotonic_ns=564305788648757 received=294 consumed=294 revision=149
editbox_receipt monotonic_ns=564305886680814 received=294 consumed=294 revision=150
editbox_receipt monotonic_ns=564305985394991 received=294 consumed=294 revision=151
editbox_receipt monotonic_ns=564306085633004 received=294 consumed=294 revision=152
editbox_receipt monotonic_ns=564306183419031 received=294 consumed=294 revision=153
control sequence=3 state=RESUME frame=582 epoch_ns=564306321295481 read_ns=564306321884019 uncertainty_ns=1100511 timestamp_resolution_ns=1000000
input_armed=true gameplay_armed=true mono_ns=564306321854243
editbox_emit sequence=295 bytes=47 elapsed_us=3264 envelope=@J10000000002000000029512821|ACK1|3|RESUME|582;
editbox_receipt monotonic_ns=564306326936279 received=294 consumed=294 revision=154
published_frame=582
published_frame=583
editbox_emit sequence=296 bytes=38 elapsed_us=2136 envelope=@J10000000002000000029641250|I422cI00;
published_frame=584
published_frame=585
editbox_emit sequence=297 bytes=38 elapsed_us=2182 envelope=@J10000000002000000029718717|I422eI00;
published_frame=586
published_frame=587
editbox_emit sequence=298 bytes=38 elapsed_us=2466 envelope=@J10000000002000000029861705|I422gI00;
published_frame=588
published_frame=589
editbox_emit sequence=299 bytes=38 elapsed_us=2544 envelope=@J10000000002000000029939172|I422iI00;
editbox_receipt monotonic_ns=564306460275148 received=298 consumed=295 revision=155
published_frame=590
editbox_receipt monotonic_ns=564306481107768 received=298 consumed=295 revision=156
published_frame=591
editbox_emit sequence=300 bytes=38 elapsed_us=2207 envelope=@J10000000002000000030005752|I422kI00;
published_frame=592
published_frame=593
editbox_emit sequence=301 bytes=38 elapsed_us=2304 envelope=@J10000000002000000030148740|I422mI00;
published_frame=594
published_frame=595
editbox_emit sequence=302 bytes=38 elapsed_us=2125 envelope=@J10000000002000000030226207|I422oI00;
published_frame=596
editbox_receipt monotonic_ns=564306583757422 received=301 consumed=297 revision=157
published_frame=597
editbox_emit sequence=303 bytes=38 elapsed_us=2104 envelope=@J10000000002000000030303674|I422qI00;
published_frame=598
published_frame=599
editbox_emit sequence=304 bytes=38 elapsed_us=2154 envelope=@J10000000002000000030446662|I422sI00;
published_frame=600
published_frame=601
editbox_emit sequence=305 bytes=38 elapsed_us=2447 envelope=@J10000000002000000030524129|I422uI00;
published_frame=602
published_frame=603
editbox_emit sequence=306 bytes=38 elapsed_us=2314 envelope=@J10000000002000000030601596|I422wI00;
editbox_receipt monotonic_ns=564306694599061 received=305 consumed=303 revision=158
published_frame=604
published_frame=605
editbox_emit sequence=307 bytes=38 elapsed_us=2280 envelope=@J10000000002000000030744584|I422yI00;
published_frame=606
published_frame=607
editbox_emit sequence=308 bytes=38 elapsed_us=2096 envelope=@J10000000002000000030822051|I422-I00;
published_frame=608
published_frame=609
editbox_emit sequence=309 bytes=38 elapsed_us=2264 envelope=@J10000000002000000030957170|I422WJ00;
editbox_receipt monotonic_ns=564306803405033 received=307 consumed=307 revision=159
published_frame=610
published_frame=611
editbox_emit sequence=310 bytes=38 elapsed_us=2381 envelope=@J10000000002000000031047854|I422YJ00;
published_frame=612
published_frame=613
editbox_emit sequence=311 bytes=38 elapsed_us=2066 envelope=@J10000000002000000031125321|I422aJ00;
published_frame=614
published_frame=615
editbox_emit sequence=312 bytes=38 elapsed_us=2644 envelope=@J10000000002000000031202788|I422cJ00;
editbox_receipt monotonic_ns=564306897941328 received=311 consumed=310 revision=160
published_frame=616
published_frame=617
editbox_emit sequence=313 bytes=38 elapsed_us=2247 envelope=@J10000000002000000031345776|I422eJ00;
published_frame=618
published_frame=619
editbox_emit sequence=314 bytes=38 elapsed_us=2599 envelope=@J10000000002000000031423243|I422gJ00;
published_frame=620
published_frame=621
editbox_emit sequence=315 bytes=38 elapsed_us=2061 envelope=@J10000000002000000031500710|I422iJ00;
published_frame=622
editbox_receipt monotonic_ns=564307008864800 received=314 consumed=314 revision=161
published_frame=623
editbox_emit sequence=316 bytes=38 elapsed_us=2085 envelope=@J10000000002000000031643698|I422kJ00;
published_frame=624
published_frame=625
editbox_emit sequence=317 bytes=38 elapsed_us=1976 envelope=@J10000000002000000031721165|I422mJ00;
published_frame=626
published_frame=627
editbox_emit sequence=318 bytes=38 elapsed_us=2428 envelope=@J10000000002000000031864153|I422oJ00;
published_frame=628
editbox_receipt monotonic_ns=564307109426800 received=317 consumed=317 revision=162
published_frame=629
editbox_emit sequence=319 bytes=38 elapsed_us=2707 envelope=@J10000000002000000031941620|I422qJ00;
published_frame=630
published_frame=631
editbox_emit sequence=320 bytes=38 elapsed_us=1988 envelope=@J10000000002000000032032304|I422sJ00;
published_frame=632
published_frame=633
editbox_emit sequence=321 bytes=38 elapsed_us=2223 envelope=@J10000000002000000032109771|I422uJ00;
published_frame=634
editbox_receipt monotonic_ns=564307207223838 received=320 consumed=320 revision=163
published_frame=635
editbox_emit sequence=322 bytes=38 elapsed_us=2276 envelope=@J10000000002000000032252759|I422wJ00;
published_frame=636
published_frame=637
editbox_emit sequence=323 bytes=38 elapsed_us=2536 envelope=@J10000000002000000032330226|I422yJ00;
published_frame=638
published_frame=639
editbox_emit sequence=324 bytes=38 elapsed_us=2749 envelope=@J10000000002000000032407693|I422-J00;
editbox_receipt monotonic_ns=564307294613126 received=323 consumed=323 revision=164
published_frame=640
published_frame=641
editbox_emit sequence=325 bytes=38 elapsed_us=2430 envelope=@J10000000002000000032542812|I422WK00;
published_frame=642
published_frame=643
editbox_emit sequence=326 bytes=38 elapsed_us=2169 envelope=@J10000000002000000032620279|I422YK00;
published_frame=644
published_frame=645
editbox_emit sequence=327 bytes=38 elapsed_us=2226 envelope=@J10000000002000000032763267|I422aK00;
published_frame=646
published_frame=647
editbox_emit sequence=328 bytes=38 elapsed_us=2134 envelope=@J10000000002000000032840734|I422cK00;
published_frame=648
published_frame=649
editbox_emit sequence=329 bytes=38 elapsed_us=2046 envelope=@J10000000002000000032918201|I422eK00;
editbox_receipt monotonic_ns=564307469189634 received=328 consumed=326 revision=165
published_frame=650
published_frame=651
editbox_emit sequence=330 bytes=38 elapsed_us=2019 envelope=@J10000000002000000033008885|I422gK00;
published_frame=652
published_frame=653
editbox_emit sequence=331 bytes=38 elapsed_us=2140 envelope=@J10000000002000000033151873|I422iK00;
editbox_receipt monotonic_ns=564307535642286 received=328 consumed=328 revision=166
published_frame=654
published_frame=655
editbox_emit sequence=332 bytes=38 elapsed_us=2240 envelope=@J10000000002000000033229340|I422kK00;
published_frame=656
published_frame=657
editbox_emit sequence=333 bytes=38 elapsed_us=2057 envelope=@J10000000002000000033306807|I422mK00;
editbox_receipt monotonic_ns=564307602653638 received=332 consumed=332 revision=167
published_frame=658
published_frame=659
editbox_emit sequence=334 bytes=38 elapsed_us=2037 envelope=@J10000000002000000033449795|I422oK00;
published_frame=660
published_frame=661
editbox_emit sequence=335 bytes=38 elapsed_us=1999 envelope=@J10000000002000000033527262|I422qK00;
published_frame=662
published_frame=663
editbox_emit sequence=336 bytes=38 elapsed_us=2002 envelope=@J10000000002000000033604729|I422sK00;
published_frame=664
editbox_receipt monotonic_ns=564307714672583 received=335 consumed=335 revision=168
published_frame=665
editbox_emit sequence=337 bytes=38 elapsed_us=2194 envelope=@J10000000002000000033747717|I422uK00;
published_frame=666
published_frame=667
editbox_emit sequence=338 bytes=38 elapsed_us=2404 envelope=@J10000000002000000033825184|I422wK00;
published_frame=668
published_frame=669
editbox_emit sequence=339 bytes=38 elapsed_us=1997 envelope=@J10000000002000000033902651|I422yK00;
editbox_receipt monotonic_ns=564307792811291 received=338 consumed=338 revision=169
published_frame=670
published_frame=671
editbox_emit sequence=340 bytes=38 elapsed_us=2459 envelope=@J10000000002000000034058856|I422-K00;
published_frame=672
published_frame=673
editbox_emit sequence=341 bytes=38 elapsed_us=2111 envelope=@J10000000002000000034128454|I422WL00;
published_frame=674
published_frame=675
editbox_emit sequence=342 bytes=38 elapsed_us=2186 envelope=@J10000000002000000034205921|I422YL00;
editbox_receipt monotonic_ns=564307902814789 received=341 consumed=341 revision=170
published_frame=676
published_frame=677
editbox_emit sequence=343 bytes=38 elapsed_us=2224 envelope=@J10000000002000000034348909|I422aL00;
published_frame=678
published_frame=679
editbox_emit sequence=344 bytes=38 elapsed_us=2171 envelope=@J10000000002000000034426376|I422cL00;
published_frame=680
published_frame=681
editbox_emit sequence=345 bytes=38 elapsed_us=2275 envelope=@J10000000002000000034503843|I422eL00;
editbox_receipt monotonic_ns=564307993258483 received=344 consumed=344 revision=171
published_frame=682
published_frame=683
editbox_emit sequence=346 bytes=38 elapsed_us=2581 envelope=@J10000000002000000034646831|I422gL00;
published_frame=684
published_frame=685
editbox_emit sequence=347 bytes=38 elapsed_us=2035 envelope=@J10000000002000000034724298|I422iL00;
published_frame=686
published_frame=687
editbox_emit sequence=348 bytes=38 elapsed_us=2988 envelope=@J10000000002000000034801765|I422kL00;
editbox_receipt monotonic_ns=564308093788203 received=347 consumed=347 revision=172
published_frame=688
published_frame=689
editbox_emit sequence=349 bytes=38 elapsed_us=2615 envelope=@J10000000002000000034944753|I422mL00;
published_frame=690
published_frame=691
editbox_emit sequence=350 bytes=38 elapsed_us=2157 envelope=@J10000000002000000035035437|I422oL00;
published_frame=692
published_frame=693
editbox_emit sequence=351 bytes=38 elapsed_us=2836 envelope=@J10000000002000000035112904|I422qL00;
editbox_receipt monotonic_ns=564308193458080 received=350 consumed=350 revision=173
published_frame=694
published_frame=695
editbox_emit sequence=352 bytes=38 elapsed_us=2408 envelope=@J10000000002000000035255892|I422sL00;
published_frame=696
published_frame=697
editbox_emit sequence=353 bytes=38 elapsed_us=2074 envelope=@J10000000002000000035333359|I422uL00;
published_frame=698
published_frame=699
editbox_emit sequence=354 bytes=38 elapsed_us=2097 envelope=@J10000000002000000035410826|I422wL00;
editbox_receipt monotonic_ns=564308302955379 received=353 consumed=353 revision=174
published_frame=700
published_frame=701
editbox_emit sequence=355 bytes=38 elapsed_us=2403 envelope=@J10000000002000000035553814|I422yL00;
published_frame=702
published_frame=703
editbox_emit sequence=356 bytes=38 elapsed_us=2449 envelope=@J10000000002000000035631281|I422-L00;
published_frame=704
published_frame=705
editbox_emit sequence=357 bytes=38 elapsed_us=2373 envelope=@J10000000002000000035700879|I422WM00;
published_frame=706
published_frame=707
editbox_emit sequence=358 bytes=38 elapsed_us=2493 envelope=@J10000000002000000035843867|I422YM00;
published_frame=708
published_frame=709
editbox_emit sequence=359 bytes=38 elapsed_us=2499 envelope=@J10000000002000000035921334|I422aM00;
editbox_receipt monotonic_ns=564308470032300 received=358 consumed=356 revision=175
published_frame=710
published_frame=711
editbox_emit sequence=360 bytes=38 elapsed_us=2200 envelope=@J10000000002000000036012018|I422cM00;
published_frame=712
published_frame=713
editbox_emit sequence=361 bytes=38 elapsed_us=1954 envelope=@J10000000002000000036155006|I422eM00;
editbox_receipt monotonic_ns=564308525228493 received=358 consumed=358 revision=176
published_frame=714
published_frame=715
editbox_emit sequence=362 bytes=38 elapsed_us=2077 envelope=@J10000000002000000036232473|I422gM00;
published_frame=716
published_frame=717
editbox_emit sequence=363 bytes=38 elapsed_us=2270 envelope=@J10000000002000000036309940|I422iM00;
editbox_receipt monotonic_ns=564308593117539 received=361 consumed=361 revision=177
published_frame=718
published_frame=719
editbox_emit sequence=364 bytes=38 elapsed_us=2262 envelope=@J10000000002000000036452928|I422kM00;
published_frame=720
published_frame=721
editbox_emit sequence=365 bytes=38 elapsed_us=2531 envelope=@J10000000002000000036530395|I422mM00;
published_frame=722
published_frame=723
editbox_emit sequence=366 bytes=38 elapsed_us=2361 envelope=@J10000000002000000036607862|I422oM00;
editbox_receipt monotonic_ns=564308693023049 received=365 consumed=365 revision=178
published_frame=724
published_frame=725
editbox_emit sequence=367 bytes=38 elapsed_us=2158 envelope=@J10000000002000000036750850|I422qM00;
published_frame=726
published_frame=727
editbox_emit sequence=368 bytes=38 elapsed_us=2211 envelope=@J10000000002000000036828317|I422sM00;
published_frame=728
published_frame=729
editbox_emit sequence=369 bytes=38 elapsed_us=2349 envelope=@J10000000002000000036905784|I422uM00;
editbox_receipt monotonic_ns=564308793295165 received=368 consumed=368 revision=179
published_frame=730
published_frame=731
editbox_emit sequence=370 bytes=38 elapsed_us=2144 envelope=@J10000000002000000037061989|I422wM00;
published_frame=732
published_frame=733
editbox_emit sequence=371 bytes=38 elapsed_us=1967 envelope=@J10000000002000000037139456|I422yM00;
published_frame=734
published_frame=735
editbox_emit sequence=372 bytes=38 elapsed_us=2202 envelope=@J10000000002000000037216923|I422-M00;
editbox_receipt monotonic_ns=564308895024022 received=371 consumed=371 revision=180
published_frame=736
published_frame=737
editbox_emit sequence=373 bytes=38 elapsed_us=2828 envelope=@J10000000002000000037352042|I422WN00;
published_frame=738
published_frame=739
editbox_emit sequence=374 bytes=38 elapsed_us=2686 envelope=@J10000000002000000037429509|I422YN00;
published_frame=740
published_frame=741
editbox_emit sequence=375 bytes=38 elapsed_us=2367 envelope=@J10000000002000000037506976|I422aN00;
editbox_receipt monotonic_ns=564308994916567 received=374 consumed=374 revision=181
published_frame=742
published_frame=743
editbox_emit sequence=376 bytes=38 elapsed_us=2088 envelope=@J10000000002000000037649964|I422cN00;
published_frame=744
published_frame=745
editbox_emit sequence=377 bytes=38 elapsed_us=2113 envelope=@J10000000002000000037727431|I422eN00;
published_frame=746
published_frame=747
editbox_emit sequence=378 bytes=38 elapsed_us=2032 envelope=@J10000000002000000037804898|I422gN00;
editbox_receipt monotonic_ns=564309092643453 received=377 consumed=377 revision=182
published_frame=748
published_frame=749
editbox_emit sequence=379 bytes=38 elapsed_us=2141 envelope=@J10000000002000000037947886|I422iN00;
published_frame=750
published_frame=751
editbox_emit sequence=380 bytes=38 elapsed_us=2116 envelope=@J10000000002000000038038570|I422kN00;
published_frame=752
published_frame=753
editbox_emit sequence=381 bytes=38 elapsed_us=2112 envelope=@J10000000002000000038116037|I422mN00;
editbox_receipt monotonic_ns=564309192843375 received=380 consumed=380 revision=183
published_frame=754
published_frame=755
editbox_emit sequence=382 bytes=38 elapsed_us=2267 envelope=@J10000000002000000038259025|I422oN00;
published_frame=756
published_frame=757
editbox_emit sequence=383 bytes=38 elapsed_us=2161 envelope=@J10000000002000000038336492|I422qN00;
published_frame=758
published_frame=759
editbox_emit sequence=384 bytes=38 elapsed_us=2231 envelope=@J10000000002000000038413959|I422sN00;
editbox_receipt monotonic_ns=564309304662075 received=383 consumed=383 revision=184
published_frame=760
published_frame=761
editbox_emit sequence=385 bytes=38 elapsed_us=2255 envelope=@J10000000002000000038556947|I422uN00;
published_frame=762
published_frame=763
editbox_emit sequence=386 bytes=38 elapsed_us=1941 envelope=@J10000000002000000038634414|I422wN00;
published_frame=764
published_frame=765
editbox_emit sequence=387 bytes=38 elapsed_us=2065 envelope=@J10000000002000000038711881|I422yN00;
published_frame=766
published_frame=767
editbox_emit sequence=388 bytes=38 elapsed_us=2209 envelope=@J10000000002000000038854869|I422-N00;
published_frame=768
published_frame=769
editbox_emit sequence=389 bytes=38 elapsed_us=2527 envelope=@J10000000002000000038924467|I422WO00;
published_frame=770
editbox_receipt monotonic_ns=564309473879558 received=388 consumed=386 revision=185
published_frame=771
editbox_emit sequence=390 bytes=38 elapsed_us=2319 envelope=@J10000000002000000039015151|I422YO00;
published_frame=772
published_frame=773
editbox_emit sequence=391 bytes=38 elapsed_us=2125 envelope=@J10000000002000000039158139|I422aO00;
editbox_receipt monotonic_ns=564309528649853 received=388 consumed=388 revision=186
published_frame=774
published_frame=775
editbox_emit sequence=392 bytes=38 elapsed_us=2911 envelope=@J10000000002000000039235606|I422cO00;
published_frame=776
published_frame=777
editbox_emit sequence=393 bytes=38 elapsed_us=2052 envelope=@J10000000002000000039313073|I422eO00;
editbox_receipt monotonic_ns=564309602474674 received=392 consumed=392 revision=187
published_frame=778
published_frame=779
editbox_emit sequence=394 bytes=38 elapsed_us=2036 envelope=@J10000000002000000039456061|I422gO00;
published_frame=780
published_frame=781
editbox_emit sequence=395 bytes=38 elapsed_us=2249 envelope=@J10000000002000000039533528|I422iO00;
published_frame=782
published_frame=783
editbox_emit sequence=396 bytes=38 elapsed_us=2490 envelope=@J10000000002000000039610995|I422kO00;
published_frame=784
editbox_receipt monotonic_ns=564309711350588 received=394 consumed=394 revision=188
published_frame=785
editbox_emit sequence=397 bytes=38 elapsed_us=2101 envelope=@J10000000002000000039753983|I422mO00;
published_frame=786
published_frame=787
editbox_emit sequence=398 bytes=38 elapsed_us=2106 envelope=@J10000000002000000039831450|I422oO00;
published_frame=788
published_frame=789
editbox_emit sequence=399 bytes=38 elapsed_us=2224 envelope=@J10000000002000000039908917|I422qO00;
published_frame=790
editbox_receipt monotonic_ns=564309806018339 received=398 consumed=398 revision=189
published_frame=791
editbox_emit sequence=400 bytes=38 elapsed_us=2143 envelope=@J10000000002000000040041018|I422sO00;
published_frame=792
published_frame=793
editbox_emit sequence=401 bytes=38 elapsed_us=2691 envelope=@J10000000002000000040118485|I422uO00;
published_frame=794
published_frame=795
editbox_emit sequence=402 bytes=38 elapsed_us=2070 envelope=@J10000000002000000040261473|I422wO00;
editbox_receipt monotonic_ns=564309893923294 received=400 consumed=400 revision=190
published_frame=796
published_frame=797
editbox_emit sequence=403 bytes=38 elapsed_us=2498 envelope=@J10000000002000000040338940|I422yO00;
published_frame=798
published_frame=799
editbox_emit sequence=404 bytes=38 elapsed_us=2061 envelope=@J10000000002000000040416407|I422-O00;
published_frame=800
published_frame=801
editbox_emit sequence=405 bytes=38 elapsed_us=2242 envelope=@J10000000002000000040551526|I422WP00;
editbox_receipt monotonic_ns=564309993074460 received=403 consumed=403 revision=191
published_frame=802
published_frame=803
editbox_emit sequence=406 bytes=38 elapsed_us=2089 envelope=@J10000000002000000040628993|I422YP00;
published_frame=804
published_frame=805
editbox_emit sequence=407 bytes=38 elapsed_us=2169 envelope=@J10000000002000000040706460|I422aP00;
published_frame=806
published_frame=807
editbox_emit sequence=408 bytes=38 elapsed_us=2239 envelope=@J10000000002000000040849448|I422cP00;
published_frame=808
editbox_receipt monotonic_ns=564310112814669 received=407 consumed=407 revision=192
published_frame=809
editbox_emit sequence=409 bytes=38 elapsed_us=2128 envelope=@J10000000002000000040926915|I422eP00;
published_frame=810
published_frame=811
editbox_emit sequence=410 bytes=38 elapsed_us=2123 envelope=@J10000000002000000041017599|I422gP00;
published_frame=812
published_frame=813
editbox_emit sequence=411 bytes=38 elapsed_us=2253 envelope=@J10000000002000000041160587|I422iP00;
editbox_receipt monotonic_ns=564310203431566 received=410 consumed=410 revision=193
published_frame=814
published_frame=815
editbox_emit sequence=412 bytes=38 elapsed_us=2600 envelope=@J10000000002000000041238054|I422kP00;
published_frame=816
published_frame=817
editbox_emit sequence=413 bytes=38 elapsed_us=2599 envelope=@J10000000002000000041315521|I422mP00;
published_frame=818
published_frame=819
editbox_emit sequence=414 bytes=38 elapsed_us=2571 envelope=@J10000000002000000041458509|I422oP00;
editbox_receipt monotonic_ns=564310293790671 received=413 consumed=413 revision=194
published_frame=820
published_frame=821
editbox_emit sequence=415 bytes=38 elapsed_us=2358 envelope=@J10000000002000000041535976|I422qP00;
published_frame=822
published_frame=823
editbox_emit sequence=416 bytes=38 elapsed_us=2091 envelope=@J10000000002000000041613443|I422sP00;
published_frame=824
published_frame=825
editbox_emit sequence=417 bytes=38 elapsed_us=2120 envelope=@J10000000002000000041756431|I422uP00;
published_frame=826
published_frame=827
editbox_emit sequence=418 bytes=38 elapsed_us=1974 envelope=@J10000000002000000041833898|I422wP00;
published_frame=828
published_frame=829
editbox_emit sequence=419 bytes=38 elapsed_us=2065 envelope=@J10000000002000000041911365|I422yP00;
published_frame=830
editbox_receipt monotonic_ns=564310486626264 received=416 consumed=416 revision=195
published_frame=831
editbox_emit sequence=420 bytes=38 elapsed_us=2005 envelope=@J10000000002000000042002049|I422-P00;
published_frame=832
published_frame=833
editbox_emit sequence=421 bytes=38 elapsed_us=2650 envelope=@J10000000002000000042137168|I422WQ00;
editbox_receipt monotonic_ns=564310528672818 received=419 consumed=419 revision=196
published_frame=834
published_frame=835
editbox_emit sequence=422 bytes=38 elapsed_us=2118 envelope=@J10000000002000000042214635|I422YQ00;
published_frame=836
published_frame=837
editbox_emit sequence=423 bytes=38 elapsed_us=1975 envelope=@J10000000002000000042357623|I422aQ00;
editbox_receipt monotonic_ns=564310594968638 received=422 consumed=422 revision=197
published_frame=838
published_frame=839
editbox_emit sequence=424 bytes=38 elapsed_us=2022 envelope=@J10000000002000000042435090|I422cQ00;
published_frame=840
published_frame=841
editbox_emit sequence=425 bytes=38 elapsed_us=2436 envelope=@J10000000002000000042512557|I422eQ00;
published_frame=842
published_frame=843
editbox_emit sequence=426 bytes=38 elapsed_us=2062 envelope=@J10000000002000000042655545|I422gQ00;
editbox_receipt monotonic_ns=564310704038225 received=425 consumed=425 revision=198
published_frame=844
published_frame=845
editbox_emit sequence=427 bytes=38 elapsed_us=2024 envelope=@J10000000002000000042733012|I422iQ00;
published_frame=846
published_frame=847
editbox_emit sequence=428 bytes=38 elapsed_us=2594 envelope=@J10000000002000000042810479|I422kQ00;
published_frame=848
published_frame=849
editbox_emit sequence=429 bytes=38 elapsed_us=2096 envelope=@J10000000002000000042953467|I422mQ00;
editbox_receipt monotonic_ns=564310802507662 received=428 consumed=428 revision=199
published_frame=850
published_frame=851
editbox_emit sequence=430 bytes=38 elapsed_us=2209 envelope=@J10000000002000000043044151|I422oQ00;
published_frame=852
published_frame=853
editbox_emit sequence=431 bytes=38 elapsed_us=2268 envelope=@J10000000002000000043121618|I422qQ00;
published_frame=854
published_frame=855
editbox_emit sequence=432 bytes=38 elapsed_us=2072 envelope=@J10000000002000000043264606|I422sQ00;
editbox_receipt monotonic_ns=564310902369479 received=431 consumed=431 revision=200
published_frame=856
published_frame=857
editbox_emit sequence=433 bytes=38 elapsed_us=2040 envelope=@J10000000002000000043342073|I422uQ00;
published_frame=858
published_frame=859
editbox_emit sequence=434 bytes=38 elapsed_us=2629 envelope=@J10000000002000000043419540|I422wQ00;
published_frame=860
published_frame=861
editbox_emit sequence=435 bytes=38 elapsed_us=2653 envelope=@J10000000002000000043562528|I422yQ00;
editbox_receipt monotonic_ns=564310993656253 received=434 consumed=434 revision=201
published_frame=862
published_frame=863
editbox_emit sequence=436 bytes=38 elapsed_us=2458 envelope=@J10000000002000000043639995|I422-Q00;
published_frame=864
published_frame=865
editbox_emit sequence=437 bytes=38 elapsed_us=2861 envelope=@J10000000002000000043709593|I422WR00;
published_frame=866
published_frame=867
editbox_emit sequence=438 bytes=38 elapsed_us=2342 envelope=@J10000000002000000043852581|I422YR00;
editbox_receipt monotonic_ns=564311093175729 received=437 consumed=437 revision=202
published_frame=868
published_frame=869
editbox_emit sequence=439 bytes=38 elapsed_us=2743 envelope=@J10000000002000000043930048|I422aR00;
published_frame=870
published_frame=871
editbox_emit sequence=440 bytes=38 elapsed_us=1973 envelope=@J10000000002000000044020732|I422cR00;
published_frame=872
published_frame=873
editbox_emit sequence=441 bytes=38 elapsed_us=2378 envelope=@J10000000002000000044163720|I422eR00;
editbox_receipt monotonic_ns=564311203792837 received=440 consumed=440 revision=203
published_frame=874
published_frame=875
editbox_emit sequence=442 bytes=38 elapsed_us=2959 envelope=@J10000000002000000044241187|I422gR00;
published_frame=876
published_frame=877
editbox_emit sequence=443 bytes=38 elapsed_us=2644 envelope=@J10000000002000000044318654|I422iR00;
published_frame=878
published_frame=879
editbox_emit sequence=444 bytes=38 elapsed_us=2170 envelope=@J10000000002000000044461642|I422kR00;
editbox_receipt monotonic_ns=564311304323298 received=443 consumed=443 revision=204
published_frame=880
published_frame=881
editbox_emit sequence=445 bytes=38 elapsed_us=2428 envelope=@J10000000002000000044539109|I422mR00;
published_frame=882
published_frame=883
editbox_emit sequence=446 bytes=38 elapsed_us=2404 envelope=@J10000000002000000044616576|I422oR00;
published_frame=884
published_frame=885
editbox_emit sequence=447 bytes=38 elapsed_us=2032 envelope=@J10000000002000000044759564|I422qR00;
published_frame=886
published_frame=887
editbox_emit sequence=448 bytes=38 elapsed_us=2180 envelope=@J10000000002000000044837031|I422sR00;
published_frame=888
published_frame=889
editbox_emit sequence=449 bytes=38 elapsed_us=2212 envelope=@J10000000002000000044914498|I422uR00;
published_frame=890
published_frame=891
editbox_emit sequence=450 bytes=38 elapsed_us=2084 envelope=@J10000000002000000045005182|I422wR00;
editbox_receipt monotonic_ns=564311492541646 received=446 consumed=446 revision=205
published_frame=892
published_frame=893
editbox_emit sequence=451 bytes=38 elapsed_us=1969 envelope=@J10000000002000000045148170|I422yR00;
editbox_receipt monotonic_ns=564311536339954 received=449 consumed=449 revision=206
published_frame=894
published_frame=895
editbox_emit sequence=452 bytes=38 elapsed_us=2067 envelope=@J10000000002000000045225637|I422-R00;
published_frame=896
published_frame=897
editbox_emit sequence=453 bytes=38 elapsed_us=2258 envelope=@J10000000002000000045360756|I422WS00;
published_frame=898
published_frame=899
editbox_emit sequence=454 bytes=38 elapsed_us=2177 envelope=@J10000000002000000045438223|I422YS00;
editbox_receipt monotonic_ns=564311626246391 received=452 consumed=452 revision=207
published_frame=900
published_frame=901
editbox_emit sequence=455 bytes=38 elapsed_us=2378 envelope=@J10000000002000000045515690|I422aS00;
published_frame=902
published_frame=903
editbox_emit sequence=456 bytes=38 elapsed_us=2243 envelope=@J10000000002000000045658678|I422cS00;
published_frame=904
editbox_receipt monotonic_ns=564311713839140 received=455 consumed=455 revision=208
published_frame=905
editbox_emit sequence=457 bytes=38 elapsed_us=1949 envelope=@J10000000002000000045736145|I422eS00;
published_frame=906
published_frame=907
editbox_emit sequence=458 bytes=38 elapsed_us=2112 envelope=@J10000000002000000045813612|I422gS00;
published_frame=908
published_frame=909
editbox_emit sequence=459 bytes=38 elapsed_us=2316 envelope=@J10000000002000000045956600|I422iS00;
published_frame=910
editbox_receipt monotonic_ns=564311814680284 received=458 consumed=458 revision=209
published_frame=911
editbox_emit sequence=460 bytes=38 elapsed_us=2304 envelope=@J10000000002000000046047284|I422kS00;
published_frame=912
published_frame=913
editbox_emit sequence=461 bytes=38 elapsed_us=2113 envelope=@J10000000002000000046124751|I422mS00;
published_frame=914
published_frame=915
editbox_emit sequence=462 bytes=38 elapsed_us=1955 envelope=@J10000000002000000046202218|I422oS00;
editbox_receipt monotonic_ns=564311903891497 received=461 consumed=461 revision=210
published_frame=916
published_frame=917
editbox_emit sequence=463 bytes=38 elapsed_us=2605 envelope=@J10000000002000000046345206|I422qS00;
published_frame=918
published_frame=919
editbox_emit sequence=464 bytes=38 elapsed_us=2428 envelope=@J10000000002000000046422673|I422sS00;
published_frame=920
published_frame=921
editbox_emit sequence=465 bytes=38 elapsed_us=2087 envelope=@J10000000002000000046500140|I422uS00;
published_frame=922
editbox_receipt monotonic_ns=564312005199093 received=464 consumed=464 revision=211
published_frame=923
editbox_emit sequence=466 bytes=38 elapsed_us=1946 envelope=@J10000000002000000046643128|I422wS00;
published_frame=924
published_frame=925
editbox_emit sequence=467 bytes=38 elapsed_us=2160 envelope=@J10000000002000000046720595|I422yS00;
published_frame=926
published_frame=927
editbox_emit sequence=468 bytes=38 elapsed_us=2866 envelope=@J10000000002000000046863583|I422-S00;
editbox_receipt monotonic_ns=564312093261103 received=467 consumed=467 revision=212
published_frame=928
published_frame=929
editbox_emit sequence=469 bytes=38 elapsed_us=2277 envelope=@J10000000002000000046933181|I422WT00;
published_frame=930
published_frame=931
editbox_emit sequence=470 bytes=38 elapsed_us=2694 envelope=@J10000000002000000047023865|I422YT00;
published_frame=932
match_end epoch=2 frontier=933 old_rows=drain terminal_rows=discard
input_armed=true gameplay_armed=false mono_ns=564312181426204
editbox_emit sequence=471 bytes=34 elapsed_us=2199 envelope=@J10000000002000000047126430|JE12;
editbox_receipt monotonic_ns=564312213662540 received=471 consumed=471 revision=213
match_quiescent epoch=2
waiting_for_match build=playable-0041 slot=1 after_epoch=2
shutdown signal=SIGINT mailbox_release=begin
