entry	bytes
(map total)	177840101
FrostmourneNew.blp	55754
HelmOfDom.BLP	48835
LichKing.BLP	179236
ReplaceableTextures\CommandButtonsDisabled\DISBTNLichKing.blp	5032
ReplaceableTextures\CommandButtons\BTNLichKing.blp	8634
ReplaceableTextures\SSCscorescreen-hero-lichking.blp	4932
war3mapImported\ArcherFighter-33738800a56ce43a79ea18c1a2f369bf95ac60d7694c2be2e98d0c00843d85ed.mdx	3049905
war3mapImported\ArcherFighter-94cea6218bcaa2977b1e093573899235e00c7d3c31e8e7971edb7663262eba9b.mdx	3167805
war3mapImported\ArcherName.tga	15494
war3mapImported\ArcherOriginalClip0-a8126849b510b601010415baf8215f08c9b1f0da3f68665feb3cf9738232fd65.mdx	30416
war3mapImported\ArcherOriginalClip0-c812e09461d44ff14b272d787b12d92a3e1d1687d60b26413e5a76272f8d014e.mdx	30140
war3mapImported\ArcherOriginalClip1-190f7a8266f804dcad9ab0d2956d7f8183703c6afac6fc1c72fdbb8bba0118cd.mdx	32359
war3mapImported\ArcherOriginalClip1-376eaae5a14c4091af51f15ecad6cf5e14a0ee6881cb2824b53312b8bdbb4b1b.mdx	32654
war3mapImported\ArcherOriginalClip10-5cbe05f66a6fb9af74d84da6f21d6ecc2457d70e14726fbfd2e9ec67c09d5e2d.mdx	27422
war3mapImported\ArcherOriginalClip10-8889f593f2eea422556707fbd924d773da8bea73fef3178bf4868c82e4a50863.mdx	27889
war3mapImported\ArcherOriginalClip11-c71ca93066a9815c4f9fb7c347b5d27e14d5a23911b46cb8cde46c566e1a5ab9.mdx	27727
war3mapImported\ArcherOriginalClip11-ebacdcab9460bc70dca83728f89ae1bffec48634834a21be2cc53879af34caaf.mdx	28131
war3mapImported\ArcherOriginalClip12-46706942a036cf2ec6b8ae4dba03ff884b99595afe8a9025d1d82b5adac0110a.mdx	106835
war3mapImported\ArcherOriginalClip12-fa304f97e481b7731a539d3667ef7b7066e13d104ca09ac5022d3d3c10ecbd87.mdx	106754
war3mapImported\ArcherOriginalClip13-9b32cd36a7d07c3342807a610e4973f5868437f3618ef18af717ba6febc354ff.mdx	15300
war3mapImported\ArcherOriginalClip13-fccbc7d7a3b81c8d4a4fcb4f0644a2712c3f1bd422dd9a80c9d205d1897923d2.mdx	15432
war3mapImported\ArcherOriginalClip14-1c58a82502d0140dbb0ae0e1d3bd188a85f08d11c50c278871d0be235beced9b.mdx	19449
war3mapImported\ArcherOriginalClip14-c3c0d8a69fec82c9866952b30c3a57c44be9db28804d4f7b3a54e03e2ef2307e.mdx	19594
war3mapImported\ArcherOriginalClip15-2c00519b2018ac8aabe8dcb2b948397afdbcad7a7cd8e045ccff2e0ecfcf4849.mdx	37242
war3mapImported\ArcherOriginalClip15-835ce49a51e6e538f726ba580c4b3d8fbf0d4079cbf6ffef69809c81b0fc3476.mdx	37036
war3mapImported\ArcherOriginalClip16-8efe852e2c3ff51cba3aac8ccfc88906b2085c8ae2f7a585c2a569e4043f6773.mdx	184681
war3mapImported\ArcherOriginalClip16-b37dbc107765870cdead7148d1eaca9252c008805a9c2354d85c05a1d99f221e.mdx	184971
war3mapImported\ArcherOriginalClip17-75efb882b352d6112aabaadf056f3fe1d017740efa1e61ed6f9254791657b72e.mdx	72263
war3mapImported\ArcherOriginalClip17-a56703d966cdcb67f125c7cc60c70c71c80912e7d62975344a24b8d71a0c440b.mdx	70903
war3mapImported\ArcherOriginalClip18-159269b1dd4255e91833bbf67f9eb65c9c560b22445d11f7144a5b18bcffac49.mdx	16505
war3mapImported\ArcherOriginalClip18-7ff17e4c8bd6a006cbe64b3ce6f5e250c3ca9387a7a3bb503eaf82c19efd590a.mdx	16358
war3mapImported\ArcherOriginalClip19-8d89e52d5dfd942ed3c70e2519f3568fc8fa94bd25007bceb229cf9b4acb78e0.mdx	59140
war3mapImported\ArcherOriginalClip19-d6166636514a7cede766dfde679a3b6bb0686694c18edf5579e5c1a80eb0b941.mdx	84082
war3mapImported\ArcherOriginalClip2-47a7cc0ce0c254cbd81ad8085e7d4387a889b0ab3a0e64f093e1a1f41210b330.mdx	33555
war3mapImported\ArcherOriginalClip2-9139ebe69ba86c6237fb363dd62dc642c9cf99065b433538fede93388d96f782.mdx	33275
war3mapImported\ArcherOriginalClip20-02c78d1fd25883091e5602db34024132a9b4c266c0ef63d498d1fe0d5bbbdd51.mdx	62262
war3mapImported\ArcherOriginalClip20-faaeb2f101cb94bb2230f9a483a201d049ea518ef7bdacc807c88c2e92dcdf42.mdx	84167
war3mapImported\ArcherOriginalClip21-02c2811ad096ebbb4d5da650392e0bc66a2f19bb3b28e11b8d828b1954c2b37d.mdx	62150
war3mapImported\ArcherOriginalClip21-80127c675c0783af11338e6cf99f049664603d75278ed8b5e5dfa891fcae40c6.mdx	90493
war3mapImported\ArcherOriginalClip22-90ad270da11e807f52b8c329645dc80848328f9af344ed740578e51a546d4820.mdx	349749
war3mapImported\ArcherOriginalClip22-f282b5db0137dd90f48d5f6add4004806b1037881662d7dce02675ec5b1c047f.mdx	350018
war3mapImported\ArcherOriginalClip23-c379b096f245da174e817901dc89b9f7b23e99c843b5ca7f79a44ac9914651df.mdx	465263
war3mapImported\ArcherOriginalClip23-f05f96c11b2effb7d00d5c3fa0974e659f3a735e321c08030adac8786b3b0260.mdx	392693
war3mapImported\ArcherOriginalClip24-30bbbce63c59715f0c0275271559ee601d5e69c2b4550b70e57e6cbb9a02b7bb.mdx	53497
war3mapImported\ArcherOriginalClip24-6ec31c441337fba9a728d940bad82fa1a3db3f83c0997ff606ebc884a8e68fe4.mdx	53101
war3mapImported\ArcherOriginalClip25-608601ea941c4c3fc014041fcfea08d83986c76c0c68477cc77d579ec41faf86.mdx	24985
war3mapImported\ArcherOriginalClip25-bfdb8ea71bed16f418c0211bf20f64bc9b11f96a692fcf23e661d06062485e34.mdx	24692
war3mapImported\ArcherOriginalClip26-3538cba447396c9d8cb517632feb78d83bbe692916ff1c829b4bad9dca290515.mdx	25059
war3mapImported\ArcherOriginalClip26-9027d14339bc8672e37b4d6148de4fbc046a4b1a990950068f40a4f742f77ac8.mdx	24724
war3mapImported\ArcherOriginalClip27-3547842f745d76dd6b5be8c660a59aeb005ca5dc1176013dfa2158d9d298df08.mdx	35846
war3mapImported\ArcherOriginalClip27-b949f3cce43e14fbb184b15fee9bc9c35a3d0b64b37d4db9c814e6805d2bc5d5.mdx	36038
war3mapImported\ArcherOriginalClip28-3a9cf81edc1216d5b2b2b68f2424b7b7e55560e7ad4e74b802dcef0e661d764a.mdx	157147
war3mapImported\ArcherOriginalClip28-9ceedb14bef4a2cd4051bf3a075b898bd9dd511fec04af8768c6d8244a1ad6c2.mdx	156997
war3mapImported\ArcherOriginalClip29-1bf01b353c8239c54cd4b8699b4c8e0765b85ff9be73a7ad3ae9eccd9dd79155.mdx	45689
war3mapImported\ArcherOriginalClip29-75983fdb7613a8e9c5765371848b4bea760a70ba4187324f99c3612ffa4e3069.mdx	45899
war3mapImported\ArcherOriginalClip3-6b0233fd4723aa42072d8e782419a1983c546c58219b9cca292395688bafe172.mdx	39185
war3mapImported\ArcherOriginalClip3-84d7e99473df3223cf6c0b2f846d34e91245f6f4a3bc5816678748484afeb18a.mdx	38920
war3mapImported\ArcherOriginalClip30-ce6474aa692ddb68b3a1b22b13569d647525c371110c72a675d784191b4e214a.mdx	24900
war3mapImported\ArcherOriginalClip30-f4c60546ee765733881959ffc086b42ad31a01731d740ff2343cbce88919dbe2.mdx	24566
war3mapImported\ArcherOriginalClip31-396e27282216a67b3b3dbd121072dd928cbd1e2ed297f464f27cdeca63049758.mdx	48210
war3mapImported\ArcherOriginalClip31-efc4c742668e9285289abf941c740d6774d67c40e80470b48443e537121a69c0.mdx	47862
war3mapImported\ArcherOriginalClip32-69670f2111fc38a61020680f558f3476246bc0fc9451b25cac41986fa8ef33b2.mdx	35580
war3mapImported\ArcherOriginalClip32-81af4b592b8ede74386e51e7fa589f4409d7600127703711094a769c84e900a1.mdx	35698
war3mapImported\ArcherOriginalClip33-2b54bc1609e04ba97651cb1d00565336ecbc96ca2332c6a7b02ed93c76d45194.mdx	35700
war3mapImported\ArcherOriginalClip33-fc1bf34a9f05d2d6540358dbe7c53e9b0ea79c5221eae16f89293a368b2c3d4e.mdx	35534
war3mapImported\ArcherOriginalClip34-14f8b06fd1ad4f6830924fbc2e4ad94f3ec42f69dbf59d21b7b29d44894cea7b.mdx	46843
war3mapImported\ArcherOriginalClip34-49dc6a90c0841dd1c99c5b723e85adb73e0ad48ebf01d71b8f263c9f18fbfc8c.mdx	46960
war3mapImported\ArcherOriginalClip35-80a10de7ae6c4036f87f8d34c437f00b2365c5f61becbc70a391f095a3065bbe.mdx	20753
war3mapImported\ArcherOriginalClip35-c94b5135b79a68bb83f7574e53e54ac20c66acb2b2066a9dfb40f5c5a767b2d0.mdx	20898
war3mapImported\ArcherOriginalClip36-8f028e012c7c9b66c41798f2c6bd59b2379d8610055896ba778af921f02a749a.mdx	20898
war3mapImported\ArcherOriginalClip36-9c688be9ed741ec4849733c1cb8d54f78ac2de97f72e833ea2e18b5ebf693343.mdx	20759
war3mapImported\ArcherOriginalClip37-4730d71fe536a9b1c84f09e835bd9021744858f3cc5466f45bb19e96b5a07f52.mdx	38678
war3mapImported\ArcherOriginalClip37-f0af5de43e411df9b3588ca89248d474d12abd24ae06f218e316738c78b9adb6.mdx	38326
war3mapImported\ArcherOriginalClip38-32844f0367091d8165088253e27eac02840f1d1fe62a9ee7e47d776d6536511a.mdx	41337
war3mapImported\ArcherOriginalClip38-4bff1cb474ab46923fbadf6fdf368397616206686e56baaaae2b6802e5360768.mdx	41634
war3mapImported\ArcherOriginalClip39-9d4fe612a0d8c6c51487ca421a421a250a0f9fb826e4162b9097bea5085b3a95.mdx	33496
war3mapImported\ArcherOriginalClip39-edb04657b8fb5b23072e0360c095aaeb745d92d8293869cbd397adeecbb9ecc2.mdx	33687
war3mapImported\ArcherOriginalClip4-1645a96166f83fc9463629e2b3f2228951ddb73b3cbae745c6154f1479d9607a.mdx	32082
war3mapImported\ArcherOriginalClip4-6e93e78a4db460f2026ce7952226082655f5d1084e001444db6d42cc05f1e90a.mdx	32337
war3mapImported\ArcherOriginalClip40-0e8b8e1515ed65539eab19d370faa5113a410b67dbdd368254731d6300c74dbd.mdx	35063
war3mapImported\ArcherOriginalClip40-2abb20eb9060723692658e4633463331edbeacbcdcbce5f8351c72217af8d95c.mdx	35200
war3mapImported\ArcherOriginalClip41-65a81687d1d8211084d2c9b9967d3a2df5334f762d61c0a0541204fe646b9d83.mdx	58511
war3mapImported\ArcherOriginalClip41-9994cd5951c588ada20f5c6ea7857cf88d5799ba9f1a61103125c38549806a13.mdx	58381
war3mapImported\ArcherOriginalClip42-55d5a9fd22cc63bbebe18b3b4c039ebb2230eccb4926339e048aef8a22949d4a.mdx	78545
war3mapImported\ArcherOriginalClip42-eec449421488dc6bc67b1c62cc4a65472a65354a928cedee366efd3e490a2b09.mdx	78357
war3mapImported\ArcherOriginalClip43-723e718681138a4bb068755aecb6aec25090ba81870d8a2492c18f366e7300bb.mdx	109115
war3mapImported\ArcherOriginalClip43-e2f80b73bb689d65d7cb43dc319b0216ae01fc0535a08ccf508c5a6646c407fa.mdx	108977
war3mapImported\ArcherOriginalClip44-2acea3d66516ee93bae9c082bc42d2f25ef9685080779b29e00ae359a2eca8a6.mdx	15934
war3mapImported\ArcherOriginalClip44-62ee44f40bd612f41b3d7b095ebd40a795755a3faf44b4592c39e7cf2ebf89bb.mdx	15893
war3mapImported\ArcherOriginalClip45-572d2e6a0a12eda5d6de39ca8ead3fd8c686b0027d3f8aee68ceb82da646a558.mdx	28693
war3mapImported\ArcherOriginalClip45-80efa47c21d299a8f83cde93b53b74fcc5ca76880112f8c5daa39638dd4599fc.mdx	28538
war3mapImported\ArcherOriginalClip46-9d05a91155d92962de4ff768937798f066f3b8fe8a1b726a2d395cda3252dd69.mdx	230765
war3mapImported\ArcherOriginalClip46-c21406d1a3096e4ac351bf8bae982ab8a6ae320a531980b25e6c24112f77ae55.mdx	230832
war3mapImported\ArcherOriginalClip47-b098326ab3697b14d0aee0dc7b118901a5b3287b0d4a79ab8109cc38946f8ffc.mdx	81585
war3mapImported\ArcherOriginalClip47-e47d2c9497ec4b59c5f5173f2771deacdb5c31791a85b83fb1426df6399924cb.mdx	81253
war3mapImported\ArcherOriginalClip48-0046fcb087e7ad589e027efffb9275737c32cdf3354b1a03a69fea4bd2dce550.mdx	73635
war3mapImported\ArcherOriginalClip48-3fb6274be5b8c0c99fe095fae1063ddf25a3f76563e0f79fb9634516a71c6baf.mdx	73264
war3mapImported\ArcherOriginalClip49-237746c53b332c3601e5f64afadd16efa4d653aa32b78da1237ab32e78a7bcc5.mdx	66610
war3mapImported\ArcherOriginalClip49-8505f22b5c46b674426b0710a50e6010ef2dea07d765e9517f91df9b6c3d68d0.mdx	66395
war3mapImported\ArcherOriginalClip5-89c7c6d380951e22eb9cb0a769d9584fcd6b8707d9f11c45cf6d35f4a790ea78.mdx	88117
war3mapImported\ArcherOriginalClip5-9b72be1d13062a7f14d7f047d2fb64071075adcbb1789ec0d318564c5164f21f.mdx	88241
war3mapImported\ArcherOriginalClip50-26c677b60bc936949f0dacc761b3ef184775d8fc9644d20c86246d56026321c1.mdx	72286
war3mapImported\ArcherOriginalClip50-6d6214acc46dedfd8c224143468ccb66ff4e180b2c4be65347cf8b85382b8d46.mdx	72058
war3mapImported\ArcherOriginalClip51-7c348fe5c626c0ef6675848eab341463ce36b8d5c2b8d0ca6cab962ba06556a0.mdx	77145
war3mapImported\ArcherOriginalClip51-a51c6ff9365eda7af18e52ae3c61be4845e7eaa3485437f65666f8e346fe0072.mdx	89196
war3mapImported\ArcherOriginalClip52-d57b544af350880d7f967d320a431c98dc81bb0e23d4fa164e9aab9d24716182.mdx	31437
war3mapImported\ArcherOriginalClip52-fb659952f295f12e1c1f073f2df04dcf6764a82e8975231621fc614c98ef2e07.mdx	31769
war3mapImported\ArcherOriginalClip53-723cecd26206d9577ed23a7128dc465b431e8e3b514248b5c8fbfd7161c209fc.mdx	41328
war3mapImported\ArcherOriginalClip53-76f78f3d6cb2d6072607dee6e629ee58c37497a7c4ac087b0cabbf5c95f8e83b.mdx	41683
war3mapImported\ArcherOriginalClip54-03d0a1f150092e385414de621aae54a7af6349fc70d6f8b48ac2556434981aa3.mdx	40340
war3mapImported\ArcherOriginalClip54-e6e796f816cb91f167787ec526e32fbe447349323a0c1d602fd362dab22c5606.mdx	40741
war3mapImported\ArcherOriginalClip55-81de20e6444468f5f32f45bee3f1efdcce6491ada076cc19ad9c32f85c598b82.mdx	33135
war3mapImported\ArcherOriginalClip55-d8055ba935bf39643435822f1589b8530a5936768945a773635d5f52d896fce0.mdx	33392
war3mapImported\ArcherOriginalClip56-3df3eed604ea2a17cbd3b255e5bbfb19c50c9208bc1f0574191549281daffcd1.mdx	33518
war3mapImported\ArcherOriginalClip56-3f09012e433338345782099f6ee8acb51bbc20ad98b6ff7fbb6464826b879b30.mdx	32973
war3mapImported\ArcherOriginalClip57-53f78a1181b3b9459059e843be86c443f2f6f68cca284de6ad248c2d167b3832.mdx	118031
war3mapImported\ArcherOriginalClip57-93e382ed34499dada872e879839ed1724b11ec9dc8bd61e63e5c20268bfcf254.mdx	117883
war3mapImported\ArcherOriginalClip58-2835e8a181719e1534f58a2abe615f0b438221152efebb3802ef41617b4c9feb.mdx	28617
war3mapImported\ArcherOriginalClip59-b553fd72766cf39f6cdd7b3e3d45be8fce730e0b59b216cfc6d578ef288d74b5.mdx	28591
war3mapImported\ArcherOriginalClip6-6b7f8ab312d37ac0d802c817bee700b11ec413e1d493d4a42f19ec31a326d3ae.mdx	92836
war3mapImported\ArcherOriginalClip6-d74afa48e7d2bf6af0729c51304b4d127687de6b122c8b0e8e7dca1c3efdd06e.mdx	92943
war3mapImported\ArcherOriginalClip60-bd988e920caa63954b2d4878f0a8d5b206bbac718b04a4010ae15433fbde6a6c.mdx	27977
war3mapImported\ArcherOriginalClip61-005f5c415077a2af04e924b1c8702ea2055022dd3919384771efc5bb0c42f2f4.mdx	29447
war3mapImported\ArcherOriginalClip62-3fbfc0539efea67859ab3cea1907911aa8a9adef08059ae8791cc40fa50502be.mdx	29356
war3mapImported\ArcherOriginalClip63-f757425f72808722e64d0f02826482149f3cb4dce4ca6e6cc344a7d0fddc8ca9.mdx	29656
war3mapImported\ArcherOriginalClip64-a417464a7676bbeb6356e9027e3dd6319fac8f9d1d967e4b9ebd7dd660298152.mdx	29676
war3mapImported\ArcherOriginalClip65-b324d0795f3999388d4847636585e59e971c09f7134a340cfc4e16bc431aa028.mdx	29523
war3mapImported\ArcherOriginalClip66-be36dc5562473d6b50622f1f610c045ab5e9702303d7036e35573a9e35263511.mdx	29555
war3mapImported\ArcherOriginalClip67-11657e9f426a2f346380f2508d0a5d7d463c91e8c55d19a5bffb6ba1d853eb43.mdx	16703
war3mapImported\ArcherOriginalClip68-4569fc1acf79df7195521ecdb37a36b3c1a9daedf0fb046ce690d26635af67dd.mdx	16704
war3mapImported\ArcherOriginalClip69-4068b0feb1ddc968d2ec267080f41eceb3a39ab4c9c3b23e80811abb64bf085e.mdx	16712
war3mapImported\ArcherOriginalClip7-f8179c0de96a2f49e17796d8dc8273bae077a9c444f3a8edf7f48a48a0566508.mdx	65017
war3mapImported\ArcherOriginalClip7-fecc69f10cd075e32f5e4e6b4a2e81c6c29fa2589be5a61474e3c4e2270e222b.mdx	50625
war3mapImported\ArcherOriginalClip70-7f26cf099de47d3ca45bc6e64f99d613555ce50a9898f3937e00f4323d085aae.mdx	16710
war3mapImported\ArcherOriginalClip71-f5cfb180e348f1acb89fd397630733c541827b894c733d8153861617124ed790.mdx	16713
war3mapImported\ArcherOriginalClip72-1bac128f23d98af485ec53102d29e385c2e410b423ebc77cfead1624485e2fe9.mdx	16711
war3mapImported\ArcherOriginalClip73-c34cfe9c2799bfe014bf64d9612b9e195d95c989f32dd0b6288e772c04cc3873.mdx	16706
war3mapImported\ArcherOriginalClip74-6aec76f1e1f10d16b8a2319c49b05ab1c416271a24c32d09d2ec83f9287a2c24.mdx	16706
war3mapImported\ArcherOriginalClip75-ac18b9e8b29ae114a2c92ee7f0acc7fd97c2ba3692acfb995875e1bc53366370.mdx	16688
war3mapImported\ArcherOriginalClip76-99f19bb14b8278038960115ed431c593160e2f1c4d2445b5297c46daeac520c4.mdx	23786
war3mapImported\ArcherOriginalClip8-11677871dbda46f575f444730bb9fbcac9b3bb6479326ed014e6d903a6d66ac8.mdx	28017
war3mapImported\ArcherOriginalClip8-a421a6ba33a8fc5bb2aeb1dbfef9cb7ea3ffa7a16495c2948e1999004019ab2e.mdx	27650
war3mapImported\ArcherOriginalClip9-2f420b081477e6d18f2024976e80af12c2554e8b1669c0fe5b43bb876ae3aa0d.mdx	27717
war3mapImported\ArcherOriginalClip9-a19e0c682ec841bb94c6efafddd03198ec421426d183f85e3aafa834f407dcfd.mdx	27300
war3mapImported\ArcherPortrait.tga	1269953
war3mapImported\ArcherTile.tga	277678
war3mapImported\ArcherWhite-6783f3c31979c04ab1fad283d40f62a49f41cc77d3624d0dfcc7b63b8f0584aa.mdx	3202922
war3mapImported\BearOriginalClip2-dc33c2ee5ed2a21be58d7b0d76f3bf9f9678a2f7b460fed64c85fbeabea80c6c.mdx	23819
war3mapImported\BearOriginalClip6-7a4f638b845da28f5cc81b896c4f3be0f8ecd7b5573d869a0f1b82d2743667b8.mdx	24589
war3mapImported\BeastmasterOriginalClip0-f347ecc8091b35159c66a841b2b41d7ee0868479783c09b5de33616408acb0e8.mdx	32019
war3mapImported\BeastmasterOriginalClip1-e83c6f80166094b24b0e4d773a678c53bfaa81762f63068d773fd76ebc4388dd.mdx	24629
war3mapImported\BeastmasterOriginalClip10-0d597f4d0d367064521be5a7b25e9c7c46e0c6a5c598204952e9de6d156f2469.mdx	23988
war3mapImported\BeastmasterOriginalClip11-84e0ad55e865ccd2de4e2aa88d479de2618675352abffae0c0b1ecc2b605d85f.mdx	23943
war3mapImported\BeastmasterOriginalClip12-dfbce7ef3734c312285225663f63f512e0f0ed664c7cda74d40ac1b8ae53ec74.mdx	23827
war3mapImported\BeastmasterOriginalClip13-8f895f11b9cc8658d02b8f2bffc5f3013def0a7b3f797fac360ccdfe4391a271.mdx	24541
war3mapImported\BeastmasterOriginalClip14-08ac0102349ac86b94bca7cbed13cb0e35f5f702a2d956d1816d661c1776e1ee.mdx	24425
war3mapImported\BeastmasterOriginalClip15-c8844e32779b71be00096024fd818b1d8d88ea70dddf4ec11be76673c9e244d1.mdx	24715
war3mapImported\BeastmasterOriginalClip16-ec0eca1391082091f47fb5af092473c7cd874a9fa98c9d03c4933534bc03f89f.mdx	24748
war3mapImported\BeastmasterOriginalClip17-5c62abba2199feef3d3cc730e9f519628ba479dccaec5a0ff8174af7412a7874.mdx	24603
war3mapImported\BeastmasterOriginalClip18-6243125e9aa588fe07e7ed98d3ee7fd57d65531ed1fca5e86745dcdeb56e9017.mdx	24627
war3mapImported\BeastmasterOriginalClip19-04952dc2389fe619472180506e843c4286f56a82a0f9854f454b52c93f785b0f.mdx	24526
war3mapImported\BeastmasterOriginalClip2-0a932b205e2d5affc2cce37916ace4c3837cb530b6aad5af21ca6e1761caed6c.mdx	27687
war3mapImported\BeastmasterOriginalClip20-d8413bd5bff2a94fd996f2125353e2b9c60c125eaa388e5a8351edd6bd1e65d7.mdx	24536
war3mapImported\BeastmasterOriginalClip21-10de9cb554d4b699252c5e3cde41b1cffdc7973c08fed7e528058476b42dd018.mdx	24156
war3mapImported\BeastmasterOriginalClip22-52d0222068d816235b07d4c8faed5d62a774b3db3b399bae2510bd6583eba80a.mdx	24522
war3mapImported\BeastmasterOriginalClip23-ecd7a8f25fa8528360cf314d738eb3b499f8aa631db0031ea67bfa835c89769d.mdx	33743
war3mapImported\BeastmasterOriginalClip24-0535037fb0d5bad31a8319d6dfb235b27782ba35bb7952baf1643488299634de.mdx	24301
war3mapImported\BeastmasterOriginalClip25-40f93f84f796380d32f1c946d0310a7f37f48120590b86e93703c9b5830e39e2.mdx	24626
war3mapImported\BeastmasterOriginalClip26-4617cc885ba794399f700352a942668c6b71e0bf244389e279e5e914e285eade.mdx	33288
war3mapImported\BeastmasterOriginalClip27-de020178f6c2b9727bd5f959925eb3b27680e7538759cddb43a9107488473f75.mdx	23713
war3mapImported\BeastmasterOriginalClip28-15b8028b5fc6384ed492e963dbc8c353448197825ae11e7fe0bf2c07d69b8f4b.mdx	23712
war3mapImported\BeastmasterOriginalClip29-109a92ffdf8d7c2d5e6e5b6e8ceea22b7bc20a44459865951048c49e167a545f.mdx	23706
war3mapImported\BeastmasterOriginalClip3-dc3c837c86ad698f683f2be3069ea6b5ef512d54d4435653dcbe494d94216144.mdx	35088
war3mapImported\BeastmasterOriginalClip30-80d9d001882b5fb1d89a4f383faef69e15417ff7fd8f2253268515a91134bca4.mdx	23714
war3mapImported\BeastmasterOriginalClip31-3cd7d6f37cbd973acea2249520b20c340ecf736c335089bde35cf32f8dd9148a.mdx	23713
war3mapImported\BeastmasterOriginalClip32-f4c59b8c3d9590363ed36912593cfc8dadf6fb2daeff6bddaea624dc410d5cb8.mdx	23744
war3mapImported\BeastmasterOriginalClip33-9c36c040f48500a7f54355b667b26d08b90aaf4ee1b5104d43d56017586e078a.mdx	23746
war3mapImported\BeastmasterOriginalClip34-6c231ce271a61e7c76ceda71f75c9da27343197f688e9687277cdc4aa27bffc3.mdx	23731
war3mapImported\BeastmasterOriginalClip35-a542d76f56778fc33eb2ec9031a789c25174d2037e94f6f1c884d6117123d863.mdx	23744
war3mapImported\BeastmasterOriginalClip36-a3f177a4884e3c19d72337d6555aded1b1c64e7a2c76106454f074747c1450a3.mdx	23657
war3mapImported\BeastmasterOriginalClip37-61a80ad565e7895b5657ab82dea2339c91ed449c356ff9f952c9816a670bcd77.mdx	23442
war3mapImported\BeastmasterOriginalClip38-ac00fabdf45db5eaef4c757edabeb3bdeb0572e44354c82286156201a2d54b5b.mdx	23448
war3mapImported\BeastmasterOriginalClip39-9511d370808140df7c6dc22cf044b3076ab4eaf9cf7cd9d6bd21811cfc60621f.mdx	23583
war3mapImported\BeastmasterOriginalClip4-2d9d5e3dae36325c404e5e93d144aaa90209060fa9f97278483bb1f600ac5616.mdx	32532
war3mapImported\BeastmasterOriginalClip40-a12f60e77d4a240aae75fbe7ee2e290999909c4b2805912bad320f4ab054ab0b.mdx	23586
war3mapImported\BeastmasterOriginalClip41-d477e67cdcf73dd6320fedbc7c75cbbab6119ad6c54a9b0d1975a10156419d90.mdx	23728
war3mapImported\BeastmasterOriginalClip42-12ccbe2cd4153b64b2f5dff8b53335a0336ead7e22234d128ada297e2f7d1dd1.mdx	23751
war3mapImported\BeastmasterOriginalClip43-bd1b8b24df81b5445b3ce46bc4f52bef8d26c5dff7195d611c129ed5fce036de.mdx	23761
war3mapImported\BeastmasterOriginalClip44-1613382200dfcab49f53223eae23db3530c86ecc0cadfbb9f94812293822129a.mdx	23811
war3mapImported\BeastmasterOriginalClip45-7cb774ef85c8d0f91f406b55b1f7ed69a8a02917ce82b22e0c5d8a1754be8204.mdx	23798
war3mapImported\BeastmasterOriginalClip46-1bb36bf90d5bee8e0294b63cec7555d6b784fecbad3b81d830f078d7f60a237a.mdx	23840
war3mapImported\BeastmasterOriginalClip47-6fda99c6ba61a76de2e199de981e3fe23cab7a7e4870668d0fb7bdb69d5c02d7.mdx	23810
war3mapImported\BeastmasterOriginalClip48-341201838e770514cbfabe487d361df8729f72d0f9ed2416c563c9e8c734278f.mdx	23814
war3mapImported\BeastmasterOriginalClip49-c28b7feb0d6453d79495a1f78502bccb13d1876f839fc361ad1d6ee1b9ca13fd.mdx	23706
war3mapImported\BeastmasterOriginalClip5-45b388aa4b8ce7f619231e67b5574d8c8da001a43104a22452a459875cdcce8a.mdx	27791
war3mapImported\BeastmasterOriginalClip50-3be8403fd4dcd853ff556349d1b3b4ebce5b88e92b57e6810c14fa76525e71ad.mdx	29260
war3mapImported\BeastmasterOriginalClip51-ca91338590066154c067bed6953040816df6a0d98289b77a5e1bf26efb2c56ab.mdx	31880
war3mapImported\BeastmasterOriginalClip52-07b8a834551fd1c14a74d077a7438fae7635e3e0d1f476a49fff78b5926ffcd9.mdx	34407
war3mapImported\BeastmasterOriginalClip53-64f5aebd32239d73b964cbe5c1743927222efefa69905ab473e92003c9a5636e.mdx	34472
war3mapImported\BeastmasterOriginalClip54-0094b69fc510854cae73d4cc7c6171349aefb1c4b101b191d6c335a1191a1864.mdx	33586
war3mapImported\BeastmasterOriginalClip55-c4556313c312a8010d9f3a8a2649d17a221799a5f42ed35718ead72440451a51.mdx	37229
war3mapImported\BeastmasterOriginalClip56-defc11818675af81d5c36c64992b13e6b2574a7187e0b1775965f90b31e22b1d.mdx	34779
war3mapImported\BeastmasterOriginalClip57-dbda7e094c2efb9bea672d242a9984161ae34725acdc11fa5085d20367fc59af.mdx	41356
war3mapImported\BeastmasterOriginalClip58-f6c5397724ce2f03d57fdb94159da5ba95d7d1104032a3b8ab52427a49c8591d.mdx	35395
war3mapImported\BeastmasterOriginalClip59-1d30c4773ced5e61378d230772e08ce3e7b2c2927bc76afa4e84fbe98a64f640.mdx	34550
war3mapImported\BeastmasterOriginalClip6-ab0af3059a36facdba469a9fb74a5d4339bfc0d8d511eee67383f93e80d7ac54.mdx	33807
war3mapImported\BeastmasterOriginalClip60-e8328bbaac3bfab8cfe904a0845679b296b1f74b0cadbca5425a8788f21cba57.mdx	38110
war3mapImported\BeastmasterOriginalClip61-3f81aded7cecf5688f610f9b59d1e583449de698f767492d501886abc1303a2a.mdx	33567
war3mapImported\BeastmasterOriginalClip7-baf5e200315fa34d27d4a3c1eca2adc1de0bb3f5626dba61439ebb9f95130a74.mdx	38543
war3mapImported\BeastmasterOriginalClip8-1f5bfa1819ab166f077b810a9e1dc501851452074097d0d2adaecd93e36927bc.mdx	25964
war3mapImported\BeastmasterOriginalClip9-21ae8bc7e7ac194316fabc8e698d3864c27255a3384ec979e0e919f2e4773655.mdx	23880
war3mapImported\BeastmasterWhite-81dcc9ec58560d83c063ab16287f838324c32619bbf5597c70bcdf7ec8cee591.mdx	304061
war3mapImported\BlademasterOriginalClip0-4868a28142d2f2a8f364d30766d7cba7d0489c68ef4a37d3c09500e61b0dde0b.mdx	26276
war3mapImported\BlademasterOriginalClip1-6463310d902e7fa99b2ba560efc0cd0b528ecdc0ddf2b1276dc6150a6fc36f5a.mdx	29037
war3mapImported\BlademasterOriginalClip10-8bd65c925ccaa4588d936c3f7ea188db1378ee62520a8cf3ff88a10d0499366f.mdx	28670
war3mapImported\BlademasterOriginalClip11-0043843c6f89b806dbd0d8702139b455f566977c9d3dd67710790fa2ddc19c8b.mdx	25147
war3mapImported\BlademasterOriginalClip12-e63c52f8afdb21e457ba8f4fcf2d829648bb4f42087bdfda9a2e131610c2e2fa.mdx	22826
war3mapImported\BlademasterOriginalClip13-c143def79d14a7a77ea6085ee0bceb587f99d47a1287d15ad5130b0bf97bec29.mdx	22951
war3mapImported\BlademasterOriginalClip14-222567fdd7d055e58f0c46320a81f288acaa9e62211b2509e1665a528905397a.mdx	23644
war3mapImported\BlademasterOriginalClip15-0e3f09c5dbd348342783bb82f795a9f85203d12fae549c79582ff1986b5eb834.mdx	23622
war3mapImported\BlademasterOriginalClip16-760eb3da88acc45c92695a0939f338d75ad7cebdb97a72f41508d518205bc49d.mdx	23509
war3mapImported\BlademasterOriginalClip17-3698de40c659bb496857fc90ce4cdef56006125fb7868e7cdf8a753f33121cf9.mdx	24202
war3mapImported\BlademasterOriginalClip18-fe878528b611c4ebeaafa0e3a4981a653828fde851b5f17ff21024cb75572d29.mdx	24111
war3mapImported\BlademasterOriginalClip19-10b9291e16da496f47c7424ce651248a1ae9660b31a2ddcf9a73a96db5aad61b.mdx	24375
war3mapImported\BlademasterOriginalClip2-a3943493e679be616d54e0f3194cff3f61e54c020955b7b3cbc5eaafb49f2a17.mdx	26859
war3mapImported\BlademasterOriginalClip20-757395b7e0a405687f3d96e957a2f907be7a547839910983339965c4fa2ff44f.mdx	24404
war3mapImported\BlademasterOriginalClip21-511057e36c142d6e7a0ceca219571e86fb1ece5eb3e433bc8273c9dcc2567d41.mdx	24297
war3mapImported\BlademasterOriginalClip22-da6957826af2a842e79344cf64cd9621054c3e95886a93be0537fc9af7b0d215.mdx	24317
war3mapImported\BlademasterOriginalClip23-bf3dded62e7f1d16b84c9d1bae3991e308a42120db743e1ae387869cbb5db76a.mdx	24173
war3mapImported\BlademasterOriginalClip24-237d190fdf78851a1a450877763aa131d55bb51ac3b8b33b04fc4975fa40d133.mdx	24192
war3mapImported\BlademasterOriginalClip25-d57976a9c977f20d6fa99089b33ed65bcf054756848904e4812212354fcf03d2.mdx	23822
war3mapImported\BlademasterOriginalClip26-24a2f2386ed85c7f6e4a6720fa1ec624e7bbafe73146c008b155a56ed67df7f8.mdx	24178
war3mapImported\BlademasterOriginalClip27-46d3341268b578474a8b4c1a448a4bcfe8718f670bca39bd175b79f69f46499e.mdx	28013
war3mapImported\BlademasterOriginalClip28-714ac244c66390fde5d00c0ba765d1f31e19205b9293b8ab3805fe4b74d0ded2.mdx	23986
war3mapImported\BlademasterOriginalClip29-cd6af22dbed5f2338f11d3a733d45526a233a69c731b40e6a368fff9956b7d74.mdx	24318
war3mapImported\BlademasterOriginalClip3-f6ebd465e856abef909c3d1ca0d8a1245311123579f45fae9e3de28b3bdd7464.mdx	27574
war3mapImported\BlademasterOriginalClip30-0def5aca1f1886996a1ca509dc730a4df87a5bcb3503327b94aad22e021a9207.mdx	27621
war3mapImported\BlademasterOriginalClip31-548e29817d42b51ad6d02b1379cae8aa514eb0c6cd226f2170e44b796c14f8c8.mdx	23168
war3mapImported\BlademasterOriginalClip32-1dd4de9d6cfef862a9db92f2f27de4e1f505d9063498a86412805eaf1822daf6.mdx	23166
war3mapImported\BlademasterOriginalClip33-06a7274a31836981f7659b7042e84291a5ba47b44cdb93e72dc6efc8c8ee28c3.mdx	23170
war3mapImported\BlademasterOriginalClip34-219dc73d55f702c7a16021a699443e98310147ef938b8b00cedf26bc0fc5c6a6.mdx	23167
war3mapImported\BlademasterOriginalClip35-6330a974d3aad8c55f791c82daeb8d57c7120bf7d68e5d531127f6102ef62987.mdx	23207
war3mapImported\BlademasterOriginalClip36-f151d0a21e44662addee38d02ede36ddd819e83bf7abb2a77c97fd7d4d831264.mdx	23206
war3mapImported\BlademasterOriginalClip37-8a48b4b254a2c691de5312266422e2654baa404c6a1eb80a67edbbfd4d15ae28.mdx	23203
war3mapImported\BlademasterOriginalClip38-330c525c1ec7883c1ec0ac6f697bbcb5743fd354b4741ab61722a4ade93b38ae.mdx	23201
war3mapImported\BlademasterOriginalClip39-60cfd3ad716c8e225954a5e7a99d12907475793a5c3c50df74bc5ee59652e258.mdx	23193
war3mapImported\BlademasterOriginalClip4-12f68f1283e4c788ef657524d0c645cb11357d42f18b7376eabd596ff660df89.mdx	25763
war3mapImported\BlademasterOriginalClip40-a27a732827e0818c55b8788b83ff74c3630ec451ca41835c11039eb7885cab88.mdx	28209
war3mapImported\BlademasterOriginalClip41-f6a891812c4d8f6ee9ad84aac0990c1e9c3010ffc225341901b553b31185e2de.mdx	23112
war3mapImported\BlademasterOriginalClip42-72a274f0555dc1f2ede3cd878c18a8a99ea8552750829b2c0b6774f45671ee9d.mdx	22950
war3mapImported\BlademasterOriginalClip43-11cdf0c533b7a3c4f71db5cea1668f8603e6b54fc3ca9720fcff9059d6cc70d6.mdx	22988
war3mapImported\BlademasterOriginalClip44-d39b4ea4e3badcc497c2d3fbe51b3d38594beb60b536765a36e789937ebd0803.mdx	23054
war3mapImported\BlademasterOriginalClip45-f2dd800ee08f27e89513cd5ae69e8f1378a7d1b0537815cd437ce4664da6d15e.mdx	23021
war3mapImported\BlademasterOriginalClip46-4bafbc5bdbb4962b235333e7cfced5f80913476a294f188514e7a1a440bb06f4.mdx	23198
war3mapImported\BlademasterOriginalClip47-93b0f68f723d61bcbe5942b54eac7f3482b416407dff1668e476e259f1c122bc.mdx	23222
war3mapImported\BlademasterOriginalClip48-81e2de80c3d34f26f69f960f4c5f46afd8c051a2d0e3b7f02c708c56c67ec018.mdx	23236
war3mapImported\BlademasterOriginalClip49-3c22882b3e65d087c4c8fcd305df74e7777e700b4339da9d0462c6e15249262e.mdx	23281
war3mapImported\BlademasterOriginalClip5-9c1d918a5c627b9bc7a36b83cf95776a342db969ee5d6e97336e865695c90d44.mdx	28643
war3mapImported\BlademasterOriginalClip50-3e5044cf07f102ce22bc89d44eeaf89d29b7f5fc412b4a7872c3aeed02a39915.mdx	23293
war3mapImported\BlademasterOriginalClip51-a227a465e8f823e61f94f7a99dc5cab16f534e36e88896b1824480441071c2e2.mdx	23273
war3mapImported\BlademasterOriginalClip52-e4b71ccdd9a6819bdf696dfa358886f3034d03ff2469866cbe2bd9ade9c40ecd.mdx	23279
war3mapImported\BlademasterOriginalClip53-170902605ed2ad81e50849990695bbe5e42ab5e4ad1a0351b2598be8c17dc2a8.mdx	23308
war3mapImported\BlademasterOriginalClip54-601712c47591cd15b445bfb031858f669db2fcac62873391043cf2429a08994a.mdx	23338
war3mapImported\BlademasterOriginalClip55-8da5cab1c1e0ea81f728c8c8ff4f9e7ab901bbe4ca9baebec719c09c9c462cf5.mdx	30143
war3mapImported\BlademasterOriginalClip56-0cfe507e23f1e4c586caacab378dc9f89a0337982954201fa6b79c2c0546dd62.mdx	23205
war3mapImported\BlademasterOriginalClip57-09cf96be659e5d642ee2236f14041388f39876dce4d445e223fea96e577421da.mdx	23199
war3mapImported\BlademasterOriginalClip58-50c847f0793c4e612b7d70537d0038ee31fc821e9b729b5bd95566d965578c30.mdx	23382
war3mapImported\BlademasterOriginalClip59-e1167ec4b43e2f674844081ba7d02e93785bd613aecbcfce85df9711eb0b7198.mdx	23267
war3mapImported\BlademasterOriginalClip6-e55bc483b36a4a72388dd71d5d5afa681203f7e1efdd69c5eaa10485ae9c93c3.mdx	27084
war3mapImported\BlademasterOriginalClip60-5d0849a6ed2b6650390531c57e6e4aaa4e45bae63d8114429ed21e3d026fc628.mdx	23280
war3mapImported\BlademasterOriginalClip61-c8d93fc8e17933b2f2486fd8474de369fcd1aa9bee231046dd48218fd946ae23.mdx	23233
war3mapImported\BlademasterOriginalClip62-f2bff210107ccef7d3964809cb9e3ab6447fc6c6bb8060a448c7b82bc96a0812.mdx	23350
war3mapImported\BlademasterOriginalClip63-f779ff9459b9a2cccdfd832a6354c92ce88ca4e77c6adb7ea8fda7200cebbb59.mdx	23379
war3mapImported\BlademasterOriginalClip64-7e3a91d2a9874ac1023c3bd52fee6dd71a63b2cf1070d812386dc3326b1d47f0.mdx	23403
war3mapImported\BlademasterOriginalClip65-053f562bdc7eeea20f6d62d5a5307fab38bf7f57c5e49da0cf635363fd4887a3.mdx	23411
war3mapImported\BlademasterOriginalClip66-33e966cee47906cbb19748ecf2051591826877449321f35b9c428ce79634469d.mdx	23431
war3mapImported\BlademasterOriginalClip67-e861aa69bd960e3fd12a22884b895c51da6783b72d3cc6f8f3f990c89a9581a5.mdx	23423
war3mapImported\BlademasterOriginalClip68-313fc0414ad1611b9ba3504e2f79c1495b4914b8c4eb401404d59cb89ca9b3c3.mdx	23432
war3mapImported\BlademasterOriginalClip69-36bf9024b135d5ab496283a7db8b14e1f65a36cc232fadd7b96cba11d6ba30b2.mdx	23432
war3mapImported\BlademasterOriginalClip7-b2f831e9812b41aa5d0968e1a68eaef0e4d4dc32164476fbcfbc15f0460ba142.mdx	23703
war3mapImported\BlademasterOriginalClip70-aea009f1c0915c44217205d91f6a2c0eb0b40bb4f25e70c5b83185bffb1c768d.mdx	23439
war3mapImported\BlademasterOriginalClip71-d90645281068ac2b2813cbf2440c2f8138187fe7dd6d9222e8892f0457eab9f0.mdx	23438
war3mapImported\BlademasterOriginalClip8-0d5237c071f2433496a3eb99d198bf85baeb91c1507fad1b8242a640024f90ac.mdx	26168
war3mapImported\BlademasterOriginalClip9-ebfa802679e8f5b687da1fa7f074b4495766e2764299c2803810cde2863fc92b.mdx	23543
war3mapImported\BlademasterWhite-0a65ac7805feb755af5399b0305debe9d7ab27baaebb2338a8f81034e3d4b604.mdx	169907
war3mapImported\CairneBloodhoofOriginalClip0-1849d3e2512d4900aba71904d01da48109ab5bdf629c4f41965b6c507610158c.mdx	22774
war3mapImported\CairneBloodhoofOriginalClip1-8fcdfb77fb4a053c7879ceee922c59c69f34d37669b836efd94f10b3339ca0d9.mdx	57403
war3mapImported\CairneBloodhoofOriginalClip10-ba57f3c69123066c8a8aac3bc5bfed810f50c39136b14b44503e06835d95e09f.mdx	45485
war3mapImported\CairneBloodhoofOriginalClip11-6e9fabf8a5bcaa69da36d6bcf244dbbf341e5261738d37bdc5f3c1300538d450.mdx	28690
war3mapImported\CairneBloodhoofOriginalClip12-4be43814fdad6b0f0e0966f8078511644325166e8101730ee9bde20a079f811d.mdx	19893
war3mapImported\CairneBloodhoofOriginalClip13-d8f95e55ddc91a8bfbe10671f6867f061458a3d39abdbada679794f3eff032d6.mdx	20142
war3mapImported\CairneBloodhoofOriginalClip14-6865e88fff3cc5cda6399bdd97d356ef06188de630660547ccf81190ef5757d5.mdx	21242
war3mapImported\CairneBloodhoofOriginalClip15-e285765725fa37bf91274a9843debf01a50771ee56ec5456298986c6308f9f63.mdx	21248
war3mapImported\CairneBloodhoofOriginalClip16-942cb36a1d77752d23afed739d30ee357792af79832adbb3d48c6c3fddd41bfd.mdx	21234
war3mapImported\CairneBloodhoofOriginalClip17-9d91408ef26566dbdbbcf6fc15fcb4520c3f4787ac03201e0b23cd90e74d137f.mdx	20976
war3mapImported\CairneBloodhoofOriginalClip18-3e62b6ea45b1df08a9065c45606bfdef370146a0e9962e3fdf2571a8810dd492.mdx	20356
war3mapImported\CairneBloodhoofOriginalClip19-e0b378bffad81b8cd20fdf39174d20b6b1a72b0c624c15c99c7a8dc15ce416c6.mdx	21081
war3mapImported\CairneBloodhoofOriginalClip2-ace2527a9ca0a61507d1c3e118a570ba3927f0a4caa8bd4f7b76eb305d4aded6.mdx	38589
war3mapImported\CairneBloodhoofOriginalClip20-0a1bbcd821111a9e40192755a9c7d597a9bbe55233ecfe999c80cdc3c659e9d4.mdx	22461
war3mapImported\CairneBloodhoofOriginalClip21-3c1f9be9b391776eb7b30b41881aa9d9c2a23bab07a3aa646cc1464494d92957.mdx	21648
war3mapImported\CairneBloodhoofOriginalClip22-406010f949cecb2e902ac55495804424cb7b08568aea78b03ec2e5ed139f3b70.mdx	21859
war3mapImported\CairneBloodhoofOriginalClip23-116953bad4574536e6dcc65ae566552ea31b9e3262000b4586d42d87ece9a4ef.mdx	20770
war3mapImported\CairneBloodhoofOriginalClip24-16e0b985c14857f679e3950840c1a4daa2cd866af8ac2941a376bb831b765d82.mdx	21419
war3mapImported\CairneBloodhoofOriginalClip25-f8fc3947d6a15779a6877b32f41386b2abfc1f5faa19085595d45e62176b5b35.mdx	21069
war3mapImported\CairneBloodhoofOriginalClip26-380a37d344839dc019f7e221d807ec39d07e44e9596126c515fbcaedb9c76642.mdx	20214
war3mapImported\CairneBloodhoofOriginalClip27-8cf8b56dd717db8b8a2d137b8fd1309f2c0ef64ce1888b5168e4f11ec1788ca6.mdx	20937
war3mapImported\CairneBloodhoofOriginalClip28-486e65fcf73c905d862196594abeae7bc957acd4e31c65350681240701595d99.mdx	18376
war3mapImported\CairneBloodhoofOriginalClip29-588d0ce160d069ab4730f1612311b659583bd9ff1612c414f8debc3bc1ec3adc.mdx	18929
war3mapImported\CairneBloodhoofOriginalClip3-5f8dcbe5814d9512e4581309568e52613b8e6ea4e5f7f7979c4858e7981bf0e4.mdx	34761
war3mapImported\CairneBloodhoofOriginalClip30-a9d3b7867e25ce8a5c2a1cb0d6d5ae054280ff16796e1c24101174afeae53f70.mdx	18377
war3mapImported\CairneBloodhoofOriginalClip31-85d59801e9e687c512b34e35e869411396fb1793e46e9d531899b340e5b931fc.mdx	18358
war3mapImported\CairneBloodhoofOriginalClip32-be63d706aa57d7e9cfc5c3d612fd70e40b7be86b66729fb542535887e76292c5.mdx	20492
war3mapImported\CairneBloodhoofOriginalClip33-ca2639b745deed00ee8790ff340056fb6cbfc5677e94c2e50edd994bab02fe7f.mdx	20888
war3mapImported\CairneBloodhoofOriginalClip34-a46a8492911b4ca2f5d1dc452625b82e6de6de6d362b25d0d7fff448c87e4a4b.mdx	18782
war3mapImported\CairneBloodhoofOriginalClip35-71fd7703a62e057c8aefa0c1d53766d4931311c9a6322e79e411131435743f45.mdx	18917
war3mapImported\CairneBloodhoofOriginalClip36-463d478079eeafd32b45f5a7b8e2e346d139ca9d922889a03480f7efc1430377.mdx	18726
war3mapImported\CairneBloodhoofOriginalClip37-f48ea42c0155691925fcda9e1329b7a3d22e6631895f4f259c7cfc5c9fa2342d.mdx	19593
war3mapImported\CairneBloodhoofOriginalClip38-9312fb07c8a08a540b55c9237e556d2fda13926b6c0a14a1eb674358c127926e.mdx	19595
war3mapImported\CairneBloodhoofOriginalClip39-09fb963eb0e1c973455d4fe0284b302f1c33f4b6287d0c6ed32be0a3ede6628a.mdx	19637
war3mapImported\CairneBloodhoofOriginalClip4-de11bcab4071b6ad8cad00ad59484f971582e6659e10b0bb2409511b84e4a06d.mdx	23426
war3mapImported\CairneBloodhoofOriginalClip40-71d27b5a8f58d25a71b59b212edb1bf290d164f0bc6c438e71ced8d39d2080a3.mdx	19878
war3mapImported\CairneBloodhoofOriginalClip41-5949ac17f18c6a0edc8abd8fc2aefa990461fa7c709ae31edd288d87f25c71cd.mdx	19769
war3mapImported\CairneBloodhoofOriginalClip42-b7a8cb5f58c9eeb7632a615828774a6ce14b6606b5ac5b26bd7c43a25e79c407.mdx	19774
war3mapImported\CairneBloodhoofOriginalClip43-664dd8dc974af4688a676ca1dcc3ee960afb278554b6a93926e163c417eea5d2.mdx	18367
war3mapImported\CairneBloodhoofOriginalClip44-6b64f699bd70decb8a1a370c0cf01c5efc59c7171f55f987a08b24112009d66c.mdx	19816
war3mapImported\CairneBloodhoofOriginalClip45-adee5b5c2383f2c3b09b4afa5472d22607462c2869f239afb97d015e33502939.mdx	20442
war3mapImported\CairneBloodhoofOriginalClip46-324f99b9e47599461bc0bcfa81dfeb0146e4cd356549f6779bc6e43648802761.mdx	20036
war3mapImported\CairneBloodhoofOriginalClip47-548424e66d3e4760439df84b4301ebe9f2b6d0343e963ba6043a378fd2d572cf.mdx	19749
war3mapImported\CairneBloodhoofOriginalClip48-e071fa273c80ff32db3bf1bd41a36476be48628314ca93da87a776c62f27168c.mdx	20068
war3mapImported\CairneBloodhoofOriginalClip49-9566d3db714cebd333d7985b42cf91b6b88090639719cf20023c6a9c61639185.mdx	21497
war3mapImported\CairneBloodhoofOriginalClip5-766b0893107652cd0934f9027f79789f7e8750dd8b1e6d1671632dde1f371cbe.mdx	37194
war3mapImported\CairneBloodhoofOriginalClip50-f69ed275afab671d8b4d9049ad5d6abb4653b3cd493afc066a179dbc1075b2a9.mdx	19673
war3mapImported\CairneBloodhoofOriginalClip51-ee00a19eb57a5a6543d096aa01f1eb191bdc2c24c189df0db1571bc0d071dabb.mdx	19859
war3mapImported\CairneBloodhoofOriginalClip52-9b48003b37e389d486b5dd3edd34ae73f7c5624f83d05e5b5592ea1dcf5bf388.mdx	19434
war3mapImported\CairneBloodhoofOriginalClip53-c7fd9e934db1ce07ca57843d4c83f50d770be8814565810fa79487a198fa13be.mdx	19501
war3mapImported\CairneBloodhoofOriginalClip54-4c7139ce7e81176a2d51fbb593594a407714b5361ee225082c50b114fcc19f1f.mdx	19882
war3mapImported\CairneBloodhoofOriginalClip55-bd00c906357e43d0c62b3f694d6b684040c9f2ccdd695d4ae884480f3d66c5ef.mdx	19719
war3mapImported\CairneBloodhoofOriginalClip56-c0a384aac76d3f1abd40b2d047675b9cb6ccd8bd56ff8a5cf17bdf379002821e.mdx	20519
war3mapImported\CairneBloodhoofOriginalClip57-43d427f1bbea3b6ba348cd82e59669c5bc1842db5eb0712576ffcd8816f66c3d.mdx	18380
war3mapImported\CairneBloodhoofOriginalClip58-8f8f4aa6d4af01567b3d6675514da85475f160b3d042859dbd9a5fd5cb3803f6.mdx	18368
war3mapImported\CairneBloodhoofOriginalClip59-f8fb8f27e175811aa91c2bea398ffe2d21b298d231349514963462ac228b4566.mdx	21506
war3mapImported\CairneBloodhoofOriginalClip6-54ae4be1552752df98f9c13fddcde3f8353d8c28db9c4e093c3c25f702c7f46e.mdx	38449
war3mapImported\CairneBloodhoofOriginalClip60-6569afd8a99f61277100a70c7cdc0650a208c820c346858ff173835b1634f753.mdx	20738
war3mapImported\CairneBloodhoofOriginalClip61-031df7654fad857299cd0be009e758d3968f9ffacd320c558b8b07164db5e55e.mdx	21048
war3mapImported\CairneBloodhoofOriginalClip62-41d4f59900eb2e6cbf22ebe9669bea68e06683af5754160b2a8bd4e2444e3549.mdx	20127
war3mapImported\CairneBloodhoofOriginalClip63-ec8b9a6f51c658792c675168aae335bff114fa3cfd46f89428d9a6edb714a75d.mdx	21006
war3mapImported\CairneBloodhoofOriginalClip64-21631348cd6905c9ce1229a0e23d9264e3f6bbe6266713af75bb70d52c6c0598.mdx	21550
war3mapImported\CairneBloodhoofOriginalClip65-a8c2ebdcc709316dca8a6e3ee865239b3609a88eb9e0a71fb3b764c0356d4a9f.mdx	20771
war3mapImported\CairneBloodhoofOriginalClip66-94d3e6b4cdd6637a5a68644798ec5714a7f69c8d0d995af91ecbfcbce43ccbd3.mdx	21108
war3mapImported\CairneBloodhoofOriginalClip67-eb6f8c524b5b50febe0d5649f340232f14ffe8f2e752932dbbf05845f6320fcb.mdx	20084
war3mapImported\CairneBloodhoofOriginalClip68-8930fa26f9b7a009114ca3d7602f56e456d707b9a1f1ef89b5f0f88dad13d007.mdx	21031
war3mapImported\CairneBloodhoofOriginalClip69-49b2963b68cd979231c7376c7b70938adc9ed332da6eef9e499f2c22bc1a18e7.mdx	20454
war3mapImported\CairneBloodhoofOriginalClip7-6f9bc2c55f0e8595453760c87ab3513b035dddb6b5a3ff76bdc7633beb059b63.mdx	21635
war3mapImported\CairneBloodhoofOriginalClip70-eba09b79d464bfa9dbebc30deb725703491ef0bd997137feec90dbd757dfd719.mdx	20440
war3mapImported\CairneBloodhoofOriginalClip71-ab9f479a35a161cfd42b00dc34d34fb8aaba8a5f4f30bbc4d1f004c6afd2fe92.mdx	20766
war3mapImported\CairneBloodhoofOriginalClip72-6366e5ba25a612f69246c1227dc8aa03ac2c47db642d37dfde170d8c7477097a.mdx	20763
war3mapImported\CairneBloodhoofOriginalClip73-d1270512ede2784824d71c01375eb6b80164aef57fa18d84ccfa28620eff8519.mdx	20602
war3mapImported\CairneBloodhoofOriginalClip74-727804ca8b56eb46450f7b3819c9165ce4cb04d93d6e04214981d51b98ddfd40.mdx	20599
war3mapImported\CairneBloodhoofOriginalClip75-3c3dd8775247f7b3ef563ff58f65d19c0c433de5b28ac2285d083db4ce418bf2.mdx	20669
war3mapImported\CairneBloodhoofOriginalClip76-4932cc91b5b1958fbe00bf98b24fd02e828fdb07acffaa853620cc142bf5395d.mdx	21191
war3mapImported\CairneBloodhoofOriginalClip77-51434bd338d0ba2f3a464db379f89b1a82d353a95ce8eb89641c4521bc8b01f8.mdx	20805
war3mapImported\CairneBloodhoofOriginalClip78-915f35b271c906025c29f41c11df1eae5184b2ac0385135142b06be8359a14ad.mdx	21153
war3mapImported\CairneBloodhoofOriginalClip79-46e5a7162efe0d8a57b276de4e577de6d2a8e6e49e7591ab31ed4ee8799555c3.mdx	20780
war3mapImported\CairneBloodhoofOriginalClip8-dffde4762c94b82b47381517d6876a880df0d4b108b77d9f5ed1526f9fff45fb.mdx	30258
war3mapImported\CairneBloodhoofOriginalClip80-eefe6efaad2c16546ea3cfe79d4ccb85b1e9b9dcf265a43354dcd851a616d688.mdx	19905
war3mapImported\CairneBloodhoofOriginalClip81-2798ee81c27c895627e221ebbf4bd4c5410a1871f17bf322f4fb2b67852be78e.mdx	19899
war3mapImported\CairneBloodhoofOriginalClip82-38cd2f19f10f510a0f3c285465894ba4df2fdf308a42a1831ae62a3668cb4337.mdx	20644
war3mapImported\CairneBloodhoofOriginalClip83-847b63ca6ad708d9617fcd56a0aa5f80eed0854991c8877b2eec05ffc346f80e.mdx	20317
war3mapImported\CairneBloodhoofOriginalClip84-580132bce0123e5170abaf7dbca0eb11c87278c38decb2fff9272f3fefd41db9.mdx	18264
war3mapImported\CairneBloodhoofOriginalClip85-975d2c48efae93c11b0090bb712b0507d2bd2f324684775129176208ee6105ca.mdx	18263
war3mapImported\CairneBloodhoofOriginalClip86-4ea60373c347945ba03bf974e2df91d655836d72ea3530c32c1f8de943eae8f1.mdx	18266
war3mapImported\CairneBloodhoofOriginalClip87-98b3a879ea60bca6907946ae2708dd7709180115e9a7007bc7db0752cf26e109.mdx	18267
war3mapImported\CairneBloodhoofOriginalClip88-e1d72c7f82ed60641c029349226752a3baa830d2b9f84cecc6579a7e03d46d88.mdx	18265
war3mapImported\CairneBloodhoofOriginalClip89-60be4f7d6fcf24f95b397275176832b270d37d7ca286d53e6aa47cc20c2a1236.mdx	18269
war3mapImported\CairneBloodhoofOriginalClip9-fadef19b0c9f4b884fc86e4895eb07c0ed356d491505bdb3202e1ef438f0a281.mdx	38446
war3mapImported\CairneBloodhoofOriginalClip90-767315c9a24b8530a47f97d0b343ea2fccfbe2a86afae41182d5f24c177f8616.mdx	18261
war3mapImported\CairneBloodhoofOriginalClip91-3a0aeecf0d91cbde264cb674a5c055cda2c8a12e56b487e20bbbe168b5001750.mdx	18260
war3mapImported\CairneBloodhoofOriginalClip92-2499abce36bb5960fe6545273052e61f522c723285c42f18e1dcf355da058f6e.mdx	18262
war3mapImported\CairneBloodhoofWhite-6fc92f3376a01304a24ed9806e5bf459ca9132f597d30c060da2392414a2135e.mdx	416221
war3mapImported\ChenStormstoutOriginalClip0-42e51e485c18f5e3f135059a60c3afde539ce71183a72daf53a5f43d7d97f262.mdx	32892
war3mapImported\ChenStormstoutOriginalClip1-1362a416015fdfcb7172674650449414defa5d962f984b1492a14a7efbe143c3.mdx	26255
war3mapImported\ChenStormstoutOriginalClip10-76f30c3d79b09aabac47b711790f57e4004b52898f39a0ab32dc6aeb5924e71f.mdx	29462
war3mapImported\ChenStormstoutOriginalClip11-6dacf7a8e027cd41c4f7f629e08a0eba69048c9736e93d1aec6ed590b6f4c691.mdx	23598
war3mapImported\ChenStormstoutOriginalClip12-38a8f82f35532a4e43fa7432628186d92acd930a3ef8bfa70a7318a73f4ca16d.mdx	23574
war3mapImported\ChenStormstoutOriginalClip13-3ccd8db4343783e2a38cd052f8a5a7c34e8fb644c1bdf5f3d6d83fd7d071a8f5.mdx	23698
war3mapImported\ChenStormstoutOriginalClip14-6f5ef2de65d1733068e54a5685a2b93d910778c96b215a75a0112be7d59e643c.mdx	23634
war3mapImported\ChenStormstoutOriginalClip15-3ad6a6da90ed0efc7293e2e6b55a464390b61ebcdd51a7b92140c262245e663d.mdx	23635
war3mapImported\ChenStormstoutOriginalClip16-2afe81018d101e02fc0b6709d46055a11a1d5542425fb977d24489c56d044ccc.mdx	23688
war3mapImported\ChenStormstoutOriginalClip17-0e249f519e9e19664af59caf97600bd11a46ccd06a9e1f633e6a7bf7a3d09d2d.mdx	23688
war3mapImported\ChenStormstoutOriginalClip18-75b7dddc33064c73c00d17159f7818afe265cdc3b0efd31ec81214be2ab9b6cb.mdx	23727
war3mapImported\ChenStormstoutOriginalClip19-b93d02eb40c408ec7cda17abf04667020d305099703958fa1100bbd47ce8a6b7.mdx	23687
war3mapImported\ChenStormstoutOriginalClip2-bfb946133503e8a63739bb3f33d25d5c6297956019d5b0c7314913c2f45680cf.mdx	27973
war3mapImported\ChenStormstoutOriginalClip20-ca34b7a7a81b77c784d00c1ccc25e9682f497af60c0e1498c469526bb73cbd09.mdx	23299
war3mapImported\ChenStormstoutOriginalClip21-38709e6510864b21e99927e9bd7ead558652270f413c2aa05c9d44afe78e818f.mdx	23341
war3mapImported\ChenStormstoutOriginalClip22-dd624564d768c34974535af1d7f3fbe3f344ad0e4201542b47924696537ad89b.mdx	23610
war3mapImported\ChenStormstoutOriginalClip23-8e875dd4a1d363523ae89a20dd3e6d85e844ac22b654ea18e0bdb5b695fd5752.mdx	23236
war3mapImported\ChenStormstoutOriginalClip24-18213f0bba41b7e12a127224e53233658fb8f440d0abc1e2cffd4d5c03ce0c4f.mdx	23282
war3mapImported\ChenStormstoutOriginalClip25-8893bba76a46a839bd34129528c89cc3b089ac0edf8bf40b4cd7d97ecc7a93a0.mdx	23281
war3mapImported\ChenStormstoutOriginalClip26-0843db0361708c298e2af9cc3f267fb09f26793c04275e7d2d150337c36805af.mdx	23258
war3mapImported\ChenStormstoutOriginalClip27-8fad89efecdfec7172156a8498f87ae51e6e047a3a415afc1f2ab86026fda664.mdx	23293
war3mapImported\ChenStormstoutOriginalClip28-d1becf85586baeaf2b27e64bdca38502da8a750a5084005ae19d6f9ec83f8703.mdx	23121
war3mapImported\ChenStormstoutOriginalClip29-1fab24788e63c943d284988b773cb3e163124288a6ea62da96d01ff0efaa06d5.mdx	22206
war3mapImported\ChenStormstoutOriginalClip3-592029cf6d4c522174522c3568bbc74f6091f1b5ff3ad28ce45b21d81687262f.mdx	33103
war3mapImported\ChenStormstoutOriginalClip30-6ecc0940ac071c7d634a45334148724031830c6331a0ab33b52411c40daffa62.mdx	23116
war3mapImported\ChenStormstoutOriginalClip31-f987db280fd5dcff641cf591c816d39754abf45a01ffdaa452d25486b02db4d3.mdx	22203
war3mapImported\ChenStormstoutOriginalClip32-970a8ee4f8210733630c929bb72b1d90e438c6049588335a567395df467dc4bd.mdx	23216
war3mapImported\ChenStormstoutOriginalClip33-35575fe82540922e0a2736219c54cf6c5f49fb4f71b5ea4dbb223132db6c1bbd.mdx	22210
war3mapImported\ChenStormstoutOriginalClip34-f06850548715b226612c0e27baff21a4e6349d449cc3113bfd3ddaf75f1eea4f.mdx	23196
war3mapImported\ChenStormstoutOriginalClip35-16efcfa95ffc963092af74213faf3797b70f2a5dd38e1878a02b4be21e76c380.mdx	23047
war3mapImported\ChenStormstoutOriginalClip36-09489e12c7ae5e2f42c34aefab43dbb877c77fd483b4bf7e8aebc1d7cef06219.mdx	23229
war3mapImported\ChenStormstoutOriginalClip37-d295418023e053016f29e90de0b76821e384d5e57b612698fa198f31dcf92e9a.mdx	22916
war3mapImported\ChenStormstoutOriginalClip38-228acc1b9335f670d3ac78fa5e0420c820ac049a51ec387138a3032cd3d05862.mdx	23222
war3mapImported\ChenStormstoutOriginalClip39-a0428672e6d5f68bd8db4f39705630503450bceda1e38970e46acf561e0a618c.mdx	23212
war3mapImported\ChenStormstoutOriginalClip4-e4b4304c2a190f6d17296f01f54126c702bceed668dfb268547027feaf0443c1.mdx	30670
war3mapImported\ChenStormstoutOriginalClip40-3fef48576437c5b31e2baec393d2018c2918d711106306b4ff08de8097b19f7f.mdx	23213
war3mapImported\ChenStormstoutOriginalClip41-526b09a17a210be0c35464a8ca847a7eb91dddc7f838e12641f37850338d3754.mdx	23185
war3mapImported\ChenStormstoutOriginalClip42-9c8703ac729d89146bc13ec33936ebcecf1ca5cd122523a3c56ee9a55e1539e4.mdx	22207
war3mapImported\ChenStormstoutOriginalClip43-159abfd3a51ad37cf1368cf5cc8d3f0c40d7a2dba4531e484124e038c7d2cdaa.mdx	22206
war3mapImported\ChenStormstoutOriginalClip44-5e3342319c6232cb40e3823b1ff4f02c7e7cc8b4ad7c95689e7ebba5644b0a45.mdx	22215
war3mapImported\ChenStormstoutOriginalClip45-91d838531c3d9cd0ff044384b65510daf27dafbc3b964754f9317696f8467e5b.mdx	23279
war3mapImported\ChenStormstoutOriginalClip46-1da6748c69e7ff5c2859a0f67f82322f122c615ead41ad165db16f5fe58a5e2e.mdx	23253
war3mapImported\ChenStormstoutOriginalClip47-69d053696f116b84a04dde49f9fc85dcf74a91806aa3657d41c8b73caeb8c2d8.mdx	23254
war3mapImported\ChenStormstoutOriginalClip48-7397f2159143d84ec251d288e5b1a7339e9ff8ffd24e5dbdf02ea75d0e3afd32.mdx	23259
war3mapImported\ChenStormstoutOriginalClip49-985b1cc0fd9fa4aaf805186938381e45fcc245624d48f74255a0e007850dcb85.mdx	23280
war3mapImported\ChenStormstoutOriginalClip5-359a314629ebec107e1665dbd23dc6145b01f60184aed58ea2d58c10ab858cee.mdx	31599
war3mapImported\ChenStormstoutOriginalClip50-2af1b3a9c4b9ac53fada37925654c6ad06c6f3eea10e0f3184e22e02a7542bb6.mdx	23689
war3mapImported\ChenStormstoutOriginalClip51-d78d3925aa212e2bf9eb83ab36751a37a538a7d7fd59d39386811a6e2ea21535.mdx	23229
war3mapImported\ChenStormstoutOriginalClip52-0f37bfa3743cc7365a49c9e704244c20712df2b42c5364ce9c362172a7bc30a8.mdx	23232
war3mapImported\ChenStormstoutOriginalClip53-c0c11117de83f668201f8323554bb40503b17ce44d4ee516a2a773e6ab0c3f0a.mdx	23153
war3mapImported\ChenStormstoutOriginalClip54-1ef5bee5072c7df715daf0e05a49517646dfd4e4472253c8f9faf24d30e6abdb.mdx	23149
war3mapImported\ChenStormstoutOriginalClip55-5c6fd098219ab299bda4e17c02b463eb57d552541e63fa79fba2762bbcd92b6f.mdx	23242
war3mapImported\ChenStormstoutOriginalClip56-19b3d70019659231c03d09f1ba2359435cb7cbef23933a57db83895841dd1296.mdx	23196
war3mapImported\ChenStormstoutOriginalClip57-9a54d63f52c92b20fe4af6548f6b080053783b1dcaa612d6e8f3d9da361655c7.mdx	22207
war3mapImported\ChenStormstoutOriginalClip58-36b429a5ea5b94c5e8ea2eb9711cd39559422b955d04260dc49209881c6aa368.mdx	22206
war3mapImported\ChenStormstoutOriginalClip59-ce5898add292018086a54aa106dfc43e4bbf73d97e951b457e5a7d53faf22d21.mdx	27766
war3mapImported\ChenStormstoutOriginalClip6-7e27ac9d780f1dcceee46e98c25e44a93274a3ae8106956d63fd7a28e68274a8.mdx	37087
war3mapImported\ChenStormstoutOriginalClip60-336fdd159c79ac43b568e9a3cc2ee374ec274789583bd5b94d11871870c316a3.mdx	29085
war3mapImported\ChenStormstoutOriginalClip61-9196554063f8186ef3b050ae6cf6b3891736b533792cb964f903cb0d4b83c8f9.mdx	27770
war3mapImported\ChenStormstoutOriginalClip62-0ead11212f8c2eeb2d9317339ddbd0f3a716a0dd6453f4a772bab59b70ac33ce.mdx	27765
war3mapImported\ChenStormstoutOriginalClip63-59cfc057ca4238e62437e95fad50abb47e32c6fb3f66cdf6dc446b963583ed94.mdx	27761
war3mapImported\ChenStormstoutOriginalClip64-68e9123ce829bfdb91aad6266dc968d242e5f91c68d265b87d7bc2c6a22bb152.mdx	29125
war3mapImported\ChenStormstoutOriginalClip65-7d8bcf90288c7cfdad3cc4b614a49010bb473bd77919e24f540d989d246c03b1.mdx	27766
war3mapImported\ChenStormstoutOriginalClip66-77c5b05939ae39d3a32c01caf109b296dd34f22d03fba8752c9f221087672b31.mdx	23170
war3mapImported\ChenStormstoutOriginalClip67-b8168c14da8b0b12ce82a77daa66e8762fc39da2fe3286f711a99b8285013cdb.mdx	23329
war3mapImported\ChenStormstoutOriginalClip68-a5bbcc09208bfd7d468990fa337f888869166d2b85bb00034b2f02af1be3ae8f.mdx	23252
war3mapImported\ChenStormstoutOriginalClip69-77006de714221179c844c572181cfeb3b7c786731ce45aad73380c01be522d3f.mdx	23278
war3mapImported\ChenStormstoutOriginalClip7-ed4fc5336a3816f85f07897c74de0a4e00f1ec15c67748201ccdeeb029fc0822.mdx	35534
war3mapImported\ChenStormstoutOriginalClip70-3d80d58a823a5544f0deaf665220214d4f399b3427056116b562f0eddb79f57d.mdx	23226
war3mapImported\ChenStormstoutOriginalClip71-7ae606d702e428f63e30927e9223492487c809eab00d1f6c52fbf2e9cd004835.mdx	23229
war3mapImported\ChenStormstoutOriginalClip72-d6e01614aacbbffe97c5cc68787a8cef600a450534cd46bd7b55b2c7aa37fc60.mdx	23292
war3mapImported\ChenStormstoutOriginalClip73-a4b85e9f6db5211ac936d5f5389915dc70d30448394c7fe881ef52fcba098ee7.mdx	23268
war3mapImported\ChenStormstoutOriginalClip74-12fa89301a5d246ea4f944d59c828cf960fdf97df191cedb71e09bdbbf019cd1.mdx	23323
war3mapImported\ChenStormstoutOriginalClip75-4cded7efb47b4c3412ad190568de87afbfbbcaa86c539d4b7bae7149b80dd7e6.mdx	23295
war3mapImported\ChenStormstoutOriginalClip76-76ad18f47092b360c314908c38d09e2a0f53d8080b4a13cee95257d23ef2e971.mdx	23349
war3mapImported\ChenStormstoutOriginalClip77-63509401917cc1a37ba0831b5f31f98ad91ef79a039e2dec82476bdb23bc1ef7.mdx	23340
war3mapImported\ChenStormstoutOriginalClip78-58ea7bf515217e733d2e6d1779a0116918c4414dd89110a9bc738ebf4f9555e6.mdx	23265
war3mapImported\ChenStormstoutOriginalClip79-6c0cd084d5d944406815da903f3aa3771c5ccbcbc913ea1382a6b2953c724a37.mdx	23304
war3mapImported\ChenStormstoutOriginalClip8-e7a378c3af9d2a69402df0a6c2adaf8677bcc9194569efcc155c1c0fe0f35c7f.mdx	25372
war3mapImported\ChenStormstoutOriginalClip80-6caacafdcb90a90683f5159cfd17f21ec6e2829a4829aa67ac011bcb5c064132.mdx	28174
war3mapImported\ChenStormstoutOriginalClip81-f74a0b1643ecca76c875a8d347dcb53343b77c35ac7f7ec87ce369bce8c742cd.mdx	28108
war3mapImported\ChenStormstoutOriginalClip82-0f6690439b52cef43bf4e5bc6a36066e530f926cc92ec00c46f3a9d0aaea383c.mdx	23257
war3mapImported\ChenStormstoutOriginalClip83-a87dc90228a8fc0a16b41b80b777ce3b81e4d5ea1df713450c4bdc985e3d488e.mdx	23228
war3mapImported\ChenStormstoutOriginalClip84-c960be896f83d3970b47ddb02633e40e74d01efebe8b831dcb6cf5810b566ba5.mdx	23254
war3mapImported\ChenStormstoutOriginalClip85-370c273a78fe54a0cf941b6054bcd4746cb7343d2b1fcac6cef7c63d5a01c917.mdx	23251
war3mapImported\ChenStormstoutOriginalClip86-01b3031378525c4b4f2eec46e1407896531b9292bcc210a9dac931c3f4811335.mdx	23240
war3mapImported\ChenStormstoutOriginalClip87-c13d7113eb1d524a14061f8c012e35b7f47ea8c695b29c7851f5d17d607483a1.mdx	23174
war3mapImported\ChenStormstoutOriginalClip88-8e9a3a0daf3da93cb8e6c60d02b5ecfe7226fcca238ec5ddf8a164c09562be80.mdx	22210
war3mapImported\ChenStormstoutOriginalClip89-5a9a6e6c6e4dd5e74f77401aec6c40aef13d63cd3bc012644625f3b17a6cf86b.mdx	22207
war3mapImported\ChenStormstoutOriginalClip9-89ed350c7f1bfa97515814921011c9cb075a61c6a39d9d8bffd819477a7dceba.mdx	24506
war3mapImported\ChenStormstoutOriginalClip90-0a28a72997c9fe0f776381891bf260b9ec9c8e41c75df005a97fbd1de057f49b.mdx	22209
war3mapImported\ChenStormstoutOriginalClip91-9fee6ba9b7c66601a9db518fbbb500c88ac318628b93438908149a8f4b1dd4f9.mdx	22209
war3mapImported\ChenStormstoutOriginalClip92-1fac4e9fc0cd695d636708771aa4ec3eaf63053eec4a2b0cf0e5a21faf85d6c3.mdx	22208
war3mapImported\ChenStormstoutOriginalClip93-5295c3571aea8b506b99046a15cc60cec4cefd2f296e6bebc9b3dfce59de6fff.mdx	22208
war3mapImported\ChenStormstoutOriginalClip94-22be86016d5a40226004e1e3ab69a32c0a5d6cd2d62162fc8789af51b18ca705.mdx	22206
war3mapImported\ChenStormstoutOriginalClip95-94051009dc0a7fa9d5d2887261e9b50a495ee5ecf429d6b63d52e52669332cbb.mdx	22206
war3mapImported\ChenStormstoutOriginalClip96-31194dc34da41d76c2f17c3871b0ccdd5fbbf8e073fe66c4065bb0c2c258001c.mdx	22205
war3mapImported\ChenStormstoutWhite-33d0c250588260d20ebf7886d61f42f5de4a0abf19acfb2b9848eb97e7ae6fd4.mdx	294509
war3mapImported\DemonHunterFighter-d586986cd3aa0559c4deed0e5b7c7429c71bc95ecbe32b9df1ad317536316a65.mdx	4035899
war3mapImported\DemonHunterFighter-eabc4b5affd15559d54db07508b4572e17b20632b8502e0c7c173cf3df8adcff.mdx	3556996
war3mapImported\DemonHunterName.tga	14311
war3mapImported\DemonHunterPortrait.tga	1074868
war3mapImported\DemonHunterTile.tga	232929
war3mapImported\DreadlordOriginalClip0-3c5486e06236a4e639cb359228ecb173e2f7462132c609a35ebc3078bdbba17d.mdx	45881
war3mapImported\DreadlordOriginalClip1-f22f5e6a21a762e2b597a74d6ba9bb0f3128cca56facc1e3455f5ee1fe4f0dd5.mdx	45491
war3mapImported\DreadlordOriginalClip10-d1f770c0e38dc90315e31e439dcfce00dac07d0eb6f2f423d251db7ba9d84db6.mdx	50952
war3mapImported\DreadlordOriginalClip11-5b40a0ca3a64126c0b9b339952f28d8c2232efc41567fd58f3f3e1ff3fe65bc9.mdx	48221
war3mapImported\DreadlordOriginalClip12-968c58ac1186c201b244e3315b5558f4777e7524e9267c9295751193b15f03c5.mdx	45582
war3mapImported\DreadlordOriginalClip13-27ca4a1a707e691a0c5f084c43fe468b383ee75618febc6dd06b9337562822f3.mdx	45550
war3mapImported\DreadlordOriginalClip14-b6775bdd00cc03ac3c2fd377183347532f5279a7c28504d9c1507aba9780c48b.mdx	45441
war3mapImported\DreadlordOriginalClip15-ed9d54a4648f1c54de453df1d409c17847f53a1bc774a83d9f5fdbce01dc22f3.mdx	46224
war3mapImported\DreadlordOriginalClip16-91431fec7058a96b0ce898b4d0f41cb6389f05502a5c58d80f08a1cf40c55da7.mdx	46108
war3mapImported\DreadlordOriginalClip17-a93ca3aa25e3c70b0024f2d703d9054d5f2daac88c2bcf71906a38f3e3fc9be0.mdx	46435
war3mapImported\DreadlordOriginalClip18-fd93d03c2447b08202efc59fd6afe645cb4922f934416d1b0dc5370b59193530.mdx	46463
war3mapImported\DreadlordOriginalClip19-d24a37b48dd8ddc012674ea8392915d15de6186c5ff52989ef3ae6bdd2c24c3b.mdx	46298
war3mapImported\DreadlordOriginalClip2-ed34adf7fc24bbec9b7eb5969c08ffbca784b888fca24cdd2823e871e2196d4c.mdx	44972
war3mapImported\DreadlordOriginalClip20-3a4f373f0219a85573860225cc7ede9fac8399cc69d34061fe905ac0a110b8c8.mdx	46330
war3mapImported\DreadlordOriginalClip21-74f2209f90b140dae89a22eb11d4425d2f747e59b25dff7bbd6a8f0dd8b32328.mdx	46201
war3mapImported\DreadlordOriginalClip22-6cec2e28274efea4576a67e0dd2bddf14544fb6b05a06ef1171528e73fd2553e.mdx	46225
war3mapImported\DreadlordOriginalClip23-9ebfb8e04c7c7392d519864bc2e40a11549a6e1e50af4065d5a54c23a9556de8.mdx	45818
war3mapImported\DreadlordOriginalClip24-0f3c2563989679f2f2f9a97dca1dc3f8dd1df12223f60e1702f0a7d35c146363.mdx	46186
war3mapImported\DreadlordOriginalClip25-751ea89c4c73d5cf54b90e97da7a88ba6f41dfb108de079fd78d29e9bc9adbe3.mdx	53747
war3mapImported\DreadlordOriginalClip26-2b57e1d0e914193ed07adf3963dbd6b0916f04ff66332d1918f695dd891711e5.mdx	45994
war3mapImported\DreadlordOriginalClip27-14253f28613eee5fcbc63e8d3640a029f8a5f8cf1dc7a404600d2a68bd770aa9.mdx	46341
war3mapImported\DreadlordOriginalClip28-c1afccdc6b9086afe09f684fba5a67bf6d7e0d538d336cf145be844bd5e28232.mdx	53387
war3mapImported\DreadlordOriginalClip29-5914094938818b2fe293e80d9dc438191b760f80f1b83eff7157b4a2f7812d8b.mdx	42067
war3mapImported\DreadlordOriginalClip3-f1ae5a39f841a005a3455ac36105f5dc705b0e42be16d2298a868976b43d882e.mdx	53104
war3mapImported\DreadlordOriginalClip30-b1d72e05238cbbad16672c93ebfb1edba3be673272363b78896ff327e38ecd2a.mdx	42069
war3mapImported\DreadlordOriginalClip31-392718bd65b0468f87e295936712d4a66ee281c6b254de0a63adcf2439db3e28.mdx	42078
war3mapImported\DreadlordOriginalClip32-023b7f137a03ae527c2e2c78a5261d9c8b290fc15d71624445282d9a42f8529c.mdx	42060
war3mapImported\DreadlordOriginalClip33-a4c9937ddaaf4e4838be365939222ae3d501b1ea657f5c2ce0c34bcddbcbb81e.mdx	42058
war3mapImported\DreadlordOriginalClip34-00f1c8ea7995d123ebfc70e8ebead56ae211e7ef1a2e82fc5b8c5c498c3713aa.mdx	42050
war3mapImported\DreadlordOriginalClip35-ac36676667786d55cef7b873880e065b6ca2b36450089d61fa8fad9edc03388d.mdx	42057
war3mapImported\DreadlordOriginalClip36-41e3e5e057f4ca577a336cd0d75bdd46a28958233f5015563fcb8387b767f478.mdx	42055
war3mapImported\DreadlordOriginalClip37-bebe0dcae11f708990febec1e591c77fc2bff249b4ce6c13568f065b1f0258e4.mdx	42062
war3mapImported\DreadlordOriginalClip38-f73c727e899ef024153ad1b1c558d45dcbe8639be2a3dccb98728a04132b46ea.mdx	41898
war3mapImported\DreadlordOriginalClip39-7f32862f2796c668c1b7706cc079a1cdd74fdc13403dd628188d89d40c06b452.mdx	41757
war3mapImported\DreadlordOriginalClip4-4703975b6bc5fe56b02f4e7e40a7acb0ae591fc3d99cdde363314628cd213739.mdx	48105
war3mapImported\DreadlordOriginalClip40-c271bf1d25e10d16dc7bb6fc9fa2d2a48ab773475371892e00b30c3d1b5fd4e4.mdx	41718
war3mapImported\DreadlordOriginalClip41-43a440746def7c6f8586d59696e6a825428408d7332551b5fac9c4d368bd4af8.mdx	41834
war3mapImported\DreadlordOriginalClip42-dd93076834da9d0d6b5d7360306a4400e399c6d5a13537cb32be2f81d12839ff.mdx	41866
war3mapImported\DreadlordOriginalClip43-33a0e9131a60149647195ac15b081327dca110ec74e01c177b1836f8504d3070.mdx	42022
war3mapImported\DreadlordOriginalClip44-da6e6327239a9e12fdfe64aee66d079d78b1cbb367403b0a093a1595d3d832a4.mdx	42035
war3mapImported\DreadlordOriginalClip45-5a8940151531eb97bf02f07ed13109a5ed46eebf661dc6ec0a867256c4d676a0.mdx	42046
war3mapImported\DreadlordOriginalClip46-01d83c782ba8ac173ea523f8777db9f78320f21c97b081409c342e5ac978ec53.mdx	42110
war3mapImported\DreadlordOriginalClip47-6ed495a0a5ed2ac17ebf7599f501e820ab856aa626811845f3eab1506d92c8f0.mdx	42081
war3mapImported\DreadlordOriginalClip48-f27d99055d9e9325d83a788ab52cbb19af777684f9cae6c4db86d3d2920e0820.mdx	42092
war3mapImported\DreadlordOriginalClip49-9116277dc01d44015bc0cab1d5f8495966412ac8da538a66ead22116ffa63533.mdx	42133
war3mapImported\DreadlordOriginalClip5-1874658d4c3fc33e80f2c077b4a0a1d6ee184673965a89eb8847a8c878bbdc0b.mdx	52008
war3mapImported\DreadlordOriginalClip50-242da7f379ef619342a23689380077291efcd4e618c25b18febddf229dd4bb2a.mdx	42107
war3mapImported\DreadlordOriginalClip51-890145575a4519d0e36db0073050130cdace6e1ece150ada0a6668c13e17f551.mdx	42094
war3mapImported\DreadlordOriginalClip52-0ca19f6c50bb2286d0861c941f4fde4ff7b13aea659a404f5de5dcea264d6f94.mdx	50492
war3mapImported\DreadlordOriginalClip53-021f4e7a1db55309d39ce21d2c74d7cf325700cfb44e7d959a89dccd17ee15d6.mdx	52767
war3mapImported\DreadlordOriginalClip54-81dca00802242bd6be38ac8ba11021743de1f006395c9a8da89c959806e17d36.mdx	45043
war3mapImported\DreadlordOriginalClip55-aaf48c09b785b08b9438cd482d5fc369687096d8e8601f6edc8f7ed8304608f3.mdx	45716
war3mapImported\DreadlordOriginalClip56-9ecf95706a618dce4df9a9061505aa1228ace5f00bff6140aad5e60a44d9a321.mdx	52328
war3mapImported\DreadlordOriginalClip57-92eba72db7bc27f9652ef1b7830e9cfab976b3827e81766ba1c3b440bcc65dc6.mdx	49837
war3mapImported\DreadlordOriginalClip58-21edebe5294764d214b2a015e46b29513b90d8903b8e362ac4caf53a81437c62.mdx	53884
war3mapImported\DreadlordOriginalClip59-0524cce3c81e407a33afa33b5c90ca1118e064e97d482ab08ffa3dbb5379b6ab.mdx	53105
war3mapImported\DreadlordOriginalClip6-b25240887889ec84ff2606de7d4a964bd16462f06ed31f145a4b83fe7f472ddd.mdx	47876
war3mapImported\DreadlordOriginalClip60-25f61c9c52fca162d96a3d310abda9791e58471ca1c2417343c653ec97df44be.mdx	66267
war3mapImported\DreadlordOriginalClip61-9d854e443512975c90222ad71ae84be3a41b648a1c2dd29145a4eae966a869bd.mdx	58263
war3mapImported\DreadlordOriginalClip62-6d28159ff70a4a02078f84f89412669eb732d603fd6bb60f3586b92039b56722.mdx	58214
war3mapImported\DreadlordOriginalClip63-2c2f6a1ba69353330d4fec90bd1c3713603b0cf7d12dd8ca84e20fee0e8f6d8c.mdx	54865
war3mapImported\DreadlordOriginalClip64-4df8389cd7c9f4e8810b6015659b4c1dd012c7fc65c371b475adf13bded87477.mdx	54624
war3mapImported\DreadlordOriginalClip65-672b7662ccd4b06bcd94429e90d68d56d7791d2ad02f5d166832150550cd7863.mdx	57206
war3mapImported\DreadlordOriginalClip7-177b08e9e4c58212ed502037a057e2bc647d742db3b03a48586fba137079b326.mdx	48298
war3mapImported\DreadlordOriginalClip8-233030ddc211f5e14a0c5edae248b87637f85481f18080ba707369917ef2b832.mdx	40069
war3mapImported\DreadlordOriginalClip9-3c0c1c2acb1f08f0cd417f925e7fbe18e76cdb8e180c55ea602ec6b1eda8cb72.mdx	52562
war3mapImported\DreadlordWhite-e7d952d826707e5bc4f32fd1da71e3e5c05c363e38d811fdbb5568828d82b355.mdx	425165
war3mapImported\FighterBustArcher.tga	141765
war3mapImported\FighterBustArcherP1.tga	144899
war3mapImported\FighterBustArcherP2.tga	144461
war3mapImported\FighterBustArcherP3.tga	145372
war3mapImported\FighterBustArcherP4.tga	143192
war3mapImported\FighterBustBeastmaster.tga	161982
war3mapImported\FighterBustBeastmasterP1.tga	162534
war3mapImported\FighterBustBeastmasterP2.tga	162978
war3mapImported\FighterBustBeastmasterP3.tga	163725
war3mapImported\FighterBustBeastmasterP4.tga	163763
war3mapImported\FighterBustBlademaster.tga	99778
war3mapImported\FighterBustBlademasterP1.tga	96290
war3mapImported\FighterBustBlademasterP2.tga	98651
war3mapImported\FighterBustBlademasterP3.tga	102006
war3mapImported\FighterBustBlademasterP4.tga	99212
war3mapImported\FighterBustDreadlord.tga	172614
war3mapImported\FighterBustDreadlordP1.tga	170222
war3mapImported\FighterBustDreadlordP2.tga	172559
war3mapImported\FighterBustDreadlordP3.tga	181891
war3mapImported\FighterBustDreadlordP4.tga	177038
war3mapImported\FighterBustForsakenPaladin.tga	117803
war3mapImported\FighterBustForsakenPaladinP1.tga	111718
war3mapImported\FighterBustForsakenPaladinP2.tga	113531
war3mapImported\FighterBustForsakenPaladinP3.tga	119916
war3mapImported\FighterBustForsakenPaladinP4.tga	119132
war3mapImported\FighterBustIllidan.tga	105651
war3mapImported\FighterBustIllidanP1.tga	105188
war3mapImported\FighterBustIllidanP2.tga	106019
war3mapImported\FighterBustIllidanP3.tga	107029
war3mapImported\FighterBustIllidanP4.tga	105855
war3mapImported\FighterBustLich.tga	75798
war3mapImported\FighterBustLichKing.tga	147651
war3mapImported\FighterBustLichKingP1.tga	147651
war3mapImported\FighterBustLichKingP2.tga	147651
war3mapImported\FighterBustLichKingP3.tga	147651
war3mapImported\FighterBustLichKingP4.tga	147651
war3mapImported\FighterBustLichP1.tga	75897
war3mapImported\FighterBustLichP2.tga	76124
war3mapImported\FighterBustLichP3.tga	76510
war3mapImported\FighterBustLichP4.tga	75871
war3mapImported\FighterBustMountainKing.tga	155654
war3mapImported\FighterBustMountainKingP1.tga	150094
war3mapImported\FighterBustMountainKingP2.tga	152196
war3mapImported\FighterBustMountainKingP3.tga	154492
war3mapImported\FighterBustMountainKingP4.tga	155638
war3mapImported\FighterBustPitLord.tga	145638
war3mapImported\FighterBustPitLordP1.tga	144385
war3mapImported\FighterBustPitLordP2.tga	144983
war3mapImported\FighterBustPitLordP3.tga	145575
war3mapImported\FighterBustPitLordP4.tga	145742
war3mapImported\FighterBustRifleman.tga	133334
war3mapImported\FighterBustRiflemanP1.tga	128398
war3mapImported\FighterBustRiflemanP2.tga	130151
war3mapImported\FighterBustRiflemanP3.tga	130299
war3mapImported\FighterBustRiflemanP4.tga	136071
war3mapImported\FighterBustShadowHunter.tga	167951
war3mapImported\FighterBustShadowHunterP1.tga	166235
war3mapImported\FighterBustShadowHunterP2.tga	167668
war3mapImported\FighterBustShadowHunterP3.tga	169611
war3mapImported\FighterBustShadowHunterP4.tga	168539
war3mapImported\FighterBustWarden.tga	153981
war3mapImported\FighterBustWardenP1.tga	153873
war3mapImported\FighterBustWardenP2.tga	154115
war3mapImported\FighterBustWardenP3.tga	155305
war3mapImported\FighterBustWardenP4.tga	154497
war3mapImported\FighterCardArcher.tga	182307
war3mapImported\FighterCardArcherP1.tga	186896
war3mapImported\FighterCardArcherP2.tga	185801
war3mapImported\FighterCardArcherP3.tga	187196
war3mapImported\FighterCardArcherP4.tga	183650
war3mapImported\FighterCardBeastmaster.tga	200089
war3mapImported\FighterCardBeastmasterP1.tga	200397
war3mapImported\FighterCardBeastmasterP2.tga	200825
war3mapImported\FighterCardBeastmasterP3.tga	201439
war3mapImported\FighterCardBeastmasterP4.tga	201430
war3mapImported\FighterCardBlademaster.tga	99414
war3mapImported\FighterCardBlademasterP1.tga	96565
war3mapImported\FighterCardBlademasterP2.tga	97961
war3mapImported\FighterCardBlademasterP3.tga	101032
war3mapImported\FighterCardBlademasterP4.tga	99052
war3mapImported\FighterCardDreadlord.tga	196697
war3mapImported\FighterCardDreadlordP1.tga	194185
war3mapImported\FighterCardDreadlordP2.tga	196739
war3mapImported\FighterCardDreadlordP3.tga	205252
war3mapImported\FighterCardDreadlordP4.tga	199964
war3mapImported\FighterCardForsakenPaladin.tga	137604
war3mapImported\FighterCardForsakenPaladinP1.tga	133660
war3mapImported\FighterCardForsakenPaladinP2.tga	135612
war3mapImported\FighterCardForsakenPaladinP3.tga	138941
war3mapImported\FighterCardForsakenPaladinP4.tga	137710
war3mapImported\FighterCardIllidan.tga	132759
war3mapImported\FighterCardIllidanP1.tga	132376
war3mapImported\FighterCardIllidanP2.tga	133326
war3mapImported\FighterCardIllidanP3.tga	134280
war3mapImported\FighterCardIllidanP4.tga	132937
war3mapImported\FighterCardLich.tga	136091
war3mapImported\FighterCardLichKing.tga	150996
war3mapImported\FighterCardLichKingP1.tga	150996
war3mapImported\FighterCardLichKingP2.tga	150996
war3mapImported\FighterCardLichKingP3.tga	150996
war3mapImported\FighterCardLichKingP4.tga	150996
war3mapImported\FighterCardLichP1.tga	141140
war3mapImported\FighterCardLichP2.tga	141913
war3mapImported\FighterCardLichP3.tga	142701
war3mapImported\FighterCardLichP4.tga	140367
war3mapImported\FighterCardMountainKing.tga	197566
war3mapImported\FighterCardMountainKingP1.tga	193578
war3mapImported\FighterCardMountainKingP2.tga	194864
war3mapImported\FighterCardMountainKingP3.tga	196134
war3mapImported\FighterCardMountainKingP4.tga	197341
war3mapImported\FighterCardPitLord.tga	224007
war3mapImported\FighterCardPitLordP1.tga	225453
war3mapImported\FighterCardPitLordP2.tga	225895
war3mapImported\FighterCardPitLordP3.tga	226290
war3mapImported\FighterCardPitLordP4.tga	226651
war3mapImported\FighterCardRifleman.tga	198019
war3mapImported\FighterCardRiflemanP1.tga	195252
war3mapImported\FighterCardRiflemanP2.tga	197137
war3mapImported\FighterCardRiflemanP3.tga	197215
war3mapImported\FighterCardRiflemanP4.tga	200650
war3mapImported\FighterCardShadowHunter.tga	167317
war3mapImported\FighterCardShadowHunterP1.tga	165902
war3mapImported\FighterCardShadowHunterP2.tga	166923
war3mapImported\FighterCardShadowHunterP3.tga	167943
war3mapImported\FighterCardShadowHunterP4.tga	167589
war3mapImported\FighterCardWarden.tga	181225
war3mapImported\FighterCardWardenP1.tga	181178
war3mapImported\FighterCardWardenP2.tga	181236
war3mapImported\FighterCardWardenP3.tga	181901
war3mapImported\FighterCardWardenP4.tga	181434
war3mapImported\FighterStockArcher.tga	12585
war3mapImported\FighterStockArcherP1.tga	12620
war3mapImported\FighterStockArcherP2.tga	12637
war3mapImported\FighterStockArcherP3.tga	12635
war3mapImported\FighterStockArcherP4.tga	12636
war3mapImported\FighterStockBeastmaster.tga	13671
war3mapImported\FighterStockBeastmasterP1.tga	13649
war3mapImported\FighterStockBeastmasterP2.tga	13690
war3mapImported\FighterStockBeastmasterP3.tga	13658
war3mapImported\FighterStockBeastmasterP4.tga	13686
war3mapImported\FighterStockBlademaster.tga	13525
war3mapImported\FighterStockBlademasterP1.tga	13532
war3mapImported\FighterStockBlademasterP2.tga	13524
war3mapImported\FighterStockBlademasterP3.tga	13535
war3mapImported\FighterStockBlademasterP4.tga	13520
war3mapImported\FighterStockDreadlord.tga	12611
war3mapImported\FighterStockDreadlordP1.tga	12548
war3mapImported\FighterStockDreadlordP2.tga	12859
war3mapImported\FighterStockDreadlordP3.tga	13488
war3mapImported\FighterStockDreadlordP4.tga	13079
war3mapImported\FighterStockForsakenPaladin.tga	11974
war3mapImported\FighterStockForsakenPaladinP1.tga	11881
war3mapImported\FighterStockForsakenPaladinP2.tga	11878
war3mapImported\FighterStockForsakenPaladinP3.tga	11995
war3mapImported\FighterStockForsakenPaladinP4.tga	11994
war3mapImported\FighterStockIllidan.tga	11385
war3mapImported\FighterStockIllidanP1.tga	11397
war3mapImported\FighterStockIllidanP2.tga	11417
war3mapImported\FighterStockIllidanP3.tga	11431
war3mapImported\FighterStockIllidanP4.tga	11393
war3mapImported\FighterStockLich.tga	10364
war3mapImported\FighterStockLichKing.tga	13744
war3mapImported\FighterStockLichKingP1.tga	13744
war3mapImported\FighterStockLichKingP2.tga	13744
war3mapImported\FighterStockLichKingP3.tga	13744
war3mapImported\FighterStockLichKingP4.tga	13744
war3mapImported\FighterStockLichP1.tga	10464
war3mapImported\FighterStockLichP2.tga	10533
war3mapImported\FighterStockLichP3.tga	10683
war3mapImported\FighterStockLichP4.tga	10439
war3mapImported\FighterStockMountainKing.tga	13036
war3mapImported\FighterStockMountainKingP1.tga	13020
war3mapImported\FighterStockMountainKingP2.tga	13046
war3mapImported\FighterStockMountainKingP3.tga	13047
war3mapImported\FighterStockMountainKingP4.tga	13040
war3mapImported\FighterStockPitLord.tga	12287
war3mapImported\FighterStockPitLordP1.tga	12239
war3mapImported\FighterStockPitLordP2.tga	12250
war3mapImported\FighterStockPitLordP3.tga	12264
war3mapImported\FighterStockPitLordP4.tga	12252
war3mapImported\FighterStockRifleman.tga	10167
war3mapImported\FighterStockRiflemanP1.tga	8292
war3mapImported\FighterStockRiflemanP2.tga	9050
war3mapImported\FighterStockRiflemanP3.tga	9304
war3mapImported\FighterStockRiflemanP4.tga	10426
war3mapImported\FighterStockShadowHunter.tga	13760
war3mapImported\FighterStockShadowHunterP1.tga	13790
war3mapImported\FighterStockShadowHunterP2.tga	13809
war3mapImported\FighterStockShadowHunterP3.tga	13800
war3mapImported\FighterStockShadowHunterP4.tga	13765
war3mapImported\FighterStockWarden.tga	13656
war3mapImported\FighterStockWardenP1.tga	13669
war3mapImported\FighterStockWardenP2.tga	13668
war3mapImported\FighterStockWardenP3.tga	13817
war3mapImported\FighterStockWardenP4.tga	13718
war3mapImported\FighterTileArcher.tga	123432
war3mapImported\FighterTileArcherP1.tga	127260
war3mapImported\FighterTileArcherP2.tga	126374
war3mapImported\FighterTileArcherP3.tga	127052
war3mapImported\FighterTileArcherP4.tga	124845
war3mapImported\FighterTileBeastmaster.tga	141211
war3mapImported\FighterTileBeastmasterP1.tga	142591
war3mapImported\FighterTileBeastmasterP2.tga	142690
war3mapImported\FighterTileBeastmasterP3.tga	143259
war3mapImported\FighterTileBeastmasterP4.tga	143079
war3mapImported\FighterTileBlademaster.tga	97339
war3mapImported\FighterTileBlademasterP1.tga	96098
war3mapImported\FighterTileBlademasterP2.tga	96976
war3mapImported\FighterTileBlademasterP3.tga	99622
war3mapImported\FighterTileBlademasterP4.tga	97119
war3mapImported\FighterTileDreadlord.tga	139461
war3mapImported\FighterTileDreadlordP1.tga	139612
war3mapImported\FighterTileDreadlordP2.tga	141004
war3mapImported\FighterTileDreadlordP3.tga	148904
war3mapImported\FighterTileDreadlordP4.tga	143619
war3mapImported\FighterTileForsakenPaladin.tga	107196
war3mapImported\FighterTileForsakenPaladinP1.tga	103136
war3mapImported\FighterTileForsakenPaladinP2.tga	104531
war3mapImported\FighterTileForsakenPaladinP3.tga	109971
war3mapImported\FighterTileForsakenPaladinP4.tga	108691
war3mapImported\FighterTileIllidan.tga	97023
war3mapImported\FighterTileIllidanP1.tga	97609
war3mapImported\FighterTileIllidanP2.tga	98017
war3mapImported\FighterTileIllidanP3.tga	98425
war3mapImported\FighterTileIllidanP4.tga	97657
war3mapImported\FighterTileLich.tga	80327
war3mapImported\FighterTileLichKing.tga	129143
war3mapImported\FighterTileLichKingP1.tga	129143
war3mapImported\FighterTileLichKingP2.tga	129143
war3mapImported\FighterTileLichKingP3.tga	129143
war3mapImported\FighterTileLichKingP4.tga	129143
war3mapImported\FighterTileLichP1.tga	80810
war3mapImported\FighterTileLichP2.tga	80901
war3mapImported\FighterTileLichP3.tga	81255
war3mapImported\FighterTileLichP4.tga	80476
war3mapImported\FighterTileMountainKing.tga	133461
war3mapImported\FighterTileMountainKingP1.tga	129849
war3mapImported\FighterTileMountainKingP2.tga	130713
war3mapImported\FighterTileMountainKingP3.tga	132796
war3mapImported\FighterTileMountainKingP4.tga	133663
war3mapImported\FighterTilePitLord.tga	124614
war3mapImported\FighterTilePitLordP1.tga	123657
war3mapImported\FighterTilePitLordP2.tga	124124
war3mapImported\FighterTilePitLordP3.tga	124687
war3mapImported\FighterTilePitLordP4.tga	124684
war3mapImported\FighterTileRifleman.tga	117223
war3mapImported\FighterTileRiflemanP1.tga	114055
war3mapImported\FighterTileRiflemanP2.tga	115630
war3mapImported\FighterTileRiflemanP3.tga	115078
war3mapImported\FighterTileRiflemanP4.tga	119961
war3mapImported\FighterTileShadowHunter.tga	142193
war3mapImported\FighterTileShadowHunterP1.tga	142162
war3mapImported\FighterTileShadowHunterP2.tga	142854
war3mapImported\FighterTileShadowHunterP3.tga	144070
war3mapImported\FighterTileShadowHunterP4.tga	143163
war3mapImported\FighterTileWarden.tga	131823
war3mapImported\FighterTileWardenP1.tga	132347
war3mapImported\FighterTileWardenP2.tga	132488
war3mapImported\FighterTileWardenP3.tga	133528
war3mapImported\FighterTileWardenP4.tga	132417
war3mapImported\FighterWhite-12eab241e9afbb379e83bbfa633f2e93edabef2414cd307fb84b4efb933e8a8e.tga	191
war3mapImported\FighterWhite-141ee2af9c5db20756e3c967ee1de9ea43637d8b99daf1904f148d7624e66a26.tga	63
war3mapImported\FighterWhite-1fe6acdcaa0af5a68907120b831c79175ba6f63cb8db731be346a6a555999af9.tga	3783
war3mapImported\FighterWhite-20194897ed6cfee359d9c804969e56105a3b06acb90ed034c5aea7d448b87e22.tga	12120
war3mapImported\FighterWhite-280ad0a9ce6140ad18fdb09e94887d10851b27611228ac02cd29543af53d5929.tga	8144
war3mapImported\FighterWhite-2b0f95091d3abf7653e56f517bcc5d2426cd249df2f0cac417d1edb6d7cadca3.tga	17502
war3mapImported\FighterWhite-323cb01b2bb1e51f9f5194a96d2fae6dffee0cd61cc31ed297d3f6c75349ce09.tga	9885
war3mapImported\FighterWhite-340d93329d171842892e47aec7039b3da04e02ca16d38f779a02aa9ee2e3503c.tga	4350
war3mapImported\FighterWhite-3a19aa3804465336843997a03d2becdfd3f57dc820d1d7a85a5c20f73e26f456.tga	9601
war3mapImported\FighterWhite-3bf79e70ca08b06b2a3ae171f0b53c94f0638252ba74b562f055a8bd96902ec8.tga	158
war3mapImported\FighterWhite-3e7e166b014070e668cad9d73fae9096583cab508fbdf358ae09c942a6057f5f.tga	3200
war3mapImported\FighterWhite-4b245781d0d4b481d33bfe6992ebce178008fd40a609fdda2fb20ff2443b8841.tga	3851
war3mapImported\FighterWhite-4c15f4cc167aa1abdbbf9874e114045315a15774424f569b4d1a867e7f68ed3e.tga	2016
war3mapImported\FighterWhite-4d049c0522bd3d46b8f286080254d8a262f21ed6c9cd654b1a8783e18d7e53e0.tga	9325
war3mapImported\FighterWhite-5bad7ee1ad905e618da6b36747e2c81e55296edee7ed3ee010367a05ae4eae74.tga	13579
war3mapImported\FighterWhite-5e5bb78f41ba3c83a4a4cff8e7b9abc20fb895df8ad2ef351abb44ee9feef9a2.tga	15531
war3mapImported\FighterWhite-65890faded21c202daeae91c76ff1fb0a7939da25e4ebe49dfdd61cced4bb9b6.tga	49664
war3mapImported\FighterWhite-65bfd3079237bb9ef0bfa0835a8924a2e48c25785c8241a661f2c0dbf724379f.tga	29
war3mapImported\FighterWhite-672cc519f54478330450a8778cdfeff64bb73823f50483080e4f3dea1628caca.tga	24222
war3mapImported\FighterWhite-69d125870431a0dee1416826f0e8974c3d98c41f187947edd0a51e4402dd57af.tga	29381
war3mapImported\FighterWhite-7afa986ff590df21f22cd1b738ef07adadf029a8ebd13b9cf74538bf994fe0eb.tga	7419
war3mapImported\FighterWhite-816dae4f67cdbc098dd852973e468cb3ed78baec3f4e9c073f55b45f46e355fa.tga	12007
war3mapImported\FighterWhite-83bd9ffba68caac405cb33e689e6816d29f37a1989f1c64d15f3b5db6b832e63.tga	282
war3mapImported\FighterWhite-84c144cf68f80e5ae89e64658514e38d46c047ad2b0a63bc16921e33ae6411dc.tga	25032
war3mapImported\FighterWhite-85ec8e2cddd8dd6a7f2733f828a376fe084aed59f42f3bf37ccf852f5f2c097d.tga	10911
war3mapImported\FighterWhite-8627b9a9a11558d21f6eed1e1fb3de5f618b09dcef59269476e2d3466102e744.tga	16296
war3mapImported\FighterWhite-8ee4e47ebd8712a19d2ce69773bd83468abaf1a7a3490cf688ba5310253968a6.tga	73474
war3mapImported\FighterWhite-91fcc5b101518aefaadf8bd0fc617a56ed46e24d8903cc65249378830936cb9b.tga	12831
war3mapImported\FighterWhite-98a9adc9248ffb1b8f5daa097507c8c34cd8783572698856928db467b8f50064.tga	24206
war3mapImported\FighterWhite-9b177adc1b106321b8af84fdd4d4819ceaa5ecb38e9c4ab087098cb30856db78.tga	3867
war3mapImported\FighterWhite-9d2f573a06d4335bac92ae18df5268bd325d1f1ac292b3f7714d828a04ab1140.tga	13617
war3mapImported\FighterWhite-a299663708d22815db978cdaaae4f49a1e9c8167f46dfed3ac28122e088b6575.tga	18979
war3mapImported\FighterWhite-a665655ade44c689b31cde930d7078f0aff0e3089f4436efc2c7b023f4848506.tga	3884
war3mapImported\FighterWhite-abf46fbf47d6c7702088218d9f0c91a3a4216bd5b77436ed3b8bdf2d662cb84a.tga	42415
war3mapImported\FighterWhite-b2577ff4829b5054fa66b0c5e5b7c099fb66b80666b7b1d9e86c3ddf0d62a6c9.tga	460
war3mapImported\FighterWhite-b3332e63057e2f8cb3d1fe9d7c56a273f066a83e6633a820121e903f5b6a9c7e.tga	44838
war3mapImported\FighterWhite-b5e219d46dde6e7e24bae6358fae85b088741f8136123895a99e8567a4681ac2.tga	4824
war3mapImported\FighterWhite-b88bc292e6cac8fe0d9a3207357d41c50556e33851bf2edf199fd4f34b796dc7.tga	529
war3mapImported\FighterWhite-b9ed864e1570bfbfb7e0a3b8bb2216a54f9ed3038496161e81e2c5c9afed953b.tga	4000
war3mapImported\FighterWhite-bf4c82b40cf374fc421d08499521bc2f01b12156540a8870ade19881d6adabfb.tga	3743
war3mapImported\FighterWhite-bf833b26232c045b4ed7c26fcee3004ff8673362d915555b18707cdf26dd6a36.tga	18455
war3mapImported\FighterWhite-c21369350ee766f6f1d26e57f78a87bf6462e29df420a3143a76fd73213db70c.tga	50531
war3mapImported\FighterWhite-c39404a4c90b9534e46a0f2353cd14f586fc238af54e000b21bd81f740284928.tga	14465
war3mapImported\FighterWhite-c6a9e0e24f65e9dc90a04cf847edbf374961792b486dd35940128614f599bda2.tga	18699
war3mapImported\FighterWhite-d21c70d6b4783d18467a59b7ae7a7ca2531d6fb2314013972f4baf8ecf7a5c31.tga	3182
war3mapImported\FighterWhite-d85ed5c5adee9d9e5e0f33e1092fe7f94aa5304146833d112a6130cfe6e5abcb.tga	1148
war3mapImported\FighterWhite-e1aeea906216a8d4b6db8d36fbc10893eeb45683fc6067c4ec077d223241fd8f.tga	16598
war3mapImported\FighterWhite-e96f9ecc3211a12c1c319b970b4a04e27d5100dbebcd4321efab6c40288a1639.tga	9682
war3mapImported\FighterWhite-ea425cb0325a8f6505e2db825980ad87f03e9afc1af5663d1e4a978ffc4a209c.tga	10284
war3mapImported\FighterWhite-f1c57d862f603c11815146cd8519c76cf1bb30f7d3b69e48de07ab79d9537dba.tga	4098
war3mapImported\ForsakenPaladin.mdx	1574784
war3mapImported\ForsakenPaladinOriginalClip0-9c0da2fb9abe69a34c428cfec30bc9d8579d7132ec57a2c574658647cc91854f.mdx	147090
war3mapImported\ForsakenPaladinOriginalClip1-22f1f7468a8d0fb16dcf6b361184ed0f651785eb015a366126e9ef2b2d5726eb.mdx	120281
war3mapImported\ForsakenPaladinOriginalClip10-2d57414838f4b6b6e423fa0d33d507619af32f83525d9881c3dbd59b0c12a9a1.mdx	128864
war3mapImported\ForsakenPaladinOriginalClip100-7f22f3e499809497f1e4508e6f4aba549a6ff0cb407ac307c22b2ca3367215c9.mdx	101661
war3mapImported\ForsakenPaladinOriginalClip101-a452658f6c8ff287ca89a0256907cb1f9036aaf331815119db31548d256dfee5.mdx	101654
war3mapImported\ForsakenPaladinOriginalClip102-494b2d029c03ae8a3eac1fec3b20b804928b5eb93d42e0011dafef7b6f8cceb2.mdx	101664
war3mapImported\ForsakenPaladinOriginalClip103-e673df2d36ec961e7d907543b85a36e0fc2e574fcaf7e4fe350302ebf04876f8.mdx	101663
war3mapImported\ForsakenPaladinOriginalClip104-c662f3269ecfe639fb7565da496a697e904ffae1de55e142fd5c212dcd4da17a.mdx	101663
war3mapImported\ForsakenPaladinOriginalClip105-45802a3b02e389819d447a08ef7394b48141805e377e7277a11bbe1a09f9daed.mdx	101667
war3mapImported\ForsakenPaladinOriginalClip106-14f69b6de93c6b79867f837b46fe8e7b3658c73e6623cbbd115a75cc6d29163d.mdx	101658
war3mapImported\ForsakenPaladinOriginalClip107-8d0f4882ef55cb5255f7ad73f69683b2e41e6a3a29661bb97e70bdf50fb9bca9.mdx	101656
war3mapImported\ForsakenPaladinOriginalClip108-846951303229b1668e2d7b8c103038efd0b8d3895f5a8113d4b1f7cfef5ec952.mdx	101658
war3mapImported\ForsakenPaladinOriginalClip11-d3ae88dd4b84607a31436380a6f38ba1612ca53364e1cf4cebe1bdb8c33654a1.mdx	150137
war3mapImported\ForsakenPaladinOriginalClip12-d6ddc99a42770ef71e8c7da0a651fecde5ca067b7d88c8a97d3d32513a830d7d.mdx	128279
war3mapImported\ForsakenPaladinOriginalClip13-dbb06fd050b72df2f0c03bf3ad851e05d87b28675ed0519d85b660701e15b3e0.mdx	159993
war3mapImported\ForsakenPaladinOriginalClip14-a3468e7b52adc5ba33bab3c2190c95612c282dc4c4d2714e01ad1f62d28e3c6a.mdx	142251
war3mapImported\ForsakenPaladinOriginalClip15-f8106041305afe6dfc31dc4622fda5f22775868580fa86098ab5d175c98b6dc1.mdx	153572
war3mapImported\ForsakenPaladinOriginalClip16-63266881050465414ba72498d44c1b35731d1dadb1692d152d840fe7cc31b7c8.mdx	183647
war3mapImported\ForsakenPaladinOriginalClip17-17605478eae1362bf01a6f4beb7f95852afc2864bc9ad2e725d9863a5c2d3484.mdx	126730
war3mapImported\ForsakenPaladinOriginalClip18-0ece57e2ff06603fc8a501b4b9ca187ac0e861beb81199dc9c772c230fccd59c.mdx	132498
war3mapImported\ForsakenPaladinOriginalClip19-a6a8057446e159a8f7c26d2b955d47218218ea152f9e95ba18680158bb32bf54.mdx	212666
war3mapImported\ForsakenPaladinOriginalClip2-aeae61a075f89c8dce6de31ca77d69ff3cfc251266c3d5f2e2fff12d72835eca.mdx	120281
war3mapImported\ForsakenPaladinOriginalClip20-3d9ff2fc2dadc4acf7583ab5e516db014c4177362a11e3f96355a52fd2ca724b.mdx	211694
war3mapImported\ForsakenPaladinOriginalClip21-6852e0cb5de8b2d3bbe1d857925216c91c2340f6ad2d5fb68c5f33963fbbab6e.mdx	169107
war3mapImported\ForsakenPaladinOriginalClip22-c60366880fdc52bc8286c65c30132b73deb55ebdf9020e8b708d608c773dd52e.mdx	149617
war3mapImported\ForsakenPaladinOriginalClip23-51395d17b328def451b44af6a9cba7d24bd3423cf67ef3f1d158680e7b847172.mdx	132566
war3mapImported\ForsakenPaladinOriginalClip24-1bdc14d998cff2c9d794aa16f19205c3c7d16d841cf0ed44ca5f049194d1c754.mdx	135263
war3mapImported\ForsakenPaladinOriginalClip25-368e64dca249f3074084cfa600664a5a86022d310af3175787b1f36cbe94fcce.mdx	139815
war3mapImported\ForsakenPaladinOriginalClip26-8db6a263bc657cca87534562b49971fe0ee3e57a29ccede5e24779348d26e81b.mdx	136074
war3mapImported\ForsakenPaladinOriginalClip27-9b66e1429a65caf5359100e94932d0caafb963f506ffaee5dd80a8536f6bf7e3.mdx	148734
war3mapImported\ForsakenPaladinOriginalClip28-36e4cfcad7cf0b8763ab913d75a3c2c19f6115fa34c68bc3bb578af3b93aec27.mdx	104348
war3mapImported\ForsakenPaladinOriginalClip29-114c1dfdccaf44a3e8254187792a771ffa0880577ad12b9cb34364e126810e3b.mdx	104640
war3mapImported\ForsakenPaladinOriginalClip3-a9abd3083db092f2a611219a8a63f7d0422485d87c7309869e77e8e8d467365d.mdx	120281
war3mapImported\ForsakenPaladinOriginalClip30-bb66e4da48174cdcb707af635afd167c694207a370c65bb5831c34cdaff60fe7.mdx	105680
war3mapImported\ForsakenPaladinOriginalClip31-e3a394bf2464a4b12573b53b466f1a84bdfdb91a9a51a29f689225fe4411f5ac.mdx	105736
war3mapImported\ForsakenPaladinOriginalClip32-1057b4f08badc9158fe9f32a0683b492913f58d523ac1dcb87a0914dd44d4a22.mdx	105736
war3mapImported\ForsakenPaladinOriginalClip33-b96a9e98e091152cb62edd5e9090f4774ad14fafbc9fa49148f57b4baa105710.mdx	106428
war3mapImported\ForsakenPaladinOriginalClip34-e085d7a9e91f64451e48963c3993dd951e68e939d06fef7b8ee237c467518878.mdx	104859
war3mapImported\ForsakenPaladinOriginalClip35-7ba26f278c8c29c65f26b905afec996545e71d839e4cba8a792b2d3477f992cf.mdx	104993
war3mapImported\ForsakenPaladinOriginalClip36-ba6f9335a1589d520a0dfddf9f6cb633ecc0b34d02ec63a815fc29678799ae30.mdx	106319
war3mapImported\ForsakenPaladinOriginalClip37-ccce0e6943d12ff887adcce6129e03ed5bbf12c02c2c1d8c1b025a4a125f5c1e.mdx	105628
war3mapImported\ForsakenPaladinOriginalClip38-0da4702e9f7a4a0a65a7decd2c5145faeb11d5c28cc809322bb5a041aacaeb86.mdx	107438
war3mapImported\ForsakenPaladinOriginalClip39-a77196b4c148253da1035aeec47cf4bb1faf25448916728e338a82d26b5ef902.mdx	106777
war3mapImported\ForsakenPaladinOriginalClip4-0469429993ce9763e587a013e4f6ab5136f84d7a2f63e4bf133581d951ea3076.mdx	119622
war3mapImported\ForsakenPaladinOriginalClip40-8e0cf5f804c29955acdfe832b59205eee72135b5bc4f4c9b886b6832991618c5.mdx	106395
war3mapImported\ForsakenPaladinOriginalClip41-97f36347dc59783378df62c7605d9e36d85fea7204739c4091304e553ec1ddf7.mdx	105514
war3mapImported\ForsakenPaladinOriginalClip42-8c5a833eaf3fd12d00f789fd4a43835024de49c19e6887c4a617ed0c3036db15.mdx	104583
war3mapImported\ForsakenPaladinOriginalClip43-b309458701d81f49aa0ae12c8b1393799ccf86052e5ff0c2ab686d966e33919c.mdx	105175
war3mapImported\ForsakenPaladinOriginalClip44-ef0e66e17d4b6756f61f15ee3200458b4df2eef1010cc81ea7d2d3e42a1eede0.mdx	101791
war3mapImported\ForsakenPaladinOriginalClip45-b9fc0336ac0b803b5f0608b11e4e1344e81e59eecad320f1b4ff0dd23993658e.mdx	103736
war3mapImported\ForsakenPaladinOriginalClip46-aec1f07b7a057490434fe6e986a1d54904acc37249aebd19a25f2d666746e905.mdx	101798
war3mapImported\ForsakenPaladinOriginalClip47-7061833804204d6b57f222b161e4a6b7f05d7fe0c24a3b0dd65c64db6ee4932a.mdx	101794
war3mapImported\ForsakenPaladinOriginalClip48-55a5ae83817043b22453193deb60befe1e9f6b7027cc4b3fcfd4a7eca832e0fe.mdx	105129
war3mapImported\ForsakenPaladinOriginalClip49-668bdd513a20d5aed10f816a295fb78b251f6f9d7a35a0690d72fbb41a788449.mdx	105391
war3mapImported\ForsakenPaladinOriginalClip5-e2f1f9fdf0cb517f23ea83e82050afebc715a92c648567d9ee2c20d63f822889.mdx	147090
war3mapImported\ForsakenPaladinOriginalClip50-cf766312d3c86bab562f7c429380c54cad9c3eb7da369cca8094b795d501ff9b.mdx	103477
war3mapImported\ForsakenPaladinOriginalClip51-23a235278985381bdea425f4f29fe582468f1b78e407f27ece15fe8843a20939.mdx	103561
war3mapImported\ForsakenPaladinOriginalClip52-1b32778c4ab0703d223aaa155248d4546edff666b325e6a5773b2edb0c1d3550.mdx	102898
war3mapImported\ForsakenPaladinOriginalClip53-9f7c9aac9e8a887e0f307e31ce2b88844dd5ae60c67f9d6110f67c38d21248f8.mdx	104398
war3mapImported\ForsakenPaladinOriginalClip54-f5ef09aea8077ae83d516b10142350f8c00c6fd9545fcd46034ed518b3720cae.mdx	104404
war3mapImported\ForsakenPaladinOriginalClip55-8c8cc72efadc44d2e795675d4dfcf70968da0d82e80a9a04fcf22fb1f2ba7d05.mdx	104438
war3mapImported\ForsakenPaladinOriginalClip56-113add8caff6838aafa650ef4ff4bc20f23cbca895647727d6e906b145c3c884.mdx	104739
war3mapImported\ForsakenPaladinOriginalClip57-81ddd2cda9d773b74c08e3de6f302852c31c5345a7cb8d5c85d97d4fb5ae99fd.mdx	104477
war3mapImported\ForsakenPaladinOriginalClip58-0bf8323a658091f50627431d1c62b17eae26791be5813118a85f20ddddd058bf.mdx	104449
war3mapImported\ForsakenPaladinOriginalClip59-fa7aa7ad45fdf6e6eedf8b48a865e8a45f5e4829921a298959f50d6b2525124f.mdx	101800
war3mapImported\ForsakenPaladinOriginalClip6-4e5f71b4daf134a3bcd5c1abd2b3645f679a885d8f9afb62b1bc45f1dedfff93.mdx	147089
war3mapImported\ForsakenPaladinOriginalClip60-71978a643886ed6ad52ea8d73d6411293438d484f0310213119a5a3b206ea84c.mdx	104596
war3mapImported\ForsakenPaladinOriginalClip61-1fc9f15df8f914e2b43f6b68b4aee9c8297e8e6542ec99fb1248e852b57dab78.mdx	105132
war3mapImported\ForsakenPaladinOriginalClip62-6af5657795850e9626b42a654dcd433c6f3d70d1731dd75a4a523d0553613893.mdx	104845
war3mapImported\ForsakenPaladinOriginalClip63-156d2c65070f4b039c5069f5bc0d866bc69df4f3904ead846c2305a611962183.mdx	104449
war3mapImported\ForsakenPaladinOriginalClip64-743a71057713dd4b8b590efc0aa5ab051c38837824fc386728df6f0564092a06.mdx	104840
war3mapImported\ForsakenPaladinOriginalClip65-d03d17454a28b35f1aa632b8f12e24299ebf685e6478947bbf155f07b5a57c00.mdx	106363
war3mapImported\ForsakenPaladinOriginalClip66-2994202287709c480b5e484b2a6d33ff2451a8be6af3ea48daddbe8c8138eaab.mdx	104500
war3mapImported\ForsakenPaladinOriginalClip67-f5bc2d8053a6c30c370f9b19ee2c576240333744747e0b48d53cb9aec5448b7b.mdx	104632
war3mapImported\ForsakenPaladinOriginalClip68-756e598a881f7aed628fbcff6243f6920bfb01d5f84aaefad3fa530596f59c88.mdx	104332
war3mapImported\ForsakenPaladinOriginalClip69-7af5cddf601cea39a726d85cf1d4935f82904f0fe14b19ee299f96bfe0e54d51.mdx	104289
war3mapImported\ForsakenPaladinOriginalClip7-34ad88069e9626dd8418c71a6df46429ef3e8ae7064288b3ccd1a1da77bff236.mdx	167309
war3mapImported\ForsakenPaladinOriginalClip70-a49c42d84023ed48f11df3d8215ed3a3e7775f710a31c7fc5634b85eb448de52.mdx	104531
war3mapImported\ForsakenPaladinOriginalClip71-e39df9071266a32c59114d6e9e2c105f5ee7802920fefec9450e23e3630fe523.mdx	104394
war3mapImported\ForsakenPaladinOriginalClip72-fa202cb1b92704446947b77647227dd799cc77605f413a4a2d3d0123890bd4a1.mdx	104943
war3mapImported\ForsakenPaladinOriginalClip73-585711180a90607bbabc5f90ffa5d77310ed3de1c96215966fbefc2a39c7aa29.mdx	101797
war3mapImported\ForsakenPaladinOriginalClip74-99b26f49e4327f9f6b7f064042049419693e1dfd3825d4681630aa4c97c0a600.mdx	101803
war3mapImported\ForsakenPaladinOriginalClip75-7fdbcba3043a44f3dd431224d7dba258984b7b830751cb24d3ad2de39bf07cea.mdx	103786
war3mapImported\ForsakenPaladinOriginalClip76-b30b20842aaceffe67dffcdee00123046979b18dc9f30ae29e01528e02e6fc7b.mdx	105051
war3mapImported\ForsakenPaladinOriginalClip77-6eb335fb1f998764bbe52593fb31dbee48121bb2d1c080ed517ca6f3ccfde6ce.mdx	105347
war3mapImported\ForsakenPaladinOriginalClip78-1b44f178b38884640574ee204765bd28a22798595911efe77bbd94e7d73e846d.mdx	104602
war3mapImported\ForsakenPaladinOriginalClip79-8d0cb74306849e235c1b82d661e195c188b918898c7959b9b0987205f67b8955.mdx	105599
war3mapImported\ForsakenPaladinOriginalClip8-f511192b553b8f0c237a261a9b3a7a428aed2bdf8fb2eb2155a2456c0e8d1731.mdx	128865
war3mapImported\ForsakenPaladinOriginalClip80-96dcecb48bb27755423895ab558030e137654c0424f3805529626673f9f7c5ea.mdx	105917
war3mapImported\ForsakenPaladinOriginalClip81-672112b276c0be9c034b5c945e81157a356d7de1196289aa6246836f726763da.mdx	105467
war3mapImported\ForsakenPaladinOriginalClip82-ec01d338ef8305bdfa5430cc059ed0ec6e5b97a2c7f3bf229e89b32ffe3dc98d.mdx	105770
war3mapImported\ForsakenPaladinOriginalClip83-6eb8ae2a8fc025fa0d9f2bac676e5bf883af7c5a63a0db5813de23e564c49e10.mdx	104848
war3mapImported\ForsakenPaladinOriginalClip84-ed797c107acf2220e594f051b8739450fe73fd1834d421e3be1b362ceaa3cf86.mdx	105614
war3mapImported\ForsakenPaladinOriginalClip85-96a54c926e5ff36ae418bdcba5fea517dbeee2ce0e092f0280892657ae9f7ab5.mdx	106061
war3mapImported\ForsakenPaladinOriginalClip86-142352cab38966a8fbec97417e715ea27ecb7f16358b07d5a14fc4e5473806b8.mdx	106060
war3mapImported\ForsakenPaladinOriginalClip87-3972907cbebd63c068a38d0d015a369fd815e5d1fac8534a2767d96d663bf2da.mdx	106430
war3mapImported\ForsakenPaladinOriginalClip88-ed96a669078aa22888d07c6f305ec93e1be21136f12ac17081c41d6609f1d8f6.mdx	106443
war3mapImported\ForsakenPaladinOriginalClip89-557362ab38200357c88ee561207a73685e0d3ca960958b8d02556fc552ade63b.mdx	106251
war3mapImported\ForsakenPaladinOriginalClip9-0980999cc98b32dc1287b01962f254af9f31ce5b07a8ba5d7dd6ecfc13e00a9b.mdx	183672
war3mapImported\ForsakenPaladinOriginalClip90-4c22bcb3da248b6e4cb36603c44f97c51a6ca1d4ddd61cfafd4bc1c23ef9af24.mdx	106213
war3mapImported\ForsakenPaladinOriginalClip91-8956d13075ed460939f698651ce34c7349ae1d946de2d91529d22a0443f8263c.mdx	106222
war3mapImported\ForsakenPaladinOriginalClip92-465e284224a9a44641b527a5714440ca5abf20e6d96a16fbdbb76a2fe5650ef9.mdx	105979
war3mapImported\ForsakenPaladinOriginalClip93-3b75db2ae47a0cc74bbb5c31fb9bdf988181fca30a626671983246a2cffd0863.mdx	105714
war3mapImported\ForsakenPaladinOriginalClip94-63956b45836a3e24ba5cf181c63e51a4a604e1f1af56624bcb0236085cf40657.mdx	105527
war3mapImported\ForsakenPaladinOriginalClip95-7b0ee239366c0f2258831d26dff4f1b902093cd389f99a11e5d6ae65c1b26c06.mdx	105145
war3mapImported\ForsakenPaladinOriginalClip96-1bc10edccd52d5ff0ba8a7685624a398f0965e0eba9997e62fb7d763d524bd5f.mdx	104501
war3mapImported\ForsakenPaladinOriginalClip97-fb0138b6a89b89a977597252eeac4d03e41f3bb0918baf7402df4dc70e882a2c.mdx	104567
war3mapImported\ForsakenPaladinOriginalClip98-a48f60d2863e79011d8dc1d70d2165ef25e4c6b4b9f72b47d08b25751dfcd818.mdx	105197
war3mapImported\ForsakenPaladinOriginalClip99-9a4a6175470455a6ffb8ffdef2785c572f01a39291066fe689d78a6d44cb03cf.mdx	104936
war3mapImported\ForsakenPaladinWhite-a7b30297345a9e36f45a8f13f8ac7f712400a41de3936cc0a837e12bb498d0ba.mdx	1574227
war3mapImported\FrostIce-27490a3f65c0bfc20c24619d93fd5c062db076232f6c395ea7e6c407d232af4c.mdx	1192
war3mapImported\FrostPalette-6b4dd223e499f450f3a3c2ea2d39b5b4534a09ffd0c31ca39b94ee0bea4e083a.tga	42
war3mapImported\FrostTrap-6f1ac9fa41c6ef19546e36e3e217cda960b2e3f0f05d7c3a446c1955768f6d22.mdx	1753
war3mapImported\GoblinTinkerOriginalClip0-5fd0755984bdd87ac4f2a337afeccba77b7e695deb779bd2e3c62099a25bc213.mdx	89821
war3mapImported\GoblinTinkerOriginalClip1-8934d4a2ff7643fb9c493b1fa8bfa3a69a9a3546ce538ae69270348119ee9613.mdx	90697
war3mapImported\GoblinTinkerOriginalClip10-d09db1502640ef21e77e2abc4c17ba5b516cca4974a48032d2d5858877595502.mdx	88738
war3mapImported\GoblinTinkerOriginalClip11-4830671922c03a458820dde3c780fac556052c5df0f42591ff38d66ba367cc54.mdx	92000
war3mapImported\GoblinTinkerOriginalClip12-5b732f7ce7027524749e4d236a7d0c9ea2885676e72412a9e201c3430ae25da6.mdx	91696
war3mapImported\GoblinTinkerOriginalClip13-787a2febd4196bc7480488b4f5a38216a668f6fc49485a962b6f0d72cfdfbe19.mdx	90945
war3mapImported\GoblinTinkerOriginalClip14-d8876b64800579ced76569eeed9ccd63f7122f862e065c647a88fe2fd170c029.mdx	90653
war3mapImported\GoblinTinkerOriginalClip15-529721674188ddf41ca37506e7003dd20c692bd33f83c71274e391e7e31e7bfa.mdx	108572
war3mapImported\GoblinTinkerOriginalClip16-aac7c34c7d89f5d132745f5b6390d5351516c6d6cccd5dca8e620c1ab7460155.mdx	103199
war3mapImported\GoblinTinkerOriginalClip17-88ca3a14a47f89bbb1c60e8bc5162d96ebbeb3669798fbd9247adf76f801dab2.mdx	95031
war3mapImported\GoblinTinkerOriginalClip18-32c20f8a9d445b6f3e599b04d6c9d8ff73525f7ed0dce339418b9b8bee73d878.mdx	96656
war3mapImported\GoblinTinkerOriginalClip19-e5b1b63f6743ca28af534543a2ab8986820ee986402413d2be7fef1b6b5191b8.mdx	99374
war3mapImported\GoblinTinkerOriginalClip2-078f521470d639e8fc7d5d8f34737ea2a22a0110330a59921c13c82bddb01266.mdx	89356
war3mapImported\GoblinTinkerOriginalClip20-ea88290823d9feb6b9c328b1ee5d9108ad0667bab5f4c694cbe199c52d1d4a0f.mdx	90929
war3mapImported\GoblinTinkerOriginalClip21-8c5284f2e6413d5dc87cb249d16f16b1c26222fab604cc118014b9f9776b696d.mdx	88145
war3mapImported\GoblinTinkerOriginalClip22-8ce0d581d7349d3700f7b123bee364c7a0f19ee199f55654990828018e4cdbae.mdx	81783
war3mapImported\GoblinTinkerOriginalClip23-94eba17a222529f61bb7e73d4b4551dc814aa9a8d63da9f2412700576a9c0dec.mdx	85965
war3mapImported\GoblinTinkerOriginalClip24-adfe75ad6e96dd69eab13b750d35d3e638ef4da51dc89885b7e367df4a0f9358.mdx	86011
war3mapImported\GoblinTinkerOriginalClip25-7ebbcf6d3303237c6eadf326dd154cbbd457118284aa152fa71b604e5d559247.mdx	85929
war3mapImported\GoblinTinkerOriginalClip26-f704550c5752b30a1d774ec1bc757175cba8bb6f1ec8ee2c55cf8bc654a4d836.mdx	86068
war3mapImported\GoblinTinkerOriginalClip27-6ce7b1469c4658586d9df250134636571d82ac02443c67b3714889f4823c5e10.mdx	86023
war3mapImported\GoblinTinkerOriginalClip28-1a8cdd6b027eef82a55f645c3e3b30e66841be9b3b344b49386a87fbc70e2522.mdx	86094
war3mapImported\GoblinTinkerOriginalClip29-ac5489aff34fea7314412dc107c4f4185556ea559b9d39c7fab6b55306fc87e5.mdx	85847
war3mapImported\GoblinTinkerOriginalClip3-14a4be8c416d4db1fea16b7ebd82f10b5af441546de430bef81d30220b7975fc.mdx	86057
war3mapImported\GoblinTinkerOriginalClip30-391f117d95358d4f9b7d7cd17e39d8210403d86e0f6b8143d9f39680ec7bf40e.mdx	85991
war3mapImported\GoblinTinkerOriginalClip31-a14fa9159bcfe342b2fd7b8ec85187e3e5e24abe01ff737be8574fbde66c91f5.mdx	86172
war3mapImported\GoblinTinkerOriginalClip32-a2d426070627371bcf3cea9a0ba6a9a4b7512f83fce726e18e48fd3786f7696f.mdx	86408
war3mapImported\GoblinTinkerOriginalClip33-f718014be17275afc08b5474c0730c1e4ee32966c13bd472c0f40113b68edcf4.mdx	86165
war3mapImported\GoblinTinkerOriginalClip34-23ab4189d8642b6435b753c33825dbed1f8be25ad9fa17ca06c3f80dd4681f4d.mdx	86228
war3mapImported\GoblinTinkerOriginalClip35-07dc2185e08e101c5161b4ec2db237eb54eb16fa61650fc1e5e65b9f5458e5d1.mdx	85986
war3mapImported\GoblinTinkerOriginalClip36-021a3f7a112b1eac92bb2c6c3b58a9bff0ee139a41702c918c0e0ad8825c5611.mdx	86113
war3mapImported\GoblinTinkerOriginalClip37-7d2674f11b6f90b1490ffe2ba2c7bf94c9296fd9330268274d3e620544f18677.mdx	85980
war3mapImported\GoblinTinkerOriginalClip38-ba740dd87b03112056b318729d0c418fdbb72bb9b121a96b3c3dd2d69b0a481b.mdx	85956
war3mapImported\GoblinTinkerOriginalClip39-251500c3dac429369ec7cf2f5a18374e04a571352abcc7983d859da61d812824.mdx	86075
war3mapImported\GoblinTinkerOriginalClip4-541ea53466fd57c57e6e769eee8910e897671c33820ba3399310258357d20324.mdx	83106
war3mapImported\GoblinTinkerOriginalClip40-6d096de9cfcad43c48d3b6313bc4d8fc93d8630c4482576f477c71f4f416110c.mdx	86074
war3mapImported\GoblinTinkerOriginalClip41-d6c6ea08587c21d4ce3362bcc98946c80729ee4fadcb31ebaafe99d1b65d82f6.mdx	83344
war3mapImported\GoblinTinkerOriginalClip42-8fc3a32787926fcb3bd44faa5c7c8678ed2db6cb91f434ea4860e044d2bba6af.mdx	83339
war3mapImported\GoblinTinkerOriginalClip43-92926f0d9333aa397de2d38b6f47afd5b8f7e0633b0bf215b1b0a6d99ba5ebc3.mdx	85220
war3mapImported\GoblinTinkerOriginalClip44-d97c9fb87c6e265f852c2c03357e8ed23ddcd58ca613cfc28c5967d9d7ee53f5.mdx	85421
war3mapImported\GoblinTinkerOriginalClip45-18236c9123318de24e2bbbcac97705eb88c96732a8d76f15f48edfd4cc54dd27.mdx	85382
war3mapImported\GoblinTinkerOriginalClip46-67c52174bf883e1d7f65c633c0ff0ffb68502993e946b362013980abe4602827.mdx	85315
war3mapImported\GoblinTinkerOriginalClip47-33e0f2dff37c519106c017643a8e37e1809f4ca7ff36dc8c69a1e1b28a913087.mdx	85419
war3mapImported\GoblinTinkerOriginalClip48-b9bfcaba31693ba43062bc010131192fb78869f069eb61687b7e64a059223043.mdx	88090
war3mapImported\GoblinTinkerOriginalClip49-b8529ef77758b07bd1774f86ac1f4fb3d61034ff1ca26fb920e94a9a8aef8582.mdx	85334
war3mapImported\GoblinTinkerOriginalClip5-2c3f69d7b58c9625960f383f6bec87ea6919259fd7ed74cb9ceff5f4d967eaa0.mdx	85660
war3mapImported\GoblinTinkerOriginalClip50-c763fbc4cff44e70dfb3e7bd60e9ac8a4ddc1c9c5174887a15701528eb4e4336.mdx	84576
war3mapImported\GoblinTinkerOriginalClip51-0bc117f25660971e68c8e1f490a9553935110a2a3f94f8bb81729a3f80a7562b.mdx	86203
war3mapImported\GoblinTinkerOriginalClip52-85b9bc20eac99afd7330d04a3f91f4ce6acee0b3275bdda88b8eb7c2a67c4806.mdx	90285
war3mapImported\GoblinTinkerOriginalClip53-1c007582f46f2295d4fe508884e7939090a54b400590fa985bd93a9a08da5553.mdx	83462
war3mapImported\GoblinTinkerOriginalClip54-2fbfbc59c0e95efdcedab0a10070738e82551085593d465e2748eeecb6b4fbc6.mdx	83599
war3mapImported\GoblinTinkerOriginalClip55-bf524e076542ea5b9820d3a6befc9cdaa2620753394436770f1a9cb45261e84d.mdx	83615
war3mapImported\GoblinTinkerOriginalClip56-8f0c0d42534e5a3a2f55d3eb41589d661f317c5f99076190090316778ff1a565.mdx	83768
war3mapImported\GoblinTinkerOriginalClip57-5ea09c83dbb5afbd8e0aa62be46507e29051f2809b822573609cda9142221751.mdx	83676
war3mapImported\GoblinTinkerOriginalClip58-1cd5f44ab978aa0e1c2773d1afb0bd753ef6ce598738777a3077903917eae8ff.mdx	83767
war3mapImported\GoblinTinkerOriginalClip59-54af210df1c02ef6bdf0ef76138426edf157135a5b82bf6f387cf05fb0c0d39c.mdx	83719
war3mapImported\GoblinTinkerOriginalClip6-7f1175d3dcaf1300d63aa679f3c09e291df975ab1e8990d328d6c58335051d97.mdx	85205
war3mapImported\GoblinTinkerOriginalClip60-dc30402916f351aca7f3e20609c4b47631ce85460cd7eeb540f6b33a6a19ac34.mdx	83294
war3mapImported\GoblinTinkerOriginalClip61-763f236c73fb259744318dbd5bd2d980a5f2f8627efe739b6686de777e0c609e.mdx	83387
war3mapImported\GoblinTinkerOriginalClip62-1dbdf8218cc64d9eda6488dcc7c6fe40a62e0b492ff73c3a36bb23fa92e9ed8d.mdx	84137
war3mapImported\GoblinTinkerOriginalClip63-4995e420169b9c597cc901e691432cdaf76c617d62698cb0c8b934d82383d81a.mdx	84487
war3mapImported\GoblinTinkerOriginalClip64-5f18e5ae62119409314061a653870a88f1e4c75332309186e8952fc31febee88.mdx	84375
war3mapImported\GoblinTinkerOriginalClip65-42241d0d3c5f97f98de347ca5e302a70a6da1b869f26d81adbcbf47d486712ee.mdx	85157
war3mapImported\GoblinTinkerOriginalClip66-43827429e91dadb0cc93fa3f23283b05b7bf9b1280a5cf099d05f580ebc2b288.mdx	85155
war3mapImported\GoblinTinkerOriginalClip67-440d1831e0e0b2610cc1c09e2acd56713174031c10b510032bb3e9df3b5172b3.mdx	85211
war3mapImported\GoblinTinkerOriginalClip68-d353a16a158551949399baf70f4832a2de6b1337dd741a92081cee76553bcc9f.mdx	85188
war3mapImported\GoblinTinkerOriginalClip69-f23890f1a3915b1c87e1369c99b81b1d5e26529d62d60b3dafedaf496ab4faae.mdx	85184
war3mapImported\GoblinTinkerOriginalClip7-f888ef0e1ba9502974d4fbbd4c12b95e86f2b7c54041a5d7cf23ba2e4ca6c6d2.mdx	94950
war3mapImported\GoblinTinkerOriginalClip70-9e2a5ab3aae98d2d2cb546a39b1d2054148933ccdb377e22ea7abd61638bacc8.mdx	85129
war3mapImported\GoblinTinkerOriginalClip71-ada9fee1367803d193d64e281b73fa6881dc90ca6ea1fe6bb9a7fc992a77eeb6.mdx	85091
war3mapImported\GoblinTinkerOriginalClip72-9769f3a27461ab473542de9a3f2c0735f10db4005607b7daf8d00f34a1a188fb.mdx	83847
war3mapImported\GoblinTinkerOriginalClip73-7c00159070f88fd00ab9d113bdcd07b1a7bacac5e5ce18af72a3ac1ceae13738.mdx	83672
war3mapImported\GoblinTinkerOriginalClip74-547a88b4e9eb521dcd396187789f2e9604512da726f92eead01197276c49434d.mdx	84606
war3mapImported\GoblinTinkerOriginalClip75-6d9d33d267fb4a763b9c87057aac3f175ac92414cfaffec09126188c603f1625.mdx	84563
war3mapImported\GoblinTinkerOriginalClip76-51b5ee1916c0ef7fdd3c6a6c4af99f16e6d8573b46bceb2cfbda10c1d6e69fb3.mdx	86136
war3mapImported\GoblinTinkerOriginalClip77-736ed3e0119dc7b7447cd493740642f7792d29ddb328130a5b27f5221e24138e.mdx	83026
war3mapImported\GoblinTinkerOriginalClip78-4653e0ebf99cad4a1f830dab5b554c3454d45f829135fc1195f791cb80b55d71.mdx	83789
war3mapImported\GoblinTinkerOriginalClip79-17ac552fc526119fe78b5ba5e66be2ca0ad4dcd92df65a3c532e6fa391c51011.mdx	85121
war3mapImported\GoblinTinkerOriginalClip8-0311abfd28855dfb1bad78a49061e545f78efeacda4ed9366134b40b9ca2be21.mdx	95440
war3mapImported\GoblinTinkerOriginalClip80-aafd4c857a7b7fa530a81afc78d5979e8672541be82769208d68044f7a236ef0.mdx	83758
war3mapImported\GoblinTinkerOriginalClip81-2e22a16689d067cd8ed08b522f32aaf6524204726f2b44eb3092626d5e8360a2.mdx	83714
war3mapImported\GoblinTinkerOriginalClip82-1ba5fb0d3f382c3a2c1ca9b1e4b73ea942762f043da813c0a2211aad9c29d5a2.mdx	85533
war3mapImported\GoblinTinkerOriginalClip83-8b9f67c3425b7f08c9e8ddaf3e99203cc5795cc6bcf12d0c2c7d4efab8c96c95.mdx	84128
war3mapImported\GoblinTinkerOriginalClip84-78c5368e13a203da2b5cc7f8f99ab7e94f27eb70ef90666a93f1b9ce7c5e66d9.mdx	84124
war3mapImported\GoblinTinkerOriginalClip85-69a5a2bbea215486f619c112beb0bca62d3304be9359d834ad8f440e42efb1ed.mdx	84117
war3mapImported\GoblinTinkerOriginalClip86-67dbb1c16d8d8dd64d94e2b68f5d8e130dc4963b1ae8ea7e002262bc12447407.mdx	84119
war3mapImported\GoblinTinkerOriginalClip87-4c223ad20bea1c372b69814fc70cbd83c70b0dec12bbc35937847da985de0a16.mdx	84106
war3mapImported\GoblinTinkerOriginalClip88-e0e2a56ca805dfbb4873127d3e37c349f379a6c0782cc6c09cb90ca41ebe988a.mdx	84112
war3mapImported\GoblinTinkerOriginalClip89-458831a8a511b061619572e8967a86dd4e27b327727a292e9138aad24379b6c3.mdx	84112
war3mapImported\GoblinTinkerOriginalClip9-af8bec30184a102dd5740389807cd740d8436970b667749f9e2e6fc74bef29f0.mdx	95652
war3mapImported\GoblinTinkerOriginalClip90-3492b07efcf17e0b284e968bea9f118cd7c7f09bb1ff96e12d5799bf468233f3.mdx	84108
war3mapImported\GoblinTinkerOriginalClip91-5aa774b3ec35f1497df389e70dfd6cf0bc14f73eeee262171dd5eaa73ef779a7.mdx	84115
war3mapImported\GoblinTinkerOriginalClip92-8f78ee983f081c9f0fa05b3139e43695381ac4e3f86d6afcc1adacaff9fbbd98.mdx	84747
war3mapImported\GoblinTinkerOriginalClip93-8c3298fe019e84bcbd26f4aba09b1b1c6744802f25fe3a6811e5e3bd048eefa6.mdx	84793
war3mapImported\GoblinTinkerOriginalClip94-459e647cc8886b47bfa19a2f5acad8a764af18df3639099bed027f78d096cf86.mdx	84730
war3mapImported\GoblinTinkerOriginalClip95-7cca6ed04f0f1f4d9f359f801d0e76494dbc9400aa901b8e8c0ed05396c4e175.mdx	84777
war3mapImported\GoblinTinkerOriginalClip96-2a81d6914fd3d7948294d7327bd23f7ae76e158491d86a0198b6107ff78988b9.mdx	84761
war3mapImported\GoblinTinkerOriginalClip97-d34cc314fa7ec2546d7c5f2cb0c4a9328cd6834756580c6e1c8371e0ee3973fe.mdx	84767
war3mapImported\GoblinTinkerWhite-294c635df5fed4534d22e5e2b84be78e91c2fdd9404adb4c6a51ac499cbc0614.mdx	623938
war3mapImported\HudPlate0.tga	54896
war3mapImported\HudPlate1.tga	55957
war3mapImported\HudPlate2.tga	65637
war3mapImported\HudPlate3.tga	51681
war3mapImported\IllidanOriginalClip0-95cb7a0c32d9506dd64f705fbee9e3337a38bd7d2356595f42bf9c970339a3e3.mdx	59653
war3mapImported\IllidanOriginalClip0-e845635f72ea747ba47f0ac7eef8540c68f7a978fa066f43a192aa3d44dab691.mdx	59202
war3mapImported\IllidanOriginalClip1-2e553671dc463712e045883dcb794c7bc7dfe6c60d9d1245541726e8a128049b.mdx	63507
war3mapImported\IllidanOriginalClip1-365639c32fe27e91db1fac23c748aa3a0c374efcc6a6f5e4c6c2228c5d104265.mdx	64010
war3mapImported\IllidanOriginalClip10-8af3a262160e14346dbcf23eb3c0f3113c9fdf3fd06c188f1f3980c23fad3b55.mdx	57954
war3mapImported\IllidanOriginalClip10-d4a7d004c3003ee004902cbd40d06a3786578c255bf803307fa7156d77d36f39.mdx	58571
war3mapImported\IllidanOriginalClip100-1480492b7e824f6ae3c84d9a529b995b0386eb556582135e513da6fca35c92ec.mdx	56807
war3mapImported\IllidanOriginalClip100-c1abad82201142f8a2cc4ada987898b364406ab81884ec7ae769e4219bc785c1.mdx	57219
war3mapImported\IllidanOriginalClip101-3a9412969eb498c5b5374c208c74ee27b2d574fc05f77be18a52093d6bcfc84b.mdx	60123
war3mapImported\IllidanOriginalClip101-f2116ff5fbb49b77de76bf504898ffdd2b6673c13553b8b93689f8490b6478fe.mdx	59798
war3mapImported\IllidanOriginalClip102-687e2642ad7b4d5265eca4e302c5c0136095355553ce2845f7a648fdc56e373c.mdx	53959
war3mapImported\IllidanOriginalClip102-da16beb08299ec06f081ea74efff29043f69001fd1d4d86bf0c94c104ce9e6a0.mdx	54260
war3mapImported\IllidanOriginalClip103-27813c29637c7ab66b88c6bc93db21360c8489cf066c326dacabe0ff455508cd.mdx	52215
war3mapImported\IllidanOriginalClip103-55bebbfbc9c7de8f625e5cb120680fd835ef51d91f77a05acf79f412cfb6a651.mdx	52663
war3mapImported\IllidanOriginalClip104-6aa6934a5635f27101a625de6d5c14b88967b4d5d2be034239be70c6ad2226b3.mdx	52334
war3mapImported\IllidanOriginalClip104-bf5a90b030a325e438612169a2420d2ce661300db910480a5dc273695668dbc2.mdx	52721
war3mapImported\IllidanOriginalClip105-1a6f8f45abc466518a977565e633d432f0cd4eaad9eb49971d48990f89d6c586.mdx	52285
war3mapImported\IllidanOriginalClip105-e07458388d5098b4fdd9f35cfff6edaf97630a54a58eb222371e9a8ee4f1f3ca.mdx	52786
war3mapImported\IllidanOriginalClip106-6564fbbe98a87e7ed9e61d8a00c257727c00274f98d9aeba4a988e738469c39d.mdx	53507
war3mapImported\IllidanOriginalClip106-f6c6cb29b71e1dab1a55e4b00a25c1c3023155fb54195a59af9d093317e16d8a.mdx	53888
war3mapImported\IllidanOriginalClip107-945f57948fc116f110f6c7d598d8669df5deb47381d21e18fe1bd721024cc43d.mdx	147784
war3mapImported\IllidanOriginalClip107-e1978574c67e1c4bce3c28ad62e8aa106a2fd72c640518594d6b05f651813f58.mdx	147538
war3mapImported\IllidanOriginalClip108-4db78ef194a96f19ebeddf66a32f20d32e0d463a8e816f986478b5067d4d4a96.mdx	160622
war3mapImported\IllidanOriginalClip108-76c6fad158661706607d70f9c941ea183e9aa5e096bfff97f0e0b1215ad93c2c.mdx	160398
war3mapImported\IllidanOriginalClip109-b078fc41e111a96597ae5dd0052756910af39d05ebff824ffc0bb73ce91ee801.mdx	53394
war3mapImported\IllidanOriginalClip109-fc22165b008eb850e99f31204ee683b522e9a5046dca1af4afe3c637ceab7bb4.mdx	53784
war3mapImported\IllidanOriginalClip11-0bb760f3703209cecd9bf001bbc436a09e38b1decf912e23e9f348d80706e2a4.mdx	52650
war3mapImported\IllidanOriginalClip11-2363b7817bda2fda436faac8b070c7c7e796004c0c32d7a5ba6275c698d8d31b.mdx	52190
war3mapImported\IllidanOriginalClip110-d3263f4b125a6d287c88758fbd0cdfc49fdc0427693acc949d1f399270b2a880.mdx	45882
war3mapImported\IllidanOriginalClip111-7300691844e83374676aebf46a420f274071617ac68fb5a34b25c14b26885333.mdx	45888
war3mapImported\IllidanOriginalClip112-feecb0859112cd351485fc265b5157ca42c3289bc4a118feaed92341ac0ebdfc.mdx	45888
war3mapImported\IllidanOriginalClip113-4c681d93e9ec4796b8d4d4e1f10a1fe20b91eb16bfb63a9c0b778b7ea26f47f8.mdx	45883
war3mapImported\IllidanOriginalClip114-8ffa037fa3ca8211791cbd899340d8fa14ad764b997d30cafedb4a3088a3df7e.mdx	45893
war3mapImported\IllidanOriginalClip115-288ff319d43c44e25660e6bfec1877e72525eb6d1347ac035b03b408dd6a402c.mdx	45886
war3mapImported\IllidanOriginalClip116-c424a5a0be015ecb0648c44643caf0fa1058bb100bedf0fa3452d85ba64cb487.mdx	45890
war3mapImported\IllidanOriginalClip117-50e26c2c0797619043a84772ef009519a012c4d269a0a67be7da993d063e5c90.mdx	45887
war3mapImported\IllidanOriginalClip118-f4a7028b31269ca7c92bf733f81133152daa2b8344b1cf617a4aa0c4db97a8f8.mdx	45893
war3mapImported\IllidanOriginalClip119-a6db6156125e91783e1c55532acb99a924be2d556d0cc98e86233e80c72e1bd0.mdx	158994
war3mapImported\IllidanOriginalClip12-3068aa7ae55c997b2a9200b303e3f8be0a0abd17e6983a6422af65e2d13dea2f.mdx	51328
war3mapImported\IllidanOriginalClip12-ef4741299b06f916f1ec4b9762525ca973b12dc5a4a164fbae8aedf9e3659083.mdx	50917
war3mapImported\IllidanOriginalClip120-2b52af811134269a3833639c3d092e62a6c6e0c2f1549380a2108ee34670d023.mdx	101003
war3mapImported\IllidanOriginalClip121-d098ec3d70225c7a9e8b9692a4f14b75f701d55011415458697d3af21e695979.mdx	56972
war3mapImported\IllidanOriginalClip122-7accc27e02d2b5e16d12d9885beb900d30a552c43a18bc9b0a992aa5f4867612.mdx	51749
war3mapImported\IllidanOriginalClip13-631b9e9cc048cf6b5b5de5e5b1216cdc79101f5ba3eb70f04ecc2eb830fd7e7c.mdx	51032
war3mapImported\IllidanOriginalClip13-762567d6f76a999e675cb23238f9d9198ede39c828aa89c1482fcbe88f16d215.mdx	51537
war3mapImported\IllidanOriginalClip14-5ba42e6ab548323719df9b7e46200cb3da6596cdea9039055fc42952a14e1f51.mdx	50690
war3mapImported\IllidanOriginalClip14-b7c76539966092f9b4c2a5d0a4df6d6146f2d673415557d98734b10928f29f23.mdx	50136
war3mapImported\IllidanOriginalClip15-94c42a8e22b3aece465f18864940a01ab5af17eab9b9dcc11ddc48f6c83fcfe1.mdx	58803
war3mapImported\IllidanOriginalClip15-f3f901d62a290ccd252f4ad2d966b8fd196dfedd5a6a3411912b8f6c3a281369.mdx	59316
war3mapImported\IllidanOriginalClip16-07800121c3cb49f84a40bb542d24c8712b1eeacca58de0ea8fe3aac402ded5f8.mdx	59344
war3mapImported\IllidanOriginalClip16-605a10e6fa9e5871bd4ae4e7186c9aa2043753738c2a1d1adf7a6ff4ec8a7916.mdx	58891
war3mapImported\IllidanOriginalClip17-886e6cb900959eccc820bfc0abad50a103d8aa3a017da74ada64e205494923c6.mdx	51698
war3mapImported\IllidanOriginalClip17-e4dda82f06d90ecae67ad3918b581d296e031fa53dee4ed04fb57b9e2a8fa2c7.mdx	52171
war3mapImported\IllidanOriginalClip18-3ec8c0bf9e8961614caa261d3477b144c167013c81b30612f7ee26cc09e3009c.mdx	245241
war3mapImported\IllidanOriginalClip18-84636ae8a106174da709e4f69bffaa2fa1c2df7f1f867e17912fccbad22546aa.mdx	245354
war3mapImported\IllidanOriginalClip19-1c1531e2b1d86422d5c85a5639f26ee9003be6025e4715a31d54c7b1c3a64170.mdx	140007
war3mapImported\IllidanOriginalClip19-631683e9d15761ac4cb4ca540fa0130202f9115de22cbc05bcb0f9acceb84c6d.mdx	139857
war3mapImported\IllidanOriginalClip2-41a02c673ed8fdace43ec7ffa22663167eb8dc043b0de0bfa39b5231c74fda44.mdx	62023
war3mapImported\IllidanOriginalClip2-6ec98ce55d6fa37ecf583530f829ab01b1c1b502c86a99f4814090ea51194d63.mdx	62527
war3mapImported\IllidanOriginalClip20-504435bdd79aabc0ec10ec73e5f3434cc909461c9815e260830ad4ace046ea61.mdx	59248
war3mapImported\IllidanOriginalClip20-ddb352d8a26b3eb690a8b99f246f258bff096cc9eef7938788e0a98302347cb6.mdx	59458
war3mapImported\IllidanOriginalClip21-172d482de3343ad61522521a9cbc5f8ba4fb224fbbaa50c7c0039c43e64c477e.mdx	76644
war3mapImported\IllidanOriginalClip21-5f0c10428f767d4f2f40a34dc67da4b9a2caa9939399eba328db0d0cee0dd66b.mdx	76812
war3mapImported\IllidanOriginalClip22-3846f0893b924ead8798d04e93ae2f63e9cb02de2de15d2a0406ec474270619b.mdx	58679
war3mapImported\IllidanOriginalClip22-825936fdce914b8f920d4b51dfda93d5ba74bab1e1bdd02b5165b24d5221d046.mdx	58147
war3mapImported\IllidanOriginalClip23-9294b550b6624552fddbd4379c08014ca4671e15d945a975923dae3a8fcb436b.mdx	49630
war3mapImported\IllidanOriginalClip23-df4cb3df4626e6e142242eea0e4676f9272086c5a6b8f8d990bd3049030a42d7.mdx	50102
war3mapImported\IllidanOriginalClip24-589e63ac947e26ff6e00272d5178a0438d6c9d8589020e6d36ebe24066297021.mdx	109401
war3mapImported\IllidanOriginalClip24-927a74c0e58faa77c59ab3f6a730be6698b89fd324a91b8bceca82fb302e5710.mdx	61238
war3mapImported\IllidanOriginalClip25-083ef49ed2f026e214ad4d4cad5b01220427a5aa2b68e653961903ca4621f05a.mdx	50239
war3mapImported\IllidanOriginalClip25-11c7ebae148d26be9b3842f24f9dec845bbe12d5b2226d710a553f172497bbee.mdx	49917
war3mapImported\IllidanOriginalClip26-cd23061244cb3ef7770fe2e59a2e6d5a3e22b6ea06364145930c6891ed68e0cb.mdx	55819
war3mapImported\IllidanOriginalClip26-d51a7b5f4b36f9391e9aa3b55e0ac933b145ae3642b8811336f2e87ee08dd819.mdx	72961
war3mapImported\IllidanOriginalClip27-2aca1d4c073553fd46b0cb03c2d32c2a2b9004bf39319ecf39f935c7f9d6f54a.mdx	57675
war3mapImported\IllidanOriginalClip27-dbc09cd4d70e690e248557c40f117040573c3d927b2e2cb36e641b4d1ea4c596.mdx	103023
war3mapImported\IllidanOriginalClip28-34555cf2e1692ddbae3bfdd09c532ba4bb1e463e18908be6bf8eff62901eb842.mdx	50461
war3mapImported\IllidanOriginalClip28-c45bd379488f3d0d1b587a8f3ea8c74e427f03b70926942683009d9c85d48b31.mdx	50108
war3mapImported\IllidanOriginalClip29-2caab7ce47e43820ab24546cf4f33f0d63b98d23687e690ecfb8c5e7813b0f04.mdx	50452
war3mapImported\IllidanOriginalClip29-47d2db96cc312d0d73f28a56df8198f4cb5602418c8ae40d8ddbc0c4d50b15d6.mdx	50068
war3mapImported\IllidanOriginalClip3-cba2425dd2c56100c9d34eb809f243ceb19f8f4a1e349277bd133d51ea88a505.mdx	60713
war3mapImported\IllidanOriginalClip3-ecb8680bbc340ea2954f397cf9180143434280776b150f1c6d8c5a81b52597d6.mdx	60204
war3mapImported\IllidanOriginalClip30-9d3253dce1e8652908704a1dbeaf4645eed919877f5550fdb67e7ec58c7e1951.mdx	50399
war3mapImported\IllidanOriginalClip30-e1958454f49f861cec1c1d3d5578d4e6ea97eff09b38fe511b5cbce695cde777.mdx	50075
war3mapImported\IllidanOriginalClip31-0fde930c73f80f6ebcbe333dc95ba55c580fe6c8d7d3cd2bfe840b056701a3d5.mdx	50413
war3mapImported\IllidanOriginalClip31-4d60e676663abbcdaf2b966aceb1719569d3512b9715356132988a5e3d59749a.mdx	50064
war3mapImported\IllidanOriginalClip32-02ff5f80ea7a15a67cb3c26da490efdc3ceb40aac00d08e190eab0e86eeb9c9d.mdx	59779
war3mapImported\IllidanOriginalClip32-13523dbc7a714c77e82919f62da8100cd62ce412751766bbf48cbd057c3ab91f.mdx	59310
war3mapImported\IllidanOriginalClip33-1284339c7449f5e3756f1b31d5dd3657cf724b1dec06fc6671304e8b903edb0b.mdx	50361
war3mapImported\IllidanOriginalClip33-4699b03c51e4fd7b0522b5dd7b1a52fa09547d1324b450d61e0b0259fb0abb9d.mdx	49994
war3mapImported\IllidanOriginalClip34-a6e872e6982eb828d43d1bc1e380fbc67a48c4ea52adbff33118d8514c6b28a0.mdx	53241
war3mapImported\IllidanOriginalClip34-e6b68c6ea39ebf0b284a5943549b6f1884500bb3901a9d60126e3a92f79106de.mdx	52766
war3mapImported\IllidanOriginalClip35-b0c0b0821a6b5fdc6754132752dbd327665612c716ea168a405650acbc627fd4.mdx	99299
war3mapImported\IllidanOriginalClip35-bd8a57a2bd836965031c1802ea211dd18cbb96e0152168f1b75117140fa13816.mdx	56496
war3mapImported\IllidanOriginalClip36-745c9c41facbeb5b8eb7bfe2d482db088aa2117e94a4ccf388ac8627b1351281.mdx	105775
war3mapImported\IllidanOriginalClip36-94c9106b9a263e2c35648b3c9f0817899472031f091ac7be4ff71f821c1237b5.mdx	55913
war3mapImported\IllidanOriginalClip37-07419c5393536ebfa56e8ba862c8b42feea9878ae8a1eddad51c2ea567dc2730.mdx	56924
war3mapImported\IllidanOriginalClip37-50761323334d9da6c444b3d6d43dadb5caba1705c43d0ad8452302b6c25255de.mdx	97819
war3mapImported\IllidanOriginalClip38-d0f4df06fdb53f505ac70ffd143c130bc9eeb2937785a7341c48b84173074335.mdx	58940
war3mapImported\IllidanOriginalClip38-f93aba310a1518ee171d83133ef2dd6797e960d511fd27af9b73e48cb23e1cbf.mdx	59307
war3mapImported\IllidanOriginalClip39-0eba08b3ea992bad0abe1113c593f4959cc360c3575177c8677c82d51fe2c26b.mdx	68126
war3mapImported\IllidanOriginalClip39-4869125a9254867ea7c655a8ef0141a61a5c95e97791f07b87e3f531d0ba1279.mdx	68525
war3mapImported\IllidanOriginalClip4-5aed8cc4154a141989856cbdb1f02ed4a373c3af202ca1e60a66d44ddce03c0d.mdx	65336
war3mapImported\IllidanOriginalClip4-eb28dc095a7f585d9dc34ef88785a0238779ab12e7132d8b00b2ef201d04825a.mdx	64782
war3mapImported\IllidanOriginalClip40-1eb9df0d85fbc9d37cc98d154fe2862e7c39795199191a2ff687b4cfaff91294.mdx	59590
war3mapImported\IllidanOriginalClip40-8d83c8ba8a4aee835af3076caa849054dfae7c25bc44fbafb9803245ac919640.mdx	60016
war3mapImported\IllidanOriginalClip41-6cbd96cd5bf1324434b7e4001e68fe0ddb734c8ef5de5069bab7577bdc9b3500.mdx	61264
war3mapImported\IllidanOriginalClip41-fde1749c23a132db480bc7862e5fa85c39dd04cf9d7c0c15ae841795cab5ca0c.mdx	61639
war3mapImported\IllidanOriginalClip42-d88cb14c965975357ff62da5912ba1cc11e0370fc5ffe4f13aa95d8fc72e5b00.mdx	56606
war3mapImported\IllidanOriginalClip42-dfa282db20ee6df8cf7d6084985dd6c50723de1a963e8a788609c6544281d5a9.mdx	56944
war3mapImported\IllidanOriginalClip43-082984530dbb4bb092e90875067b29d90171ed4427d8ba9e7f785fc62b4fc181.mdx	51780
war3mapImported\IllidanOriginalClip43-78030011a0e624f25a3261b69c188b2b3c678d2a0e0df0c4056b308d69d1e878.mdx	52226
war3mapImported\IllidanOriginalClip44-6746a5384f512d8c4afb8e0c1ff3d8640bcbab0c56185f3c767ed3cc01ead602.mdx	49926
war3mapImported\IllidanOriginalClip44-ef80ee2e29412719a85593d8928603c987f16ace944b9959ccdc7b92ba0caa42.mdx	50191
war3mapImported\IllidanOriginalClip45-09d0e2396fce120650a84ef4e21acffd4e4082cac88225ebd79e6d15f6ab76c9.mdx	50334
war3mapImported\IllidanOriginalClip45-0d51ff5922649dfbcfa1cb9e08efbd4e737e7dcacd0deb187a467268b293fb2b.mdx	50126
war3mapImported\IllidanOriginalClip46-7925a8068eb7abcd0512da7dc18ddf97df0386890179c92c8f1705a5da3121b2.mdx	53313
war3mapImported\IllidanOriginalClip46-7e9b8f029d48125f0486c4c5873a233323086b8bc6b04359f5bee0b8cc6f1148.mdx	53744
war3mapImported\IllidanOriginalClip47-738d29e33a0ccb3fe700d5b3b6015151bdbdf75a347be24bbc6a1f9b86dc640e.mdx	48225
war3mapImported\IllidanOriginalClip47-e89af9590826dc57799610b63ac813ec6e3189120729e10755d2501b98865599.mdx	48609
war3mapImported\IllidanOriginalClip48-1a75889c8a7d73280272f5ddf6e56f2993c75d56c13d4c86411e108076919165.mdx	55469
war3mapImported\IllidanOriginalClip48-f522542cff3d3e97505bc4c0eed760d1b1e89b1aef84861552e8b1fbfcae50ed.mdx	55918
war3mapImported\IllidanOriginalClip49-06aa6ef9916c2c0bf68c24f9dd52a15316323507e7e8b0a18ee4737180d1579e.mdx	57334
war3mapImported\IllidanOriginalClip49-68789ebc02b4dbd746e5eaca335fcfbee91a1b4a0a526963a6d140b802dd7545.mdx	56973
war3mapImported\IllidanOriginalClip5-7e52640b7d564cb04ff9f435cc313c3c682e87b014a1c52dd487521fe495bb84.mdx	57311
war3mapImported\IllidanOriginalClip5-cfe3ad2f823ce01940072f3501f27a040c5e98ea9caa7880df68042e41b86018.mdx	56952
war3mapImported\IllidanOriginalClip50-4cbaaaaa5ef226b49c6b0fb52abf1d8938923be9aa9ad6f1adc79c91ce04d392.mdx	49586
war3mapImported\IllidanOriginalClip50-70b1de58f7976ab90a706e95da2d91c810aaab2881766d501fb9fc9b803fdb43.mdx	50008
war3mapImported\IllidanOriginalClip51-445bc65c257244832de668d7fcdc6515c89bbeadb4da9ef2f026ff883c2387f1.mdx	50566
war3mapImported\IllidanOriginalClip51-612f81757046a2913132a4ba0bea9ac4871f0dd30ec126ae128ec3f66ac877eb.mdx	50159
war3mapImported\IllidanOriginalClip52-7f38c84a3884d13817805824e41154f7ccc7e3fbadc94f9ad2eefb61a9361c08.mdx	61352
war3mapImported\IllidanOriginalClip52-e4031b97cce110da80acffdfe8d7902f003a2fc87c571ef6e26351645c9953b5.mdx	60894
war3mapImported\IllidanOriginalClip53-cb3f3768444b18cbabe8a8254ad64c8cf3b67281a008518030b7d80a9f3105a9.mdx	50922
war3mapImported\IllidanOriginalClip53-f0107288e1c9170998adbae9bd19fa9dc1e43e56c8c60d03014cc5618722ba33.mdx	51340
war3mapImported\IllidanOriginalClip54-590eee8ecaa56a81f92413f214229a3edb131b2eed8a0041e4e7347f8d0a4415.mdx	59952
war3mapImported\IllidanOriginalClip54-b7facaf9885db613a860a55610f1e0daeb6c195413e1badb43e2c1199f560e80.mdx	59585
war3mapImported\IllidanOriginalClip55-50dc6c1330c8c8598a279badf70a0b140692811aad2c77e3eedb90c520bf3433.mdx	50319
war3mapImported\IllidanOriginalClip55-cb23d3010c6eeee2209065f300ec8b6eb2931545f97a36397000854cb4a2574b.mdx	50104
war3mapImported\IllidanOriginalClip56-3303134b62bf4fe526e0f6656913a4bed5a7058c7fd365f0120a35eed0367c68.mdx	53677
war3mapImported\IllidanOriginalClip56-d44660ee455df65080ef986d6571f82c9213e7b5fa00140320924a6e6c83a42d.mdx	54079
war3mapImported\IllidanOriginalClip57-84051a5b56800117443df43746eeb2b92171b11480c91bee63c6ac6318ef035a.mdx	61249
war3mapImported\IllidanOriginalClip57-aaab442eee0371afa406e0604eb02e8fa7506868cba460bb56ea33536024547c.mdx	61646
war3mapImported\IllidanOriginalClip58-9b3f108848975256477235721a3557234e376678c78b853103f2666cb780138e.mdx	148253
war3mapImported\IllidanOriginalClip58-e420b625724e8950bbcae1b00d0aa972d6bef7a89741e7e6872c0db769c2de9f.mdx	148108
war3mapImported\IllidanOriginalClip59-1b8079c6ef9a6cc2ef5931d60e5ee8260e5754abb47147a87cf9d330b0d8aed7.mdx	207518
war3mapImported\IllidanOriginalClip59-f7713cc360fcbd32bb19d15f9c9a7c89ae351f5d05c9144b899552184e83a034.mdx	207457
war3mapImported\IllidanOriginalClip6-1ebab2cf2f7329b94cf17b18326bccbcd38ab15d0ff56162dd9696ddca23d5b6.mdx	137679
war3mapImported\IllidanOriginalClip6-f1842ce5ceb460ca02fdd0ee47ceb361a1ed56b7c5b5cd0fbc8fe5897f6d226a.mdx	137479
war3mapImported\IllidanOriginalClip60-1b41606671fe25ca22f59173e4b79ac4afb707dc4a3981b9a4a45bb2e0a3371a.mdx	55928
war3mapImported\IllidanOriginalClip60-f7d2dc8ef0cbb7f59c8e36fe3adcbdebe781ef33c411bf1a025aba12067e2419.mdx	56296
war3mapImported\IllidanOriginalClip61-1213298a4816cc2fb31e8e229ed8acc3aafbe86a2d745f881ea672bf39f8823b.mdx	51809
war3mapImported\IllidanOriginalClip61-7ec04b14ddbe409287bdc44ecdc4e0ef3fa87a8adb5ad04b6665be83293a4b09.mdx	52027
war3mapImported\IllidanOriginalClip62-ba1a2e1ec863a54e0ee4288c7c85371a0e76abb12257598136206ff4957fbb32.mdx	60017
war3mapImported\IllidanOriginalClip62-de7b9a1400d886fb5e7e9f2b827bf5ec632c617e97c7491b2460e93a221e8583.mdx	59575
war3mapImported\IllidanOriginalClip63-24d7e4b44d6d6c832b4f67f2a3ebe3b9b0134152e07871e67c3288672019d1ab.mdx	61652
war3mapImported\IllidanOriginalClip63-3bc22d7612f5369c4c2330b82a0779db863bed0a0c98c9c2a547ead5debccfa9.mdx	61276
war3mapImported\IllidanOriginalClip64-306162d12b8d1f6fe04e8fa12b7707110b1f283824a6cae491126cd2ae581439.mdx	53547
war3mapImported\IllidanOriginalClip64-fd1590ff4ae9ea586df698b1d3d7017132d09f7822acb24c5169818280d62b66.mdx	53828
war3mapImported\IllidanOriginalClip65-69832fe4efbaee0e1a0d24db096ec684d79365c05fee0e9f38cdbc7d1d2ff2fa.mdx	55684
war3mapImported\IllidanOriginalClip65-844f357daf0a123cc47afc39a0557ee170266db5ae6a8a1df3cc140832564474.mdx	56067
war3mapImported\IllidanOriginalClip66-1d952db0791704a6fc803a1071a6479c261eb2e8b4fc3ab9c6ded7fdcd8483bf.mdx	50051
war3mapImported\IllidanOriginalClip66-8734ecec74e0b7496764f30bc8fd3cfc12934277959d1f284e0ab607e3359db0.mdx	50250
war3mapImported\IllidanOriginalClip67-32a056d4a0bba3bfd63f49124cc92e6eb3192e1ae3bc9e8b594651a1397cead1.mdx	49557
war3mapImported\IllidanOriginalClip67-8781973592c412c379480fe14803e446c8bd4ed992029ab2179f0f8ca966afc4.mdx	49977
war3mapImported\IllidanOriginalClip68-5ede98993ebd353b148bce5e52493fbbc527a9714eb1ae368ebd87061331808c.mdx	50191
war3mapImported\IllidanOriginalClip68-9682b163d046ed12a611beb05b7c8e41c7a243a40008cf338cbf054318cf56e4.mdx	49784
war3mapImported\IllidanOriginalClip69-b0e8251465200c78fbe0e7a0e347917f35d515c5a8754bce9702666e889d189e.mdx	58090
war3mapImported\IllidanOriginalClip69-ffdf1bfd4c87c64df42d628f72ad5db69734cfd5dfe91e4cfb632ed498a23e3c.mdx	57860
war3mapImported\IllidanOriginalClip7-900000108c5f4d3e6786b30097f5e81b6e140650214847de0d779dc0669a09ee.mdx	162793
war3mapImported\IllidanOriginalClip7-d8fe420a54f233e1c9aa448f77691332934dbef1127c33590a51a380d7a26203.mdx	162973
war3mapImported\IllidanOriginalClip70-a7d626e81a837d3c8e371fb48536b2bc38302b93758c1cc2d546f294a6b2b1ed.mdx	57100
war3mapImported\IllidanOriginalClip70-cbbf0e1842ab858c17d2156caf2c8ec3899248c3e5265ebc4fb21b36f72cecc3.mdx	56761
war3mapImported\IllidanOriginalClip71-56a3c25f7ab901b5b588e03f7b487e62ebe6e4c5caebb673c8a1f84bc75658a8.mdx	58211
war3mapImported\IllidanOriginalClip71-a149ab6c9aad54335434300617ecdfc7ae656337476cb7373535d474d8508f15.mdx	58564
war3mapImported\IllidanOriginalClip72-5e132c14f2d4a9045cfb5def9256c66bee8de24fdf2813c3c5c2a30e9a20306b.mdx	58230
war3mapImported\IllidanOriginalClip72-c451eb75f2ecf9364de220f1ee0550cc20b6a3fc94a30fa50794145cc0b8eaf4.mdx	58573
war3mapImported\IllidanOriginalClip73-0d577e5935c7ae4f33c04a689517630574cbd1dc75728854e2578481824a7fef.mdx	56457
war3mapImported\IllidanOriginalClip73-5a3c71da0c619e2d81e88b543f2ed83eaf15f3182485ee9fab67c5980ac9631f.mdx	56092
war3mapImported\IllidanOriginalClip74-6cf83bff55d2bffada865bff06e5c5c3ebf9640d1869cf17b85c40ea5f88c10f.mdx	56085
war3mapImported\IllidanOriginalClip74-f79f38b9ad5b6dae37f133d275e7a1911d4ac7e89214685909359e7e7a82cb1c.mdx	56497
war3mapImported\IllidanOriginalClip75-675986b487a3cd08a78443360207e28192d965edeac258160309e9ea5041ac96.mdx	59315
war3mapImported\IllidanOriginalClip75-fa857b4c9a1b21756cf6721d83c07df9d258d49aef245b8d457c89b12013163d.mdx	59765
war3mapImported\IllidanOriginalClip76-0bf9866134f5dc610cde02e0961e98fab7915c0860717eb8908d29a3bac204f5.mdx	59339
war3mapImported\IllidanOriginalClip76-791d8866f4d30a800a925186dad7e830ba377c8391984d57ccb5c769b4f3362e.mdx	59757
war3mapImported\IllidanOriginalClip77-48b608a968a59c846bd0a5619c9fac74fba36d5092a7da7f4b037a50ace82d64.mdx	99170
war3mapImported\IllidanOriginalClip77-527066ce15c40282a907823aaa5de699668cfc85f94ff78b17fe614691b95b50.mdx	99273
war3mapImported\IllidanOriginalClip78-3fd6277078c28cfc140a16c344b335b80f208bb97893b0de0435c2763df64012.mdx	153936
war3mapImported\IllidanOriginalClip78-deff9ba93af6490980b97e51535f57b890c0d699d2e368795d9507102b835872.mdx	154237
war3mapImported\IllidanOriginalClip79-84a7ee76a7094af99d5598464902184646f088813853ab168e0154132609ec56.mdx	126444
war3mapImported\IllidanOriginalClip79-b825a9b2e4e52be5fa3731c73ec371bbdf6c2bbc51916d2c0000fd1059cfb1d5.mdx	126269
war3mapImported\IllidanOriginalClip8-45e829d5aca56885da5e4ffbe6f7d097cd048fe98e781295d56926ba810b5127.mdx	173918
war3mapImported\IllidanOriginalClip8-d8f05f183772a0f5a493aa10cab4dcdc492f1bf3e11b101a75fcff6b196fbe2c.mdx	173722
war3mapImported\IllidanOriginalClip80-92e5d52b2af8144a6e3c32c68c479824b72224017158ab920726d10b673cc354.mdx	55270
war3mapImported\IllidanOriginalClip80-ff41b7960fa745d7401ada163ae06ac9ca6dcba006325d55f0af018f53c253ea.mdx	54921
war3mapImported\IllidanOriginalClip81-38cd4748299a08b248caad080502d87ebdf39414c497f4d0d83f6636e3d21726.mdx	82268
war3mapImported\IllidanOriginalClip81-d25531f099ef17985ec3ea801d97f09bc7383c5c6e09b1e59ad022c3ab44930b.mdx	82090
war3mapImported\IllidanOriginalClip82-79205ef7f788c98826fbeea310aa5bb055a161ba1b4f4a85169dda4aed4c4cb2.mdx	165991
war3mapImported\IllidanOriginalClip82-a71646001d8bc16f173fb742c28fab0343d8da360a6bc82a052f516b9c139ead.mdx	166158
war3mapImported\IllidanOriginalClip83-6a586eee2c58f732ba2b95793f35bcf0cacaa717b1e42ff2d20f9e8add4f2098.mdx	321970
war3mapImported\IllidanOriginalClip83-99dfe90d16d3fc17ab51a83c441235c91c1dbefd4f8ff2dd1a348986f069f66b.mdx	321908
war3mapImported\IllidanOriginalClip84-210c61ba0f5eadb13f9c8c6ad65d33c2c76bfed373edcf739566e416881cdb7b.mdx	344218
war3mapImported\IllidanOriginalClip84-cc99f3720138fdb67addad899a568b65138f6234059fc8c81ac1d0d0b7b66d52.mdx	344311
war3mapImported\IllidanOriginalClip85-15d108fe5f233dff8eb544abc280d14e326feaa961bb424b7fcad1761ff90a25.mdx	123933
war3mapImported\IllidanOriginalClip85-ca9f39d4cea5cb590f00f7f1a38b7b65d3108825f536fa21d1753b49c457107d.mdx	123711
war3mapImported\IllidanOriginalClip86-b23b744975cac334992877731f0aa3c6447f2719323e9df521b63675171d66fb.mdx	54631
war3mapImported\IllidanOriginalClip86-c22491d2f7560c36786651b04452e681c0530fde308fa5197917642dc88bd088.mdx	54749
war3mapImported\IllidanOriginalClip87-324f0e1279613852e1b575f4c18cf0e21f06bb58d7228c8c91d221a8f7cef44b.mdx	62503
war3mapImported\IllidanOriginalClip87-ddf0f5adeeb7504f6c79cf6e027144009fededfbf8eb33352e0836f6d7d7829f.mdx	62734
war3mapImported\IllidanOriginalClip88-798f344e998a373ddb633c583e314b4ccdc3d8c978c0e348c54495921832fc60.mdx	127306
war3mapImported\IllidanOriginalClip88-c7e0fc4f2bc1801afdedd43c87ea558c68221fd5c85511794f68f29848b9e67d.mdx	127177
war3mapImported\IllidanOriginalClip89-689ebb6897af6791d5dd4c43da52df339573b2a1ce3afcd9a8d8ca1060f61057.mdx	48820
war3mapImported\IllidanOriginalClip89-d59006cf7aa62d528c4aa149ce51574853b9b8d8b8efbf7d162c5ed8fee67502.mdx	48411
war3mapImported\IllidanOriginalClip9-1ffe0124f328ac691ddb7accc47f5edf2c7108ca7643033d205b63757fdc2931.mdx	58753
war3mapImported\IllidanOriginalClip9-f89119660fb4234556e6d3e3fe2af8fce8a2e86b102921f2eeaa817be799c443.mdx	80652
war3mapImported\IllidanOriginalClip90-8194f578670b839f96a36e53505844f82a003a5f0d49549c5e2960a2314b2c1e.mdx	58919
war3mapImported\IllidanOriginalClip90-dbd99b1ce38c03bc8cb7ee3a6d02b0ea272da49ad2c641258c4e6fc608c49932.mdx	59302
war3mapImported\IllidanOriginalClip91-5b1e14ac50c9f7c6438919eb0ad122c92dbce61bdbe82f26cd7ac6de0bfb8dbf.mdx	60670
war3mapImported\IllidanOriginalClip91-65806f1b3c9e232bb19e3a3362ec1dc04e9311dcfef610281447910c9d500f0d.mdx	60264
war3mapImported\IllidanOriginalClip92-3ea62d5e26fe1b3237f50c3d84e0aeb762c47a3dd46bb1755ec79a8a7bbf2129.mdx	59082
war3mapImported\IllidanOriginalClip92-c0705a59cc9836d6c8b67c41e70d3eb6a26a9c4c6fc06aef054cca9d7795c88f.mdx	58683
war3mapImported\IllidanOriginalClip93-3b660c79cb146bc650620247cb268d3bf0ae4f3977c2563d25466b33337c01e3.mdx	59923
war3mapImported\IllidanOriginalClip93-db1860d52b9df2a5651b624b72b5c450cd48e72d722bc0b3ed335675adda6475.mdx	59534
war3mapImported\IllidanOriginalClip94-5e26962af5c9e6a069c4461db1c9dc007f97a69259d38cba2f9464ea1ebb2c5a.mdx	59905
war3mapImported\IllidanOriginalClip94-9d715449c2599a6465e34695063b758024024c902884c2a5c363792f58bc3b15.mdx	59532
war3mapImported\IllidanOriginalClip95-1f3fb722ee0c94dc6f3bddc15bd5ebf6faa37362eaeb44b6414e0e2d09f29e40.mdx	54819
war3mapImported\IllidanOriginalClip95-219ab6b24a3c93cae36eae36037a4f5f75d08aaef58f801eba4e2bde35c68617.mdx	54425
war3mapImported\IllidanOriginalClip96-2edbd5be093bc03f24176b6744cca6af6f9052da9eb5a4b1e5b4926196d37426.mdx	60802
war3mapImported\IllidanOriginalClip96-95eb678ef85f4b8232fd777dec3328220256e88ce9f2649d3307f052a0610564.mdx	60473
war3mapImported\IllidanOriginalClip97-52b0c53fc12f736d7c3fadf8fd18385c37454994d78916eb93134109a20216c9.mdx	49890
war3mapImported\IllidanOriginalClip97-71051b70219bb0ab7ae833e636c65489c4a572256968dd5eff71aeaaaeeede91.mdx	49472
war3mapImported\IllidanOriginalClip98-b14053f5a23660f4c9b8f8c0d5ff72eb8e0a1642449d4eeb0ea5c0ae409c50ac.mdx	64784
war3mapImported\IllidanOriginalClip98-fe30c238cd523511b2cc0a61504fd481399df0e30e326f17172eecbec237dc0c.mdx	64379
war3mapImported\IllidanOriginalClip99-16688ba8833c9e6b7eca55a3307a1deb14d5f2f01f0f0b205f1788d72a776dd1.mdx	50215
war3mapImported\IllidanOriginalClip99-fa5c693397105b58e19b243a99c4b3717eaa7ffb233c1ec334763ba64926d5f3.mdx	49961
war3mapImported\IllidanOriginalLight-3537b8b35c4f07b88ff445e8c86756476cfceb1951a01484e45c816842bee1f7.mdx	227
war3mapImported\IllidanWhite-7299c2907eb3eae4675e0e4f7eff9cc581558d6177b5453f3a2e74d5b6a6a0b6.mdx	4164192
war3mapImported\ImpactDefile-f9468786e4e4da0c1c062345017758d5092c30ad7c673e078b00c823447b4f90.mdx	3806
war3mapImported\ImpactDust-203c5231debda1f1be87bee7ea942bb77b953c077731f33b78409144da9a3778.mdx	520
war3mapImported\ImpactElectric-9dbba329f6eab3916fd4fa90199d077d11a7cc6992c2f008c080e26d7c372acf.mdx	588
war3mapImported\ImpactHit-14ab984c85a771b2c9feb68275c44577ceb14d0f5c5f2e3801cbc00c2decd594.mdx	2044
war3mapImported\ImpactJump-2819c9b61c83f2dd214fa7ece4262c69abfb4cd90d7efaf8687544253577869f.mdx	1348
war3mapImported\ImpactKO-3f455594c218cda43d93f025b3997bced37c0e224cc1cd1ec40b8806899f5bf4.mdx	2443
war3mapImported\ImpactMiss-50c0e9d040c9afb26b09d79bb05d4b7ab26bfb0beca733025071288db725e412.mdx	846
war3mapImported\ImpactPalette-e47c017669bff4f96b6c689fe91b1a0305d68af764505d934b6ca7b965dfd049.tga	6299
war3mapImported\ImpactRespawn-8948249a993a5287433c1123220cbaec68c6cb111bd6ef748b2c4f02bfa5dd20.mdx	1277
war3mapImported\ImpactRoll-669e5efa0a209e4d41441c277aefb3fc2a9ecfb95dc9aef0f6c492cf2008c768.mdx	1275
war3mapImported\ImpactShield-45ee224451846210394de9480ea69f041edce17210c5b045a577d1130126e87f.mdx	1436
war3mapImported\ImpactTech-3f6fcc8da2fd291caa5a490222d3071e912641606fac841e62e211907258a6cc.mdx	1337
war3mapImported\ImpactTech-5945ef252a0e75aa6ccd0f82a1db34f12ab718fb8c7c592864a3b8f330099a20.mdx	1250
war3mapImported\JainaProudmooreOriginalClip0-5645cc0951d3005dcd135261d89c0fc986fc3605d724783d3938092e0cfb6211.mdx	25828
war3mapImported\JainaProudmooreOriginalClip1-f21829b6310d46c566ec9011051af52036c146cebf36b5a42871acb994fb3882.mdx	32170
war3mapImported\JainaProudmooreOriginalClip10-0d3f3051c98a8ba1dac542a400d7fddd71eb796b7858bcd5614092c4543d5af8.mdx	19474
war3mapImported\JainaProudmooreOriginalClip11-931b3328336a0e8d6963fc2ffca02ee2de483e5218888233b41b5460ea7badc3.mdx	19468
war3mapImported\JainaProudmooreOriginalClip12-a4f171c29dfbac57f7df71e3773cb15d7a465a1d87dce3212a1f9f4ea3f54888.mdx	19494
war3mapImported\JainaProudmooreOriginalClip13-9a1dbd6c054b966f297bd15e17b1c3316ea3edba90c6c28e13004c44892c3d06.mdx	19468
war3mapImported\JainaProudmooreOriginalClip14-e99d8c1b381f3370d75c2c626e5552dde7608abae243b3d80a72f96a05bcec65.mdx	19690
war3mapImported\JainaProudmooreOriginalClip15-62785520be0cbbeee8a669515346fdeacd964b2d8f3012e632328262df89839e.mdx	19467
war3mapImported\JainaProudmooreOriginalClip16-7b525451bb7d057d9248dc623a755ca42469bc52bf60fdae748327de27756d29.mdx	19553
war3mapImported\JainaProudmooreOriginalClip17-9d25ba083a3ca7e0ba6f7e84314cfe0e6e971e33289809d99fd162e780e97fa2.mdx	19531
war3mapImported\JainaProudmooreOriginalClip18-ccdc652ac93fdc494e92220ee9f95ce2ab6a91fc5e2c87e6de3b36038c52d369.mdx	19497
war3mapImported\JainaProudmooreOriginalClip19-e835785b124a673025e08cc1b24749bec207f23c2a360393a949431bb21742ab.mdx	19751
war3mapImported\JainaProudmooreOriginalClip2-f973594201c6e8b172b0a387d4332e683864dae446538ff020737b6aea20c60d.mdx	30664
war3mapImported\JainaProudmooreOriginalClip20-5bcc7bb999bf50d3ebbcdc72c2a1ab5e2dc9270adfc90ad62436eb7bc077e41d.mdx	19450
war3mapImported\JainaProudmooreOriginalClip21-c0be14e3ff4676dda8b692c5d053ebad7708ace2519373fdbf386c8f68da60d2.mdx	19465
war3mapImported\JainaProudmooreOriginalClip22-156bcdbdd9a36e5d16d33b18e4ba15112cbfcdc0598884bf13dd2f1d50a97899.mdx	19475
war3mapImported\JainaProudmooreOriginalClip23-f75aea58af61a2bb018f41627bfb65d284f01862759f149d475a9b7a545bc9b4.mdx	19465
war3mapImported\JainaProudmooreOriginalClip24-19ec3c2125319c4f8665f3656a3d43aa3373c2732b650263d03b9b9b586d2631.mdx	19499
war3mapImported\JainaProudmooreOriginalClip25-bf20c8ec1b2f9e2eb5c5cd43965234b4ec97a6abe32437515b51ec3fa50c01c5.mdx	19183
war3mapImported\JainaProudmooreOriginalClip26-ed2c945971199945aa7d63644b1a6b55d01d0d2a273180e3b3309b8460d8c2e8.mdx	19392
war3mapImported\JainaProudmooreOriginalClip27-850eb2eed389cbc9c4066e8bfdfda815f93bf078c8e6e3b8c19634068f40fc67.mdx	19146
war3mapImported\JainaProudmooreOriginalClip28-4462aac1a10d2b283db89f371d21fb28cad8ac559b0d2debed3e266e151b1ef9.mdx	19439
war3mapImported\JainaProudmooreOriginalClip29-39af3a664f981de853c349ec2a822a38a9fa20f8320b4934d23bdc5eee39c1fc.mdx	19142
war3mapImported\JainaProudmooreOriginalClip3-df1d58e00666a87d5e0cf6e23db7cfad6172c0cbce7f82d6294c8eb9ed8f80ef.mdx	26127
war3mapImported\JainaProudmooreOriginalClip30-b8695c86cdd69fe6db512e19b37879fee9ecd5e3982c612ab83df6ad731c69f8.mdx	19308
war3mapImported\JainaProudmooreOriginalClip31-63046e6da5810758bab0cb11c59784d74dc3f5b1188655d7d504eff76f365041.mdx	19158
war3mapImported\JainaProudmooreOriginalClip32-6e6864c838ed16b1614d62977fbe681d65926701456abceed6c64c117e215342.mdx	19484
war3mapImported\JainaProudmooreOriginalClip33-bcbd51f9e0990f55983824af5c874783a685c613debb24ab6ad97759f70f8e04.mdx	19243
war3mapImported\JainaProudmooreOriginalClip34-f16ba64994d45e7f345b29fd3770e36a843b7a6a9f28e2c6dbe6f06632e3042c.mdx	19441
war3mapImported\JainaProudmooreOriginalClip35-3fe4f721a49bab294e0bdf6467c1a8a6ae9aaa60d37a07fbaa0142dc6130648c.mdx	19434
war3mapImported\JainaProudmooreOriginalClip36-f1485ed6ceadb7b34e1db976d961f9f29139236f4f2337f641f5bb41c8cceca3.mdx	19436
war3mapImported\JainaProudmooreOriginalClip37-1156ac7b268310c85f22817c954027a5075b50c189e2eda39824f9dc2e7094e5.mdx	19426
war3mapImported\JainaProudmooreOriginalClip38-a52e871259ccd392b33b2518b6532878c427d2624fdd02d600a95b97ef203e36.mdx	19157
war3mapImported\JainaProudmooreOriginalClip39-1ee590566cb0129f34777920a8ffd7499e338d53fb78711da4a1a144c30854b1.mdx	19149
war3mapImported\JainaProudmooreOriginalClip4-150857f58f7716f56d5a096faa08a9665b301631bbfe7a613159b03062b5f362.mdx	22545
war3mapImported\JainaProudmooreOriginalClip40-6a751cfbc2393d68ce90163b71cfcf39b99dd646a665a2045227bee196e74888.mdx	19173
war3mapImported\JainaProudmooreOriginalClip41-410649368ac7194ffb9980301520bfb80d40929d582e9d25d6d469bf481b3c66.mdx	19490
war3mapImported\JainaProudmooreOriginalClip42-f83a5826cbba6d2ffefc4c67f763d0ff154e806c9cb4c5785fca4126ef0629d3.mdx	19490
war3mapImported\JainaProudmooreOriginalClip43-8588dee34f667c1986650b7b3feaca2aa191dd675ce61ed1101dd3019e8336b2.mdx	19182
war3mapImported\JainaProudmooreOriginalClip44-10a92a31da0b7f1b2acd9ad1b2c7ff5562577d455cdf2158807a9606dac669f1.mdx	19141
war3mapImported\JainaProudmooreOriginalClip45-57a371cf64040c218a9ce91d523e100e9c49b57e86122e5770818c65599fce35.mdx	19526
war3mapImported\JainaProudmooreOriginalClip46-89bbbee345ff8f50b00419a00de439f2fcc52ac068bc0f48519d575b80bd680e.mdx	19784
war3mapImported\JainaProudmooreOriginalClip47-f70adf400e4ea3db3283ebef765b87962b4bc6a4d61494f8c1ec738274c13d32.mdx	19512
war3mapImported\JainaProudmooreOriginalClip48-64f4f55dc5f30e11e6d43723df013b8ce4d1bc0185e89241e7dc12b597260aa2.mdx	19493
war3mapImported\JainaProudmooreOriginalClip49-032c620a1fdddd4acc42e8055f0d468f80b99ae3abcca62222739c4656a77a14.mdx	19468
war3mapImported\JainaProudmooreOriginalClip5-5b99c384ec36df5dded099653ceba8e47c38ba15b4bb5d6349b5528fdf798746.mdx	21336
war3mapImported\JainaProudmooreOriginalClip50-096010d1ff2fef5efecca926873c0818e45fa0b45aefd65c24b8884428adb409.mdx	19438
war3mapImported\JainaProudmooreOriginalClip51-dd645a6761d8b33b783a81ce40c215ddcb7d3f8095afa474d96d19a97eb9bc92.mdx	19462
war3mapImported\JainaProudmooreOriginalClip52-5d007de0cccb1cd260ba4adf00f701035ac71436b79897a5c9744fb201c6e249.mdx	19455
war3mapImported\JainaProudmooreOriginalClip53-35aa1d60cd9d6ea98d37f59597f50946fb0d51035f296ef9cc0dc0dda3847401.mdx	19489
war3mapImported\JainaProudmooreOriginalClip54-eed33e30c38296041c065261e33895fe158b251e7a5c47b1dd3d4d5ef90506fc.mdx	18978
war3mapImported\JainaProudmooreOriginalClip55-59f8955aad9ea0c319500e1ee3c16b93b7fe1e31fc40a3d564fd8bd04465730c.mdx	19014
war3mapImported\JainaProudmooreOriginalClip56-c98f2af07d15124a76eafb10aabd7e4c51f99e2dc7d6767032a0d4489cb2f693.mdx	19484
war3mapImported\JainaProudmooreOriginalClip57-f13e4a711bf06e04314aa9c20d674b1bf0181614d5ec60f0b54560c2b0687ca7.mdx	19541
war3mapImported\JainaProudmooreOriginalClip58-b0cb1cb7d6c2b531e12711f579decfa21013ca8d45ed02dc95ee8e5d60fbdc1e.mdx	19541
war3mapImported\JainaProudmooreOriginalClip59-149c7eaaf8b8e814a4d25f6f2890a1d9b62b12d2cb409651145cae4d7cd82a63.mdx	19508
war3mapImported\JainaProudmooreOriginalClip6-a579d53355de6f273a0d8ab3c4607aa4063ee5455a7579801659e01098bec729.mdx	27800
war3mapImported\JainaProudmooreOriginalClip60-a689faa0ffa2d653155651dd82f8ac7702594c23db92979b6ca16462af172af1.mdx	19520
war3mapImported\JainaProudmooreOriginalClip61-cd6a8cf7271e469410817ce096b0bd97d67ead2c99f7f7d7620ce2fa9ab5257a.mdx	19283
war3mapImported\JainaProudmooreOriginalClip62-5915a066b542dfa874e40bb709e3fe0b51e251942eb93d98889ee1e56d2e7799.mdx	19287
war3mapImported\JainaProudmooreOriginalClip63-cacfdd9d7de5c09ce945e62394a8f902fc00539952e7e2327981da22d8e3ccff.mdx	19285
war3mapImported\JainaProudmooreOriginalClip64-3c5d557a4710945ead7f4531039aface99497e59a1c5c2b143a5a20e7449ffbf.mdx	19351
war3mapImported\JainaProudmooreOriginalClip65-24ca616f17bb423425b0e69c92092549bad090bf6f7857c57e901792161f51d4.mdx	19533
war3mapImported\JainaProudmooreOriginalClip66-ba9eda266b1ddf62a16fbb257da48897e757ca8f17b043a1f4bc07028dbe71ff.mdx	20598
war3mapImported\JainaProudmooreOriginalClip67-d1d86261e1c6624f75301993e16d233f5f8b0fad9f471597515102046ee792d1.mdx	20272
war3mapImported\JainaProudmooreOriginalClip68-3c1a67cb66fd867846411b36c9004231c4ae628daf1dd06bc2dae943712e9d4e.mdx	20598
war3mapImported\JainaProudmooreOriginalClip69-94852ee41555e547b0d65c895a51fba4faaddb502f333bc5d2a73acf2511e1c8.mdx	20609
war3mapImported\JainaProudmooreOriginalClip7-17a19c4d19e4ff62727a42030fdf38f3108c270a36a66eb179b1a28d055ccf09.mdx	26359
war3mapImported\JainaProudmooreOriginalClip70-764e129d55bab384d99b2ed35b7018df909a3c01530abdfd587da0924ff7b2ae.mdx	20598
war3mapImported\JainaProudmooreOriginalClip71-bb793e33b116a58efb647c7c3d13799f6de42f626933058cdc826e76bb1a2986.mdx	20266
war3mapImported\JainaProudmooreOriginalClip72-3e9ee36bc8226ef533d2e55441c9a3ab14bbcb7e28e165a861e70fd50275af17.mdx	20595
war3mapImported\JainaProudmooreOriginalClip73-852562ab3e419ac3f8895d6ffafb62d1f9a50132685e082ed4fcf13d4a1a73bb.mdx	19564
war3mapImported\JainaProudmooreOriginalClip74-886de165e71dea1cb4137ab0a8903e08b60534765c57b2406ebb7983f6b81d25.mdx	19495
war3mapImported\JainaProudmooreOriginalClip75-ddb36608c0f544dd6a5faa5b72db50cd9f6ec11905b58df9b3c210709c79638a.mdx	19539
war3mapImported\JainaProudmooreOriginalClip76-0e999bdaf7f5ca8b96c80132e7aa808c386d43dc68a1501d63824b031c73582e.mdx	19491
war3mapImported\JainaProudmooreOriginalClip77-b44b26eeb83f77689c9dbe92692efd97e9b1db65c6b6da1f874944c33a6c7bb8.mdx	19523
war3mapImported\JainaProudmooreOriginalClip78-80b276af2844bde22fc12e743560350b91d841a5408752fc4c59a174c5037e91.mdx	19531
war3mapImported\JainaProudmooreOriginalClip79-01aab460d21f637ed6d9600ee243d70645e4d830b1dba2bea2bb5b35398b2157.mdx	19523
war3mapImported\JainaProudmooreOriginalClip8-b2a7a501d2869ea1fca1f4df5eb9f297461b675033ca053043719da0b747a89e.mdx	22488
war3mapImported\JainaProudmooreOriginalClip80-ce1cbda9c7e25dc6c5e3731578fdf2c6408b65a20ce813b0a881267fafe17386.mdx	19512
war3mapImported\JainaProudmooreOriginalClip81-368b5dd83a988385bac56d38bd6a2d498379557fd6029c81394f4b5f528a1799.mdx	19129
war3mapImported\JainaProudmooreOriginalClip82-6a5c1c6d5cf8bd45f31b384f68a6a49c3323681c6faf40460313f7d9023a902a.mdx	19131
war3mapImported\JainaProudmooreOriginalClip83-09c70815bb94d20780e373122b3b7af368cffdb5e75119a77652c1e21a641446.mdx	19170
war3mapImported\JainaProudmooreOriginalClip84-32db341e1de379f12e21509b1b97000b2c966a5796a5c5140c6645f52015dc1a.mdx	19167
war3mapImported\JainaProudmooreOriginalClip85-266ca3c71ea49f1788f405146ca2531af0fa49dbfbe0f04e2095e2db616b6ba4.mdx	19167
war3mapImported\JainaProudmooreOriginalClip86-40c8d1bbae353abb59d2d62e1388ab82e474c3aa0dc8ef95d51868cba8929e81.mdx	19162
war3mapImported\JainaProudmooreOriginalClip87-5ac22aaa6d1804431602d37b143a8b4be73394c9a099501f4e83811f6c2f65b1.mdx	19175
war3mapImported\JainaProudmooreOriginalClip88-f6e8a8b5d219b41c727de568270e115a3788681b1d81cafa0a5d8b2a05849387.mdx	19179
war3mapImported\JainaProudmooreOriginalClip89-645e627dcbc43592978f84ea9527b5e23c4b49bd3c932f98a897eff16d0f8519.mdx	19177
war3mapImported\JainaProudmooreOriginalClip9-4a5d7f45aeb39300b8849539839f7a168a1a1c1e366051511a4256b733b71c4b.mdx	19487
war3mapImported\JainaProudmooreWhite-d5220d66417c066bc591b1f5c759cfdda984282c17a7d07cfbef3ce8c994dcb4.mdx	175162
war3mapImported\KaelthasSunstriderOriginalClip0-afa7e3eb21269333206db4ee4206bc68d61d68b1cedc0ed5dce7bfd4e94163c8.mdx	30047
war3mapImported\KaelthasSunstriderOriginalClip1-33d02095ac5ac5445911ff336a3d93d81e9c62d43d76c5fc30e223e59a4d18a1.mdx	39650
war3mapImported\KaelthasSunstriderOriginalClip10-4e831bbfabcf91392d9ca8dbd2bc23818ce7b11f2965514aacc25bbf9069449f.mdx	34366
war3mapImported\KaelthasSunstriderOriginalClip11-146fafc0162b5d1c2480b4c827da89c757532a74853a5236db556633643505d7.mdx	24509
war3mapImported\KaelthasSunstriderOriginalClip12-58d6b15ee72a7eccac603376e89a7272f132f4a5f80bc070da995658ecfd5021.mdx	24516
war3mapImported\KaelthasSunstriderOriginalClip13-9a3789fb64541d121a0dd6593b265478bfcdf02d96b4d0531d7c4a115145cbd2.mdx	24536
war3mapImported\KaelthasSunstriderOriginalClip14-40797ff7d9e8ac518e4556c215abdbaea1e8c49ac997a9d06548680cbfddf37d.mdx	24556
war3mapImported\KaelthasSunstriderOriginalClip15-e06035c629c55d33e4ddfb1c4756b578abd8fdf03288e161a0b7cfae3939f2f7.mdx	24615
war3mapImported\KaelthasSunstriderOriginalClip16-1eec13373d885f4affe54e395a9a0190ba801563fd9e5305f8ddf0041b392f10.mdx	24542
war3mapImported\KaelthasSunstriderOriginalClip17-77f83a856ccd88a08f2e7f82ac1694902ff7796631c56e568a7e7b032894cc74.mdx	24606
war3mapImported\KaelthasSunstriderOriginalClip18-cf29aaad360362bfd50544dd8221471ceef06ef5224e31da126a1a64cb6c2a60.mdx	24574
war3mapImported\KaelthasSunstriderOriginalClip19-e0d8e69c89c0a2d433b4627d07dcddf2e17961ca1c6aa0dfc93ceee14d0ad893.mdx	24567
war3mapImported\KaelthasSunstriderOriginalClip2-c28099b1e8c278a3d3a9adbbd949da043817377834cc3892f708327cb583d900.mdx	34596
war3mapImported\KaelthasSunstriderOriginalClip20-30706b6af9faa92d6580bdb8b59cf70c39f1ddbc0ca83a80c10792db8aee36e6.mdx	24522
war3mapImported\KaelthasSunstriderOriginalClip21-d4cb176f780d6ea3f82856ff618867cea43b3ec08e7edb35c6c68a2fe633195a.mdx	24660
war3mapImported\KaelthasSunstriderOriginalClip22-634192b61d9befbc3a73c60872e8fda9081cb5aecc783389288fa574a07bbd02.mdx	24478
war3mapImported\KaelthasSunstriderOriginalClip23-286f0a3e2249e02e72f8e326564ca1d006ee871e1ca2afca2b3eaddfb9880e01.mdx	24565
war3mapImported\KaelthasSunstriderOriginalClip24-8f06d2daaaeb10978b2a2c7369c8d025f03def61a461f3ce4942282936067dcf.mdx	24460
war3mapImported\KaelthasSunstriderOriginalClip25-81ed0d73338d048bf9ad2b50009fe12ac28be11058e927fa3b00b111aaada3d8.mdx	24447
war3mapImported\KaelthasSunstriderOriginalClip26-b5d5dc750b394ce1cd2e35454b4a146b9406283d0828c8c73f3f4f16eec2cf12.mdx	24618
war3mapImported\KaelthasSunstriderOriginalClip27-2dc188291fd423e651328b503a1555edf15ad67f01a7fc8c52b2daa5a6de5167.mdx	24174
war3mapImported\KaelthasSunstriderOriginalClip28-7b546ad36ed72528ea2e939841debe657b5d5c9e67a3cba3170364df70bd8345.mdx	24486
war3mapImported\KaelthasSunstriderOriginalClip29-aad40d3a78715027f89cfdc394d896075b71194c17821b4d61439394a417b723.mdx	24178
war3mapImported\KaelthasSunstriderOriginalClip3-dd024279f7d2b52be7cd1bba18b829dda81e9bb8ea2f27f19492c3e8c918bf07.mdx	51797
war3mapImported\KaelthasSunstriderOriginalClip30-d6eb03fd22220767c610a016d2d7a733880781872ba01843ca39367e2419cf2d.mdx	24674
war3mapImported\KaelthasSunstriderOriginalClip31-5d3ac4af13c10f296a0d209c5596b36071ce1335f699de39c1eb06cc030bcfca.mdx	24172
war3mapImported\KaelthasSunstriderOriginalClip32-ecdaf1fcc1fc5a265645413b9436fe636cb29c43c224d352977107c2bd30d1d4.mdx	24470
war3mapImported\KaelthasSunstriderOriginalClip33-fc291225c784c46117fa61adfe0e5ae49b71b1c3db58e4a58faac37bc8c3865b.mdx	24229
war3mapImported\KaelthasSunstriderOriginalClip34-3b7cf9404277b0a8149a4cff9d804a91b540ad7bd4771242d8b25c02f335289b.mdx	24622
war3mapImported\KaelthasSunstriderOriginalClip35-8cbf6de8155b9f2c409b7f6bf07743dbde3b26d2de9a470af5a5c0b10dbcfa54.mdx	24225
war3mapImported\KaelthasSunstriderOriginalClip36-b1123f3f798137aa7531fac67fa5ccce182de1ce1a87e3a961798bd854525508.mdx	24503
war3mapImported\KaelthasSunstriderOriginalClip37-05281e7961576cd2bac958f74f6fa340b5dbf0ff16dc6ec3f982354410ebfd37.mdx	24537
war3mapImported\KaelthasSunstriderOriginalClip38-88bc3ce965bb9c4df2d3f851189553dc66e3244a1de7f2bfbe93adb25d304d1f.mdx	24489
war3mapImported\KaelthasSunstriderOriginalClip39-35c3169079ab540752b031d60870632e515e7997ef05f74a5ec9282a15d99006.mdx	24570
war3mapImported\KaelthasSunstriderOriginalClip4-a0ed1519cb5d669e3bb72142583795fe82e5225262457ce37ac05f5b93ed10a3.mdx	39424
war3mapImported\KaelthasSunstriderOriginalClip40-47b2532016b26ebba1214775fdc8464989686ea60aa63ea72b5ee899d50abfb6.mdx	24620
war3mapImported\KaelthasSunstriderOriginalClip41-029c409594544dc9bb26c36360268c56a8256af317a0bfcfca33eb091a0e7c90.mdx	24624
war3mapImported\KaelthasSunstriderOriginalClip42-3eff2a7b5233496be06ed07c40958fcc82a7136acfd572019dbd02d70ecb2c54.mdx	23844
war3mapImported\KaelthasSunstriderOriginalClip43-212fefb85337f89d7b267688ab52468e1917e9366c7139e06bc464a2cd4cd79a.mdx	24502
war3mapImported\KaelthasSunstriderOriginalClip44-7fe63a2fba1e0dbf84feaed4e28aa2f057b2907814230197ecfd7e3df1b3826f.mdx	24552
war3mapImported\KaelthasSunstriderOriginalClip45-3517244e99732669cff6904fd76f5580704b534c1bf623c91c3d5fa30510cb3a.mdx	24632
war3mapImported\KaelthasSunstriderOriginalClip46-fd3b84dccf3d50fc7ede977bff87691bc7bc778c5c580144165083fa60d1b121.mdx	24127
war3mapImported\KaelthasSunstriderOriginalClip47-db5247d7a7dadb3c9597e9bbf16eea5ed0ee2b47d19e1fe5f282c50c62a5140f.mdx	24692
war3mapImported\KaelthasSunstriderOriginalClip48-9a22aee294bc7f2e061c788049a415af55d4643a78157d7bdcfd584a27b8cbf1.mdx	24584
war3mapImported\KaelthasSunstriderOriginalClip49-f4d963616a3ce6c8d09cd54e4ad171713c09bd3197ec624727ae958b6dfabbbd.mdx	24682
war3mapImported\KaelthasSunstriderOriginalClip5-e1c675a752374204d9fdbd0fb91baca2e1c0b383a7db0a55a7217ae534485aae.mdx	42084
war3mapImported\KaelthasSunstriderOriginalClip50-da70cd3d5ad80e29e538a1a3f0ea75e7299129259c124bc7fc2178aa8db0e6a5.mdx	24667
war3mapImported\KaelthasSunstriderOriginalClip51-02d5e228858809a54c015109e913d14ac6c4f8bdbc58ddfac61677ecf7ee30c8.mdx	24035
war3mapImported\KaelthasSunstriderOriginalClip52-cabdffb21746470811d94b78b60553b8c64d7082265adcdf2412db202719e9df.mdx	24018
war3mapImported\KaelthasSunstriderOriginalClip53-a27a1f827c6fde4aa508e5d2df16d098e57e2debb29f6f41e3fa65d7fe884aee.mdx	24638
war3mapImported\KaelthasSunstriderOriginalClip54-3fddce1ceb6d2f76ef3412496794f0ed608c22461933a68e64a7931e7f33b360.mdx	24112
war3mapImported\KaelthasSunstriderOriginalClip55-abac8a02f4ff75366b7d556262da6d90e6104dbab4f774e7d052d2463a80e3b1.mdx	24555
war3mapImported\KaelthasSunstriderOriginalClip56-29976fa33ef4e0b61862c27d52d2aa7cb03c986733b28827b01fb1adff5af07d.mdx	23828
war3mapImported\KaelthasSunstriderOriginalClip57-262b7a391ba126605baaa68ab2983de02675b4f2a32426babf32d246310fd578.mdx	23913
war3mapImported\KaelthasSunstriderOriginalClip58-256af09612ebfb660e213551c8685b055787c089520190d070b0df03c69080c8.mdx	24484
war3mapImported\KaelthasSunstriderOriginalClip59-09c95fc0d85a2aca71eae444f7cf2dd02dce3c4c37d07906b050cce26b18cc6c.mdx	24724
war3mapImported\KaelthasSunstriderOriginalClip6-8caae86a373cd6e0b5874244e8f19979e24ed64796f7b41e7a6181e2273a4721.mdx	41044
war3mapImported\KaelthasSunstriderOriginalClip60-831208493934044d9448b844e6f2650a2fed2ed621e57c95560537337a44c67d.mdx	24622
war3mapImported\KaelthasSunstriderOriginalClip61-9f3d47040a115d9f93b1f4be94f1dce909e150e7dda7129d5bd9583d9a5d8d32.mdx	24373
war3mapImported\KaelthasSunstriderOriginalClip62-874c613e55a48c75cbfb1282822cf85d8fc769e6651325051fb7bce9e3153aad.mdx	24445
war3mapImported\KaelthasSunstriderOriginalClip63-d50f6fd9b284df651047da7e9b3ae345e8c83b6de59aa93de9684ffa62ad1a15.mdx	24415
war3mapImported\KaelthasSunstriderOriginalClip64-70c30486a3d1e1a79274612a7a44c7faf40e7d3018d2f0174f47fd9e3c88cfbc.mdx	24522
war3mapImported\KaelthasSunstriderOriginalClip65-f21e8fa9ce22436907d04724e6e2ecf7fdefc8bd54eb7cb814e469d86989cea5.mdx	24704
war3mapImported\KaelthasSunstriderOriginalClip66-11f13a055e73dad5afab5b92c90a90b723a45d8efedcf4bd8eb827c38380c805.mdx	24586
war3mapImported\KaelthasSunstriderOriginalClip67-39c18603bed375b24f068a52019eef8cd08c665824258a72a284f807963c00ce.mdx	24654
war3mapImported\KaelthasSunstriderOriginalClip68-93bd8ad346fa176f40a89954a2313976b1593218aa94a296ba1f005669ac02b5.mdx	28178
war3mapImported\KaelthasSunstriderOriginalClip69-a1e989073aa536a669a58bc60c39daf2b9083f10d4e8260034b3bea731b2a05c.mdx	29151
war3mapImported\KaelthasSunstriderOriginalClip7-c0bd1f9be2e3269bd32e6c21d38d96c2860ffdcbaaf44fc2af74ccc35e1b54a9.mdx	36252
war3mapImported\KaelthasSunstriderOriginalClip70-2c866f55fe2c7a758f1440ca2b73cd963dffa4fc6c2257b691b87dc9b8b42025.mdx	28192
war3mapImported\KaelthasSunstriderOriginalClip71-a4bd7640348e6d3f5fd609d2edbce5861d1bc78f63a64a2827ff6ed59bb8ffbf.mdx	28194
war3mapImported\KaelthasSunstriderOriginalClip72-059438fda0fc459a1636e1609ab5dce39e6d57dcbe4c0e3b9fa2b29caf113206.mdx	28260
war3mapImported\KaelthasSunstriderOriginalClip73-d0e59fd02107e3a84f90d744a465fad978328d44b40b8e3374a6575c4a24d76a.mdx	29212
war3mapImported\KaelthasSunstriderOriginalClip74-debcf63046c8fe1899253d9cbd98ff6db918b08ad2060c41cf040ff9b9b740d4.mdx	28183
war3mapImported\KaelthasSunstriderOriginalClip75-d0ed56adc44f2db0e55e545a472baaab8458892a69371ca316068a4734dc62f8.mdx	24487
war3mapImported\KaelthasSunstriderOriginalClip76-caade482eda4890288d1a40af571c324d4c2ea1b233c40cc740bb859e97581f3.mdx	24607
war3mapImported\KaelthasSunstriderOriginalClip77-2f73c8a342e47c5d9cc9279485cb6abf4d33124fe2cbd1d3fc07c2299d3e8dff.mdx	24477
war3mapImported\KaelthasSunstriderOriginalClip78-5a327a6f8de6144e2992e885124ab20882910f3ff09880393c32bbc2ce9a0981.mdx	24529
war3mapImported\KaelthasSunstriderOriginalClip79-123098dc09057b22ac269b20abbbfc0c1b3b05e90701ca1429683e1b484b1409.mdx	24548
war3mapImported\KaelthasSunstriderOriginalClip8-9e9fbad7aae6e1632430ecc0dca118bddee236daeeee537a3024fea26b836b5e.mdx	36282
war3mapImported\KaelthasSunstriderOriginalClip80-414efa07ecb630c089a60ff9210f9ba44dc158ea78248514e04899a73df621ce.mdx	24554
war3mapImported\KaelthasSunstriderOriginalClip81-70c188e49bdee1c322b9ef1e5e31c7ea675a1a217d9379afc5162ce753a6ecb0.mdx	24690
war3mapImported\KaelthasSunstriderOriginalClip82-a6e07ef5efc67f1d6214bb6c68c27d3b2c01fa8b394c44f33c5a8f8c19c4c1bd.mdx	24610
war3mapImported\KaelthasSunstriderOriginalClip83-16fe7ea8dfa60543a9186b6063de3fd7952a28fe397227b0ca765f51b25020a7.mdx	23833
war3mapImported\KaelthasSunstriderOriginalClip84-5098006c6056629e9c424e1e17021b113d970dc874640d7b7135c099bc7015f7.mdx	23834
war3mapImported\KaelthasSunstriderOriginalClip85-29fd6fc95facbd2c92dcfd8adec18ebe21f588e8d30b931fc3344ceb1d538539.mdx	23833
war3mapImported\KaelthasSunstriderOriginalClip86-0201ac719330332864f4b0bd70dc808d449c6f7db168aec552e46ccfefd0bb28.mdx	23826
war3mapImported\KaelthasSunstriderOriginalClip87-96f7d63e88c625ee38a50f98cd9bd1f3266bdbe11d87e36c68125a89c9b9622a.mdx	23827
war3mapImported\KaelthasSunstriderOriginalClip88-555e0a659d77e0c82cc08e79847799723726d1dd4ccc5925d5207fb9e3681155.mdx	23827
war3mapImported\KaelthasSunstriderOriginalClip89-55d0612dfc664d9b632bdd2b5119866f6a82138795b3c59efaa2a4289ab9e4f7.mdx	23829
war3mapImported\KaelthasSunstriderOriginalClip9-bed73adb8bba41e2a7285f071fcd8029542fff03ecdd053e95fbc1f3b7038ea9.mdx	51722
war3mapImported\KaelthasSunstriderOriginalClip90-5f67729e95b07282f9ea70bc879d54b581b94ed739ead7ad2ad1ece686f808b3.mdx	23827
war3mapImported\KaelthasSunstriderOriginalClip91-1c0cf347543d6541f1c7420a3743ecd7093ae55b5aebc300bc9ad4b3bb876d53.mdx	23826
war3mapImported\KaelthasSunstriderWhite-e5cfc4b4750f950f917b61b2c4b83bec0b7aa0a0cebe94eadf06229952378d70.mdx	404547
war3mapImported\LichKing2.mdx	565876
war3mapImported\LichKing2_Portrait.mdx	13574
war3mapImported\LichKingOriginalClip0-b1fa4f9efa2943d046536d94a0610bd3939df27dc90e4e19cdfb685446d72415.mdx	38488
war3mapImported\LichKingOriginalClip1-aa283ce8132e9b9532587886574ce93c748bd24f03efc80d0310461929b42ace.mdx	38474
war3mapImported\LichKingOriginalClip10-53e1cd0ae6b727b07ecac473f2550b7255882d147ae4213404d13d51e44bf666.mdx	39382
war3mapImported\LichKingOriginalClip11-500699f31af48a7d9f24652011f5e313c3766114dbdf26a1b7c5c3544d39c1d5.mdx	38333
war3mapImported\LichKingOriginalClip12-99fcf47365d71768b55bf2ac1e5b616a9399a63b7127ff71cd06f9fadd283296.mdx	38615
war3mapImported\LichKingOriginalClip13-37b02b8bba3b877f1a6c17bab47c89d534656191845ddd80b44882508abc52d7.mdx	42892
war3mapImported\LichKingOriginalClip14-79b8aebe1238007e902b524a053d8d9405d673c7ebce2bae420e9f624e0a86e8.mdx	42876
war3mapImported\LichKingOriginalClip15-66cb0f15e5ec8600423d5943b00039cbd203a6611cdb093a1f97f46071eff8b2.mdx	49964
war3mapImported\LichKingOriginalClip16-cc55d979159d5e5dc60e9e9cacf0c8591e01858ca0762fbcc8ca25ae22cd17f8.mdx	50858
war3mapImported\LichKingOriginalClip17-a5db906e529c403e5bfba1793e3005f5c9eee1ec218951f72ad47996601dea88.mdx	49797
war3mapImported\LichKingOriginalClip18-ca33e7353a5375e69acc7e130c2a1c334e7dd948a402b946cf1f0b15f3d2322a.mdx	45069
war3mapImported\LichKingOriginalClip19-55935f4d7a7f45776b71082eac96f3b3665fc0caae558306336c0e12ffd38d25.mdx	51828
war3mapImported\LichKingOriginalClip2-e81e90de18624b9af395d79ada9b135c71ecd50fd3e93dc2d6ed753baab1579f.mdx	39057
war3mapImported\LichKingOriginalClip20-b5e5b4f14c878fbaf9a11ab54e3036c08511169257b2f13f2fdf98b17bfe9f15.mdx	52144
war3mapImported\LichKingOriginalClip21-a7c0aea646eee655c4c0c53521863494661eec217a012bb5d94547a9f717111f.mdx	53579
war3mapImported\LichKingOriginalClip22-133109967066f4ed990887cb64472e2a5318638c483c11206cfee1eb258dd290.mdx	51354
war3mapImported\LichKingOriginalClip23-84fc2e02b7397a82f1ee77f3f93d1b95bf8ac5cacaf10e6bbc994b1f7d099527.mdx	37670
war3mapImported\LichKingOriginalClip24-16f54fac19c14577730851a79fe37e993f9854d551ca9713c6d7a7fac8ab33d5.mdx	37629
war3mapImported\LichKingOriginalClip25-1f8917ed74133e491f18f3f603d9f1221350f30bf2a46218ee24af95556621b0.mdx	38476
war3mapImported\LichKingOriginalClip26-f7549815e2f950042b1bfef186b7782aa41f09588a6bd2fa901906605563f0f9.mdx	43395
war3mapImported\LichKingOriginalClip27-a934aec89989913cd1b21331e8484a7cc2a9e74386d1cad4f226f857706a41ed.mdx	44475
war3mapImported\LichKingOriginalClip28-09f08d68e156c24321c5b437d3fd79b758e7b297e8cfa73f49e946775138f2b1.mdx	40429
war3mapImported\LichKingOriginalClip29-093ac8cdcd2fed8120ec961162d78190d0fde61226c4b40886b6b4139fc544b1.mdx	38424
war3mapImported\LichKingOriginalClip3-d6562d3286bf1b7411255b03c3f8f27fc3b630dfe93950fa4af8a26302c356c7.mdx	37910
war3mapImported\LichKingOriginalClip30-1d6116f748de2e95d3f22c97dc5669f59f2d80a0348d9aaf42644c15749205f5.mdx	37598
war3mapImported\LichKingOriginalClip31-d4ecfdcb23c6e8fe351c35365a90f7d843d0da0882d141265ecacd3302cb9f95.mdx	38383
war3mapImported\LichKingOriginalClip32-fb48ebfd4003cd26e01a8167f9837da14dfe0c15a215ab4d32a77f61b0b2af77.mdx	41921
war3mapImported\LichKingOriginalClip33-e8e76f516d2e9d591b907ff940a623dd3e4ef8ddaa09833f1ce8cc4e57d5b76c.mdx	41594
war3mapImported\LichKingOriginalClip34-17a0a81d4c26c007c770ee3c25920762a6099a005918f5f98438ffb068ecef8c.mdx	41414
war3mapImported\LichKingOriginalClip35-71ccf427122c07a32503f9b8bb5af74d013f3c0582dee7fffba4917fa46d3b1d.mdx	43267
war3mapImported\LichKingOriginalClip36-ddea3f57663a5653281aedf3dd931751e849dd21fe6286243891173d692c7914.mdx	48202
war3mapImported\LichKingOriginalClip37-9f43156e0595e9ba5e9e99d0c35591cf3d8a8108058bcace3b5ef9b0fecb1faa.mdx	44991
war3mapImported\LichKingOriginalClip38-903b316024a0878632127e90a77787b9f9cd6d0f5504872bc2da6d082d5c1cfd.mdx	47494
war3mapImported\LichKingOriginalClip39-60254b4cc10d669819be9e46dd0a0368adf63d744047cab743c28c0a6a48f29c.mdx	45254
war3mapImported\LichKingOriginalClip4-7810710f538b1def09cc50803ca055f65dce378966ee578065d241a3e6c9653d.mdx	40780
war3mapImported\LichKingOriginalClip40-ba2af231f592f21acbe5760eb1595e342f21266c1b1644335ada87d8e58eac78.mdx	46688
war3mapImported\LichKingOriginalClip41-c0ea204cd4fe9cb6200c6e73460cf5ffdea69d170ed497f5585d396d47328f32.mdx	52065
war3mapImported\LichKingOriginalClip42-1a56d163a8456b05680749ab08789cfe8c051da1662aba3508d61272751cd9e5.mdx	37437
war3mapImported\LichKingOriginalClip43-aa24f2f75545745b99f1d8caed77ac0f42d9ec445ea36ca43928bde33a74b10f.mdx	44233
war3mapImported\LichKingOriginalClip44-0ade26e9b72c42d805389ddbd473a8b5651c9444a57b84e4dedbfcaa39b4391b.mdx	51031
war3mapImported\LichKingOriginalClip45-8c98634ebf4e10f57557662f3506310c1fd4c0f30c1201bd01879e38b7cf1e8e.mdx	47369
war3mapImported\LichKingOriginalClip46-16b9d90d60f1ff9688f6583869da30bd55552600b4991b2c7fe18fd15377b3a2.mdx	49516
war3mapImported\LichKingOriginalClip47-38183c4a15df97513be7f670a28929a8627fc0150bb624c5c0a2e444c2d7ed24.mdx	51092
war3mapImported\LichKingOriginalClip48-6a03645d5a61487d6b44e1a34fbf68fbb52a818b5f169e7cb364cdc8f36d35c4.mdx	37377
war3mapImported\LichKingOriginalClip49-a544cc7c0fc60042610596e220c6dfb23cf3d415994bc54877262082c221bdc4.mdx	44181
war3mapImported\LichKingOriginalClip5-383517a7552aad7a0ae8cfb89226968c2f6952ff47f4d2db2b07e8036139ffd8.mdx	42072
war3mapImported\LichKingOriginalClip50-043d2f7b98d652db8f8ca2adc5523b68afa46bb45b809dd298fdb7469b6c4402.mdx	41641
war3mapImported\LichKingOriginalClip51-889a4f150839c5663f1cef9801625213119b0c7665390735acad046d8aef221a.mdx	39182
war3mapImported\LichKingOriginalClip52-5b2266724869cff485acb5ca19aecc8024121c33c59f9e8385bfb3a4b97fdb77.mdx	44860
war3mapImported\LichKingOriginalClip53-8f8c32f9f5eaaf5a47a71f19b0f61a6b844672ff5226f150f8150b8877ee45bf.mdx	37348
war3mapImported\LichKingOriginalClip54-8e7e186adf04a61f996302a0e7687c0a72d70f24a79fe8d7379538b766f2c353.mdx	46152
war3mapImported\LichKingOriginalClip55-26047e9dff3ccb24cf2069f3906f97c2c61ad1414a054b27f50b4b2ff58db793.mdx	52530
war3mapImported\LichKingOriginalClip56-5dd40e51639299cbfeca29ab1208a770119d861542d038d9e3c83e49308c2d5d.mdx	38343
war3mapImported\LichKingOriginalClip57-eec5c2040ef7659be65b82142787126bc02b4d96c1ff7dff6111804d22d2131f.mdx	42562
war3mapImported\LichKingOriginalClip58-76670243f6a52603f9db2b13ab3bbbf349105cb1ad9f14084a9c30ef7958531c.mdx	44433
war3mapImported\LichKingOriginalClip59-6298f1c378396961d1a94c555ae5c9b00793db4c67f09e2d059e2b81364229a7.mdx	48779
war3mapImported\LichKingOriginalClip6-b10606579d9f948e7a3e5495edad0c85e1cd177439ddd0a9c0fe3502d9f6ff0e.mdx	42113
war3mapImported\LichKingOriginalClip60-8ad96d579b5a4f7b24e5524bf5615a1b455bae2460bbe0b068921e1bb1749eef.mdx	42085
war3mapImported\LichKingOriginalClip61-adc4e6f7364a89c00280a87001b6dc5b476267502503f9700f15fef4ee1850fa.mdx	42692
war3mapImported\LichKingOriginalClip62-ec4a09fb9f6bba7868748e8a8acaa7beacaa93de5f8f0c7a754388c42676b776.mdx	44601
war3mapImported\LichKingOriginalClip63-636b7b745638bde2fe5a31deefc430c0127e38091cc736fb4e410efe4c0a17d7.mdx	49469
war3mapImported\LichKingOriginalClip64-ce662be0c653a51db32283cbe5d8ee6a8d27fe0e281b59836fbb706fd760b30c.mdx	47496
war3mapImported\LichKingOriginalClip65-63688a9e700ffefe1a3fef8f72f08d370970f1d15a2d48a7317221a1f055e2fa.mdx	48866
war3mapImported\LichKingOriginalClip66-ae2fd7445065cb8cfa74d73d97471c0d9bae8ce1ac26bf550394492a6a510d8b.mdx	39804
war3mapImported\LichKingOriginalClip67-78a22fe46e4c77177e48cedf1f03863821bb2eeb21587e3b9825b8acffa4fa02.mdx	39818
war3mapImported\LichKingOriginalClip68-b150a6af99081624523e6110ed9c22cf23b2a5a012acbe701790afc23b774d02.mdx	38893
war3mapImported\LichKingOriginalClip69-c51786f532618faa46289643e66a76a9eadfd8e39e07f2adb74846f758e7b567.mdx	41597
war3mapImported\LichKingOriginalClip7-3a64a953ad2552ca7911e55c18ca2d41ce808b02187dbc19f8ca147cd3c59878.mdx	37789
war3mapImported\LichKingOriginalClip70-128ffc03a944ed8a6a1caa4d9a730c37cb3e27d8b54e032899d742683eb93960.mdx	43934
war3mapImported\LichKingOriginalClip71-4b38e0d4e9b4ed7b1dd957d49956b0a5d5e82fcaa9942f543b49a924e3bb521e.mdx	43775
war3mapImported\LichKingOriginalClip72-5b60dec6935957f62df922843d3fb889819db750db120c131c164a8ff6802584.mdx	53356
war3mapImported\LichKingOriginalClip73-b86331edd9f7634f487bae48c32c8468fc1f9aee49ed13b8c08a07a0bdda2f0b.mdx	53649
war3mapImported\LichKingOriginalClip74-6013678e31c15c208c1c8fd346da6ab628e3b5981ec7e6fcd7058afeb274569f.mdx	38004
war3mapImported\LichKingOriginalClip75-0fe5adce10e3edcab43bf963976bfec265f7f68149905992aa7130001394f4b0.mdx	38003
war3mapImported\LichKingOriginalClip76-e7f76055727ed4efdad3a033de03b260a9884d03f206bc7b27ee7fc8d4638e0c.mdx	38003
war3mapImported\LichKingOriginalClip77-9ef4c0aeefbd1c3536551d9a2f6f85f0d1768604fd0354b19a4a3693e956b0e7.mdx	38018
war3mapImported\LichKingOriginalClip78-07eefd0dc38ad1da37ef4ce4004e91bf8ed9c6b5a31b3d10a27904f319e01d8a.mdx	38001
war3mapImported\LichKingOriginalClip79-6b9b0508e00b8605474467914c541c19fa1da79810976700367e55b71a2de276.mdx	38013
war3mapImported\LichKingOriginalClip8-7daab54971534eaf05279b47f96d8514e8ddefb325bb024aab9d69a84aed6fe9.mdx	39586
war3mapImported\LichKingOriginalClip80-85e03565dd9c44e898a2b92b3c69f325be7bdc32cfe59abf16dc85ce4f36e373.mdx	38014
war3mapImported\LichKingOriginalClip81-906469f9e9b40776c1501a9835b841b1e263a21056c888a9ab339c6c27844f18.mdx	38016
war3mapImported\LichKingOriginalClip82-a1fd9e1fde14b041d54fc9754ce0316ce78f5d25fc9c5fdf4196a0aa7196a300.mdx	38010
war3mapImported\LichKingOriginalClip83-f1472357e1cdc7d49f49a4d094672ebd9059c00a8f1b2bc0ab55532ef24d4b69.mdx	38054
war3mapImported\LichKingOriginalClip84-39c1dc62c1524b2332e41961fe7e54dbdb137935670eb42493bfe80e850aeb44.mdx	37919
war3mapImported\LichKingOriginalClip85-18e5f797f6b8fbd5cbe589653e4c97a57a2c15720bdf1a0fe423e6bace93da88.mdx	37921
war3mapImported\LichKingOriginalClip86-e25af282045b3c8ae70824c3481c20ecc107134892d667769a1fe755b743e944.mdx	38014
war3mapImported\LichKingOriginalClip87-30d9d07caa9fa1a1bd87128c68076311c2ca9bb7402a0f4912de60396592019a.mdx	37980
war3mapImported\LichKingOriginalClip88-32e9f0f71038bcf5a30e2c5e43ee8a68981003efc0ca11c11e8bc41b9d34a3de.mdx	38186
war3mapImported\LichKingOriginalClip89-1c5819cef0b3726d5a1ffcf7bbaa6a3752e5584fe996eddedc4b2797c234820d.mdx	38252
war3mapImported\LichKingOriginalClip9-06204aee01b76fd480aa4e7c160bc01b72117844122dfdeb15ee69618320a8f1.mdx	39257
war3mapImported\LichKingOriginalClip90-438dbbc61f72f8d830b7d879f170ae85be498dfc3dff7fc3a6d0a2795a531be5.mdx	38226
war3mapImported\LichKingOriginalClip91-c9b19545acb47d99c5fd4b2b99ae855f5af058e2df7d63b49af3accc87033431.mdx	38277
war3mapImported\LichKingOriginalClip92-6d00b60415eaaf4ce951740eef5841eaedfecfe1661836ba1a2fd7f2f72634ae.mdx	38259
war3mapImported\LichKingOriginalClip93-b699f9196814fc0ebbc227586a180dc7254a46536da55382bc09aa761a02f838.mdx	38268
war3mapImported\LichKingOriginalClip94-4d8cc5c4ffa241b4240c0bc611c0c83e81279e5bde9ea99ba4efe1b751ba838d.mdx	38271
war3mapImported\LichKingOriginalClip95-68312898f1bb32e31bf86fa8dd1de967f0be323d69d105fa4108728365199c28.mdx	38267
war3mapImported\LichKingOriginalClip96-9bee7f0a78270a481ff2b9ba3c0ef8fd5f05620677d59f0f5b1674f5dd73b1db.mdx	50232
war3mapImported\LichKingWhite-df9bb39f789d9db1acf411e0c77bf427467b2d8d5e2177a92c070df8e90a99d5.mdx	563449
war3mapImported\LichOriginalClip0-bcac66fa8b3462fb225c265615115019dbbaf5bd0f90ac89f815d5a60a5bd08a.mdx	29788
war3mapImported\LichOriginalClip1-67c5ae7147c7261d2ab99355b10ea0d35e9bcaf57f21deb183e390c4853f3f86.mdx	29490
war3mapImported\LichOriginalClip10-b8dce4a2ec5d1761dcfaf62c43bde33826ae7f16ab283451980b09c1592b1bec.mdx	29645
war3mapImported\LichOriginalClip11-98e1d21d1f34737dbaa5b52c8185cf8d2b8d38d15187b526f456ecb09cdb1b98.mdx	29622
war3mapImported\LichOriginalClip12-fe7c9c8e2733957d42c7bfb0cbcf3cc62232ec6252eb07aae77e7028267cbf39.mdx	29433
war3mapImported\LichOriginalClip13-affbdcd9455e7d29a90b5e8b6023815b7176cd5ab182d4d81246c951d2a5cdb9.mdx	30101
war3mapImported\LichOriginalClip14-a8168955f051461094be72a4ddaf2d986a274f33abe598665072a7b1bc5e7997.mdx	30041
war3mapImported\LichOriginalClip15-358d38f7ec921645b700713222ae3d495c4b70381d040ce614ff3eb5d85e4580.mdx	30352
war3mapImported\LichOriginalClip16-20f3ae4472d8dc57e14e3cdc9dc1818988f619374f6edcb08262fa8eb147ad65.mdx	30367
war3mapImported\LichOriginalClip17-5c0dd9e6b59ea2d299c7622b5002f115c4467edb4cf991a2364f4923d91fd674.mdx	30243
war3mapImported\LichOriginalClip18-879abfd6e43838895c1a61cb30e65db1d8846ce545fceb7772c3300dfdff0c0b.mdx	30253
war3mapImported\LichOriginalClip19-49f436bb353e43c3a6ee52cf33e1dac355072c6d2fda049f33acdb3f8f615049.mdx	30122
war3mapImported\LichOriginalClip2-5e0b30bf3b8dc2c0930303a4f2a05a82c14d95a2c9058faf3ec8ab374a5b1415.mdx	33163
war3mapImported\LichOriginalClip20-a78efd958e14309a91424e944eea1049bed0484146ccc3bbd7feaaec3a118fa0.mdx	30133
war3mapImported\LichOriginalClip21-3415e3bedce1d1c2c0870fdde7396a3a528c4fb1e1253524fe7fd401cdf8792d.mdx	29763
war3mapImported\LichOriginalClip22-821f8edbc44d042556b51cdc21bba6356c4c942ff3a2027ea7a8aa170023b590.mdx	30122
war3mapImported\LichOriginalClip23-26685f20b484b75264a039cd00af2538ffd3ed19b71b0df264ac6245bf7e77a3.mdx	37176
war3mapImported\LichOriginalClip24-ce9e2f7d727d104470ed0385db7507a6203c2ba18bfab4882b8f729765e44983.mdx	29904
war3mapImported\LichOriginalClip25-ea9c08de02be0b4f230900d4e0757e99b6267ea0d56a1f5c7f4a57cd62d67021.mdx	30259
war3mapImported\LichOriginalClip26-044bc4fa6b47c1c2cce7741a76639a824e9657d56a0e087cc7cceea25de00456.mdx	36815
war3mapImported\LichOriginalClip27-60da1becfb929679e913736c9fce126b086334f04fbe129c4b103a50fd567f40.mdx	27138
war3mapImported\LichOriginalClip28-0684c29e3e4132c196a280f6d0734afc2b4e7c6954619b92b47c1f3ad5cfa7fa.mdx	27136
war3mapImported\LichOriginalClip29-64fe9fde467ca4e9d0e49994cdfa121a863e710689b8c845ddc9b5fb383e02bf.mdx	27135
war3mapImported\LichOriginalClip3-c5b9c052c45de5186ea4a5ddbb7943b6fd61bef49013418896604a93aaea6ab8.mdx	33177
war3mapImported\LichOriginalClip30-3ff6275079e01b5fe3cb34246c14af3a2fcd6871a2c19bd75563fe5a7b3d13c0.mdx	27135
war3mapImported\LichOriginalClip31-9ffddd935fab693c474f121c315f6aa6fc9aeba8167ecb4111308b262b7ef35b.mdx	27137
war3mapImported\LichOriginalClip32-d802151d0b9b5a500279818aa76f225f2145a7da461a4a082d074fbd627a6d86.mdx	27135
war3mapImported\LichOriginalClip33-eadf60930f45fe231c4ccd7c32f447b4a5858ce300d47079a8a8253edd3e57cf.mdx	27137
war3mapImported\LichOriginalClip34-2d33f81e618cae070d3eda1df4d14562b94a29c0a2808119a3596e24c0910a27.mdx	27138
war3mapImported\LichOriginalClip35-6727ff5139c5e50faa9ce60a9b86a38520f46536c31273498508cef12b6f9c96.mdx	27195
war3mapImported\LichOriginalClip36-cfd5e94b04ad10928da6ab0bf68b41d5b594adfa3d2bf8b8175e77ce8f728d1f.mdx	26946
war3mapImported\LichOriginalClip37-aab18f53985e501316edf854f0f83a75df03b9330f69181c8a7da19ae7a9608d.mdx	26806
war3mapImported\LichOriginalClip38-07d6f84ff42d7aa542570d976d94325226b9e98f8217545d2a23eb20bfe11d51.mdx	26805
war3mapImported\LichOriginalClip39-5ef1a62ea8aef6cc08737bd63edf17ac2b7f85749cd455d5e62b4f598c9aaab1.mdx	26983
war3mapImported\LichOriginalClip4-b7ea2e06a719319abd6b57026c02c3e2bbfbf8b69f166e28f1915507c4c7c5ca.mdx	33478
war3mapImported\LichOriginalClip40-46c6f208d87aacf0cae76af73a476b96fe9bbcd9d26d616e4bd5942b8bb82588.mdx	26821
war3mapImported\LichOriginalClip41-d4666cbd907459bb603df53e0afb34b5bedbb319fa7713d7ca4f89cef7b1bce3.mdx	27047
war3mapImported\LichOriginalClip42-ad862358fb601006bd62fddce3235c3930b7b1bf03475d0342070f383b4d2097.mdx	27038
war3mapImported\LichOriginalClip43-fb29653bd8afcc92d1fde9302060f91aa2e67f6355e3b592c619a7442693856d.mdx	27025
war3mapImported\LichOriginalClip44-391951132da2737fcfe297512ef52571bd92991381ff639f4418a957f9c0ccab.mdx	27019
war3mapImported\LichOriginalClip45-9234f3240862459ede1381aa8e6ed75da2052b08916a89d4c3021bbbc6f657da.mdx	27055
war3mapImported\LichOriginalClip46-481ef63afdea6eb9468493a9e0e760139dcf516c1940a5fff4b0cec4ad479fb1.mdx	27005
war3mapImported\LichOriginalClip47-712b43cb2d6c66a77fee48618abf1a13b2c2ebd92aadb1f1502d0d402d92234f.mdx	27066
war3mapImported\LichOriginalClip48-a7ec9f21633b8b966221bfeb535995c21cd7067668ed44b2b3e42c0ed6b57a53.mdx	26984
war3mapImported\LichOriginalClip49-0a7efc44c08e10e7dd6f71115c022703d88ee4b42cf562724edae712db0babbe.mdx	27121
war3mapImported\LichOriginalClip5-0226e41c0a20fb44761b9a616550bb1788fd81a293f7688bc0ab4b05821a2fa5.mdx	34800
war3mapImported\LichOriginalClip50-0ded32393c2f927194a4533a0ba037fdc99fc76d4a377676fbe216a8c21fc667.mdx	32556
war3mapImported\LichOriginalClip51-e1fba3caf3019545e60973d67778581d542a19fe60145f3409bb47658d8a31a7.mdx	34340
war3mapImported\LichOriginalClip52-3f2eae0cb8d0131151716b1480e7494dbd1b182dc5bb1963704e8a96b0dd7b2c.mdx	34935
war3mapImported\LichOriginalClip53-626d0d7fc99ab4507af75da93c5f9756076c57adb55ead915343b7fa5bfeb072.mdx	36239
war3mapImported\LichOriginalClip54-0fd829c9a63ca5e6c51a3e71979fed3351de964a81d80fd928d7e4cf318793ae.mdx	38121
war3mapImported\LichOriginalClip55-7754e4d0fb61c28b8c837ee8a10cd76d5c3da57cf0c6c53a0d66ff7a8a409c55.mdx	35469
war3mapImported\LichOriginalClip56-510f7b91deb693d424e5353315ad63f73e48c82edb17165250f37e024b0dcb4f.mdx	35184
war3mapImported\LichOriginalClip57-bfd0fdba77e351582239feb1e1345a496cdaee7c2516a53a060832538f0c5ef3.mdx	35086
war3mapImported\LichOriginalClip58-922ec9dda95cd999dcd9452474069d526507b93fe3af0b1b7f24d54212fc0d36.mdx	41210
war3mapImported\LichOriginalClip59-95e816ea0d89d5c359685c6ea640cad44899d940680b3d584f46b47ef665dd69.mdx	41653
war3mapImported\LichOriginalClip6-c13823c7e90924c7eb46f8fce5cac461b8043f5447d3239f8ffd66a897bb2384.mdx	36059
war3mapImported\LichOriginalClip60-c4fa7dfd8e900c778df61cfcb49e920d52919461730bd8fe4274b396263e3655.mdx	38426
war3mapImported\LichOriginalClip61-cf7ef96c69dd759f3b9d491a19e47e93c09983780c7f6280754042b172292419.mdx	36134
war3mapImported\LichOriginalClip62-1997f8472a934e92cc1810cd781700b6e36e30b8996fcabd0f719066237fef2e.mdx	37258
war3mapImported\LichOriginalClip63-ae6faf98dad0a4611d0ff6022ccc2cd12bdcc8b67d38f102813c53f57121ea5c.mdx	35440
war3mapImported\LichOriginalClip7-462dfb792daf2488a05391a6f1c7cd60d89878debffe3cfa049bf6c8a6de2ffa.mdx	36112
war3mapImported\LichOriginalClip8-254aeee5976c38b4755456e9f8c3af64c24f185d2c706cdeed3907cf528118ae.mdx	40814
war3mapImported\LichOriginalClip9-01f6d1e93bdd40b1451ac0af401ec6662572ea3acdc6ac520f7ff7738696c22c.mdx	26069
war3mapImported\LichWhite-0d90f03543217d6c87442e8d0c5edc777f34d0299d276465a1fe66cb13e5fb75.mdx	329162
war3mapImported\MatchHUD0.tga	10997
war3mapImported\MatchHUD1.tga	11016
war3mapImported\MatchHUD2.tga	11021
war3mapImported\MatchHUD3.tga	10994
war3mapImported\MountainKingOriginalClip0-5bfddec3f37cecced9da0469b625793c3b01658bc9195a04a69e9ac8082554be.mdx	22630
war3mapImported\MountainKingOriginalClip1-3ce5dc29102cfb614abf9731d11cf92706ccb53d4fe82276ec68cce3dcd5e3a3.mdx	22646
war3mapImported\MountainKingOriginalClip10-572021ae860eb8c26b7b2cc017611f0c78aeddbb6a2c5c064425371aae896709.mdx	24060
war3mapImported\MountainKingOriginalClip11-704b279baa3282aa526473a4c0b22fc459c4a35593e37c1219a9c2d72a9ca38d.mdx	21318
war3mapImported\MountainKingOriginalClip12-1974570e5e00fba78e8b985946db144cf1daafb70816a680eda613f75e157296.mdx	26060
war3mapImported\MountainKingOriginalClip13-bc33b87d1d7cd0624610afc6a279034eab004305d9b4caa3a30a38735a7a2244.mdx	22641
war3mapImported\MountainKingOriginalClip14-a4a243e539cab4e9de2d202d79de6a92d2be51832c958728dd194ddbed2e20ac.mdx	22645
war3mapImported\MountainKingOriginalClip15-e39e75a83d1aedb9f8299f96e576b22200486dec8f7f85f701541ea3f1d7e098.mdx	22966
war3mapImported\MountainKingOriginalClip16-7eca3754e41f4a01e42c3f646f0a31d8cb2c787a3783974f5f971cb6b9040263.mdx	28512
war3mapImported\MountainKingOriginalClip17-932e6660b4080502ade8b676f80a82c8e77127096d46772ff620a7a6efba4b73.mdx	30694
war3mapImported\MountainKingOriginalClip18-b1740fc519a9cf1efc5a68037ff6f5b148eac26a9eaace969b353435cbb1950a.mdx	27019
war3mapImported\MountainKingOriginalClip19-b1b6f0da9b2a211922aadaa27f2d9606187ad6b2ac515dc59ed043a08c5787af.mdx	25762
war3mapImported\MountainKingOriginalClip2-e0478f31df515dcbe6069c0ab9cb8bfcfec18dfa87b00c54a6e3a2cbb78cdccb.mdx	22950
war3mapImported\MountainKingOriginalClip20-2dd098b5cc57e41db5b06f7c5c57fbae2f0c0d53a4dc56e95b659a2e05044eb0.mdx	25844
war3mapImported\MountainKingOriginalClip21-e92d03f89fbd663ef90deb0ec9d9e4efb7ea2aa6c417a5d450f5cde7d919f620.mdx	28414
war3mapImported\MountainKingOriginalClip22-ac233d6cb437e9b27e603ff6920526e1dae523477803ffa1bc1fbe7dcf739879.mdx	26844
war3mapImported\MountainKingOriginalClip23-79baae5135203f28a63f7fe4c4577f644fae819534d3b8dfe72f1000b3af6cef.mdx	23995
war3mapImported\MountainKingOriginalClip24-98a438c655e61acf8237009d1f5fb5c7cc66714999dc0b41068a79f9d3bf817f.mdx	21317
war3mapImported\MountainKingOriginalClip25-ec78512397557c29541b1b53c14bce61185977ad2adaf2be692b43ba2c104eff.mdx	25937
war3mapImported\MountainKingOriginalClip26-49b4a60824e627d248f1bb2b1c7cddd201a1849081e63e3f09659361b04c66d2.mdx	22712
war3mapImported\MountainKingOriginalClip27-46bcd59c7e2265cc92823964771234d237b963d9aa43fcee1e2b41209ecc1293.mdx	22779
war3mapImported\MountainKingOriginalClip28-c3cc9d719882389a111597c5b570c76a8f5a92a381824eba25dbc03430a18859.mdx	22776
war3mapImported\MountainKingOriginalClip29-09abbcd79b5923a7cdd677ee31c6902ae76c1eaff514f2aa12799336390abd45.mdx	22655
war3mapImported\MountainKingOriginalClip3-fe10a94572e216c7f5c3a1b6f4a597d6a5035ab9e7d58ff96d5985a6ee1484a3.mdx	28456
war3mapImported\MountainKingOriginalClip30-f6b125944519ee10dca1f14808c3610a3b9f2557b8a8e53068dd8872aab6017c.mdx	23339
war3mapImported\MountainKingOriginalClip31-537fdcbf58a782cca7558477e4ead3b604e143d4371f3c332e897d9a95a8cc1f.mdx	23283
war3mapImported\MountainKingOriginalClip32-670df17967b56fbc09d8e89f9be430663ffee1505ea2179c03fd19342bc30482.mdx	23547
war3mapImported\MountainKingOriginalClip33-bd604ec440329e57bd7040c04fb6e15f74b921ef0acfb451522eee9a0f463f11.mdx	23574
war3mapImported\MountainKingOriginalClip34-4071882c457046a64aafebc271e15c714e4f7755a87446916e84135c4df29d33.mdx	23469
war3mapImported\MountainKingOriginalClip35-8603e98ee5768811cb9229c7d2e284ec109ef0494440ca9a2b584934b77a82c2.mdx	23500
war3mapImported\MountainKingOriginalClip36-328ceec3ac109574dbf9c280fee143008e842fdc905bef7f922f23cbfd660307.mdx	23381
war3mapImported\MountainKingOriginalClip37-7dae6861d10c1e7c4bfc745662e67dc4c1472ccc322eb115683fbf7c77a65def.mdx	23404
war3mapImported\MountainKingOriginalClip38-017af227fa4a873ce0c98dcbc1838015688945307915de926e1fdd9f5b68cfe4.mdx	22993
war3mapImported\MountainKingOriginalClip39-7f4c46737091224f8039e0517264f0cfc96fa85963575578ae991dd65594e961.mdx	23390
war3mapImported\MountainKingOriginalClip4-988637877225be4b0f90a285c0c5adb3630e0774a4982779c9d3b502338febae.mdx	30618
war3mapImported\MountainKingOriginalClip40-4ed64c787d46c832847089b6540b1be649c8f50a59ab5007d24dac90e904a7f2.mdx	28142
war3mapImported\MountainKingOriginalClip41-a982427b68388a5f2c78a6868d4054850a31bc7375c522405038a6d3589a08ed.mdx	23160
war3mapImported\MountainKingOriginalClip42-bef1c11fc26abee876358c0b2c06b329f6744c40adadda76a8b5c1c5c7588f56.mdx	23460
war3mapImported\MountainKingOriginalClip43-05594ee953667a9e1c74f4c66a640842be567cef1f350819d49d083df79c1ec5.mdx	27785
war3mapImported\MountainKingOriginalClip44-fec5a51ea8d89872491aee67d03728bfe0c255f45ef56c9ac12ab7031dd4eb27.mdx	22271
war3mapImported\MountainKingOriginalClip45-4e6415efc47ce8616fbdfa3d2baccdcd6abb7163eec19a44e1507b59e841e2e0.mdx	22270
war3mapImported\MountainKingOriginalClip46-73aa4580d156a8f6fc996f02244e0bfa6ea3da5c8de698ce3443f79320182d73.mdx	22267
war3mapImported\MountainKingOriginalClip47-18e100a6ee48de29cfcc9e8dd4c25665bb071b15d56abe2ba3b348e1ffd056e4.mdx	22276
war3mapImported\MountainKingOriginalClip48-4ed04170a9a8c66314ee780f7358938855a9feecc856542a427daf38d9d345bd.mdx	22267
war3mapImported\MountainKingOriginalClip49-0385c2b16f99aab9ca031b945a672e87c1abb5a1c15487ed6f08eab33fa852ad.mdx	22270
war3mapImported\MountainKingOriginalClip5-6e0bc294eaf09e993fbaf882ce4aaef0c9b10cdd1165865e69ce2ee6f48347d8.mdx	26952
war3mapImported\MountainKingOriginalClip50-cc7eeba13480335a898cec0f35e6cc2768b15d1209584b2820897a90d7591c08.mdx	22261
war3mapImported\MountainKingOriginalClip51-85435021e4e72aaeb88011adaf36fc49b8c6a51942fa3fc878fcd879680949d7.mdx	22242
war3mapImported\MountainKingOriginalClip52-643aaac7eb5581f0a36e1eccc7e3807d0c2f34d529e35fed7bccbdc747999c17.mdx	22242
war3mapImported\MountainKingOriginalClip53-26b8ce8755c500f9d3f6edb6f5e0b78edf1e665fec49843759701b231d7ea9df.mdx	21854
war3mapImported\MountainKingOriginalClip54-c511d1a0caaf7596e6e904104bd7c7b7025ed6aa8f1394393a859627e8662cbb.mdx	21687
war3mapImported\MountainKingOriginalClip55-8569a27f0b560c7d78d3eb46396468264c3cf26f149d3e3b06c34720723ba250.mdx	21684
war3mapImported\MountainKingOriginalClip56-7d20dcb2a9d4b906a5cca18fcd3c76b73a855ed49fc08c36c0dffb446b0e2baa.mdx	21785
war3mapImported\MountainKingOriginalClip57-ef68aa4193f2a2249fc0e045b84bb8e271e990e00dd8bcd61136714d886ffbbd.mdx	21765
war3mapImported\MountainKingOriginalClip58-b29aa7c6173fc7c7112135f0659c844fca1c691c18166d3c75208b403d0be399.mdx	21998
war3mapImported\MountainKingOriginalClip59-dc52173856580b851d423dd18e33175fe6c9789acb01fd871bfe6f3fc727f4ad.mdx	21991
war3mapImported\MountainKingOriginalClip6-e8dc25b55e1c6c526ef443454df18ccfa0b1fe0dafd88160b80811d67aa06408.mdx	25764
war3mapImported\MountainKingOriginalClip60-d20fe790d444cd2e665789f12d6a6fb9e55584161da5d95580dff95765691b1b.mdx	22003
war3mapImported\MountainKingOriginalClip61-0b8614af7fb77b3e3b3e53cf4751ead00c868b13cd852ad12126c5d05e6f31e9.mdx	22102
war3mapImported\MountainKingOriginalClip62-bd26a1b25afa630fbd1b3585f348df30db4a38b1c90b338e1a6be33bcdb756ab.mdx	22054
war3mapImported\MountainKingOriginalClip63-914d4df15c4d08330f8550662a619634607d08bc59faf77c70d7858257f61cab.mdx	22058
war3mapImported\MountainKingOriginalClip64-6540a81a74fea47a610ac785ef24a4ddafcf4f58075c7e656c4de1e26bccb2d2.mdx	22063
war3mapImported\MountainKingOriginalClip65-9a4a63676fce955babe5bcfb69c6eaac6399135b9a4e44b12d623cb6e214127f.mdx	22068
war3mapImported\MountainKingOriginalClip66-381f206c2e6b4ef60f23814d77ef373177ba00107b5df9003bde5c20572491c7.mdx	21898
war3mapImported\MountainKingOriginalClip67-f9ad7ca8aeb311ccc5012611004f5d7bef228bffbfa25cd10218222e39817238.mdx	28953
war3mapImported\MountainKingOriginalClip68-ab43922cfffc3f44613d2cc064df931fc02bd8a2ef118511089730d71d10bea4.mdx	30535
war3mapImported\MountainKingOriginalClip69-2c4fe28adb28dc2d4efc16d12a0bb880fb53c28481430f7b234c861d5d6b6fed.mdx	32410
war3mapImported\MountainKingOriginalClip7-37a91d2ea5f37b3bb65651526de481fd2107bcfe38193a894d37eafe234ae8cc.mdx	25859
war3mapImported\MountainKingOriginalClip70-0acb2d3f482c476a54d623d9d1d5b64c76b30e54f87b0624a1577915ee2c6bf3.mdx	39313
war3mapImported\MountainKingOriginalClip71-b751df25c848236d4bde75f1355f6d948fb09003f874bfed1da421f6858feda4.mdx	33543
war3mapImported\MountainKingOriginalClip72-3c374940949508f3f0a9184fb160ff50e07260156a4423c994621f9c092dae97.mdx	32504
war3mapImported\MountainKingOriginalClip73-e90820b50bd29bfb4388fe39432862f10096ce427aca9372159f672a6499816e.mdx	34413
war3mapImported\MountainKingOriginalClip74-26458b1053db2f8150e7e6239c97ddd80d759308d1adb1a6a2b1081de1cf8c53.mdx	34783
war3mapImported\MountainKingOriginalClip75-a9e87fad77717e3685e06f950adcc31b9038a7c91cc42a8963f4f2621197c037.mdx	38157
war3mapImported\MountainKingOriginalClip8-5196e701a2f8239995fe4a41d98d0c55cb3fe83585f7ad6d7fa39d9be4813078.mdx	28381
war3mapImported\MountainKingOriginalClip9-78de7f5e20b3f8b8e2f154629108e4215a8df798c307bcbcff3d1549b0fc0362.mdx	26842
war3mapImported\MountainKingWhite-ba7b1175ed1f3cac417104e2fcee6309055cf316970edecad8843f6660eebd26.mdx	331366
war3mapImported\OpponentSettings.fdf	602
war3mapImported\OpponentSettings.toc	48
war3mapImported\PeonOriginalClip0-ef2fd8adddcf90b309fbb7ee78d7ec187843ee2edeed9c9b3e04d71650193c6e.mdx	13644
war3mapImported\PeonOriginalClip1-c5f11c8b9fcceab18065f7fa8eeee3e5f8d343e74c9d964432ba8c4d9108478d.mdx	15956
war3mapImported\PeonOriginalClip10-7b0d4e38a625cb03e2a3ffbea29a79b159cef235e3bf9a3b55e745dd13023bb6.mdx	13466
war3mapImported\PeonOriginalClip11-96dd6f1bd1edd93b8c20ac729af7d47bb160e555b8d0ca48a3858fded3b535d3.mdx	13398
war3mapImported\PeonOriginalClip12-3c420c5f6c6073fadc47537934d0774136a168f31363fbe27e7005634aac6f1c.mdx	14485
war3mapImported\PeonOriginalClip13-db8ae6fc417e610b8231fc103ec31160b14fce83d5ef0f1f6c59042bbd2b1b79.mdx	14820
war3mapImported\PeonOriginalClip14-829440393cc51e25318acf910ccaa3337f39a11ec8510658b4d2d183e8ea5746.mdx	14905
war3mapImported\PeonOriginalClip15-6fb8c61c953010e06ff9624245d17681d6bc0febbacabf973e2cb4ffee8d9dc1.mdx	15222
war3mapImported\PeonOriginalClip16-488915379297fc68959328d6e048545cdf055cadab683f2504722d24d070f811.mdx	15984
war3mapImported\PeonOriginalClip17-98c62b7bb788f6dc7490ab66f021b16b6a2836d0072dd1afa3e8b950326d4ff4.mdx	15546
war3mapImported\PeonOriginalClip18-22419bdce863e6b5d9cb23e25a9c6bd6e1af36f3583a2dc95fe01c4d34c6d465.mdx	14724
war3mapImported\PeonOriginalClip19-d33f24484df54303a3b3bc523fe200b0307bc0c5762c9e31db14ca21e912d464.mdx	14590
war3mapImported\PeonOriginalClip2-15b330b78504b9298392f06f56c7f5effda9446648c47bfc008b3db727c3bf07.mdx	15755
war3mapImported\PeonOriginalClip20-440f00511886f35e946492a09becc05a87c422cf2d2ab41c0e5f40708ded1d76.mdx	13477
war3mapImported\PeonOriginalClip21-e2c335825d376d9a4383b3faf8a2d51748129b02ff27891e7c61824ddb56503c.mdx	13083
war3mapImported\PeonOriginalClip22-d1b40ec59d639720c63605499508216c33bb7c0045f41f7d85de89c1a2ae7ebb.mdx	15698
war3mapImported\PeonOriginalClip23-2b9c8cf8d7eb7b9351cec0a9c0a32ee0b7927e401d18525b081af8c9fa00b903.mdx	16286
war3mapImported\PeonOriginalClip24-5076c3ca63dfe0030a50a8c2f4e02265e8faf2458aae7ccf54cee66b973020b6.mdx	16784
war3mapImported\PeonOriginalClip25-59cee87785e481a768f596a3fe79e1fb6ec206f7b8e594bc31a564387e7f433e.mdx	16663
war3mapImported\PeonOriginalClip26-581b9555ae35502132ce7cfc0b2e4940773c0dc0b18b6869b19048a079758536.mdx	16328
war3mapImported\PeonOriginalClip27-e1d0a513dbc75ebb1d99db68ff9738a852ccae114aa40144f94aa4524c392e5e.mdx	16358
war3mapImported\PeonOriginalClip28-c29b0fcdb8db040d233f6bf7e4fddbaa2fc673dc8c91263beff0bc251e3a0eb3.mdx	16625
war3mapImported\PeonOriginalClip29-534a71dc1cc5ae602e6c65606cd6a6c6246f72a5cbf0ef34ad9e5a9ed568c48a.mdx	18038
war3mapImported\PeonOriginalClip3-a5f9975a97ea28d3f6b7f1c70f5727686f0d5ef37d253f14c2bf09544ee54392.mdx	15518
war3mapImported\PeonOriginalClip30-bc7d0fefe46e8089ad2fe198f1d780e0ff5e08c34ce8c95c8f168c507dd3e098.mdx	23657
war3mapImported\PeonOriginalClip31-abf94da2018c0a1857046e662e53a8221f001597f294a0b3ac3a4cb2dc197018.mdx	19019
war3mapImported\PeonOriginalClip32-db3c2b7bc9d2d89a255637f49d602fa960aba3bd9388586a0d9f3268f75a9fbe.mdx	20769
war3mapImported\PeonOriginalClip33-a65347fb74919044cacf3fa2051af955e6ae46674e75e494019924b48c825dd4.mdx	18015
war3mapImported\PeonOriginalClip34-acbcb2ae378b00629636668b4a93e945fdd9bbba9b97ebc3d54a1bb93d4a8c6b.mdx	18489
war3mapImported\PeonOriginalClip35-89969796f61257daf3eddab69fb1c131223d8600071306e2a99a0a4fa61cc245.mdx	17139
war3mapImported\PeonOriginalClip36-ebf09a884b25c2fce4ec7c49d4f13e6bbec5014d23783c4e37b0d67a30885395.mdx	17450
war3mapImported\PeonOriginalClip37-5b05ba3ecdf42f7fb9b67278f8de7793ad45ff324af1b6934de239fddc32ef67.mdx	20323
war3mapImported\PeonOriginalClip38-24a4ad8bc45a624b79fd1311b8236270c7afa01e2aa01630ac01325d516c4746.mdx	18591
war3mapImported\PeonOriginalClip39-5eaf60e9d0e52b35f83c515e54b820ea8a7a6808b009e9bf9fc17eacf5139f2a.mdx	20371
war3mapImported\PeonOriginalClip4-1d84b468e4edbf9ef4f9bb8d1ca08194c99c9f07caa86a83d8b15fa2a0b44722.mdx	15888
war3mapImported\PeonOriginalClip40-6add7fc548dca9e73e4da7782be7301d7bb87e59af9c517c876fd70ae746270d.mdx	18045
war3mapImported\PeonOriginalClip41-cc2c78dda7a9ead8581ac265df1fdd45afb25c49b9402a727f0804fec50da8ee.mdx	19928
war3mapImported\PeonOriginalClip42-0f5d0533a87e7af321b06ca8cce699aa5f4b45c523ead7d547b2dc173af1db7a.mdx	14231
war3mapImported\PeonOriginalClip43-b445c6616005b0273c1453d1f109374f71b67c6bf64de5f1714ff6c9a5413f2d.mdx	14234
war3mapImported\PeonOriginalClip44-28856f8390088bef3d628f49df308f39b3cb40d1f80551934e0f7c3410341922.mdx	13534
war3mapImported\PeonOriginalClip45-40511d06c7dd360022501e19aa2e66df3630e9439320fbf73b70c7e0e4e7dca6.mdx	16914
war3mapImported\PeonOriginalClip46-7f649cbfacbe63153d6498f0113ba4e35181fdc432b98023a84cc636bb5ca4c0.mdx	17322
war3mapImported\PeonOriginalClip47-261219d3fcca2617ab481c4925b825a7d5ab70910c6b899dccb556db8f752585.mdx	14967
war3mapImported\PeonOriginalClip48-46518dabe7151a33a39348112a4ceab683e348b51ef070c4e1dd8267a5d1340b.mdx	13043
war3mapImported\PeonOriginalClip49-9691ba2cd7ac1f64914d44df5d6c08d46336845eb9b47e4d9031fc30e4cd58da.mdx	13039
war3mapImported\PeonOriginalClip5-755bf97eaf302515439780d3cc48b124ed4a72001c6390fdba6f39cba01bfffd.mdx	14769
war3mapImported\PeonOriginalClip50-0d3ace98a2c872f77e7d14d6d335563e86a4327fecc9cfdd58639e16467079f7.mdx	19532
war3mapImported\PeonOriginalClip51-740e4172d2c2cef5246d6a17ca9fe7123ea040b5f3b719c62b1bbb29e60f0930.mdx	17030
war3mapImported\PeonOriginalClip52-6910d586b59687c12ad2f47c0dc5b59f73ff25b0813c607e82dd207dcdb815e2.mdx	18099
war3mapImported\PeonOriginalClip53-2dc1191f45008643924fb0631e1fdfd3450b8d456a58b0e884f502e2619c6ab7.mdx	18117
war3mapImported\PeonOriginalClip54-be357f857eb30d3b272ee0fc2a8f76c2cb50ecbe6fe9029e86eb5b06cb8ca007.mdx	19619
war3mapImported\PeonOriginalClip55-161a99df1e49e568e44e58494f79e5ca16549908b9a7a8506ba675a46c6fdeb9.mdx	19610
war3mapImported\PeonOriginalClip56-48d16740b53efc088a275113c8c7dde0afd01e0e6555d967afce30c1475ef698.mdx	18803
war3mapImported\PeonOriginalClip57-bf9492a8582b643db1ca67662aaad7f843ff446854e2556471b6533f7e408b79.mdx	18850
war3mapImported\PeonOriginalClip58-d370bc55a75a054883228e3db6ada68a695c91669cfe4e4ef8b7c3a0b7d6cd84.mdx	18978
war3mapImported\PeonOriginalClip59-8c80b18d5735216c172750d63202db8de52413251df938de08a0d7853fdabf98.mdx	15548
war3mapImported\PeonOriginalClip6-373daa585b9edab165075734e8f372e8c4f9479218140a067f066da7233ceadd.mdx	15379
war3mapImported\PeonOriginalClip60-b23c9754d15403f5db9b284d638a969ad9cf1a204326ddfcfb998ac3b2d36014.mdx	13031
war3mapImported\PeonOriginalClip61-917a4084351118adbb4894ffd4bd5f53e38f85f05b68b5f322c94db64f864c5e.mdx	17487
war3mapImported\PeonOriginalClip62-7fe598b480bafd19a4be9b1f93272fb134066f2b62e9b7f3c23702ad4776188a.mdx	20800
war3mapImported\PeonOriginalClip63-f0a7d6edf6ecd0fed1109cd1cf5b81c643b8e6fad933acbc10320595ae9107ab.mdx	13037
war3mapImported\PeonOriginalClip64-32d078a1571a750e36d862909bf67a7ad0184d3c33b511d92699ff780c15a703.mdx	16989
war3mapImported\PeonOriginalClip65-b6c086176c80b33052d673254b2fe1e22c7db58f16a7ab54bd5c516e14bb279b.mdx	19130
war3mapImported\PeonOriginalClip66-13a1e48e3c2c0bf24ae1d0fc9c9d934e07670390c19e3dfce131c7c8e4a9d863.mdx	20123
war3mapImported\PeonOriginalClip67-2036cba0351aaac54b93bc6d4667cae16b312dd78fc1a9e3be53dc6fd6b54375.mdx	13043
war3mapImported\PeonOriginalClip68-a2bf4b75fe2290b002eb5395a70c827f91d7332ea590632afc5307b8c23fafea.mdx	13042
war3mapImported\PeonOriginalClip69-4bec4c9d98b68ad73683ecd9aca16fa99cf646ad5aace04c0c99044d8b0555e2.mdx	18540
war3mapImported\PeonOriginalClip7-9039877c8fd2dd76caabcc666cf70198d6f6d086033ecfcd9a2582141156c111.mdx	14493
war3mapImported\PeonOriginalClip70-02e9e76ad8a3701be2f04d4a94d5e99b31eabd4edf4fc2f81e9277ad044cf87b.mdx	18603
war3mapImported\PeonOriginalClip71-60458b534b48ca0b725a968bed4590914c0547bb55786413f884ae50275b07de.mdx	22934
war3mapImported\PeonOriginalClip72-fc3fc90a63438aced171a8cea92ef0754487b1b16ce840ff5fd6b3bccf2f3373.mdx	23199
war3mapImported\PeonOriginalClip73-72be45d3fa00030cfda665e76d84bfaaa919b10c9822df068c188e850fe445a0.mdx	23537
war3mapImported\PeonOriginalClip74-fe8b4a349b8ca87f1552ff91532a7ee7b61485b989fb330881afe5e09c233681.mdx	24565
war3mapImported\PeonOriginalClip75-9cbefc815d0fc7f112e31e2c15932a93b281720e989184e8552a103c5ff0750f.mdx	23461
war3mapImported\PeonOriginalClip76-7fdd8b022133a0187310d510e3e59e97337c58b9ef44228aae9117aed5fa1b08.mdx	24436
war3mapImported\PeonOriginalClip77-796cf07a86a07ae2336f3fbdfbae6ac1b4c261c91e418d827f53d8d88429d4fb.mdx	24432
war3mapImported\PeonOriginalClip78-647c2721aba8bbd2045ec04ceac85f9ad2985fb89a82c5c5597b87dcbb821c0d.mdx	24411
war3mapImported\PeonOriginalClip79-04bf4a39bfaf6d2ca3ce43f723b3e1fdfc64e5e374f64bf584b6565ce26036e5.mdx	18254
war3mapImported\PeonOriginalClip8-e3ff40267a7a7cd9199bd7b1d17bd1692469ab558ce68c924f4b4e6b6b62b35b.mdx	17218
war3mapImported\PeonOriginalClip80-8d6aa86938236c1ffcaac475e8ba87c83938c3c706d02e2b38864bf987ae68e4.mdx	18286
war3mapImported\PeonOriginalClip81-a461119fa1b5ea246b9f9bd126dd16a11076e6c622c9844a09f7eebf7085d761.mdx	18303
war3mapImported\PeonOriginalClip82-9735c0f7d1a427f2c99695d9cb06dcd406195f5e53f2ba06968ab82982f60589.mdx	18254
war3mapImported\PeonOriginalClip83-c7289de4616dcc1e78342e331f56a0bf4c647df478fe72e3a3314284a1f7bb0f.mdx	18263
war3mapImported\PeonOriginalClip84-e4b10ba84036667bf902571c523595c8cf70a61892fe7fc7ebe8fa3ec2d216e0.mdx	18284
war3mapImported\PeonOriginalClip85-f3e78cd7051f87b3268c698bc0baa02e332fa3a01de0e64411d52d870140654c.mdx	18258
war3mapImported\PeonOriginalClip86-1ba885c34d4e448aba32a2f00051dea81017a449f2adc40ccb85af9de6879af0.mdx	18270
war3mapImported\PeonOriginalClip87-9d5ff037fab2dc9b48ef920fd086befa68858781e72f89b0148c47f1053c9057.mdx	18273
war3mapImported\PeonOriginalClip9-d7ede8a95befb663182e068ccb306a92512d6031ab7a5f07b7e07e6af887c6eb.mdx	13480
war3mapImported\PeonWhite-e694edc1cde755471e9bac4ccc8e3b4b55df7116efcaa5600f52fbb95a17643f.mdx	388961
war3mapImported\PitLordOriginalClip0-c863865be5d48afc4c145f54b9eebe55aa48d5de27d8ef79a5d763de28cc9d9e.mdx	44073
war3mapImported\PitLordOriginalClip1-2dfc10c62a690dc29cf4c36befb327dab3286d22556f0609098c20a514a7cb93.mdx	36771
war3mapImported\PitLordOriginalClip10-d6f0835bd056d55af34798c69000c6d1ddb3f67e488bd201ea8756f07d93090d.mdx	24877
war3mapImported\PitLordOriginalClip11-72d9c85db490cad0d1123e55a456505546f6ab2671a6cffdd874ef1f662e2b52.mdx	24806
war3mapImported\PitLordOriginalClip12-424104001303aecaf043b2bf2bba42ea42881d13d348b66b75281e0db9e8bda1.mdx	30785
war3mapImported\PitLordOriginalClip13-ad60208098cee6474d7843f1f0c97e0b508256580fd2b01f554a82235d00cae0.mdx	41255
war3mapImported\PitLordOriginalClip14-618d330a6bc0503bcf36272f9d5726688f08054d01fe519e0f5eaac0289b8655.mdx	35315
war3mapImported\PitLordOriginalClip15-775aa86860fd9a77eb2ce176dfdd3f74abf61a3c6e4e0fa48303c0c60c1908a0.mdx	41198
war3mapImported\PitLordOriginalClip16-68568a44fd31d907e02cb6f3a15b74c304f9986865af060e13c188a0c06a0455.mdx	41282
war3mapImported\PitLordOriginalClip17-4ec137f84a4f7b194cb6b32d17166d12aac2eeae9397d3848372009331b59c45.mdx	43971
war3mapImported\PitLordOriginalClip18-a051d82e8bfa6a1cf9deafd79a066b8e0038fd9c90f85b2d71efd52db3018267.mdx	43955
war3mapImported\PitLordOriginalClip19-d5d09a616b8b669bf8546603a257a6ad1f96ba3094ff5571e6dfe2f7489b6452.mdx	43800
war3mapImported\PitLordOriginalClip2-ba3e7da132c094211060baec4897dc1d87030de7ad157983a851ff17142ea800.mdx	31593
war3mapImported\PitLordOriginalClip20-cb779ef8a4c7100ed5ee1fc0cdc37d94f3f598825cf7f80e5c30100e221d5e9a.mdx	44699
war3mapImported\PitLordOriginalClip21-c6d21d9dd7f533ecbf86e07e7691a1b5f8a76c252cb1e6b580ff3b9cd6df6aed.mdx	44535
war3mapImported\PitLordOriginalClip22-2acf8bbd182b5ea415afaeceae0b141ab379ac640ec40afc399b98d6ce3fbcca.mdx	44872
war3mapImported\PitLordOriginalClip23-3bf1389f07cec3222dc9bdaf7bfda94482305c65df70b3044a9a4c9da6906a54.mdx	44895
war3mapImported\PitLordOriginalClip24-7acea68e3f71a88cf6f6988b4f509b4a60ce33be6a5b5ebabf5f57ce664483e4.mdx	44770
war3mapImported\PitLordOriginalClip25-662fcde8ea0fed7e69c8ff0223532c1126ca1831dcc7ad6e0542592a09887d42.mdx	44779
war3mapImported\PitLordOriginalClip26-753a61b09619a6f5cafca66a3a4a8d879ffab0c92d4ce3d13dbaaea866979d33.mdx	44623
war3mapImported\PitLordOriginalClip27-b4cb7e1e7c54ff31f118eaa0cbc9d219bf096059c71a914e98a95ceafb67a151.mdx	44619
war3mapImported\PitLordOriginalClip28-1ff16e26aef4b2b02b810f871226e06695faf862d586c969eb363a89612ba98c.mdx	44243
war3mapImported\PitLordOriginalClip29-dd9c4bc8d041a049a7977c7c7c384a5fef3528a5bfd1f9bff493c730be3f0bc8.mdx	44624
war3mapImported\PitLordOriginalClip3-d3f511a6e12d212fe8f4564fab0bbc038b51477d7ed8f4a946e08d6a079c0410.mdx	37010
war3mapImported\PitLordOriginalClip30-1e184e7542e47b7c42e60e77245db648029d549464b4af17f48ece4404b6c751.mdx	40211
war3mapImported\PitLordOriginalClip31-74ba0b16a0364b350962e8faca40c2ff503f7794686474830aa2608a237081d8.mdx	44388
war3mapImported\PitLordOriginalClip32-d6308213ea4093f949d100f9a7d844cc58e7fba00f4d00dd4c9436d7cf1bf7b4.mdx	44807
war3mapImported\PitLordOriginalClip33-36e4f6299154626ea929f30cdb21e267b7fb27fb8a8678f0a5b9bb7faf75defa.mdx	39840
war3mapImported\PitLordOriginalClip34-08b908052e6df292121ad6e0b3a04d743b4d9ad53908823e2bfc78ed15f45918.mdx	25820
war3mapImported\PitLordOriginalClip35-9e12ee5090560c5990ebe7742966ec931c51a7668641ba231b4f22da221a0d25.mdx	25821
war3mapImported\PitLordOriginalClip36-51154a6cef3657dbb05b83bafbec2f25505aa31beb125d36ff86d254fe02d77b.mdx	25818
war3mapImported\PitLordOriginalClip37-8784be08bc4242dc38af4bfdedb76b7fd2a7b015e0f759a3b66ab5ca5d94d442.mdx	25887
war3mapImported\PitLordOriginalClip38-cd28cd3bcc6932a235e8d9c474930b17f71a642fb645df1d917592dc9a2e66f1.mdx	25889
war3mapImported\PitLordOriginalClip39-19024d57a9e4e32e112f89e7a6c3eaf2269b323e4759ab7ef3c159478ec3a6a4.mdx	25895
war3mapImported\PitLordOriginalClip4-76ffe78d0ecc9d40e58d4c2a7450a54a14e54431d86b37064b4b3b169c0e03bc.mdx	32592
war3mapImported\PitLordOriginalClip40-fbea65eea32b08f2496342a8b4b5ea28ab0da1efbccb3551ad5435e9299d51db.mdx	25896
war3mapImported\PitLordOriginalClip41-08d769bcc7b540c05132dfd01eb5dca4ad1dbb89df0e4cecedb9229023e4dd08.mdx	25891
war3mapImported\PitLordOriginalClip42-ed96d6e39680612026a462ae4a4a0348433ca5a7e56d7e0f0b58e2f1809049c7.mdx	25885
war3mapImported\PitLordOriginalClip43-d0b82c2f7581529bc26d8a8a0bfa6d0e217cb2074771fcad1cbfc72a80f1e4e0.mdx	25786
war3mapImported\PitLordOriginalClip44-e7456d2933f1d956252ad892bd10bc5bbc8a0ffca390251d39cbc28afc7d6d5f.mdx	25692
war3mapImported\PitLordOriginalClip45-74fe122c91d7f15a14da210122be1428f4ad7cb604bc44c7fb4e64ce8014de99.mdx	25690
war3mapImported\PitLordOriginalClip46-b228ae516099ab80e60ffac0746476a6891f863a6386570792267dbfb16caa8a.mdx	25795
war3mapImported\PitLordOriginalClip47-05aca64caed16f717748760e4d241aa70f7bf24a5dc027b19600053ad0483aad.mdx	25783
war3mapImported\PitLordOriginalClip48-f46d950db8330183d780d6365e5bb1983ebcbfe3b63f6657de1f4ff98efda3d5.mdx	25920
war3mapImported\PitLordOriginalClip49-c399f34f4480d699e4c78a7b76274e9d2f0dc43eff1fb53a1961263dd1edca80.mdx	25932
war3mapImported\PitLordOriginalClip5-b40b8fe4db63e73ed109df23dcb2b51536b274cc33fa00a228830d6ebf20c29f.mdx	41342
war3mapImported\PitLordOriginalClip50-92ba749bb839fe4a889d2c7488c6b0d75f59796efb94571bb17725f5ef25aa7e.mdx	25995
war3mapImported\PitLordOriginalClip51-b343f1ac1aaeec3fef611f2b3f6373b7c4b1662670bcc34c906f1f7f328874ab.mdx	25959
war3mapImported\PitLordOriginalClip52-b08613057e9e114827c90738c77ff18037844a230266442c3e10631141be5d90.mdx	25973
war3mapImported\PitLordOriginalClip53-ad36771e34a87cfc7e2590387c23f3c4d32c501874383c9912370f821ca226a0.mdx	26033
war3mapImported\PitLordOriginalClip54-6f5c44f15868eb1037a09d9047aacadb2060c9b3a85727b42774408c8c356504.mdx	26002
war3mapImported\PitLordOriginalClip55-5dbbca1c062f60db90ee6e4ae1549591983f399c82e2599bfafa2cd184501d82.mdx	25967
war3mapImported\PitLordOriginalClip56-446c242a7d21fc4c84e6c03f753e3c74b831145714622cda5e1a976e6195b2df.mdx	26123
war3mapImported\PitLordOriginalClip57-3bb0a0b1565bc75628540800a83ac505719914043b929fcb52bab77705d51555.mdx	26374
war3mapImported\PitLordOriginalClip58-5db2f81f89696833fe03c12001395e94c13b0636cc75e7cfc40b30a5dc9f5c99.mdx	26513
war3mapImported\PitLordOriginalClip59-1a07aef3e431c0302815853ab5d59423889dbf400e8839e976d5374f9c6eb6e9.mdx	26596
war3mapImported\PitLordOriginalClip6-0fe4e1c025180b270d5c14ae8e0759003178384073032d73def4252886faa787.mdx	43812
war3mapImported\PitLordOriginalClip60-632bf8e556f7d22c6dc43aab9cd9ba6a1ffbd06e7e6993a7337bd4b7b8f624eb.mdx	26345
war3mapImported\PitLordOriginalClip61-df88d489e5d9cdc62dea651dbc73bfd048a85ffadc60df3cd034695bf23ebb06.mdx	53285
war3mapImported\PitLordOriginalClip62-d88e6bef17942d54f2b8bdb701a7919849d0578b444d7dccf8bb3091d708bc54.mdx	57278
war3mapImported\PitLordOriginalClip63-a1230079097d240aa197af7a9536d9b76e3aee796f1c30001140c6f57c829fd6.mdx	48263
war3mapImported\PitLordOriginalClip64-5504c8247c60bd0b91a2c611863889619e21ae5027054caac8ca9fff6064d2e7.mdx	51053
war3mapImported\PitLordOriginalClip7-3c5ebf0eb4d6d4610d353ab041049c62cb5febe95304966f7a758a4e05435863.mdx	39086
war3mapImported\PitLordOriginalClip8-7c11e9e95b06ba7c96cc0e4281e57a2584a694385a29d4162790fe5339f2b1b4.mdx	46698
war3mapImported\PitLordOriginalClip9-6828e4ef5f206240e21a016e648f9996bccfaed567bda55db85ab27c0a220ea8.mdx	34061
war3mapImported\PitLordWhite-52cb466d1ea4676eec19e954331c3244ffb579a7b73fae08cee459d2995327e0.mdx	558153
war3mapImported\RiflemanFighter-9f110074e8b9fed718a9b7148dfdf5cf6a3d7a8a0652e6b7103993b7860cc5a5.mdx	3249049
war3mapImported\RiflemanFighter-f9912ada2ddd7a81cad9a98936f5facc5b42a31627b0f064eacafa3b6588c932.mdx	2927841
war3mapImported\RiflemanName.tga	17043
war3mapImported\RiflemanOriginalClip0-0b892fffb6700ae639d5bfcbbe94e9bbe28ff6dbb4bd62fd6dcc6309747cd49a.mdx	63991
war3mapImported\RiflemanOriginalClip0-297f1d3f9b58f057e843332286ae42492dc971cd86b23b3013c1e996aa454da4.mdx	64494
war3mapImported\RiflemanOriginalClip1-420238a22dcdddedaa179213695d30611d5825d622dbac0479b3d4a4f75f893c.mdx	67555
war3mapImported\RiflemanOriginalClip1-f711f0655f02e43922bfad437fcc93c8eee3135c9d84e6bb8c627c1ce86380a3.mdx	104460
war3mapImported\RiflemanOriginalClip10-3e8653bfd9a38da6016c5f2a5a39806848fb48bd540015005af022b9687240d8.mdx	33901
war3mapImported\RiflemanOriginalClip10-d9b142718a9c27861b1c4ce51e814b63a73b5c5954b8f5cfdbc3e98a50942eee.mdx	34148
war3mapImported\RiflemanOriginalClip11-8961da71171d647d9aabd1b910e96c6195ceaa43204b7f5e124e297db5b781c4.mdx	111826
war3mapImported\RiflemanOriginalClip11-a28eca5e058014d4792afefa792149be8a6c2b1dc9c78d239fcbd1c173ddd423.mdx	111830
war3mapImported\RiflemanOriginalClip12-4e043fd453a20fbd0b945d3234f249911bc18cfc24876525f7ad4f31e9011d3e.mdx	17108
war3mapImported\RiflemanOriginalClip12-c7d4796b1c2eaf4ef69af0a4431b94adacaba404ca15806f794983806e011da2.mdx	17043
war3mapImported\RiflemanOriginalClip13-6e19ab88a75f0c8b46a5d99e024dd856ece611996395bd77f5c80b4f2d487a3f.mdx	62971
war3mapImported\RiflemanOriginalClip13-ec1a9e532fb9e167631980b8f295ae242e637d5fa6a9ec3427b2052fda284946.mdx	63068
war3mapImported\RiflemanOriginalClip14-1bf205fe61638349480b312f6192b9420a124a352021ffcd3dbf5b6e67dc2450.mdx	61775
war3mapImported\RiflemanOriginalClip14-c039d734a220808bbc47b203c35b4d3856ccdc0f97e3e535b08ee8689af420dc.mdx	61524
war3mapImported\RiflemanOriginalClip15-71a6ff41a2a9f96af62e1145cf31757894e80b647219b88e1088f825cb18a536.mdx	110967
war3mapImported\RiflemanOriginalClip15-aeae4bc520322b2da3f3553a802aa53f63f3a37a9286df21c04ed761727ea265.mdx	111035
war3mapImported\RiflemanOriginalClip16-464e632897ad9c47509d6c04776fb183a70c4587f465fb230a568dbdca5aa3fa.mdx	115789
war3mapImported\RiflemanOriginalClip16-947371d8985b1f3e20022c79a2190a58be1c21ced681c65c9b27415b360f6539.mdx	88914
war3mapImported\RiflemanOriginalClip17-45e154a4c60c37f54e8ac06a5b20eefd405d5e7d1db0ee1f5f60db00ef4b2e35.mdx	26697
war3mapImported\RiflemanOriginalClip17-eca85ce079b6a9119f3f4ded61d4398aa5826c6061510410e3228baedd6437ff.mdx	26509
war3mapImported\RiflemanOriginalClip18-0dbaf375e1736a02205b892707516dd835afd77e3d688604c1582023741932ba.mdx	105608
war3mapImported\RiflemanOriginalClip18-42f975c4c12dec0e4cdb666769cbd6362573e42960c95eaded6b62e9cf54419b.mdx	78536
war3mapImported\RiflemanOriginalClip19-5561bf12fbbf5318984d877042b8713e13c8ecedb97aade6007bbba13ea01ea4.mdx	108768
war3mapImported\RiflemanOriginalClip19-761404900c070afc71394bb9f96903e3643b2896ba73264da23c430b078e712b.mdx	80194
war3mapImported\RiflemanOriginalClip2-eae062f11f8701ac1a33cfb50617955511c2df10bb007f25312e203915413ee1.mdx	75758
war3mapImported\RiflemanOriginalClip2-ec1e468f69c8f09666064cfa28cc5fb2c031c9e9294ac185a7082be64f7e70a3.mdx	75337
war3mapImported\RiflemanOriginalClip20-14da69c102328f6cd92b1cada1d5b85aac1be9090fb5f74d555e3de9b624807c.mdx	81790
war3mapImported\RiflemanOriginalClip20-39de0732988b959bbfa21de3b4bca417f449a5fd73bf2c58570d6232d4b63413.mdx	100911
war3mapImported\RiflemanOriginalClip21-5e56937c271a56ede3c8778f1352525fdea9fddaa2128b7089965d63429a4cfd.mdx	224924
war3mapImported\RiflemanOriginalClip21-d3882ed67029561a1951b252bf9409c4ceb675e2c5c4c32557720ffcaa21f1f0.mdx	225080
war3mapImported\RiflemanOriginalClip22-66f7548a1beedeee6e6ed8245c4c02941d8b664ea4c1210d82174df9b713d8e8.mdx	323496
war3mapImported\RiflemanOriginalClip22-ab45aece4545790471eae65ca38808e59226dcb3adb16cbbe442c9aaeecd4123.mdx	323220
war3mapImported\RiflemanOriginalClip23-5ef9c777a0e3dccb91055e73f9828eb37558685ad7eafdc9f150482a33944c22.mdx	71008
war3mapImported\RiflemanOriginalClip23-9d410e6a56b0c7f42c90e4b0c3d596243f49e7eaf1f73e5d58aa4c61860cbe90.mdx	70719
war3mapImported\RiflemanOriginalClip24-4c31c8e98983d9611a86c42ffb073c1f189da9405dd2abe8546fb74b97e8dec4.mdx	26487
war3mapImported\RiflemanOriginalClip24-4fa047a8732dd0c09f45fb9728025da12c7a0ca410424d0093b9d03bc57a8516.mdx	26707
war3mapImported\RiflemanOriginalClip25-b09ead9d3804106aa58080a217f4f26e436424333b54d22052c4e1bf87c6e0d1.mdx	26767
war3mapImported\RiflemanOriginalClip25-bf5f7a1445cc61d561f63a62e406be8cc85adec6c083795ff8feef5c7f32e75d.mdx	26482
war3mapImported\RiflemanOriginalClip26-256f82372f8055e96622ef81479ae240b259b1b93f6b769ccd0fe1f4847545d0.mdx	41974
war3mapImported\RiflemanOriginalClip26-e2033b2f849c011902d38248d0b3e5637ebcc5c78e6a4a22a8501fcd06f6d3ac.mdx	42188
war3mapImported\RiflemanOriginalClip27-a61fcdb5fb45b472d5b9239fab11c92acf578966676057a03fa7cb189bc78659.mdx	115110
war3mapImported\RiflemanOriginalClip27-a8ae4f3cf2408412bc4645dc10bc72fdc4577330647a16aa7d8e1ccb2fb6173f.mdx	115157
war3mapImported\RiflemanOriginalClip28-4ef4b9fd201eb9914e04f8498ad295c74b03d2f75467682bb9f55721ad5357e5.mdx	54386
war3mapImported\RiflemanOriginalClip28-76f29cee3bc7f810b371b06158aa0e77ee7b49d1472a80c442f0f225d5a6ee6d.mdx	54635
war3mapImported\RiflemanOriginalClip29-46eee5ac869761f92b2b60e31a5cf34eaae0ac78fe9478d993772fb86dd16ecc.mdx	26444
war3mapImported\RiflemanOriginalClip29-6470b700af3ae3b150b5fc8da0e422d95adcf32a8cd31d424588db9a25ffe6f5.mdx	26626
war3mapImported\RiflemanOriginalClip3-6c3708e13c5a010c5ec11cad0f2e3aca75a895b20e678a9b5167dea8b155cfac.mdx	88853
war3mapImported\RiflemanOriginalClip3-b8269718f989c8c2438e9ffc36bb2c848e9f7d39a5136da8230bcab292c9a213.mdx	68781
war3mapImported\RiflemanOriginalClip30-009965cfdbc7c2a534fdf6ff4f02baee364503dd4308bf12d75bdf046484f37b.mdx	54512
war3mapImported\RiflemanOriginalClip30-ac8af0892c2a71b72ee4acbbaaf7b61ed91cf6928807eadfb098beb8262295ae.mdx	54242
war3mapImported\RiflemanOriginalClip31-58d8eb0dd2de8da732579103f4f66ffc6993bce3797b4c9397049d8e8ce90d46.mdx	61315
war3mapImported\RiflemanOriginalClip31-7257495628ad5f113f83d1b86b4e85c3a2eb871418e803cec1ce539e08e75980.mdx	60898
war3mapImported\RiflemanOriginalClip32-9d969fd731cf961fefe6c196606934090d74a2dfb82f7c3551dc7bf536951522.mdx	60861
war3mapImported\RiflemanOriginalClip32-c8a15094d2a7bb9e276fb55b192fca12e527e8f994b0335c4ee60d37060eaa70.mdx	61241
war3mapImported\RiflemanOriginalClip33-3fbf587afa7a5233b767f1407b451d4c298641f4d038ac56699e10e8b6d95d1f.mdx	59607
war3mapImported\RiflemanOriginalClip33-c36f85441141ff9128d187b45cdfcdfe01e264fb4b154dff6e869b182cb0ab12.mdx	59258
war3mapImported\RiflemanOriginalClip34-95daf3e945c7352a211ac37b897ccd847ab11f423be8ac6bfc5cf15270c41911.mdx	47438
war3mapImported\RiflemanOriginalClip34-dc62232c464bc35264b8847ab4b0e73569775f6cc760bdd73de3045366c1fca5.mdx	47701
war3mapImported\RiflemanOriginalClip35-a27e2d904c9c689220510935108486c7f11fce5a9b65130f574eaf15dd8fa259.mdx	43070
war3mapImported\RiflemanOriginalClip35-cefab43bc254cabbdff11804fc022dcffab91c6654a5ac442ed1a86d3ec663e5.mdx	43216
war3mapImported\RiflemanOriginalClip36-7b5bebca043d4d980b734eef233d143259c6f08016ddb3038f48b77c06591ac3.mdx	49146
war3mapImported\RiflemanOriginalClip36-85761548b7879bc48b21c234def84048e01866b35e2dec901caed6c039027260.mdx	48776
war3mapImported\RiflemanOriginalClip37-955902850ccf784d365e39e005a6cc9df37f99c6914350ef8d03ac528ee5135f.mdx	76866
war3mapImported\RiflemanOriginalClip37-b84bebef89585a542549067c5c4d16adcf41f81375db9470ac9e47352072ed15.mdx	76494
war3mapImported\RiflemanOriginalClip38-ad8d2fe3a786e9e2db0106e49e2cda0a57c5a525162cd66715f21c600aca420b.mdx	72054
war3mapImported\RiflemanOriginalClip38-b3c50a53e6065526b75848377695da52faf3b733dd9669ff516bec11012bb83d.mdx	72014
war3mapImported\RiflemanOriginalClip39-779fd9eb1e237ea2f2bc4d99c8d0bf2214afb91e46bdc1f1fa242512fadf6cc3.mdx	42932
war3mapImported\RiflemanOriginalClip39-9ceabc539712d0da2d7fa2bfd0cc3e1912e85b35f88c2563a95df112fa8682b3.mdx	43324
war3mapImported\RiflemanOriginalClip4-1e1cb6783a85d5384ff0b61f91046a77fdb774d7d9293f3ec2f04fb6d6e244a6.mdx	67985
war3mapImported\RiflemanOriginalClip4-4825b67a87f6f766961f29dfd0886e97b873a1dfa1661cf81f1769b4b9389cef.mdx	96613
war3mapImported\RiflemanOriginalClip40-c74cadd2aed8f5a6b64b94cf870ac5ecb0534c2ed369cb58a2c7b684ce829e08.mdx	29054
war3mapImported\RiflemanOriginalClip40-f5c9684b69bd13985527c16d5cd83d8aaca728df91ba12758616927f16d30088.mdx	29113
war3mapImported\RiflemanOriginalClip41-78161d32047c01b6813ba2cead68c5dd894240e0de856b578ebaefcb5c4c92e9.mdx	50020
war3mapImported\RiflemanOriginalClip41-fc159ca5722a76c01c1ce96f79c89c60b4b748fab012d37805a4092f51706723.mdx	49975
war3mapImported\RiflemanOriginalClip42-38ae84991c5644e97ebd4646f346e5dc6fdb1a48c35a5bbdc39355af7b5ab364.mdx	86802
war3mapImported\RiflemanOriginalClip42-7a937349d4bcdccf9603598864336b5e1428f6e3d244db6037f974ca6c519852.mdx	86757
war3mapImported\RiflemanOriginalClip43-8681e72326b78245cb23a9e661e252518ecb7db3d56ef7ffaba11cfa57cb060f.mdx	29908
war3mapImported\RiflemanOriginalClip43-df33708f0daf085c7076b5e63fe867b15b1d6e8058ce773ebad216ac16633c90.mdx	29929
war3mapImported\RiflemanOriginalClip44-9c46ee5cfeae587b88400ca25cc044214f4ae892e9c04c06b2aa61a9655797a6.mdx	93093
war3mapImported\RiflemanOriginalClip44-b40c0c47f86d3c8f2f80de86d086408b5721381996463ebf999efaeeadf99933.mdx	93386
war3mapImported\RiflemanOriginalClip45-1395b2fc857f48caf2f9c5147100ae167273ab15f52ef9dd13d75c5fdad39c8d.mdx	91989
war3mapImported\RiflemanOriginalClip45-ed8ee80d10ff64164063724b38674e8f12e2c4076fdf06392463efe95aeda9f8.mdx	92199
war3mapImported\RiflemanOriginalClip46-272e8733d656b0bc4f7e0dd59957188f5a520f65a97d90896f6e3f6486fd10cc.mdx	86470
war3mapImported\RiflemanOriginalClip46-f16e937ce7f4140dec2bccf5dc0bf112f29f1cac90b7eefc2406e517a459c320.mdx	86719
war3mapImported\RiflemanOriginalClip47-40410785db4fd7766f2e61f72223db66bc55489b2427c09a7e6c80304a6d00eb.mdx	94369
war3mapImported\RiflemanOriginalClip47-db0a858501a0d841fdd57e5d69154d8656d61227a67763a15a3228f1648ada49.mdx	94597
war3mapImported\RiflemanOriginalClip48-2f510c73148fc5904f564f92212cbaafebdf863e04684132556f39aaff68ca8b.mdx	64368
war3mapImported\RiflemanOriginalClip48-c6de0b91e322f50279201d30d6094e678cda1f53d87d4c977fe27cae4c565c5d.mdx	116942
war3mapImported\RiflemanOriginalClip49-0c0f98677263207b39b0e9792af354d524c3e82cc0318847b84d30e8813c3798.mdx	38331
war3mapImported\RiflemanOriginalClip49-0dd16ceb2e4e57c577b43c901732f8cee7eb59de1cdb0763b8d71bcd687d07ed.mdx	37947
war3mapImported\RiflemanOriginalClip5-80e89b9d98e9f8ed5317b2d473fe1d6b3750e0c248aaaaaad50cbbf078ca3002.mdx	85992
war3mapImported\RiflemanOriginalClip5-d9f80843ef60161f2c91a17eee43287459372edc2a05be626a065e29f289130b.mdx	85951
war3mapImported\RiflemanOriginalClip50-13fc553ae5fcbff031b82bbabc20ef7d01ca14acd8dcd92f9c8bd2b9b9230a5a.mdx	53656
war3mapImported\RiflemanOriginalClip50-182b1b6301852a514617a67aa318b24e054226e1da44e3903352cc8fc35c1f15.mdx	54000
war3mapImported\RiflemanOriginalClip51-07014470e87f7b720c4bdd1a7f2300200d95fdb09946b9d091a4b0149262dadf.mdx	53296
war3mapImported\RiflemanOriginalClip51-1ead0168882b426da0d96371fa77b81b5d1699ea277d7242847d1ab51f41a679.mdx	53097
war3mapImported\RiflemanOriginalClip52-a4e74eadd7f2bd9a0208584ab3b71381e0bef8887562b78f885f3e1b54b70fc4.mdx	45886
war3mapImported\RiflemanOriginalClip52-c43028a833722be1f3bb5713f1ecf736846f0ee27fdd758d07ecf199b969bf3d.mdx	45593
war3mapImported\RiflemanOriginalClip53-11b03729b09b64479d54ac9b5a90ad3d1a2a844c62b9467a88ef41eed0e61804.mdx	44649
war3mapImported\RiflemanOriginalClip53-76ce206eb5083401603a6e7bc861bbc6f7bc0b5b8d2fc0e2ae9216265fc3317a.mdx	44334
war3mapImported\RiflemanOriginalClip54-5c5e3dffea93feda9a676b2322dd681218872f2bb65a6c6e1507848120de7f9b.mdx	110110
war3mapImported\RiflemanOriginalClip54-88c883f27a7571d51bff59a7bcae9b74831151649611cf841dd7cdacc9136430.mdx	110192
war3mapImported\RiflemanOriginalClip55-3ac55cb776171bd6bd6240e3b061d749545ebc6da6d89b80c9d56a5b4d5972e3.mdx	29956
war3mapImported\RiflemanOriginalClip56-764e5495d391fc08516c9769fc80b95504ea95fd8c36c1388b2c85691e227446.mdx	29914
war3mapImported\RiflemanOriginalClip57-4de4bd541fec44d0449a4a4957a04b588d1055942040a43bfde90213e3ad63dd.mdx	29669
war3mapImported\RiflemanOriginalClip58-8fdb46d4f1fc7f372363101a7902706a7a67d646f99106f76efedbd67c857aa8.mdx	30672
war3mapImported\RiflemanOriginalClip59-8dfb2224291df84ef62b26ba2772e86d6a4ec056708a6b53f90316f88c953294.mdx	30596
war3mapImported\RiflemanOriginalClip6-5119aad93bfdf214bd928411701797df6a6c9804153616f44ad07a9d5d4af944.mdx	72277
war3mapImported\RiflemanOriginalClip6-8bf7def1b90d0ae7226206d46a857e3f86403f6406edc45c4035e8e67f96ca05.mdx	82461
war3mapImported\RiflemanOriginalClip60-167ce67bb67f8f4ff46ecd9645a9132f8839145bf330d2e3a31f4867fbc51447.mdx	30905
war3mapImported\RiflemanOriginalClip61-d589818f5a3596b9753a60f7ffe8ac938ccaec313b0a800f3214cb1b0007528f.mdx	30925
war3mapImported\RiflemanOriginalClip62-5110c47b1b238912b8f48e36d09f63228b8c35f26204747cd0d6d74b779037e3.mdx	30815
war3mapImported\RiflemanOriginalClip63-e65831a56e4390fe55cdf9c75edfbbccf3e217ea6aa821b01c6d1875aba55c1f.mdx	30785
war3mapImported\RiflemanOriginalClip64-b7d8b4a3427d10aa09c2bdc6606ae4bf162862e71ca1b2c2becebccf64ee82cb.mdx	18617
war3mapImported\RiflemanOriginalClip65-fbc78a09934a0f15cc53af1bea42e7339fb29f0059503391270614fd5307ca0f.mdx	18608
war3mapImported\RiflemanOriginalClip66-02ea1d6920a2927d7efa541a9bd95f890433a235493a1722bc850918ee9e99f5.mdx	18611
war3mapImported\RiflemanOriginalClip67-d6279181fe49870ae28142bb34ea5c9a3636fa5f7e1f9413917b96cd5778f8c7.mdx	18621
war3mapImported\RiflemanOriginalClip68-605cfd5215592c2ac47d95e31b23c1dc1517284eb53a545236c800eaaed7ed00.mdx	18618
war3mapImported\RiflemanOriginalClip69-877549bab045d305aa70ed25957419a03bd940cb2d0940e3e8e6e52244dc05d4.mdx	18618
war3mapImported\RiflemanOriginalClip7-8095824274ed40a4c2fb90424db4c0ab07f66b8f87bf14b6e7c32784d545a71b.mdx	33237
war3mapImported\RiflemanOriginalClip7-aa8cc26e61356ebf4ce9fa616be976361fc33e8e8bfacca6ad7df61a73728ddf.mdx	33544
war3mapImported\RiflemanOriginalClip70-a7a9837c5003e8e95273eadfee2a9e54b6093b86077513799849cb8737717316.mdx	18615
war3mapImported\RiflemanOriginalClip71-9e2499a2ae9a2fa4df20188eaaa7a8a887be4c78efd654b7073b9e9cd5ebcc7d.mdx	18623
war3mapImported\RiflemanOriginalClip72-9ef645e46c70b8d74df57acde218f27c85e9351977a3dd360a2480780aba859e.mdx	18622
war3mapImported\RiflemanOriginalClip8-3f664294e7bb52acdb997a42dba871cf492d792b0f72bc22bb59f6a53495908b.mdx	32156
war3mapImported\RiflemanOriginalClip8-ff156b321e9668976ff0a9de038d005d8400aeaf97aefe6e12949db2f44fed18.mdx	31928
war3mapImported\RiflemanOriginalClip9-1790a3f99453f5649b254b226cf1c87d3080153496e2229e852e4e5eba662464.mdx	31716
war3mapImported\RiflemanOriginalClip9-b2f68a03ca276812a9ae916d319dec889b8f3889a1bde4180063ce3ca6dfce7a.mdx	31339
war3mapImported\RiflemanPortrait.tga	1439084
war3mapImported\RiflemanTile.tga	335665
war3mapImported\RiflemanWhite-d95ad99e0850a2d0378ef8fda176b07c296babeaf0d83911ed439fc08d4e1ebe.mdx	3277150
war3mapImported\SelectionAction.tga	14307
war3mapImported\SelectionAhnQiraj.tga	46525
war3mapImported\SelectionBackdrop.tga	702249
war3mapImported\SelectionBlackrock.tga	47736
war3mapImported\SelectionCardBlue.tga	71820
war3mapImported\SelectionCardGray.tga	70842
war3mapImported\SelectionCardGreen.tga	70940
war3mapImported\SelectionCardPurple.tga	71625
war3mapImported\SelectionCardRed.tga	72712
war3mapImported\SelectionCardTeal.tga	72858
war3mapImported\SelectionCardYellow.tga	69896
war3mapImported\SelectionChipCPU.tga	42490
war3mapImported\SelectionChipP1.tga	41859
war3mapImported\SelectionChipP2.tga	42609
war3mapImported\SelectionChipP3.tga	43112
war3mapImported\SelectionChipP4.tga	42170
war3mapImported\SelectionDurotar.tga	44337
war3mapImported\SelectionFrozenThrone.tga	31316
war3mapImported\SelectionGryphon.tga	45095
war3mapImported\SelectionHellfire.tga	85624
war3mapImported\SelectionNaxxramas.tga	82909
war3mapImported\SelectionNordrassil.tga	38909
war3mapImported\SelectionSkyDeck.tga	28253
war3mapImported\SelectionStratholme.tga	32256
war3mapImported\SelectionThreeBridges.tga	28993
war3mapImported\SelectionTileFrame.tga	36535
war3mapImported\SelectionTombOfSargeras.tga	33217
war3mapImported\ShadowHunterOriginalClip0-e76e1d4e628c7e9e50275186d62fecc6fb70a136bf1efd9a11d1bcbb62b22e4c.mdx	28504
war3mapImported\ShadowHunterOriginalClip1-e2072362aa7e7efee5cf4e8058aa21ef453f0cffdec2f1d84545cbafcb283d71.mdx	21416
war3mapImported\ShadowHunterOriginalClip10-2b2d422ec52eb104d6f8be4929e808817a50fd9eaa3767a67c311e5c1c221180.mdx	30957
war3mapImported\ShadowHunterOriginalClip11-df75c4ebb6deaff94a1867ca72aecbfcb301267c12e73c3308e115c7744357e1.mdx	33897
war3mapImported\ShadowHunterOriginalClip12-d941e654c2d5b5f7871d367ed6cff089325598f6737df180e72673af5aa12d79.mdx	25125
war3mapImported\ShadowHunterOriginalClip13-6efba9cb90c504c49b59e76300cd1cdc0c26298a74c02781eb3909061588e101.mdx	38202
war3mapImported\ShadowHunterOriginalClip14-091ad323309e2c025e35f45017c349824f28bd3cf737bf9610bcf5cade7186a1.mdx	21481
war3mapImported\ShadowHunterOriginalClip15-7b6a8eed0846e97a86ce397acac8546a7bae359b368f68aa3905936f0e49e981.mdx	21436
war3mapImported\ShadowHunterOriginalClip16-8beac887cea0d52050e28ca2b7fd02df2d71a300f2d127b8d488c97e8732bb62.mdx	21314
war3mapImported\ShadowHunterOriginalClip17-67edc43df4ad0b56868ae69409ce1a98777232c53e553b287845dc7a35860c2a.mdx	22011
war3mapImported\ShadowHunterOriginalClip18-2bd912b2abb8c76bbf2ce4e5fe4662141a431fed9108c99727658477e25fb4da.mdx	21934
war3mapImported\ShadowHunterOriginalClip19-9c48dfa97bbc687a7cdcb5789e8a4d8f7c5d90ad0bc9feeb052522fed5cb3994.mdx	22210
war3mapImported\ShadowHunterOriginalClip2-56a41630cdbf6a3cc008fb23e9f9fd23716ee988c04b07aa41b88e8e1ab50afe.mdx	31019
war3mapImported\ShadowHunterOriginalClip20-1cce0128a1325f424425b55bc36a72918f8ada6a4899291a3958c12af42c1414.mdx	22234
war3mapImported\ShadowHunterOriginalClip21-69df62719405d6ae52ee1885d022791e6f43777b39fd15553765aef7516771be.mdx	22094
war3mapImported\ShadowHunterOriginalClip22-32fbeac61866edee142f257457b50928ec7df90911e2cff347497e87d14eb638.mdx	22121
war3mapImported\ShadowHunterOriginalClip23-a7ef59470c4253fce453eefead433979888493b7b551966432994b385ef2afe4.mdx	22010
war3mapImported\ShadowHunterOriginalClip24-a84b4be792d144a388208b5ad143497234a6650665d637705c1e861722c9b4ca.mdx	22021
war3mapImported\ShadowHunterOriginalClip25-b20ab5bbfde97ea215b039847b179bca2fe28e4c85617264f212e58ad8a960d1.mdx	21654
war3mapImported\ShadowHunterOriginalClip26-d39011de831e369d38caeb6de7981fde63f7236a6d2e8cbe6c135c507f84a133.mdx	22008
war3mapImported\ShadowHunterOriginalClip27-c4fae45f3a94359a66804ca70d2afca1db240baea1ec656eb0b18272d62752aa.mdx	32069
war3mapImported\ShadowHunterOriginalClip28-31b6aac290b496a8b5e39caa32a521d049c1d246ad4ee12046aa3037671d4b90.mdx	21822
war3mapImported\ShadowHunterOriginalClip29-ec4fbc7b1dabf4378c8592357bc52ef57382e28a416b547f02fbbbfb2f30a223.mdx	22113
war3mapImported\ShadowHunterOriginalClip3-2cb26c0aa3d3af29e04f88f803f0690bf057a4ada2f9b1ef8dd48172c81aed10.mdx	36816
war3mapImported\ShadowHunterOriginalClip30-b559483e90ff5ac781eab3fb1320dc10d687d7af54f7a1e9a1403b8d870f1a7c.mdx	31624
war3mapImported\ShadowHunterOriginalClip31-6fe74500227dae36402ea26d64a1aa95a79bd81b86b3d3ce726c753c62976c70.mdx	21124
war3mapImported\ShadowHunterOriginalClip32-df94284893585e7845c557b371f4d99bf629dd2598f81a251e95f2602ac4f38c.mdx	21126
war3mapImported\ShadowHunterOriginalClip33-194ed9908dd3eb1fc0d88c26e188fbb8d55f9c42df7add350b9fcdf989ed905d.mdx	21127
war3mapImported\ShadowHunterOriginalClip34-bb378d614f18cd3e33a5873c1fe3359e405383a099c83cc7a13e214488c421f5.mdx	21126
war3mapImported\ShadowHunterOriginalClip35-db0e559ff72439b9b3ecfcf56f0071c3e90e1d60a27117d02aecdfc9f760da72.mdx	21118
war3mapImported\ShadowHunterOriginalClip36-c91d54b8263695ec3c3638cffc42702c1ff2d4964952d1c62a32f797c13f5d04.mdx	21159
war3mapImported\ShadowHunterOriginalClip37-c0e447ef610c9ba02807476d66c6edf33abf21e27ba43640ce152b9bf0a842cd.mdx	21158
war3mapImported\ShadowHunterOriginalClip38-0473f370e718ca868cc027c1c114687928f9d2e54a3f93c557fc5c6b226f6a1b.mdx	21163
war3mapImported\ShadowHunterOriginalClip39-76044ac578243380d0d877281761636630077937ec382ece9c8efbb11af01816.mdx	21162
war3mapImported\ShadowHunterOriginalClip4-ab9dc0e81f921a8b21d9d52933529a18e74bbbda06e739b014f0a8c8f31071ba.mdx	27052
war3mapImported\ShadowHunterOriginalClip40-509b00a4d14b9087522dc6190fdb3ad8e4e0291522f330d8c4f19292c438b261.mdx	24703
war3mapImported\ShadowHunterOriginalClip41-7255d5ef2e1b205e2ce4592410e1bea4ae9cce09672e4625ece161016af2f747.mdx	21030
war3mapImported\ShadowHunterOriginalClip42-91cd56c9d0ce9abaa0c5d2a8da52421757416d45e7094d71a467f267eb385554.mdx	20866
war3mapImported\ShadowHunterOriginalClip43-75defdde3fa4721ec7e46d192bd75eaf6898938f6193c4e4a1eaccf3d897a5d7.mdx	20859
war3mapImported\ShadowHunterOriginalClip44-bd40fe7c58be1cdc3846c19bfc9c4127240978dc6779d0587139d043131bea78.mdx	20965
war3mapImported\ShadowHunterOriginalClip45-fed0711b30d55f6a80750022064db5889906689de3ef071cae405b8a94e0c63f.mdx	20988
war3mapImported\ShadowHunterOriginalClip46-ae380f145cf1767042ab79fa0b2278bb8819a2bc7b94970e7f5517ffe61c4b9f.mdx	21131
war3mapImported\ShadowHunterOriginalClip47-64ed0ca6816c76359fb1f261a97774b521c4f3dcad71b1743f927ea5a0d70a14.mdx	21170
war3mapImported\ShadowHunterOriginalClip48-987060fb15fac0deb3f75cae83c1a593b1342e70d04563a6928cd2e2477f48fe.mdx	21201
war3mapImported\ShadowHunterOriginalClip49-ecdae8a5d62e893744dd333e323c7fb4ae320fa73bd22ac3a82d3a18578925a2.mdx	21241
war3mapImported\ShadowHunterOriginalClip5-60d1408fc00cf73a8e6f02cf3f2d14f6a1c7c555bba7ad9ccf222a4e699b7949.mdx	28114
war3mapImported\ShadowHunterOriginalClip50-bc37c9b5bb380855a32852248d1e85137387f1c11ae0498ef945e834b75d00ba.mdx	21217
war3mapImported\ShadowHunterOriginalClip51-81af787360a35fb1d9866c4663ef7c685100dc1ce95427e2ffdbfc733c2f4910.mdx	21233
war3mapImported\ShadowHunterOriginalClip52-c29f1b88db2f4c8a38ea92afcb06c67134a4662eddb5cb221f202d1aaa971a96.mdx	21246
war3mapImported\ShadowHunterOriginalClip53-a3cc11fa262a5640af7eea73e513cc9913da1f34d053f86cd65f7c280877bfdd.mdx	21233
war3mapImported\ShadowHunterOriginalClip54-d9ba74ab201086a779783e1094e1d5808ec0fa9e38d0ef7abb928aea96779dc0.mdx	27094
war3mapImported\ShadowHunterOriginalClip55-26e36661d1277f214ad73686f9b34b98916f7d94f2b6b655cd4b908a3648b72a.mdx	28645
war3mapImported\ShadowHunterOriginalClip56-1e848d8c84fe568ce88163a659fb6ea4afb90cd77914e500953a7632cdb5ff32.mdx	29320
war3mapImported\ShadowHunterOriginalClip57-e4ae1b96d0175c180b88dad5aebc952ad0aa6ffbf107a4a63807b46e1b60a68a.mdx	31245
war3mapImported\ShadowHunterOriginalClip58-3a5857fec6b95404374b27b02ee561bb3e40de83f323f78aa6389ad1f974f786.mdx	30906
war3mapImported\ShadowHunterOriginalClip59-28251a590167a0f198ff10672969cadae8b3edc8537f85932da690b7bb8894d7.mdx	30550
war3mapImported\ShadowHunterOriginalClip6-90060c3eef95e6c1b9d5ce890ba383aa295083cf59da6edd13b640af47432e12.mdx	28051
war3mapImported\ShadowHunterOriginalClip60-6ed66c5813b0b64c90a2e9558de217d4221deb0c23c2f2d4d33a04b416d2391c.mdx	32950
war3mapImported\ShadowHunterOriginalClip61-d0545d91aad6b7cbb7ed2e0d29333dd89c20bbef00a3202d0525b1d8edecd4e4.mdx	33279
war3mapImported\ShadowHunterOriginalClip62-bd6d4a539343346e77c22a4d36fee2a39c5ca0ecf19a8e6b44d1346efe274321.mdx	37655
war3mapImported\ShadowHunterOriginalClip63-0abd1b99a008dba3f61ba76435be70e56579d87c3560ce5535a60393930a6774.mdx	30904
war3mapImported\ShadowHunterOriginalClip64-d64f5625082ecd8ab77648b4aa66747596cff271576e19ad7ce9d84a7047caa0.mdx	39092
war3mapImported\ShadowHunterOriginalClip7-f0f5388c90329fe77e67bed98b2ce0a3cd9a2b1a4738e954408d15ea9ed67823.mdx	21413
war3mapImported\ShadowHunterOriginalClip8-bdf15b7ccea5f250f7c3164e8bc7f68e328882a88ad2a79ea208abbd842d5051.mdx	29350
war3mapImported\ShadowHunterOriginalClip9-d03cb9686da0db6739d5122c9674bb08fd7a63c9daa6df42ef24e9e07bb9b134.mdx	23071
war3mapImported\ShadowHunterWhite-17bd7063543167cb21372111d1c17776584a6c184bb5356724c965f429f208ee.mdx	331151
war3mapImported\ShieldP1-0dc63c994e74dac66ecfba82be407f857a34d6a34d1f8f15a8fd6178e524cfdf.mdx	52186
war3mapImported\ShieldP1-1053706acbf753377958834641a4a6f796e3472341a89fdde7695854271bb89e.tga	245850
war3mapImported\ShieldP2-552be164fa52d6997459498e9de2a29c1b8b71e96feda880c65eec204a6be5c0.tga	243270
war3mapImported\ShieldP2-ac92f76db1b3abc762bd6af85ab0141b1c0142f1294dd04e64ee57e3da9ba720.mdx	52188
war3mapImported\ShieldP3-6fc5886a6ade04e6d099ce3ca2cb20d4a1195a303c766f0de98fd86cb66ed241.tga	230514
war3mapImported\ShieldP3-bdb7fec231882f2026bc007f4b3ca51f7219404428e3c343d6c73b583df141c3.mdx	52188
war3mapImported\ShieldP4-0f6afe67f46efb19213ea283f57c12a8f13a264f9660903d3e1a451a095dd2a2.mdx	52186
war3mapImported\ShieldP4-f7a49d368b4d0dea6d04c13eefe280cf647389a86a35db1262f17da89ef3c126.tga	247135
war3mapImported\SmashcraftHUD.fdf	199
war3mapImported\SmashcraftHUD.toc	43
war3mapImported\StageBackdrop.tga	182474
war3mapImported\StageChip.tga	16676
war3mapImported\StageDeck-19b6b240f048f561d06972b46d422e07e7e49607b6f5b0701bef78096845bfba.mdx	861
war3mapImported\StageDeck-48ca8b3ca98aa77d741926a42ad589a5f8b1df78e68f565c285ccadd6bc2c27c.mdx	855
war3mapImported\StageDeck-5289ac738a31985aba37505f8c56f163e49042d226c78173b17286fb6a0a8403.mdx	862
war3mapImported\StageDeck-5f691054b8c02adf08f13ebcb9cc713921857872ae429ef359077a2f35a5533d.mdx	859
war3mapImported\StageDeck-61265a12559ca9d6a36ff718a261f6ef8b06c89d3d8b3f6ad013350b8fb2ae5f.mdx	859
war3mapImported\StageDeck-697f09a1a69928c15b7ecc2646ef7c6ab7f1027a03a83bf825fba6dbd14e7f5b.mdx	861
war3mapImported\StageDeck-cc09ab6cbed06cb9861b9bd15993d1d692224f59f9ef1271dd736eb0185593c3.mdx	862
war3mapImported\StageDeck-cd0892f60aeebced0159be4beceb75273860026f37bccfb131d961d699ac26e5.mdx	862
war3mapImported\StageDeck-d7087c4429a50b12e62b25e17cec5506e9070fd0db22fb7e51da7ec76c80d76f.mdx	862
war3mapImported\StageDeck-d8845bd0c9c043cb18b8b1e4480bb112197019fb4ca5b7b25273ce503f1e63a9.mdx	861
war3mapImported\StageDeck-e02a115781aef5234e6a2a01f851b88645069cb4836a8937b5535ee185fd7004.mdx	860
war3mapImported\StageDeck-e8050527bc56d4dda4c74071e8d226282fadade90fe30469efd5bf941d663df1.mdx	862
war3mapImported\StageLava-0562e4f39af7858539586694faddeec5c6ee299eab0244b5530b8dedd56bcfcf.mdx	392
war3mapImported\StageLava-7f8a315ce5635e4f5dce290a128b40b58916206364176a32e1df50bb1d401c3c.tga	1659
war3mapImported\StageLight-0c26737873df1314a927484c7b4de405d36d0448c4049dc3b1a919d407d01c88.mdx	193
war3mapImported\StageLight-237830eeeab84963d9a926cef8a7feaa72a71cb011309292ea8ad44f5ca69774.mdx	195
war3mapImported\StageLight-360d39b12a093ba6739003209b2befc84a674055b6c7880de97be29839c4437f.mdx	191
war3mapImported\StageLight-3c7409d97ef755664704f86b7c2e8daeacc2ef10007ca72b4d6e1db843ddd733.mdx	191
war3mapImported\StageLight-58aa70a31b10f62d7bb32417f729569e4b05db2baa78efd264754cca6e604be6.mdx	183
war3mapImported\StageLight-62e688dbe8d35858476e27c948a86172be4f8041c21192a00a895fbcffbad471.mdx	191
war3mapImported\StageLight-72c98875af85ebde417d827ee435f29e5151d6a7b93c13c1e3f7569005990f36.mdx	191
war3mapImported\StageLight-945e30238c097b91655e082084690a0b0bb1fc180126749f83d67ca4d6829e27.mdx	191
war3mapImported\StageLight-a1cf0295f1d9682a4ecb95d75eefa97bea7d6ce9877241c9cfd424288b5b8586.mdx	193
war3mapImported\StageLight-e2e9386a7685323a61c636f8d97042435961a2254e369c4af27061e382c12990.mdx	191
war3mapImported\StageLight-edf3b5df8d80335a608fe64f09ae146f616bfd1e255338dcf59c73937403957a.mdx	193
war3mapImported\StageMainDeck-0ac7120672642305d02ca86d091248146b2036bd6736b3904016a8bf5c3c9655.mdx	1093
war3mapImported\StageMainDeck-1492f5c29ef827337dcfe44915981a628aa2351c6e0cd2a90d09e74531f73e33.mdx	1089
war3mapImported\StageMainDeck-3caf6919d206847a90cffa1778dda3ad403df57507f0d88715f3b59fbc7dac8f.mdx	1127
war3mapImported\StageMainDeck-5c129cf8f4606902e7ac357442b815211525daa51e72c17e18d002faade76d96.mdx	1093
war3mapImported\StageMainDeck-6718c06e1ee85005365bff0985a2f25494c069cdc9196cd8d50b2f0489a47d28.mdx	1063
war3mapImported\StageMainDeck-8736fc4cd644e7cf63cdecae21905bd5c9a37576b06cd4ac434af905ef9c1f1d.mdx	1164
war3mapImported\StageMainDeck-8ad7f8c522b3a2017ac6f37b696062adee188f31e1e12dc6002446e12fab3f1a.mdx	1083
war3mapImported\StageMainDeck-bc6293bb28debe8be5ae2a8128cb1e88f47628306d1800dc2611bc47cd6583d8.mdx	1081
war3mapImported\StageMainDeck-c062360c30d944bdad7035949dd321ddd7548bbf22612e7333f1ecad911bc424.mdx	1065
war3mapImported\StageMainDeck-c84bc87b008bdb0f02a3682c90d4f4d68da18dae09e55f24d435314733e766ec.mdx	1138
war3mapImported\StageMainDeck-cb9fa22e0eb2b956bc45257997fe4f72efb128f26a2a86c1d9a07218f48b39c9.mdx	1079
war3mapImported\StagePalette-0a1f52f93bc165f648dc4e1cc04ae3436bfc874d6fdbb71615380c0cde6bfe86.tga	42
war3mapImported\StagePalette-1927ba92db4aa2e8ef5b75933420a2afe0fbe3f45d2b8617b5610d462a65f9ae.tga	42
war3mapImported\StagePalette-207dd57831734df3ab5cc3063c8088e470062ff9d213fe0ac8c83a6f0b701d36.tga	42
war3mapImported\StagePalette-34fb2fea4b171ec030b6f68fa6603073e41e26a242e3ff22631c1d1010749261.tga	42
war3mapImported\StagePalette-3722208ad8b188e96744165bb9edbe100a2d3aac793dc1c3fdf2c23d46ee92bb.tga	42
war3mapImported\StagePalette-3c7b6373e7e76b819a62d016a1ba00b3bb284df3a60ef30f02e8caea62f2a3d1.tga	42
war3mapImported\StagePalette-4d487e03f105a34fbe9f67e1c14022e44032671a0392de68c287a1afefe16850.tga	42
war3mapImported\StagePalette-5ea37eaeddc43c15aa61093cdadb87cb81dfe14ad3e079b58cb96b9e744e8d6b.tga	42
war3mapImported\StagePalette-74b05a653ea95f309514f5f6c692a54b75ab12bffb17b4f1c11381613a55b3fb.tga	42
war3mapImported\StagePalette-ca63193521cae7748ca8f72d6c383f81528cd55174cf0881daee47dd62214153.tga	42
war3mapImported\StagePalette-dfbf2e9135834eb005ad32e0c94c2fe733a3cf9e7deed1b00e738bac25c9be79.tga	42
war3mapImported\StagePalette-fef9b96fa8f884e39173997ccee793b534789ca71e036738ab31ad33090b063f.tga	42
war3mapImported\StageSky-001d9efc0f60170d503e9896ba1818ee98903d7be1f7219eac1eba0206e5d933.mdx	9310
war3mapImported\StageSky-154ccfd3519a358a72501e8d4eb9698cb3f62c42a0481e6dccc97f08ef22a528.tga	5621
war3mapImported\StageSky-1f1c1025b0b8a3e0b74022d82170dcd3e84e329d6ee4cff6622810b5c46d6206.tga	4451
war3mapImported\StageSky-2f2c893f3ceed80677bba9a312d64e0808a7b02e969bd4312f3261f222daefc9.mdx	9309
war3mapImported\StageSky-3ea21e7af33222f5b0262d728156005e62cf58f0a91c85270e4e823b784e869d.mdx	9309
war3mapImported\StageSky-470ca4da307fa73c2f6a5b861633dac2c745aebaec06578ce0c64b01487cf161.tga	6053
war3mapImported\StageSky-4fdca07a9d6155b871fb5704458be5ce29dc8bce50a980c85439e651a6093a3a.mdx	9311
war3mapImported\StageSky-62889846b0da28640a3a78a68478e1dac6a5c23b080ee477d8b585968c166d91.mdx	9308
war3mapImported\StageSky-6b2f702b854f591c521b318bae0c60eb6020f2218b9790cdb33b8b2b9d197574.mdx	9310
war3mapImported\StageSky-7446961fad6a39fcdb123149cdb4d3c8d85bc2d0ad0236eaafdc076f78e3f5ef.tga	5173
war3mapImported\StageSky-93129284c889b3615ac141102d53b32d1750337555580135ab55696e4ee16db3.tga	4275
war3mapImported\StageSky-9ebf31e87bbf49e27ab72d3ee11ec7b44458ba5ac5848782953d8354d4fd32ca.tga	5476
war3mapImported\StageSky-a4ea2c55d5bec4d503872f4063e37515f2cb2e1ca62b076de8da4e09783f1cb8.mdx	9311
war3mapImported\StageSky-c0a4508ee21878f47b5fd35da181afff45bb3ef8b6854f825b1d3bfeed2c4083.mdx	9310
war3mapImported\StageSky-c217c7dc7fb43a7c9b74288f943946a9908a6357310ed12998b647687d7c8475.tga	4631
war3mapImported\StageSky-c3a88e4c3b121d131d7676b51cf3276b50ce2653997f33010a0a1b55c1d7bed5.mdx	9309
war3mapImported\StageSky-cbc53330ecfcc9fc6e21684041ff35d967a3c7184e7d77bd78be984200cf9c86.tga	3996
war3mapImported\StageSky-e60f78678cf6e1382dddc2b50bbeb9e26415560c4448088d1165d4a5d7572101.tga	5212
war3mapImported\StageSky-fbcc7bffb75f1e1bea5ff5b72392ed497198b4f6e002ffb669cb350d762c5c84.tga	4599
war3mapImported\StageSky-fd4414d8cd0ebfb5f389d1e4a7841649a1611e0c76b1f4e1d460d226243439a4.mdx	9311
war3mapImported\StageSnow-917b74168e66aca0467360dffd3956aabf3e0b69503b2f26da0ddedc1e8a5bd4.mdx	276
war3mapImported\StageWater-57629c3281c4b59f6b809e5af96c4d54153f0694f29342e30563c10bbfd48a01.mdx	394
war3mapImported\StageWater-f0ca8d2d3fed3e7a57153240a347bb7ad3896105a7fe4077ed92e471a520c526.tga	1558
war3mapImported\SylvanasWindrunnerOriginalClip0-082808a260222525b8cfcb355d60107c5a7f7954ed7607d1e0f70b412461e4c7.mdx	18989
war3mapImported\SylvanasWindrunnerOriginalClip1-d56707d38ea2cd5b48178049eacd6de65b4fb5c0d9a9f0424b282371281ba558.mdx	20038
war3mapImported\SylvanasWindrunnerOriginalClip10-16ba1c1dac364ba44bc48b59a6d34db48e8d6cbb6e609fa0c15f7afbedf183f1.mdx	19250
war3mapImported\SylvanasWindrunnerOriginalClip11-c0c1ad8238f639bfa0a536463beb352dba40a31f44939bab1670b08218093a1e.mdx	21778
war3mapImported\SylvanasWindrunnerOriginalClip12-555971b18d90a0a6d71220df7e55c9f79e46c45d817f3041369978557a7f3c37.mdx	22085
war3mapImported\SylvanasWindrunnerOriginalClip13-3a8c907bd3865b0791d6a3e05afef43efdab72d861ff588295caa6d3a29fc998.mdx	22301
war3mapImported\SylvanasWindrunnerOriginalClip14-d75ede31633be4b28c91449c213f231c24253a6488c7c4aeda0b505870ba0de0.mdx	24124
war3mapImported\SylvanasWindrunnerOriginalClip15-76f4c534316735ed7ddf031bf7d52b1f2fb1cd010bd9808a2e1bd2e175c0c8ca.mdx	23832
war3mapImported\SylvanasWindrunnerOriginalClip16-46b3e81a6e94a17df98449fbeb63497e95ebcedbf9c513ee7a58d6a91697df21.mdx	24060
war3mapImported\SylvanasWindrunnerOriginalClip17-9aab40aabed71bfc4b1f2371e1de4c17fae677d0ceb14c97c46e2ea20cbc7427.mdx	23558
war3mapImported\SylvanasWindrunnerOriginalClip18-8e6c635982e280bf9830e00451cfbd63ee511e9b623400e5dcf7d3c0ef8ca231.mdx	22870
war3mapImported\SylvanasWindrunnerOriginalClip19-c63aa0f051edc2011311851012fca48041d56241b731cc6de9a97d6beed2dbf7.mdx	24352
war3mapImported\SylvanasWindrunnerOriginalClip2-cb3beb308550c43d4b380de779f33d6518f175ddbf71834e5e8f6b3fb1d31318.mdx	21249
war3mapImported\SylvanasWindrunnerOriginalClip20-b1272d46e9224966a3fd49fc0d35d46946cab700c91c4fc1cbee259252de5f00.mdx	29370
war3mapImported\SylvanasWindrunnerOriginalClip21-73ad746f3a6054d73693a368a704b121236f7db33daf99713f653f6ec4442509.mdx	25839
war3mapImported\SylvanasWindrunnerOriginalClip22-ba1b31ffdeab49b2b278a549b6e7103f91ca78424f1bdae35ace02ef7e7568c6.mdx	26602
war3mapImported\SylvanasWindrunnerOriginalClip23-ec8f11dd0d800a37751bae1fc58b08ed79913034c215e87154d0e5d683001f3f.mdx	23460
war3mapImported\SylvanasWindrunnerOriginalClip24-b1e5a270cf3a0ab372931b885a62069d9131d1aac74e9b10d6bfc4b9e66ae886.mdx	24652
war3mapImported\SylvanasWindrunnerOriginalClip25-2c22750f3fca92a2a8b68e58b1c01676af3998926f63dad0a9d6aa44073e0700.mdx	22876
war3mapImported\SylvanasWindrunnerOriginalClip26-ff941f4a12953321d3b321326dfc15a502cdea86bcc85f870f8c3b0cc2e4b8a0.mdx	23396
war3mapImported\SylvanasWindrunnerOriginalClip27-2a08d718dcc71f7be8012255d52dbcf8ac234b38e3678b720dd0539b87392752.mdx	27350
war3mapImported\SylvanasWindrunnerOriginalClip28-cef44765bc100710d7d7e265f767bd28fe83a1e425b4df8a10fcc130beac7d6d.mdx	25542
war3mapImported\SylvanasWindrunnerOriginalClip29-b84546be04b6bf1010b1c43a71493b1ce3a425d8ed04fe3d88e382a8648cf904.mdx	25715
war3mapImported\SylvanasWindrunnerOriginalClip3-4c299897955856e15127800275915032e7fdde3ad9e265b99dc8abe1ec306ee9.mdx	23683
war3mapImported\SylvanasWindrunnerOriginalClip30-08af71a4956f0ba74a99a65f27f77fd6ae0ae3363b3aa098d1e3a65ad53f4b7a.mdx	24987
war3mapImported\SylvanasWindrunnerOriginalClip31-1d16d253edda9e4cdcc5ba28f7abdd99a7f34e6fa3bbe6c832f7fbee48f15b87.mdx	28653
war3mapImported\SylvanasWindrunnerOriginalClip32-ae58f02f07f17fa41c33ca1632a221882742d8c0881f6e2e42cb47635fbf2eff.mdx	19258
war3mapImported\SylvanasWindrunnerOriginalClip33-d8b56a8758811293850c67173051bf726b751f3a4ac71da2e3a3de6caa524fd8.mdx	19231
war3mapImported\SylvanasWindrunnerOriginalClip34-768d8541b807a3fae634527f062ef6bdbcc3f22238ca3fa955e375b9e57c3865.mdx	18301
war3mapImported\SylvanasWindrunnerOriginalClip35-ffd7b96ff238066257abfc45cae70065c548d47fa811077b49f860a9802291d3.mdx	22692
war3mapImported\SylvanasWindrunnerOriginalClip36-63f94252f2498e71e4a43ec5df84a9daff48449b8ff03fe267a66e0d49527379.mdx	23643
war3mapImported\SylvanasWindrunnerOriginalClip37-5295cdd75c9aaeb9354732dd287d464b543a5bc29c8e3ecd4c19398c53a809eb.mdx	20242
war3mapImported\SylvanasWindrunnerOriginalClip38-f2f16de818d57ae18ab475c3fe3091cb179867e588e6bdb9d71427f5515f0321.mdx	17506
war3mapImported\SylvanasWindrunnerOriginalClip39-4446b862eb1348ef430bf5b58336f34c72d9518ff9ecec550a444298afdf024d.mdx	17501
war3mapImported\SylvanasWindrunnerOriginalClip4-9dd45e6e61ff0c479ee279845d3d8b993b49b1d2dd4bb7e5768ea8b7bc203943.mdx	19639
war3mapImported\SylvanasWindrunnerOriginalClip40-b2487ff7b3106094dcd021f60dfa98767b1afbfb9b37e68bd1c83c461cb0ba3a.mdx	26650
war3mapImported\SylvanasWindrunnerOriginalClip41-7e816e2cc7204b299b59c78699aebabca4fd4f4a539981d9af3c28e06476c809.mdx	22838
war3mapImported\SylvanasWindrunnerOriginalClip42-60ebfac6435ff4924b30d5c1d8daddc3d548477658cb4d411c8d2df3c1aa1fe9.mdx	24343
war3mapImported\SylvanasWindrunnerOriginalClip43-0d5c7e8cf9a5000bb85e22468faafea0c7f208ad6905099b1befaadc58e445cf.mdx	24355
war3mapImported\SylvanasWindrunnerOriginalClip44-2f7d614880dbfce4d3f2b811a5a826be8ce8fe88a9cdf788eebbfa8df96f75f2.mdx	26313
war3mapImported\SylvanasWindrunnerOriginalClip45-64dc847201a1239db69f77bec67f9d87f734df4f2d3e9d5e1c917d13bcc6eccd.mdx	26320
war3mapImported\SylvanasWindrunnerOriginalClip46-932648180b8f9e7cee6006a8af14722d7484e61a67a6ff0b4dbb551207a9673f.mdx	25121
war3mapImported\SylvanasWindrunnerOriginalClip47-382384c4a394355a36fd4dabe30ff2295d2848ec2fa4166a2e0952c9b5364726.mdx	25232
war3mapImported\SylvanasWindrunnerOriginalClip48-5e44a2d225486984bab1f5677b405780e019cdbfbef6f5b3bf9fc3054f022adf.mdx	25460
war3mapImported\SylvanasWindrunnerOriginalClip49-5921f58728c2667531179097b8fc3e269c48c8464244c49ec9083d5a19e51ca1.mdx	21159
war3mapImported\SylvanasWindrunnerOriginalClip5-3d4ea5b54c605c97d4e99e725a1c93f86ff713fc8bee80c5386f29530ed7d7c2.mdx	22605
war3mapImported\SylvanasWindrunnerOriginalClip50-0f68b9234b3a75604ca1fd0d09f2a863a292e9c472ea352660d59cade9ee0fdb.mdx	17502
war3mapImported\SylvanasWindrunnerOriginalClip51-d98fd861b8854c5151d757a46718c57e1c513411d58eba658206b49b42e72e49.mdx	23615
war3mapImported\SylvanasWindrunnerOriginalClip52-9c01fe8541c548f6d86511489ca15a6671f04b3b47825cccb54a8fbb1f0756e4.mdx	28053
war3mapImported\SylvanasWindrunnerOriginalClip53-dba5182b24e3266e3ac1b862185b328bc3c1036d630a56b764fae03cf079a917.mdx	17502
war3mapImported\SylvanasWindrunnerOriginalClip54-d848564a6b51e70d39d0648122832cac70ca74c7900519a1737ef4b8eebbc6e2.mdx	22814
war3mapImported\SylvanasWindrunnerOriginalClip55-24f12594a009721d0206b819da1abfff31699d65aa7f5b0cb52de64f556fd105.mdx	26062
war3mapImported\SylvanasWindrunnerOriginalClip56-667412ce32a76be6bd6a8aa0f12dbd3748c19d29ae44904fc73472bfdea8e250.mdx	26018
war3mapImported\SylvanasWindrunnerOriginalClip57-0e58d2958a79ce076ea0beda3cc33640fd5ba98e74e58ddceb1b4336966f3e74.mdx	17498
war3mapImported\SylvanasWindrunnerOriginalClip58-d2de7bedf6b55fbead2616ed406ad1ad23b806c2a1e483696fa8f7f8fdcf39aa.mdx	17499
war3mapImported\SylvanasWindrunnerOriginalClip59-821f8494807ef66253f258d86cc976e00686ee5476e17e80fd443554de287179.mdx	26793
war3mapImported\SylvanasWindrunnerOriginalClip6-216b4d7dcfa3041d7d098bb6c2a9423d16c65e7600ec6d899364d1bb85cc29b0.mdx	24403
war3mapImported\SylvanasWindrunnerOriginalClip60-4c5c24c347023aee4ce01720ebf6a05234d44badaa59247a597fa7af6cbc4a84.mdx	26777
war3mapImported\SylvanasWindrunnerOriginalClip61-fcf0d12eb3cfa6ad31169e76551b64e61edceb295c1180199d76fa9eacb4cddb.mdx	30728
war3mapImported\SylvanasWindrunnerOriginalClip62-e584e87f52be07b1f2a5f5935918e65f5786ee15a15dda656cdcfad432f6a839.mdx	31045
war3mapImported\SylvanasWindrunnerOriginalClip63-d8593c937829871e56bc3fb6e61e206ceb6de34dabb337d8993ccdf4b24ca4ba.mdx	31344
war3mapImported\SylvanasWindrunnerOriginalClip64-f308b1502d37e1e437a038959b6fdc0147eb987f95f369ac8d5b9924744537f6.mdx	32278
war3mapImported\SylvanasWindrunnerOriginalClip65-2c539d4952d5956a7a7e32234a728604bcd2760e20c395fc370de47db4ac6ccc.mdx	31277
war3mapImported\SylvanasWindrunnerOriginalClip66-f5f7aa25d210ff2659d362af1861b8bd1647b10701cba0c1d5cab3ca26708920.mdx	32236
war3mapImported\SylvanasWindrunnerOriginalClip67-2bbe4776c0a5e61e02d63109df0c87e2d46aaa24c6bd7e3f8eba84c59d1568eb.mdx	32069
war3mapImported\SylvanasWindrunnerOriginalClip68-83c10c2cf38b266fd03f9e727c89dbadd2f97bc04988c0b0823372fbfd8e36ff.mdx	32116
war3mapImported\SylvanasWindrunnerOriginalClip69-0e6b415ad81c3c6c730f7f3cc3a341a7fa8363960856b1c0137e4d8a4c58fe84.mdx	24231
war3mapImported\SylvanasWindrunnerOriginalClip7-4faef7cada9d0144d3290c766703a4e7629f484e0c214e68e9bb269eb93b1742.mdx	24569
war3mapImported\SylvanasWindrunnerOriginalClip70-436beb2c495e5295e847ca96b25fdc11fc93de89154b9cd9bf8ead14d1e88820.mdx	24233
war3mapImported\SylvanasWindrunnerOriginalClip71-34ad07826e568149cc1130122ad2aadcd3662fa3fe6b63dd52b6285f877a2e53.mdx	24247
war3mapImported\SylvanasWindrunnerOriginalClip72-adc33cae76da51669bd78242c4711aba470553afd99f674fdeff8cf66cbde8bd.mdx	24227
war3mapImported\SylvanasWindrunnerOriginalClip73-b3e6c2325033099b35ea5aee1c5f2cc4adef57d7e7b5a0178e624430fb0c86b6.mdx	24249
war3mapImported\SylvanasWindrunnerOriginalClip74-7616bd3d43f4b62f12193404f340ee90823435df7c792bfde2f1b014e26be487.mdx	24233
war3mapImported\SylvanasWindrunnerOriginalClip75-6d72924eabb3a8ba723ff7cd21823a1957f1d5ff2c4bfd27744449e638219887.mdx	24209
war3mapImported\SylvanasWindrunnerOriginalClip76-0c4fb64f4129d89e27f3c67e9f239a5d69f621780ffc1e516f7cccd2192d5561.mdx	24230
war3mapImported\SylvanasWindrunnerOriginalClip77-21c640e559098646f5de8d9c910e0b72733b8d7708943f3a510dce1a4546a0e2.mdx	24230
war3mapImported\SylvanasWindrunnerOriginalClip8-0971929f26f1de04d8b58084bbd4d2e8f7a49c261bbef408a2fdb82f4ce45862.mdx	23379
war3mapImported\SylvanasWindrunnerOriginalClip9-0b314efc7650532a5e894537de8ff7d776f2df9ee4534234f09cc66b34f9b6f8.mdx	18587
war3mapImported\SylvanasWindrunnerWhite-8a02fe2068ca0ca51cfa49ef53d3a9b37086d6e5630bacf804be59ff57d7b530.mdx	501974
war3mapImported\ThrallOriginalClip0-29321d9c57dcc5595574808905b6b6bd49d2bb231660b615b66b6fb8d1e9f925.mdx	23380
war3mapImported\ThrallOriginalClip1-9f6aa2545b2df51c9f6f8191b73cd7912f7a7a6b03f41dd7a8b303b0dc3d6220.mdx	36395
war3mapImported\ThrallOriginalClip10-b3213fe58501e468032e248c0c1e01d892e1d700d3a28ab570086a3a2e61856c.mdx	20891
war3mapImported\ThrallOriginalClip11-f36f227e0674e67fc7bcd5942f014c58d72514c385e8b8d5425989dfe42dda3e.mdx	20898
war3mapImported\ThrallOriginalClip12-421d84743160d61cc05cef0c8ed6794178d6f14dfcc3b412b82fa13dfc5bcf71.mdx	20898
war3mapImported\ThrallOriginalClip13-dc56b18d0147a620b58b027624902e8734e075634997ef12335c17003164eff4.mdx	20925
war3mapImported\ThrallOriginalClip14-58151e161d4f312f6081fd46b9ea64fea784d8bd5ebb0f6a5251d5a6521bd86d.mdx	20915
war3mapImported\ThrallOriginalClip15-3ea7f41c664af30d258c34ded9e0423dbd690098bf41e38be9d5a0ce1508dfb6.mdx	20875
war3mapImported\ThrallOriginalClip16-e8ba2b89893d49a48cb347f457e09df7e19cba8f19507fdde65522aa84ec2710.mdx	20903
war3mapImported\ThrallOriginalClip17-a141b9492b5502b6badd85eb000a0ee9b3e6ad58be49c398877343aea1bb9539.mdx	20921
war3mapImported\ThrallOriginalClip18-560dd5af7563a2a9eab36a66cc3f52a897dad3fc858f9f47bf5cf5d82f8d8c76.mdx	20824
war3mapImported\ThrallOriginalClip19-4b2f8dc930fe6e2d288c96a1853d71205e198eb5be1cc99e41311a1ee6813842.mdx	20856
war3mapImported\ThrallOriginalClip2-88a8786b261e216e5ab7d00c41866d81f68103d28136b44e2d1ef03d766de331.mdx	29684
war3mapImported\ThrallOriginalClip20-3dee8f60912be04caeac2145c8321bc1325d796c09d7fad6db84ec3c93682f6f.mdx	20755
war3mapImported\ThrallOriginalClip21-b358a82733a3a0823a7022efd28a0fc0353c85e560527f86ad47db630964f7a4.mdx	20848
war3mapImported\ThrallOriginalClip22-6bbf1a5f7081d459411ea2303f49064310314fd9a456da4ca8330684d8728db3.mdx	20903
war3mapImported\ThrallOriginalClip23-efd4c904c889e3456b72b7d69563b7936ee246c5c979e97ed2ec26a305d23dfb.mdx	20845
war3mapImported\ThrallOriginalClip24-d070b557fbe76cb17c8010e5ff2b089fd7acc685f2d90bbf24f4f031124342f0.mdx	20798
war3mapImported\ThrallOriginalClip25-f33c2e23e7679ea61d803d9e764252c8ed60e7d05444798b73f80fa67a2e79cc.mdx	20887
war3mapImported\ThrallOriginalClip26-34fe809f253018b9b45b94cf966ea6a3c1cb42e00f8ea1ece33fa2de65446b0c.mdx	20900
war3mapImported\ThrallOriginalClip27-d2d0608dcb114ade8090a4d566f319d1c833689770832fff67702257d40381d8.mdx	20841
war3mapImported\ThrallOriginalClip28-d6e2ed55502cee43c0c8b0a8096562e0300704bd9c8f4c787dc617fb06c9c983.mdx	20711
war3mapImported\ThrallOriginalClip29-31e5823358a06e6467df6c28118fd10671efdb3352c351032bf79064069b8288.mdx	20562
war3mapImported\ThrallOriginalClip3-520ac0d97df6e3c6e72a8c35df97787f55fdb9bf395d8c7aad83ec9e6b4a12d0.mdx	28178
war3mapImported\ThrallOriginalClip30-00c2b3e969a8d091022ef156c1ba581bc17b2af35e56c90eca3163cada4c0a69.mdx	20883
war3mapImported\ThrallOriginalClip31-c51f69fc8e5235f42f22d81745c9a92395808319b130ff949b36944d60e9dbc8.mdx	20689
war3mapImported\ThrallOriginalClip32-6fc6d75b1fd71e96f833e54ba116aab49a19fab62bdecfb7b96d30ae455bca2c.mdx	20870
war3mapImported\ThrallOriginalClip33-a757e0e13cb932670a42548fcf84940960b4f14b61461d46701125b4ee36e533.mdx	20873
war3mapImported\ThrallOriginalClip34-767d75f65a1d726e227b8fee0cd896b4776525f877d2656890704495edff3aaf.mdx	20853
war3mapImported\ThrallOriginalClip35-0aa876d06ac89e55edb538411a1b3aa31965ab6bc566d03e3a515fd9f28e9298.mdx	20847
war3mapImported\ThrallOriginalClip36-5999baa03e6c85f80f7e8a4c23c554f80b1cc892e1f3bf7c692e8f9cd284daae.mdx	20858
war3mapImported\ThrallOriginalClip37-346763cd67dd973c7ac59848ba1b070b9559ce54725262666d566dc720c5acd1.mdx	20864
war3mapImported\ThrallOriginalClip38-fca77848a75c5474b3cfc6c976522e8dc09f89a1ff19e9986b9014d8a2ed7746.mdx	20815
war3mapImported\ThrallOriginalClip39-6654885994a0d072c3cb894c2499f658aa41daefdba43bde59429d163079901b.mdx	20891
war3mapImported\ThrallOriginalClip4-089d06ca9b2bd14711b492e40017bcf9a0e7af637ad546f6c56a8f0bb7c7ec5d.mdx	32851
war3mapImported\ThrallOriginalClip40-dfcad0a40a1da3dccce8446f9975ddd8ea6b10978ceca757433f605336f9e0e4.mdx	20826
war3mapImported\ThrallOriginalClip41-f5768dd49b8b1ffabf8c657db3b20a62bb53a165a7f0d663c0d61cacb025056a.mdx	20869
war3mapImported\ThrallOriginalClip42-a35c6b60351a726abae50666198f9137463037511ff8740f559d8849b1f2f310.mdx	20897
war3mapImported\ThrallOriginalClip43-4738e2c2652be37d9b5ae6af0de246a2b256e947c203af2973737644a6695160.mdx	20900
war3mapImported\ThrallOriginalClip44-1018efef4eec54a7ce010d7013a66bb74e18770318c8ed42f4571ce171f196b9.mdx	20782
war3mapImported\ThrallOriginalClip45-8000dcaa72badbc9c37d19bbafb8f1bdddbd635440ddecba0b512bf7e7cc731d.mdx	20893
war3mapImported\ThrallOriginalClip46-12eec35c0dcfaca187756899a9e0f859bcf5b9bbea5b3eea71a92664a96dd64d.mdx	20912
war3mapImported\ThrallOriginalClip47-9d11057d8dac6d9d03a83997a90988debe9dc384d5f53867e78ba06122f99839.mdx	20846
war3mapImported\ThrallOriginalClip48-5efd2592a482b3405ad16ec6fca772a658e6e91b8c680a8a26aaea723e9b00ee.mdx	20834
war3mapImported\ThrallOriginalClip49-ba31f00b2ceeae67834a29692c593d3f79e58289d2472460bc339bf3d0e8c704.mdx	20899
war3mapImported\ThrallOriginalClip5-18464784081def5e60aa211e721e1cffc11245039994d4a51adf10ccaf805216.mdx	31340
war3mapImported\ThrallOriginalClip50-3a0cc947d31e8404138dc6520fd0dd6abc2cd3fac3b9041c603db2c4ca13a75c.mdx	20892
war3mapImported\ThrallOriginalClip51-13d37001907d8fe00c30b7a66d3d48f31fcade90de6fc0307bd43d0435719075.mdx	20812
war3mapImported\ThrallOriginalClip52-2adc31417122997d65200eceb4c08b3d11fe5d502f8fa9145c2d95b78e98748a.mdx	20660
war3mapImported\ThrallOriginalClip53-73215c2a8f9069135f59fcde03010b9a5b674dc6314da994f50c2dbe135a4c40.mdx	20510
war3mapImported\ThrallOriginalClip54-7bcfaca3a010f13b93312321ccb0582b2a70665c80049406b538f3cb284a07d6.mdx	20827
war3mapImported\ThrallOriginalClip55-f8af9ef6248330ef06d0117dca8345de0eab950cbd8a6f1bbe9542fce0b55ebf.mdx	20827
war3mapImported\ThrallOriginalClip56-3f2ad055cf7fd733e8010e38f2b7337d7e9032e29cb1e62ef5352dbcda2a5463.mdx	20791
war3mapImported\ThrallOriginalClip57-de7190ecd06fdfd27eaf101c1ebe1cdcf35917aa4c5611b7590662fb2b85a220.mdx	20879
war3mapImported\ThrallOriginalClip58-3637cd9248e31d77852390f0e89a6dd629c6b50c877833e60409986d85daaf06.mdx	20909
war3mapImported\ThrallOriginalClip59-26e858c3736ef9dfa13f8aba1561e1dbc3b89ed8b0b1aed21ed4d640c3d6d2b5.mdx	20644
war3mapImported\ThrallOriginalClip6-6cab3eed409e2b28646ae7c2baa19a4fe879211bbd45a9e62ea0898d30c47a7c.mdx	24366
war3mapImported\ThrallOriginalClip60-6365fa1864fe311287c17a1ea04f008dc51dc4ca9cfd2add99c5e5311d2fa3a1.mdx	20643
war3mapImported\ThrallOriginalClip61-a8e0398f26c88612a04110cf6cd023588fa7ec232fa4387adcaeea024b2fea52.mdx	20636
war3mapImported\ThrallOriginalClip62-ad9d2ccb611d16f640845a568cef77dea840987766e5a3398d0ae019efad44c7.mdx	20714
war3mapImported\ThrallOriginalClip63-8692127235ce95531c34743e5245b0e4a241698dae0bb44c433404ec393a61b4.mdx	20943
war3mapImported\ThrallOriginalClip64-e2bcb053e46289c5ce6a7dfae45f672f6dacf0f0d52d4ac29345bff8cc4bd639.mdx	20924
war3mapImported\ThrallOriginalClip65-df13c3de78d1d3e43412f6ddf258f8687c6fc551c90d8611d5433f3014aa946a.mdx	20932
war3mapImported\ThrallOriginalClip66-18c3788fb35127ec4263b1dc43590c061b37cbcc469bb673c180c2dd61798f96.mdx	20939
war3mapImported\ThrallOriginalClip67-f28514467e2a6f49593215538f4f536cc8770e0746ac94eb1eab4d3302d7c311.mdx	20923
war3mapImported\ThrallOriginalClip68-234d0a7694239a2427a04b8a0b8b3aed9ebee09b243743871a351690d57d1a6d.mdx	20928
war3mapImported\ThrallOriginalClip69-a18ef0116bb2803a11a582f6b31e2400f42ff5de01563981084a6fce3279341a.mdx	20908
war3mapImported\ThrallOriginalClip7-c99ba7b28ab35b6d835f9f9fb0d9f3d4659c6cd5342787780132428009a376e2.mdx	20865
war3mapImported\ThrallOriginalClip70-4f61b629d70ef6c222c5ffcbe24c5007d2db8675de7fda6c011c9361c3e96e41.mdx	20932
war3mapImported\ThrallOriginalClip71-41ac0916ebfc7e74d9d7925df0e0d0e0349a35b614f60e7038e1157f1c5ebbb1.mdx	20863
war3mapImported\ThrallOriginalClip72-eed45b1179985ebf55545c8c2f9dab183f08b2f7ac5b850d2a6f970cf0dc4ccf.mdx	20811
war3mapImported\ThrallOriginalClip73-b51df8254efb5ab9b8f97e2f219f0ced0be715dfcb6b06d56befcd2facec5241.mdx	20817
war3mapImported\ThrallOriginalClip74-b38ea24d6aa2aff38bba6d036d0fb22613f164b9a6e5b4b4b0ee78c208956b40.mdx	20856
war3mapImported\ThrallOriginalClip75-23bb9995d796b6a1754e03eb5d6bcda567b39e9c7a673ee7e4e601d3183cc537.mdx	20896
war3mapImported\ThrallOriginalClip76-b76307a00986974faa03010d337c2e9d85416dac6c2cff872f89720b28871726.mdx	20882
war3mapImported\ThrallOriginalClip77-2d4f5e93c6693027b7915b5a9f7e0f9746a98da08b17ec91cdac47edf5e7edd8.mdx	20901
war3mapImported\ThrallOriginalClip78-5b1102aee374eb80d503d957e8d3b51c48b913669dc0284e476f81ffdf2ae657.mdx	20867
war3mapImported\ThrallOriginalClip79-71039599718b0bd844e5d0c702f46f1db7a6f468e9415da2cc511ca19dbf5aa4.mdx	20732
war3mapImported\ThrallOriginalClip8-f095e8d755ffdeee16d11c89853c7751904ef854b9f1ea6d2a7ea3416585c44c.mdx	20850
war3mapImported\ThrallOriginalClip80-f692fce231db665b25de765b10edfd442401e1717d2f8d656ae36a88a9eddcfb.mdx	20731
war3mapImported\ThrallOriginalClip81-2d456be6bdebf8a06131d881130d90536a68ad7cd857fb6aaa4cd14049a74b77.mdx	20733
war3mapImported\ThrallOriginalClip82-d64159964a38135c6e237a64ffd14460b3fa18e919a16f7cab61fdcc2aab2c09.mdx	20631
war3mapImported\ThrallOriginalClip83-a3a24ab707784d50addbe9f4d669e52a0a429913b58db009d8e19b3278a2946f.mdx	20625
war3mapImported\ThrallOriginalClip84-85522ef471eb98adc62895e5314b6949a2832d8673570c4659f791a769ae1fc9.mdx	20627
war3mapImported\ThrallOriginalClip85-dbf87ab77429445766809fd96411fc4b41ee9b159f20eb4559fd11f9e1cc134d.mdx	20661
war3mapImported\ThrallOriginalClip86-06faf81c771faeafd340d2705fd64c627c348b05fcf9beaebe5bdd86ffcf75b7.mdx	20672
war3mapImported\ThrallOriginalClip87-d72c3081c10426d643330be6e12d7d9327c14cb548317f9cf3259754d991a9a3.mdx	20671
war3mapImported\ThrallOriginalClip9-508b139daae96221a7e672bc954dc5ae7be617ab1826be429dd91c1514141741.mdx	20894
war3mapImported\ThrallWhite-f48c5827d242ea18ff7e70783f279a2135f6ba7edd18379315db5e8861f53d56.mdx	204747
war3mapImported\WardenOriginalClip0-df72b0048e7489d2e2a85c289ff1f7d8670e94353de1faa44d2925e194b40b76.mdx	27590
war3mapImported\WardenOriginalClip1-b60a0d01295596e0f960034335511f31b8c32a8f0204f14ed16b7161401843d6.mdx	35866
war3mapImported\WardenOriginalClip10-ac782ac2125dc155a4640828eea5cb6776fa6d689aab18701c0775adeeeb4c22.mdx	27567
war3mapImported\WardenOriginalClip11-41accd78d6f19fb09ae1bee24e54edc223ded5b12dee345a8d0b86f51bd43610.mdx	30281
war3mapImported\WardenOriginalClip12-84a272a0144073e69cd9b09aa48a631643d7872fac572716c021816adb29d812.mdx	27800
war3mapImported\WardenOriginalClip13-bcb0d0c891f0b02f0e4a3487bb17006fbacf72b6485fc76599da3681d829c278.mdx	27767
war3mapImported\WardenOriginalClip14-3e78139f014d702c7f9a62fd9f250225b5bb26b4752d3772bf4c9a4270b825ab.mdx	27654
war3mapImported\WardenOriginalClip15-a290b2d6bda336e67ae0d1ea2e015e1191035a08948992fce55ba34ae5bc4fc5.mdx	28372
war3mapImported\WardenOriginalClip16-453381767a6e32abac6b7be7fe51b360f209220e7234fa404fe6da283c2a19b5.mdx	28291
war3mapImported\WardenOriginalClip17-58093da78359432dde5b6c1c3959934234a9735aabdd8b566ccf30ad84d39f03.mdx	28578
war3mapImported\WardenOriginalClip18-be66b8843a814fb9ff0ed21d908232fdf0e9e57a44309119b5c88752a7bbe2ac.mdx	28605
war3mapImported\WardenOriginalClip19-ff49748a33ebb9fcd8a4418766d6a31ac7f8280a4e11cf3d23e4184843c43bf9.mdx	28474
war3mapImported\WardenOriginalClip2-adf2f5d739fb7d08dcedc580a453ecccab06782594a2a95d25a35c8b9247aadc.mdx	32988
war3mapImported\WardenOriginalClip20-e4d57933140d95211e0f84db72901e01512238bce43136564e10dfe52414f97f.mdx	28496
war3mapImported\WardenOriginalClip21-30e28c1805b21f49b4f1545a571fd8b5a471b81b735d406f44eee5c4f0c6677b.mdx	28384
war3mapImported\WardenOriginalClip22-f6a2af435f64b61e9c42eddc68777f469e971c7acf16521db6ecde82487c2da9.mdx	28398
war3mapImported\WardenOriginalClip23-9e3518c4ebdd991efc9df116b5e77dbf29afb21e652aad608c85c7f72e6f3676.mdx	27995
war3mapImported\WardenOriginalClip24-95728ec2322809e64a962ba7621430a48bd700860e8ea27eef341ef5e8483473.mdx	28379
war3mapImported\WardenOriginalClip25-b61c5f90a4b22fdc7e4c9eff48ea9c073046ad0064118c83dc2952b5ba442334.mdx	36520
war3mapImported\WardenOriginalClip26-ff2a3d79651032869594ab711554a04ef4675a565880d16dd3a145ca68710fc7.mdx	28165
war3mapImported\WardenOriginalClip27-f1f35e194752d3fa848e4fd1616aa640398a746f84c930572e9ba93427a1ca6b.mdx	28496
war3mapImported\WardenOriginalClip28-b4fde1d86469040aa2024d1dc32d04496936ea0d24afe9e43055a13043fe0dd8.mdx	36118
war3mapImported\WardenOriginalClip29-3b43b728651ccb6e546b70562b6325969b5e941e4b917d20ad34d937de8055e4.mdx	27421
war3mapImported\WardenOriginalClip3-d119034b30ffa2e79b275892a936b592b90b901325d408d6b2fc82ffe3dd874c.mdx	32836
war3mapImported\WardenOriginalClip30-f11994e2097c0b298ec584584b3f59686588068d01d5e73a1c1c3b61655e619c.mdx	27428
war3mapImported\WardenOriginalClip31-25e3ccf28dd0cedc3f78ad0e2ebab6b5ef19aa7c43075c90cebeeebbb6cc0204.mdx	27436
war3mapImported\WardenOriginalClip32-6744d565efd79cba428a44824d2d29bdd510ed03bb94a41d17b970c7f89dce0b.mdx	27433
war3mapImported\WardenOriginalClip33-79f1a9a3c001c5f003ff44a686e76bae19b3d64e1621846392f95ec65392d510.mdx	27509
war3mapImported\WardenOriginalClip34-86bab445e992991c72c64529dc996411d6197a98144cfa9f28c4c0d0a4538285.mdx	27510
war3mapImported\WardenOriginalClip35-4aa474d6305eb936cee04ded4ef0a6371dd614d53a16faeb98024faecee28391.mdx	27523
war3mapImported\WardenOriginalClip36-469918ce94dd12c183e835e7d6f79f3f1222e95ac947d7de45a6010a1ca09cad.mdx	27505
war3mapImported\WardenOriginalClip37-381262e8dfba4a08cd67f1368211998c537f9a175492f7133c4151717486695a.mdx	27515
war3mapImported\WardenOriginalClip38-e1b37ce23e0bff47e4b48540197312702c46be513a8fdcd84e9a5d579441c504.mdx	30112
war3mapImported\WardenOriginalClip39-bdb2bf9d69c8a1b37b3d20821032f6a5f69004553e5801d05a0a5c1e275aa434.mdx	26938
war3mapImported\WardenOriginalClip4-d2d0980c91cf0ebec6b9dc0567ebd70f51b146650ef01e1ea85edcb4d9aebebf.mdx	27686
war3mapImported\WardenOriginalClip40-e7f597a60d3d4222ac9694345560909b744250c30e4e0f8f65235b1a582d3fdc.mdx	26813
war3mapImported\WardenOriginalClip41-05e683403dfdaadc75b9061187546a533666291e1750fa94540d689f809fd61d.mdx	26821
war3mapImported\WardenOriginalClip42-b28a3455048f09dcae939be0246244fce70f8dddc42e03a0e940cbdf3d689bab.mdx	26974
war3mapImported\WardenOriginalClip43-e256f22972fb28952d3fffc4a213516f2cf31198edfc12f3548f1e80b1aa4e3a.mdx	26869
war3mapImported\WardenOriginalClip44-953a63cece5af5c652138d1e3e538d9f5787448c8868dab33f852e34e4f4649d.mdx	27087
war3mapImported\WardenOriginalClip45-a59605c88fb14589632db10184a68f232a0f8801d5c14907df8ab38eca4a34cd.mdx	27181
war3mapImported\WardenOriginalClip46-b8f8db073535e49a71ca6aec0c1d1c1595790d244df245eb7bf5614910e03971.mdx	27129
war3mapImported\WardenOriginalClip47-7281e04418adfb0efdb9f3e4bcd6cb9499f099d8847d2ea74ba2296b6535a0fb.mdx	27185
war3mapImported\WardenOriginalClip48-d59f7581027c37ebbd64ffe6075330808b9b0a08b7420c16f286d68975eddc4f.mdx	27174
war3mapImported\WardenOriginalClip49-9431d9b2e87f9aff0578108163001fbaa4a021024e52b6ee9f000aab31b74cb1.mdx	27191
war3mapImported\WardenOriginalClip5-d555808cbbd8b62162c61610696feefc079aae17af6af7817d4a6994536409e2.mdx	35324
war3mapImported\WardenOriginalClip50-dc8f83386e61007071d482f695f215b10b16479a991035d343c6e70427a62164.mdx	27186
war3mapImported\WardenOriginalClip51-a53cdb876e4c7049683e1816fe86afe46cfc81e6227b5f02426ce35c29da2515.mdx	27190
war3mapImported\WardenOriginalClip52-5ef296abb9546d374cd8a40c13a168855bfd8b0d92301fac2ea58e29144a6f02.mdx	38561
war3mapImported\WardenOriginalClip53-ef4d299dd698c4814375aba9d6e343530237e213c4cef389af33d61c4220190a.mdx	40265
war3mapImported\WardenOriginalClip54-52e8605dfdb9f195654d5cda0a60c03fd60b29b72d6b086ebc76c148e9075a19.mdx	41414
war3mapImported\WardenOriginalClip55-69d703a3654c59c7e7bc8337abe05768e7f8a2bb9dc0366fd3e80d6b4c9afdf7.mdx	36263
war3mapImported\WardenOriginalClip56-ac3aa9c146128a881f5bebc5e93571ec614d4d267b94250c75ce6d8f60690ec5.mdx	37447
war3mapImported\WardenOriginalClip57-27304616cc0cfa4e0c6e62dc5c0e1d1568c354ec0e9ae8faf68fdb0b46304f5f.mdx	31867
war3mapImported\WardenOriginalClip58-7e0d869e6b733ac7c446ab2a73b32c24ea1056ab072c092a6bae18f57fbd3222.mdx	39112
war3mapImported\WardenOriginalClip59-663f56e68c776303fe05dcb85c1d8ee44b9ac6fbcdec3ea75e0be07a0a7cb433.mdx	41225
war3mapImported\WardenOriginalClip6-ccf94fcb054b546d3f67ae867f660ed2e75e27c35ef26e759a7522598a6e644f.mdx	33059
war3mapImported\WardenOriginalClip60-37610ece6461d66bdbc81e801bcd4bb5e9216024492be586cb26e577ec39cc8c.mdx	47427
war3mapImported\WardenOriginalClip61-e63a54367f0e9ae44b7b9dc99743f7925c81759c00f0451823147438c35f4982.mdx	37785
war3mapImported\WardenOriginalClip62-2b1e480be4633220f36959658c6da9314877e15a0339963caf90f6fc0584e8e9.mdx	40682
war3mapImported\WardenOriginalClip63-61fec67945e67ef4302e04ae6f99e85ed657f23201deeebc32e705cd4534d95a.mdx	46690
war3mapImported\WardenOriginalClip64-1381adcc8b9dc49689d73e7e386ede4cd7b6734bb87ecac435315a544e5e1092.mdx	39655
war3mapImported\WardenOriginalClip7-55bd87671e2c0655e05730c4299ec77508fbc355db71aa24d8000bff7e251820.mdx	26803
war3mapImported\WardenOriginalClip8-3ad1b720391b6ee140652b66bbf89f4d2d498e4639361289d0d23169087aa7c6.mdx	27386
war3mapImported\WardenOriginalClip9-4c14192927fd6a766e8bfcab9c60edbda507b25ec50c168fc59bfef19bf54983.mdx	35263
war3mapImported\WardenWhite-34b81ee50c632c505b4205029b2fb0eb2dc21c965065362ad309679eb7ccf92e.mdx	385277
