source=/dev/input/event2 name=Some("Smashcraft Event Retention Virtual Gamepad") clock=CLOCK_MONOTONIC epoch_ns=553884859030769 frame_rule=segment_frame+floor((t-segment_epoch)*60/1e9) first=1 delay=0 pause_policy=sequenced-map-control
readiness_receipt=/home/tom/.local/share/Steam/steamapps/compatdata/3516115571/pfx/drive_c/users/steamuser/Documents/Warcraft III/CustomMapData/smashcraft-journal-ready-text-receipt-20261005-e1-p0.txt
published_frame=1
published_frame=2
editbox_emit sequence=1 bytes=37 elapsed_us=2127 envelope=@J10000000001000000000102742|I421100;
published_frame=3
published_frame=4
editbox_emit sequence=2 bytes=37 elapsed_us=2050 envelope=@J10000000001000000000247029|I421300;
published_frame=5
event mono_ns=553884959330000 frame=7 held=32 pressed=32 released=0
published_frame=6
editbox_emit sequence=3 bytes=37 elapsed_us=2374 envelope=@J10000000001000000000325795|I421500;
event mono_ns=553884964197000 frame=7 held=0 pressed=0 released=32
published_frame=7
published_frame=8
editbox_emit sequence=4 bytes=43 elapsed_us=3348 envelope=@J10000000001000000000456492|I4217200W00W0;
published_frame=9
published_frame=10
editbox_emit sequence=5 bytes=37 elapsed_us=2180 envelope=@J10000000001000000000548848|I421900;
published_frame=11
published_frame=12
editbox_emit sequence=6 bytes=37 elapsed_us=2033 envelope=@J10000000001000000000627614|I421B00;
published_frame=13
published_frame=14
editbox_emit sequence=7 bytes=37 elapsed_us=3028 envelope=@J10000000001000000000706380|I421D00;
published_frame=15
published_frame=16
editbox_emit sequence=8 bytes=37 elapsed_us=2207 envelope=@J10000000001000000000850667|I421F00;
published_frame=17
editbox_emit sequence=8 bytes=37 elapsed_us=2489 envelope=@J10000000001000000000850667|I421F00;
published_frame=18
editbox_emit sequence=9 bytes=37 elapsed_us=1998 envelope=@J10000000001000000000929433|I421H00;
published_frame=19
published_frame=20
editbox_emit sequence=10 bytes=37 elapsed_us=2386 envelope=@J10000000001000000001036705|I421J00;
published_frame=21
published_frame=22
editbox_emit sequence=11 bytes=37 elapsed_us=2076 envelope=@J10000000001000000001115471|I421L00;
published_frame=23
published_frame=24
editbox_emit sequence=12 bytes=37 elapsed_us=2411 envelope=@J10000000001000000001259758|I421N00;
published_frame=25
published_frame=26
editbox_emit sequence=13 bytes=37 elapsed_us=2155 envelope=@J10000000001000000001338524|I421P00;
published_frame=27
published_frame=28
editbox_emit sequence=14 bytes=37 elapsed_us=3026 envelope=@J10000000001000000001417290|I421R00;
published_frame=29
published_frame=30
editbox_emit sequence=15 bytes=37 elapsed_us=3497 envelope=@J10000000001000000001561577|I421T00;
published_frame=31
published_frame=32
editbox_emit sequence=16 bytes=37 elapsed_us=2641 envelope=@J10000000001000000001640343|I421V00;
editbox_emit sequence=13 bytes=37 elapsed_us=1981 envelope=@J10000000001000000001338524|I421P00;
editbox_emit sequence=14 bytes=37 elapsed_us=1830 envelope=@J10000000001000000001417290|I421R00;
editbox_emit sequence=15 bytes=37 elapsed_us=2270 envelope=@J10000000001000000001561577|I421T00;
published_frame=33
editbox_emit sequence=16 bytes=37 elapsed_us=2561 envelope=@J10000000001000000001640343|I421V00;
published_frame=34
editbox_emit sequence=17 bytes=38 elapsed_us=3115 envelope=@J10000000001000000001710807|I421X100;
published_frame=35
published_frame=36
editbox_emit sequence=18 bytes=38 elapsed_us=2666 envelope=@J10000000001000000001853795|I421Z100;
published_frame=37
published_frame=38
editbox_emit sequence=19 bytes=38 elapsed_us=2260 envelope=@J10000000001000000001931262|I421b100;
event mono_ns=553885509231000 frame=40 held=256 pressed=256 released=0
published_frame=39
published_frame=40
editbox_emit sequence=20 bytes=50 elapsed_us=3168 envelope=@J10000000001000000002031608|I421d10B040040000Fy0;
published_frame=41
published_frame=42
editbox_emit sequence=21 bytes=50 elapsed_us=3370 envelope=@J10000000001000000002137896|I421f19040Fy09040Fy0;
published_frame=43
published_frame=44
editbox_emit sequence=22 bytes=50 elapsed_us=2763 envelope=@J10000000001000000002202150|I421h19040Fy09040Fy0;
published_frame=45
published_frame=46
editbox_emit sequence=23 bytes=50 elapsed_us=2662 envelope=@J10000000001000000002331925|I421j19040Fy09040Fy0;
published_frame=47
editbox_emit sequence=23 bytes=50 elapsed_us=2650 envelope=@J10000000001000000002331925|I421j19040Fy09040Fy0;
published_frame=48
editbox_emit sequence=24 bytes=50 elapsed_us=7468 envelope=@J10000000001000000002461700|I421l19040Fy09040Fy0;
focus_release mono_ns=553885668687752 frame=49
game-eligible=false mono_ns=553885668260181 neutral_rearm=required
input_armed=false gameplay_armed=false mono_ns=553885668687752
published_frame=49
published_frame=50
published_frame=51
published_frame=52
published_frame=53
published_frame=54
published_frame=55
published_frame=56
suppressed mono_ns=553885809351000 reason=focus-pause-or-neutral
published_frame=57
published_frame=58
published_frame=59
suppressed mono_ns=553885859256000 reason=focus-pause-or-neutral
published_frame=60
suppressed mono_ns=553885864251000 reason=focus-pause-or-neutral
published_frame=61
published_frame=62
suppressed mono_ns=553885909248000 reason=focus-pause-or-neutral
published_frame=63
suppressed mono_ns=553885914186000 reason=focus-pause-or-neutral
published_frame=64
published_frame=65
suppressed mono_ns=553885959228000 reason=focus-pause-or-neutral
published_frame=66
published_frame=67
suppressed mono_ns=553885979216000 reason=focus-pause-or-neutral
published_frame=68
published_frame=69
published_frame=70
published_frame=71
published_frame=72
published_frame=73
published_frame=74
published_frame=75
published_frame=76
published_frame=77
published_frame=78
game-eligible=true mono_ns=553886170761688 neutral_rearm=required
editbox_emit sequence=24 bytes=50 elapsed_us=3381 envelope=@J10000000001000000002461700|I421l19040Fy09040Fy0;
published_frame=79
editbox_emit sequence=25 bytes=44 elapsed_us=2106 envelope=@J10000000001000000002511683|I421n120000400;
editbox_emit sequence=26 bytes=38 elapsed_us=1972 envelope=@J10000000001000000002617790|I421p100;
editbox_emit sequence=27 bytes=38 elapsed_us=2415 envelope=@J10000000001000000002760778|I421r100;
editbox_emit sequence=28 bytes=38 elapsed_us=2529 envelope=@J10000000001000000002838245|I421t100;
published_frame=80
editbox_emit sequence=29 bytes=38 elapsed_us=2102 envelope=@J10000000001000000002915712|I421v100;
editbox_emit sequence=30 bytes=38 elapsed_us=2359 envelope=@J10000000001000000003006396|I421x100;
editbox_emit sequence=31 bytes=38 elapsed_us=2115 envelope=@J10000000001000000003149384|I421z100;
editbox_emit sequence=32 bytes=38 elapsed_us=2885 envelope=@J10000000001000000003226851|I421_100;
published_frame=81
editbox_emit sequence=33 bytes=38 elapsed_us=2165 envelope=@J10000000001000000003361970|I421X200;
editbox_emit sequence=34 bytes=38 elapsed_us=2627 envelope=@J10000000001000000003439437|I421Z200;
editbox_emit sequence=35 bytes=38 elapsed_us=2674 envelope=@J10000000001000000003516904|I421b200;
editbox_emit sequence=36 bytes=38 elapsed_us=2452 envelope=@J10000000001000000003659892|I421d200;
published_frame=82
editbox_emit sequence=37 bytes=38 elapsed_us=2580 envelope=@J10000000001000000003737359|I421f200;
editbox_emit sequence=38 bytes=38 elapsed_us=2375 envelope=@J10000000001000000003814826|I421h200;
editbox_emit sequence=39 bytes=38 elapsed_us=1986 envelope=@J10000000001000000003957814|I421j200;
published_frame=83
published_frame=84
published_frame=85
published_frame=86
suppressed mono_ns=553886309282000 reason=focus-pause-or-neutral
published_frame=87
published_frame=88
published_frame=89
suppressed mono_ns=553886359235000 reason=focus-pause-or-neutral
input_armed=true gameplay_armed=true mono_ns=553886359850781
published_frame=90
published_frame=91
published_frame=92
published_frame=93
editbox_emit sequence=24 bytes=50 elapsed_us=3017 envelope=@J10000000001000000002461700|I421l19040Fy09040Fy0;
published_frame=94
editbox_emit sequence=25 bytes=44 elapsed_us=2559 envelope=@J10000000001000000002511683|I421n120000400;
editbox_emit sequence=26 bytes=38 elapsed_us=1946 envelope=@J10000000001000000002617790|I421p100;
editbox_emit sequence=27 bytes=38 elapsed_us=1845 envelope=@J10000000001000000002760778|I421r100;
editbox_emit sequence=28 bytes=38 elapsed_us=1767 envelope=@J10000000001000000002838245|I421t100;
editbox_emit sequence=29 bytes=38 elapsed_us=2387 envelope=@J10000000001000000002915712|I421v100;
published_frame=95
editbox_emit sequence=30 bytes=38 elapsed_us=2393 envelope=@J10000000001000000003006396|I421x100;
editbox_emit sequence=31 bytes=38 elapsed_us=2177 envelope=@J10000000001000000003149384|I421z100;
editbox_emit sequence=32 bytes=38 elapsed_us=2574 envelope=@J10000000001000000003226851|I421_100;
editbox_emit sequence=33 bytes=38 elapsed_us=2867 envelope=@J10000000001000000003361970|I421X200;
published_frame=96
editbox_emit sequence=34 bytes=38 elapsed_us=2505 envelope=@J10000000001000000003439437|I421Z200;
editbox_emit sequence=35 bytes=38 elapsed_us=2595 envelope=@J10000000001000000003516904|I421b200;
editbox_emit sequence=36 bytes=38 elapsed_us=2586 envelope=@J10000000001000000003659892|I421d200;
editbox_emit sequence=37 bytes=38 elapsed_us=2345 envelope=@J10000000001000000003737359|I421f200;
published_frame=97
editbox_emit sequence=38 bytes=38 elapsed_us=3133 envelope=@J10000000001000000003814826|I421h200;
editbox_emit sequence=39 bytes=38 elapsed_us=2299 envelope=@J10000000001000000003957814|I421j200;
published_frame=98
published_frame=99
published_frame=100
published_frame=101
published_frame=102
published_frame=103
published_frame=104
published_frame=105
published_frame=106
published_frame=107
event mono_ns=553886659265000 frame=109 held=32 pressed=32 released=0
published_frame=108
event mono_ns=553886664176000 frame=109 held=0 pressed=0 released=32
editbox_emit sequence=40 bytes=38 elapsed_us=2149 envelope=@J10000000001000000004048498|I421l200;
editbox_emit sequence=25 bytes=44 elapsed_us=3019 envelope=@J10000000001000000002511683|I421n120000400;
published_frame=109
editbox_emit sequence=26 bytes=38 elapsed_us=2251 envelope=@J10000000001000000002617790|I421p100;
editbox_emit sequence=27 bytes=38 elapsed_us=1899 envelope=@J10000000001000000002760778|I421r100;
editbox_emit sequence=28 bytes=38 elapsed_us=2114 envelope=@J10000000001000000002838245|I421t100;
editbox_emit sequence=29 bytes=38 elapsed_us=1841 envelope=@J10000000001000000002915712|I421v100;
editbox_emit sequence=30 bytes=38 elapsed_us=2448 envelope=@J10000000001000000003006396|I421x100;
published_frame=110
editbox_emit sequence=31 bytes=38 elapsed_us=1945 envelope=@J10000000001000000003149384|I421z100;
editbox_emit sequence=32 bytes=38 elapsed_us=2305 envelope=@J10000000001000000003226851|I421_100;
editbox_emit sequence=33 bytes=38 elapsed_us=2428 envelope=@J10000000001000000003361970|I421X200;
editbox_emit sequence=34 bytes=38 elapsed_us=2509 envelope=@J10000000001000000003439437|I421Z200;
published_frame=111
editbox_emit sequence=35 bytes=38 elapsed_us=1826 envelope=@J10000000001000000003516904|I421b200;
editbox_emit sequence=36 bytes=38 elapsed_us=1821 envelope=@J10000000001000000003659892|I421d200;
editbox_emit sequence=37 bytes=38 elapsed_us=1725 envelope=@J10000000001000000003737359|I421f200;
editbox_emit sequence=38 bytes=38 elapsed_us=2688 envelope=@J10000000001000000003814826|I421h200;
editbox_emit sequence=39 bytes=38 elapsed_us=3017 envelope=@J10000000001000000003957814|I421j200;
published_frame=112
editbox_emit sequence=40 bytes=38 elapsed_us=1826 envelope=@J10000000001000000004048498|I421l200;
editbox_emit sequence=41 bytes=38 elapsed_us=1773 envelope=@J10000000001000000004125965|I421n200;
editbox_emit sequence=42 bytes=38 elapsed_us=1992 envelope=@J10000000001000000004203432|I421p200;
editbox_emit sequence=43 bytes=38 elapsed_us=1885 envelope=@J10000000001000000004346420|I421r200;
published_frame=113
editbox_emit sequence=44 bytes=38 elapsed_us=1955 envelope=@J10000000001000000004423887|I421t200;
editbox_emit sequence=45 bytes=38 elapsed_us=2127 envelope=@J10000000001000000004501354|I421v200;
editbox_emit sequence=46 bytes=38 elapsed_us=2230 envelope=@J10000000001000000004644342|I421x200;
published_frame=114
published_frame=115
editbox_emit sequence=47 bytes=38 elapsed_us=2155 envelope=@J10000000001000000004721809|I421z200;
editbox_emit sequence=48 bytes=38 elapsed_us=2674 envelope=@J10000000001000000004864797|I421_200;
published_frame=116
editbox_emit sequence=49 bytes=38 elapsed_us=2139 envelope=@J10000000001000000004934395|I421X300;
editbox_emit sequence=50 bytes=38 elapsed_us=1980 envelope=@J10000000001000000005025079|I421Z300;
editbox_emit sequence=51 bytes=38 elapsed_us=1993 envelope=@J10000000001000000005102546|I421b300;
editbox_emit sequence=52 bytes=38 elapsed_us=2370 envelope=@J10000000001000000005245534|I421d300;
published_frame=117
published_frame=118
published_frame=119
published_frame=120
published_frame=121
published_frame=122
published_frame=123
editbox_emit sequence=37 bytes=38 elapsed_us=2077 envelope=@J10000000001000000003737359|I421f200;
published_frame=124
editbox_emit sequence=38 bytes=38 elapsed_us=2327 envelope=@J10000000001000000003814826|I421h200;
editbox_emit sequence=39 bytes=38 elapsed_us=1995 envelope=@J10000000001000000003957814|I421j200;
editbox_emit sequence=40 bytes=38 elapsed_us=2199 envelope=@J10000000001000000004048498|I421l200;
editbox_emit sequence=41 bytes=38 elapsed_us=2589 envelope=@J10000000001000000004125965|I421n200;
editbox_emit sequence=42 bytes=38 elapsed_us=1953 envelope=@J10000000001000000004203432|I421p200;
published_frame=125
editbox_emit sequence=43 bytes=38 elapsed_us=1945 envelope=@J10000000001000000004346420|I421r200;
editbox_emit sequence=44 bytes=38 elapsed_us=1939 envelope=@J10000000001000000004423887|I421t200;
editbox_emit sequence=45 bytes=38 elapsed_us=2044 envelope=@J10000000001000000004501354|I421v200;
editbox_emit sequence=46 bytes=38 elapsed_us=1856 envelope=@J10000000001000000004644342|I421x200;
published_frame=126
editbox_emit sequence=47 bytes=38 elapsed_us=2277 envelope=@J10000000001000000004721809|I421z200;
editbox_emit sequence=48 bytes=38 elapsed_us=1900 envelope=@J10000000001000000004864797|I421_200;
editbox_emit sequence=49 bytes=38 elapsed_us=2129 envelope=@J10000000001000000004934395|I421X300;
editbox_emit sequence=50 bytes=38 elapsed_us=2383 envelope=@J10000000001000000005025079|I421Z300;
editbox_emit sequence=51 bytes=38 elapsed_us=2353 envelope=@J10000000001000000005102546|I421b300;
published_frame=127
editbox_emit sequence=52 bytes=38 elapsed_us=2316 envelope=@J10000000001000000005245534|I421d300;
published_frame=128
published_frame=129
published_frame=130
published_frame=131
published_frame=132
published_frame=133
published_frame=134
published_frame=135
published_frame=136
published_frame=137
published_frame=138
editbox_emit sequence=37 bytes=38 elapsed_us=2129 envelope=@J10000000001000000003737359|I421f200;
published_frame=139
editbox_emit sequence=38 bytes=38 elapsed_us=2272 envelope=@J10000000001000000003814826|I421h200;
editbox_emit sequence=39 bytes=38 elapsed_us=1850 envelope=@J10000000001000000003957814|I421j200;
editbox_emit sequence=40 bytes=38 elapsed_us=1885 envelope=@J10000000001000000004048498|I421l200;
editbox_emit sequence=41 bytes=38 elapsed_us=2059 envelope=@J10000000001000000004125965|I421n200;
editbox_emit sequence=42 bytes=38 elapsed_us=2090 envelope=@J10000000001000000004203432|I421p200;
published_frame=140
editbox_emit sequence=43 bytes=38 elapsed_us=1836 envelope=@J10000000001000000004346420|I421r200;
editbox_emit sequence=44 bytes=38 elapsed_us=1937 envelope=@J10000000001000000004423887|I421t200;
editbox_emit sequence=45 bytes=38 elapsed_us=1861 envelope=@J10000000001000000004501354|I421v200;
editbox_emit sequence=46 bytes=38 elapsed_us=2171 envelope=@J10000000001000000004644342|I421x200;
editbox_emit sequence=47 bytes=38 elapsed_us=1989 envelope=@J10000000001000000004721809|I421z200;
published_frame=141
editbox_emit sequence=48 bytes=38 elapsed_us=1978 envelope=@J10000000001000000004864797|I421_200;
editbox_emit sequence=49 bytes=38 elapsed_us=2240 envelope=@J10000000001000000004934395|I421X300;
editbox_emit sequence=50 bytes=38 elapsed_us=2118 envelope=@J10000000001000000005025079|I421Z300;
editbox_emit sequence=51 bytes=38 elapsed_us=2665 envelope=@J10000000001000000005102546|I421b300;
published_frame=142
editbox_emit sequence=52 bytes=38 elapsed_us=2111 envelope=@J10000000001000000005245534|I421d300;
published_frame=143
published_frame=144
published_frame=145
published_frame=146
published_frame=147
published_frame=148
published_frame=149
published_frame=150
published_frame=151
published_frame=152
published_frame=153
editbox_emit sequence=37 bytes=38 elapsed_us=2356 envelope=@J10000000001000000003737359|I421f200;
published_frame=154
editbox_emit sequence=38 bytes=38 elapsed_us=2011 envelope=@J10000000001000000003814826|I421h200;
editbox_emit sequence=39 bytes=38 elapsed_us=2015 envelope=@J10000000001000000003957814|I421j200;
editbox_emit sequence=40 bytes=38 elapsed_us=2057 envelope=@J10000000001000000004048498|I421l200;
editbox_emit sequence=41 bytes=38 elapsed_us=2207 envelope=@J10000000001000000004125965|I421n200;
published_frame=155
editbox_emit sequence=42 bytes=38 elapsed_us=2003 envelope=@J10000000001000000004203432|I421p200;
editbox_emit sequence=43 bytes=38 elapsed_us=2080 envelope=@J10000000001000000004346420|I421r200;
editbox_emit sequence=44 bytes=38 elapsed_us=1953 envelope=@J10000000001000000004423887|I421t200;
editbox_emit sequence=45 bytes=38 elapsed_us=2150 envelope=@J10000000001000000004501354|I421v200;
editbox_emit sequence=46 bytes=38 elapsed_us=2127 envelope=@J10000000001000000004644342|I421x200;
published_frame=156
editbox_emit sequence=47 bytes=38 elapsed_us=2106 envelope=@J10000000001000000004721809|I421z200;
editbox_emit sequence=48 bytes=38 elapsed_us=2039 envelope=@J10000000001000000004864797|I421_200;
editbox_emit sequence=49 bytes=38 elapsed_us=2547 envelope=@J10000000001000000004934395|I421X300;
editbox_emit sequence=50 bytes=38 elapsed_us=2880 envelope=@J10000000001000000005025079|I421Z300;
published_frame=157
editbox_emit sequence=51 bytes=38 elapsed_us=2140 envelope=@J10000000001000000005102546|I421b300;
editbox_emit sequence=52 bytes=38 elapsed_us=1929 envelope=@J10000000001000000005245534|I421d300;
published_frame=158
published_frame=159
published_frame=160
published_frame=161
published_frame=162
published_frame=163
published_frame=164
published_frame=165
published_frame=166
published_frame=167
published_frame=168
published_frame=169
editbox_emit sequence=37 bytes=38 elapsed_us=2233 envelope=@J10000000001000000003737359|I421f200;
editbox_emit sequence=38 bytes=38 elapsed_us=1828 envelope=@J10000000001000000003814826|I421h200;
editbox_emit sequence=39 bytes=38 elapsed_us=2007 envelope=@J10000000001000000003957814|I421j200;
editbox_emit sequence=40 bytes=38 elapsed_us=1936 envelope=@J10000000001000000004048498|I421l200;
editbox_emit sequence=41 bytes=38 elapsed_us=1980 envelope=@J10000000001000000004125965|I421n200;
published_frame=170
editbox_emit sequence=42 bytes=38 elapsed_us=1934 envelope=@J10000000001000000004203432|I421p200;
editbox_emit sequence=43 bytes=38 elapsed_us=2018 envelope=@J10000000001000000004346420|I421r200;
editbox_emit sequence=44 bytes=38 elapsed_us=1931 envelope=@J10000000001000000004423887|I421t200;
editbox_emit sequence=45 bytes=38 elapsed_us=2401 envelope=@J10000000001000000004501354|I421v200;
editbox_emit sequence=46 bytes=38 elapsed_us=1923 envelope=@J10000000001000000004644342|I421x200;
published_frame=171
editbox_emit sequence=47 bytes=38 elapsed_us=1794 envelope=@J10000000001000000004721809|I421z200;
editbox_emit sequence=48 bytes=38 elapsed_us=2026 envelope=@J10000000001000000004864797|I421_200;
editbox_emit sequence=49 bytes=38 elapsed_us=2040 envelope=@J10000000001000000004934395|I421X300;
editbox_emit sequence=50 bytes=38 elapsed_us=2045 envelope=@J10000000001000000005025079|I421Z300;
editbox_emit sequence=51 bytes=38 elapsed_us=1991 envelope=@J10000000001000000005102546|I421b300;
published_frame=172
editbox_emit sequence=52 bytes=38 elapsed_us=2065 envelope=@J10000000001000000005245534|I421d300;
published_frame=173
published_frame=174
published_frame=175
published_frame=176
published_frame=177
published_frame=178
published_frame=179
published_frame=180
published_frame=181
published_frame=182
published_frame=183
published_frame=184
editbox_emit sequence=37 bytes=38 elapsed_us=2175 envelope=@J10000000001000000003737359|I421f200;
editbox_emit sequence=38 bytes=38 elapsed_us=1917 envelope=@J10000000001000000003814826|I421h200;
editbox_emit sequence=39 bytes=38 elapsed_us=1970 envelope=@J10000000001000000003957814|I421j200;
editbox_emit sequence=40 bytes=38 elapsed_us=2231 envelope=@J10000000001000000004048498|I421l200;
editbox_emit sequence=41 bytes=38 elapsed_us=2767 envelope=@J10000000001000000004125965|I421n200;
published_frame=185
editbox_emit sequence=42 bytes=38 elapsed_us=1874 envelope=@J10000000001000000004203432|I421p200;
editbox_emit sequence=43 bytes=38 elapsed_us=1845 envelope=@J10000000001000000004346420|I421r200;
editbox_emit sequence=44 bytes=38 elapsed_us=1776 envelope=@J10000000001000000004423887|I421t200;
editbox_emit sequence=45 bytes=38 elapsed_us=2207 envelope=@J10000000001000000004501354|I421v200;
editbox_emit sequence=46 bytes=38 elapsed_us=2167 envelope=@J10000000001000000004644342|I421x200;
published_frame=186
editbox_emit sequence=47 bytes=38 elapsed_us=2155 envelope=@J10000000001000000004721809|I421z200;
editbox_emit sequence=48 bytes=38 elapsed_us=2092 envelope=@J10000000001000000004864797|I421_200;
editbox_emit sequence=49 bytes=38 elapsed_us=2023 envelope=@J10000000001000000004934395|I421X300;
editbox_emit sequence=50 bytes=38 elapsed_us=2062 envelope=@J10000000001000000005025079|I421Z300;
published_frame=187
editbox_emit sequence=51 bytes=38 elapsed_us=2053 envelope=@J10000000001000000005102546|I421b300;
editbox_emit sequence=52 bytes=38 elapsed_us=1935 envelope=@J10000000001000000005245534|I421d300;
published_frame=188
published_frame=189
published_frame=190
published_frame=191
published_frame=192
published_frame=193
published_frame=194
published_frame=195
published_frame=196
published_frame=197
published_frame=198
published_frame=199
editbox_emit sequence=37 bytes=38 elapsed_us=2445 envelope=@J10000000001000000003737359|I421f200;
editbox_emit sequence=38 bytes=38 elapsed_us=1969 envelope=@J10000000001000000003814826|I421h200;
editbox_emit sequence=39 bytes=38 elapsed_us=2139 envelope=@J10000000001000000003957814|I421j200;
editbox_emit sequence=40 bytes=38 elapsed_us=2000 envelope=@J10000000001000000004048498|I421l200;
editbox_emit sequence=41 bytes=38 elapsed_us=2028 envelope=@J10000000001000000004125965|I421n200;
published_frame=200
editbox_emit sequence=42 bytes=38 elapsed_us=1964 envelope=@J10000000001000000004203432|I421p200;
editbox_emit sequence=43 bytes=38 elapsed_us=2230 envelope=@J10000000001000000004346420|I421r200;
editbox_emit sequence=44 bytes=38 elapsed_us=1974 envelope=@J10000000001000000004423887|I421t200;
editbox_emit sequence=45 bytes=38 elapsed_us=1916 envelope=@J10000000001000000004501354|I421v200;
published_frame=201
editbox_emit sequence=46 bytes=38 elapsed_us=1967 envelope=@J10000000001000000004644342|I421x200;
editbox_emit sequence=47 bytes=38 elapsed_us=1995 envelope=@J10000000001000000004721809|I421z200;
editbox_emit sequence=48 bytes=38 elapsed_us=1989 envelope=@J10000000001000000004864797|I421_200;
editbox_emit sequence=49 bytes=38 elapsed_us=2148 envelope=@J10000000001000000004934395|I421X300;
editbox_emit sequence=50 bytes=38 elapsed_us=2265 envelope=@J10000000001000000005025079|I421Z300;
published_frame=202
editbox_emit sequence=51 bytes=38 elapsed_us=2066 envelope=@J10000000001000000005102546|I421b300;
editbox_emit sequence=52 bytes=38 elapsed_us=2024 envelope=@J10000000001000000005245534|I421d300;
published_frame=203
published_frame=204
published_frame=205
published_frame=206
published_frame=207
published_frame=208
published_frame=209
published_frame=210
published_frame=211
published_frame=212
published_frame=213
published_frame=214
editbox_emit sequence=37 bytes=38 elapsed_us=2003 envelope=@J10000000001000000003737359|I421f200;
editbox_emit sequence=38 bytes=38 elapsed_us=1884 envelope=@J10000000001000000003814826|I421h200;
editbox_emit sequence=39 bytes=38 elapsed_us=1926 envelope=@J10000000001000000003957814|I421j200;
editbox_emit sequence=40 bytes=38 elapsed_us=1925 envelope=@J10000000001000000004048498|I421l200;
published_frame=215
editbox_emit sequence=41 bytes=38 elapsed_us=1953 envelope=@J10000000001000000004125965|I421n200;
editbox_emit sequence=42 bytes=38 elapsed_us=1852 envelope=@J10000000001000000004203432|I421p200;
editbox_emit sequence=43 bytes=38 elapsed_us=1864 envelope=@J10000000001000000004346420|I421r200;
editbox_emit sequence=44 bytes=38 elapsed_us=1785 envelope=@J10000000001000000004423887|I421t200;
editbox_emit sequence=45 bytes=38 elapsed_us=1948 envelope=@J10000000001000000004501354|I421v200;
published_frame=216
editbox_emit sequence=46 bytes=38 elapsed_us=1916 envelope=@J10000000001000000004644342|I421x200;
editbox_emit sequence=47 bytes=38 elapsed_us=2061 envelope=@J10000000001000000004721809|I421z200;
editbox_emit sequence=48 bytes=38 elapsed_us=1980 envelope=@J10000000001000000004864797|I421_200;
editbox_emit sequence=49 bytes=38 elapsed_us=2284 envelope=@J10000000001000000004934395|I421X300;
editbox_emit sequence=50 bytes=38 elapsed_us=2165 envelope=@J10000000001000000005025079|I421Z300;
published_frame=217
editbox_emit sequence=51 bytes=38 elapsed_us=2111 envelope=@J10000000001000000005102546|I421b300;
editbox_emit sequence=52 bytes=38 elapsed_us=2001 envelope=@J10000000001000000005245534|I421d300;
published_frame=218
published_frame=219
published_frame=220
published_frame=221
published_frame=222
published_frame=223
published_frame=224
published_frame=225
published_frame=226
published_frame=227
published_frame=228
published_frame=229
editbox_emit sequence=37 bytes=38 elapsed_us=1979 envelope=@J10000000001000000003737359|I421f200;
editbox_emit sequence=38 bytes=38 elapsed_us=1915 envelope=@J10000000001000000003814826|I421h200;
editbox_emit sequence=39 bytes=38 elapsed_us=2240 envelope=@J10000000001000000003957814|I421j200;
editbox_emit sequence=40 bytes=38 elapsed_us=1875 envelope=@J10000000001000000004048498|I421l200;
published_frame=230
editbox_emit sequence=41 bytes=38 elapsed_us=2093 envelope=@J10000000001000000004125965|I421n200;
editbox_emit sequence=42 bytes=38 elapsed_us=2004 envelope=@J10000000001000000004203432|I421p200;
editbox_emit sequence=43 bytes=38 elapsed_us=1941 envelope=@J10000000001000000004346420|I421r200;
editbox_emit sequence=44 bytes=38 elapsed_us=2186 envelope=@J10000000001000000004423887|I421t200;
editbox_emit sequence=45 bytes=38 elapsed_us=1962 envelope=@J10000000001000000004501354|I421v200;
published_frame=231
editbox_emit sequence=46 bytes=38 elapsed_us=2050 envelope=@J10000000001000000004644342|I421x200;
editbox_emit sequence=47 bytes=38 elapsed_us=2073 envelope=@J10000000001000000004721809|I421z200;
editbox_emit sequence=48 bytes=38 elapsed_us=2462 envelope=@J10000000001000000004864797|I421_200;
editbox_emit sequence=49 bytes=38 elapsed_us=1940 envelope=@J10000000001000000004934395|I421X300;
editbox_emit sequence=50 bytes=38 elapsed_us=2022 envelope=@J10000000001000000005025079|I421Z300;
published_frame=232
editbox_emit sequence=51 bytes=38 elapsed_us=1982 envelope=@J10000000001000000005102546|I421b300;
editbox_emit sequence=52 bytes=38 elapsed_us=1827 envelope=@J10000000001000000005245534|I421d300;
published_frame=233
published_frame=234
published_frame=235
published_frame=236
published_frame=237
published_frame=238
published_frame=239
published_frame=240
published_frame=241
published_frame=242
published_frame=243
published_frame=244
editbox_emit sequence=37 bytes=38 elapsed_us=2080 envelope=@J10000000001000000003737359|I421f200;
editbox_emit sequence=38 bytes=38 elapsed_us=2085 envelope=@J10000000001000000003814826|I421h200;
editbox_emit sequence=39 bytes=38 elapsed_us=1951 envelope=@J10000000001000000003957814|I421j200;
editbox_emit sequence=40 bytes=38 elapsed_us=1868 envelope=@J10000000001000000004048498|I421l200;
published_frame=245
editbox_emit sequence=41 bytes=38 elapsed_us=2007 envelope=@J10000000001000000004125965|I421n200;
editbox_emit sequence=42 bytes=38 elapsed_us=1965 envelope=@J10000000001000000004203432|I421p200;
editbox_emit sequence=43 bytes=38 elapsed_us=2255 envelope=@J10000000001000000004346420|I421r200;
editbox_emit sequence=44 bytes=38 elapsed_us=1921 envelope=@J10000000001000000004423887|I421t200;
editbox_emit sequence=45 bytes=38 elapsed_us=1926 envelope=@J10000000001000000004501354|I421v200;
published_frame=246
editbox_emit sequence=46 bytes=38 elapsed_us=1924 envelope=@J10000000001000000004644342|I421x200;
editbox_emit sequence=47 bytes=38 elapsed_us=1824 envelope=@J10000000001000000004721809|I421z200;
editbox_emit sequence=48 bytes=38 elapsed_us=2046 envelope=@J10000000001000000004864797|I421_200;
editbox_emit sequence=49 bytes=38 elapsed_us=2056 envelope=@J10000000001000000004934395|I421X300;
editbox_emit sequence=50 bytes=38 elapsed_us=2438 envelope=@J10000000001000000005025079|I421Z300;
published_frame=247
editbox_emit sequence=51 bytes=38 elapsed_us=2028 envelope=@J10000000001000000005102546|I421b300;
editbox_emit sequence=52 bytes=38 elapsed_us=2017 envelope=@J10000000001000000005245534|I421d300;
published_frame=248
published_frame=249
published_frame=250
published_frame=251
published_frame=252
published_frame=253
published_frame=254
published_frame=255
published_frame=256
published_frame=257
published_frame=258
published_frame=259
editbox_emit sequence=37 bytes=38 elapsed_us=2315 envelope=@J10000000001000000003737359|I421f200;
editbox_emit sequence=38 bytes=38 elapsed_us=1936 envelope=@J10000000001000000003814826|I421h200;
editbox_emit sequence=39 bytes=38 elapsed_us=2216 envelope=@J10000000001000000003957814|I421j200;
editbox_emit sequence=40 bytes=38 elapsed_us=1972 envelope=@J10000000001000000004048498|I421l200;
published_frame=260
editbox_emit sequence=41 bytes=38 elapsed_us=1875 envelope=@J10000000001000000004125965|I421n200;
editbox_emit sequence=42 bytes=38 elapsed_us=1925 envelope=@J10000000001000000004203432|I421p200;
editbox_emit sequence=43 bytes=38 elapsed_us=2028 envelope=@J10000000001000000004346420|I421r200;
editbox_emit sequence=44 bytes=38 elapsed_us=1891 envelope=@J10000000001000000004423887|I421t200;
editbox_emit sequence=45 bytes=38 elapsed_us=2071 envelope=@J10000000001000000004501354|I421v200;
published_frame=261
editbox_emit sequence=46 bytes=38 elapsed_us=1862 envelope=@J10000000001000000004644342|I421x200;
editbox_emit sequence=47 bytes=38 elapsed_us=1891 envelope=@J10000000001000000004721809|I421z200;
editbox_emit sequence=48 bytes=38 elapsed_us=2045 envelope=@J10000000001000000004864797|I421_200;
editbox_emit sequence=49 bytes=38 elapsed_us=2503 envelope=@J10000000001000000004934395|I421X300;
editbox_emit sequence=50 bytes=38 elapsed_us=2090 envelope=@J10000000001000000005025079|I421Z300;
published_frame=262
editbox_emit sequence=51 bytes=38 elapsed_us=1875 envelope=@J10000000001000000005102546|I421b300;
editbox_emit sequence=52 bytes=38 elapsed_us=1768 envelope=@J10000000001000000005245534|I421d300;
published_frame=263
published_frame=264
published_frame=265
published_frame=266
published_frame=267
published_frame=268
published_frame=269
published_frame=270
published_frame=271
published_frame=272
published_frame=273
published_frame=274
editbox_emit sequence=37 bytes=38 elapsed_us=2122 envelope=@J10000000001000000003737359|I421f200;
editbox_emit sequence=38 bytes=38 elapsed_us=2210 envelope=@J10000000001000000003814826|I421h200;
editbox_emit sequence=39 bytes=38 elapsed_us=2288 envelope=@J10000000001000000003957814|I421j200;
editbox_emit sequence=40 bytes=38 elapsed_us=2644 envelope=@J10000000001000000004048498|I421l200;
published_frame=275
editbox_emit sequence=41 bytes=38 elapsed_us=2238 envelope=@J10000000001000000004125965|I421n200;
editbox_emit sequence=42 bytes=38 elapsed_us=2304 envelope=@J10000000001000000004203432|I421p200;
editbox_emit sequence=43 bytes=38 elapsed_us=2524 envelope=@J10000000001000000004346420|I421r200;
editbox_emit sequence=44 bytes=38 elapsed_us=2121 envelope=@J10000000001000000004423887|I421t200;
published_frame=276
editbox_emit sequence=45 bytes=38 elapsed_us=1968 envelope=@J10000000001000000004501354|I421v200;
editbox_emit sequence=46 bytes=38 elapsed_us=2053 envelope=@J10000000001000000004644342|I421x200;
editbox_emit sequence=47 bytes=38 elapsed_us=2016 envelope=@J10000000001000000004721809|I421z200;
editbox_emit sequence=48 bytes=38 elapsed_us=2037 envelope=@J10000000001000000004864797|I421_200;
editbox_emit sequence=49 bytes=38 elapsed_us=2032 envelope=@J10000000001000000004934395|I421X300;
published_frame=277
editbox_emit sequence=50 bytes=38 elapsed_us=2017 envelope=@J10000000001000000005025079|I421Z300;
editbox_emit sequence=51 bytes=38 elapsed_us=1846 envelope=@J10000000001000000005102546|I421b300;
editbox_emit sequence=52 bytes=38 elapsed_us=2356 envelope=@J10000000001000000005245534|I421d300;
published_frame=278
published_frame=279
published_frame=280
published_frame=281
published_frame=282
published_frame=283
published_frame=284
published_frame=285
published_frame=286
published_frame=287
published_frame=288
published_frame=289
editbox_emit sequence=37 bytes=38 elapsed_us=2042 envelope=@J10000000001000000003737359|I421f200;
editbox_emit sequence=38 bytes=38 elapsed_us=1887 envelope=@J10000000001000000003814826|I421h200;
editbox_emit sequence=39 bytes=38 elapsed_us=2128 envelope=@J10000000001000000003957814|I421j200;
editbox_emit sequence=40 bytes=38 elapsed_us=1991 envelope=@J10000000001000000004048498|I421l200;
published_frame=290
editbox_emit sequence=41 bytes=38 elapsed_us=1841 envelope=@J10000000001000000004125965|I421n200;
editbox_emit sequence=42 bytes=38 elapsed_us=1975 envelope=@J10000000001000000004203432|I421p200;
editbox_emit sequence=43 bytes=38 elapsed_us=2016 envelope=@J10000000001000000004346420|I421r200;
editbox_emit sequence=44 bytes=38 elapsed_us=1911 envelope=@J10000000001000000004423887|I421t200;
published_frame=291
editbox_emit sequence=45 bytes=38 elapsed_us=2174 envelope=@J10000000001000000004501354|I421v200;
editbox_emit sequence=46 bytes=38 elapsed_us=1990 envelope=@J10000000001000000004644342|I421x200;
editbox_emit sequence=47 bytes=38 elapsed_us=2312 envelope=@J10000000001000000004721809|I421z200;
editbox_emit sequence=48 bytes=38 elapsed_us=2060 envelope=@J10000000001000000004864797|I421_200;
editbox_emit sequence=49 bytes=38 elapsed_us=1910 envelope=@J10000000001000000004934395|I421X300;
published_frame=292
editbox_emit sequence=50 bytes=38 elapsed_us=1944 envelope=@J10000000001000000005025079|I421Z300;
editbox_emit sequence=51 bytes=38 elapsed_us=1856 envelope=@J10000000001000000005102546|I421b300;
editbox_emit sequence=52 bytes=38 elapsed_us=1771 envelope=@J10000000001000000005245534|I421d300;
published_frame=293
published_frame=294
published_frame=295
published_frame=296
published_frame=297
published_frame=298
published_frame=299
published_frame=300
input_armed=true gameplay_armed=false mono_ns=553889861609342
editbox_emit sequence=37 bytes=38 elapsed_us=2135 envelope=@J10000000001000000003737359|I421f200;
editbox_emit sequence=38 bytes=38 elapsed_us=2267 envelope=@J10000000001000000003814826|I421h200;
editbox_emit sequence=39 bytes=38 elapsed_us=1879 envelope=@J10000000001000000003957814|I421j200;
editbox_emit sequence=40 bytes=38 elapsed_us=1820 envelope=@J10000000001000000004048498|I421l200;
editbox_emit sequence=41 bytes=38 elapsed_us=2063 envelope=@J10000000001000000004125965|I421n200;
editbox_emit sequence=42 bytes=38 elapsed_us=2112 envelope=@J10000000001000000004203432|I421p200;
editbox_emit sequence=43 bytes=38 elapsed_us=2088 envelope=@J10000000001000000004346420|I421r200;
editbox_emit sequence=44 bytes=38 elapsed_us=1844 envelope=@J10000000001000000004423887|I421t200;
editbox_emit sequence=45 bytes=38 elapsed_us=2146 envelope=@J10000000001000000004501354|I421v200;
editbox_emit sequence=46 bytes=38 elapsed_us=1944 envelope=@J10000000001000000004644342|I421x200;
editbox_emit sequence=47 bytes=38 elapsed_us=1851 envelope=@J10000000001000000004721809|I421z200;
editbox_emit sequence=48 bytes=38 elapsed_us=2390 envelope=@J10000000001000000004864797|I421_200;
editbox_emit sequence=49 bytes=38 elapsed_us=1914 envelope=@J10000000001000000004934395|I421X300;
editbox_emit sequence=50 bytes=38 elapsed_us=1899 envelope=@J10000000001000000005025079|I421Z300;
editbox_emit sequence=51 bytes=38 elapsed_us=1914 envelope=@J10000000001000000005102546|I421b300;
editbox_emit sequence=52 bytes=38 elapsed_us=1837 envelope=@J10000000001000000005245534|I421d300;
editbox_emit sequence=37 bytes=38 elapsed_us=1967 envelope=@J10000000001000000003737359|I421f200;
editbox_emit sequence=38 bytes=38 elapsed_us=1840 envelope=@J10000000001000000003814826|I421h200;
editbox_emit sequence=39 bytes=38 elapsed_us=1934 envelope=@J10000000001000000003957814|I421j200;
editbox_emit sequence=40 bytes=38 elapsed_us=2019 envelope=@J10000000001000000004048498|I421l200;
editbox_emit sequence=41 bytes=38 elapsed_us=1921 envelope=@J10000000001000000004125965|I421n200;
editbox_emit sequence=42 bytes=38 elapsed_us=1862 envelope=@J10000000001000000004203432|I421p200;
editbox_emit sequence=43 bytes=38 elapsed_us=1887 envelope=@J10000000001000000004346420|I421r200;
editbox_emit sequence=44 bytes=38 elapsed_us=1923 envelope=@J10000000001000000004423887|I421t200;
editbox_emit sequence=45 bytes=38 elapsed_us=1979 envelope=@J10000000001000000004501354|I421v200;
editbox_emit sequence=46 bytes=38 elapsed_us=1901 envelope=@J10000000001000000004644342|I421x200;
editbox_emit sequence=47 bytes=38 elapsed_us=1911 envelope=@J10000000001000000004721809|I421z200;
editbox_emit sequence=48 bytes=38 elapsed_us=1961 envelope=@J10000000001000000004864797|I421_200;
editbox_emit sequence=49 bytes=38 elapsed_us=1896 envelope=@J10000000001000000004934395|I421X300;
editbox_emit sequence=50 bytes=38 elapsed_us=1913 envelope=@J10000000001000000005025079|I421Z300;
editbox_emit sequence=51 bytes=38 elapsed_us=1840 envelope=@J10000000001000000005102546|I421b300;
editbox_emit sequence=52 bytes=38 elapsed_us=1785 envelope=@J10000000001000000005245534|I421d300;
editbox_emit sequence=37 bytes=38 elapsed_us=2111 envelope=@J10000000001000000003737359|I421f200;
editbox_emit sequence=38 bytes=38 elapsed_us=1981 envelope=@J10000000001000000003814826|I421h200;
editbox_emit sequence=39 bytes=38 elapsed_us=2019 envelope=@J10000000001000000003957814|I421j200;
editbox_emit sequence=40 bytes=38 elapsed_us=1836 envelope=@J10000000001000000004048498|I421l200;
editbox_emit sequence=41 bytes=38 elapsed_us=1793 envelope=@J10000000001000000004125965|I421n200;
editbox_emit sequence=42 bytes=38 elapsed_us=2229 envelope=@J10000000001000000004203432|I421p200;
editbox_emit sequence=43 bytes=38 elapsed_us=1884 envelope=@J10000000001000000004346420|I421r200;
editbox_emit sequence=44 bytes=38 elapsed_us=2058 envelope=@J10000000001000000004423887|I421t200;
editbox_emit sequence=45 bytes=38 elapsed_us=2228 envelope=@J10000000001000000004501354|I421v200;
editbox_emit sequence=46 bytes=38 elapsed_us=2266 envelope=@J10000000001000000004644342|I421x200;
editbox_emit sequence=47 bytes=38 elapsed_us=2297 envelope=@J10000000001000000004721809|I421z200;
editbox_emit sequence=48 bytes=38 elapsed_us=2338 envelope=@J10000000001000000004864797|I421_200;
editbox_emit sequence=49 bytes=38 elapsed_us=2204 envelope=@J10000000001000000004934395|I421X300;
editbox_emit sequence=50 bytes=38 elapsed_us=1976 envelope=@J10000000001000000005025079|I421Z300;
editbox_emit sequence=51 bytes=38 elapsed_us=1955 envelope=@J10000000001000000005102546|I421b300;
editbox_emit sequence=52 bytes=38 elapsed_us=2249 envelope=@J10000000001000000005245534|I421d300;
editbox_emit sequence=37 bytes=38 elapsed_us=1932 envelope=@J10000000001000000003737359|I421f200;
editbox_emit sequence=38 bytes=38 elapsed_us=2192 envelope=@J10000000001000000003814826|I421h200;
editbox_emit sequence=39 bytes=38 elapsed_us=1951 envelope=@J10000000001000000003957814|I421j200;
editbox_emit sequence=40 bytes=38 elapsed_us=1895 envelope=@J10000000001000000004048498|I421l200;
editbox_emit sequence=41 bytes=38 elapsed_us=1875 envelope=@J10000000001000000004125965|I421n200;
editbox_emit sequence=42 bytes=38 elapsed_us=1815 envelope=@J10000000001000000004203432|I421p200;
editbox_emit sequence=43 bytes=38 elapsed_us=2308 envelope=@J10000000001000000004346420|I421r200;
editbox_emit sequence=44 bytes=38 elapsed_us=1905 envelope=@J10000000001000000004423887|I421t200;
editbox_emit sequence=45 bytes=38 elapsed_us=1871 envelope=@J10000000001000000004501354|I421v200;
editbox_emit sequence=46 bytes=38 elapsed_us=1824 envelope=@J10000000001000000004644342|I421x200;
editbox_emit sequence=47 bytes=38 elapsed_us=2130 envelope=@J10000000001000000004721809|I421z200;
editbox_emit sequence=48 bytes=38 elapsed_us=2279 envelope=@J10000000001000000004864797|I421_200;
editbox_emit sequence=49 bytes=38 elapsed_us=2256 envelope=@J10000000001000000004934395|I421X300;
editbox_emit sequence=50 bytes=38 elapsed_us=1925 envelope=@J10000000001000000005025079|I421Z300;
editbox_emit sequence=51 bytes=38 elapsed_us=1828 envelope=@J10000000001000000005102546|I421b300;
editbox_emit sequence=52 bytes=38 elapsed_us=1870 envelope=@J10000000001000000005245534|I421d300;
editbox_emit sequence=37 bytes=38 elapsed_us=2029 envelope=@J10000000001000000003737359|I421f200;
editbox_emit sequence=38 bytes=38 elapsed_us=1896 envelope=@J10000000001000000003814826|I421h200;
editbox_emit sequence=39 bytes=38 elapsed_us=1936 envelope=@J10000000001000000003957814|I421j200;
editbox_emit sequence=40 bytes=38 elapsed_us=1989 envelope=@J10000000001000000004048498|I421l200;
editbox_emit sequence=41 bytes=38 elapsed_us=1930 envelope=@J10000000001000000004125965|I421n200;
editbox_emit sequence=42 bytes=38 elapsed_us=2007 envelope=@J10000000001000000004203432|I421p200;
editbox_emit sequence=43 bytes=38 elapsed_us=2180 envelope=@J10000000001000000004346420|I421r200;
editbox_emit sequence=44 bytes=38 elapsed_us=1963 envelope=@J10000000001000000004423887|I421t200;
editbox_emit sequence=45 bytes=38 elapsed_us=1966 envelope=@J10000000001000000004501354|I421v200;
editbox_emit sequence=46 bytes=38 elapsed_us=1924 envelope=@J10000000001000000004644342|I421x200;
editbox_emit sequence=47 bytes=38 elapsed_us=2134 envelope=@J10000000001000000004721809|I421z200;
editbox_emit sequence=48 bytes=38 elapsed_us=2040 envelope=@J10000000001000000004864797|I421_200;
editbox_emit sequence=49 bytes=38 elapsed_us=2019 envelope=@J10000000001000000004934395|I421X300;
editbox_emit sequence=50 bytes=38 elapsed_us=2033 envelope=@J10000000001000000005025079|I421Z300;
editbox_emit sequence=51 bytes=38 elapsed_us=1977 envelope=@J10000000001000000005102546|I421b300;
editbox_emit sequence=52 bytes=38 elapsed_us=1970 envelope=@J10000000001000000005245534|I421d300;
editbox_emit sequence=37 bytes=38 elapsed_us=2274 envelope=@J10000000001000000003737359|I421f200;
editbox_emit sequence=38 bytes=38 elapsed_us=2099 envelope=@J10000000001000000003814826|I421h200;
editbox_emit sequence=39 bytes=38 elapsed_us=2168 envelope=@J10000000001000000003957814|I421j200;
editbox_emit sequence=40 bytes=38 elapsed_us=2071 envelope=@J10000000001000000004048498|I421l200;
editbox_emit sequence=41 bytes=38 elapsed_us=1969 envelope=@J10000000001000000004125965|I421n200;
editbox_emit sequence=42 bytes=38 elapsed_us=2005 envelope=@J10000000001000000004203432|I421p200;
editbox_emit sequence=43 bytes=38 elapsed_us=2234 envelope=@J10000000001000000004346420|I421r200;
editbox_emit sequence=44 bytes=38 elapsed_us=2008 envelope=@J10000000001000000004423887|I421t200;
editbox_emit sequence=45 bytes=38 elapsed_us=1918 envelope=@J10000000001000000004501354|I421v200;
editbox_emit sequence=46 bytes=38 elapsed_us=1940 envelope=@J10000000001000000004644342|I421x200;
editbox_emit sequence=47 bytes=38 elapsed_us=2318 envelope=@J10000000001000000004721809|I421z200;
editbox_emit sequence=48 bytes=38 elapsed_us=2178 envelope=@J10000000001000000004864797|I421_200;
editbox_emit sequence=49 bytes=38 elapsed_us=2450 envelope=@J10000000001000000004934395|I421X300;
editbox_emit sequence=50 bytes=38 elapsed_us=1881 envelope=@J10000000001000000005025079|I421Z300;
editbox_emit sequence=51 bytes=38 elapsed_us=1957 envelope=@J10000000001000000005102546|I421b300;
editbox_emit sequence=52 bytes=38 elapsed_us=2079 envelope=@J10000000001000000005245534|I421d300;
editbox_emit sequence=37 bytes=38 elapsed_us=2239 envelope=@J10000000001000000003737359|I421f200;
editbox_emit sequence=38 bytes=38 elapsed_us=2644 envelope=@J10000000001000000003814826|I421h200;
editbox_emit sequence=39 bytes=38 elapsed_us=2371 envelope=@J10000000001000000003957814|I421j200;
editbox_emit sequence=40 bytes=38 elapsed_us=2325 envelope=@J10000000001000000004048498|I421l200;
editbox_emit sequence=41 bytes=38 elapsed_us=2318 envelope=@J10000000001000000004125965|I421n200;
editbox_emit sequence=42 bytes=38 elapsed_us=2198 envelope=@J10000000001000000004203432|I421p200;
editbox_emit sequence=43 bytes=38 elapsed_us=2053 envelope=@J10000000001000000004346420|I421r200;
editbox_emit sequence=44 bytes=38 elapsed_us=1935 envelope=@J10000000001000000004423887|I421t200;
editbox_emit sequence=45 bytes=38 elapsed_us=1897 envelope=@J10000000001000000004501354|I421v200;
editbox_emit sequence=46 bytes=38 elapsed_us=1920 envelope=@J10000000001000000004644342|I421x200;
editbox_emit sequence=47 bytes=38 elapsed_us=1866 envelope=@J10000000001000000004721809|I421z200;
editbox_emit sequence=48 bytes=38 elapsed_us=1986 envelope=@J10000000001000000004864797|I421_200;
editbox_emit sequence=49 bytes=38 elapsed_us=1926 envelope=@J10000000001000000004934395|I421X300;
editbox_emit sequence=50 bytes=38 elapsed_us=2198 envelope=@J10000000001000000005025079|I421Z300;
editbox_emit sequence=51 bytes=38 elapsed_us=2020 envelope=@J10000000001000000005102546|I421b300;
editbox_emit sequence=52 bytes=38 elapsed_us=1866 envelope=@J10000000001000000005245534|I421d300;
editbox_emit sequence=37 bytes=38 elapsed_us=2292 envelope=@J10000000001000000003737359|I421f200;
editbox_emit sequence=38 bytes=38 elapsed_us=2147 envelope=@J10000000001000000003814826|I421h200;
editbox_emit sequence=39 bytes=38 elapsed_us=2164 envelope=@J10000000001000000003957814|I421j200;
editbox_emit sequence=40 bytes=38 elapsed_us=1884 envelope=@J10000000001000000004048498|I421l200;
editbox_emit sequence=41 bytes=38 elapsed_us=1816 envelope=@J10000000001000000004125965|I421n200;
editbox_emit sequence=42 bytes=38 elapsed_us=2141 envelope=@J10000000001000000004203432|I421p200;
editbox_emit sequence=43 bytes=38 elapsed_us=2284 envelope=@J10000000001000000004346420|I421r200;
editbox_emit sequence=44 bytes=38 elapsed_us=2130 envelope=@J10000000001000000004423887|I421t200;
editbox_emit sequence=45 bytes=38 elapsed_us=2020 envelope=@J10000000001000000004501354|I421v200;
editbox_emit sequence=46 bytes=38 elapsed_us=2345 envelope=@J10000000001000000004644342|I421x200;
editbox_emit sequence=47 bytes=38 elapsed_us=2320 envelope=@J10000000001000000004721809|I421z200;
editbox_emit sequence=48 bytes=38 elapsed_us=2448 envelope=@J10000000001000000004864797|I421_200;
editbox_emit sequence=49 bytes=38 elapsed_us=1883 envelope=@J10000000001000000004934395|I421X300;
editbox_emit sequence=50 bytes=38 elapsed_us=1956 envelope=@J10000000001000000005025079|I421Z300;
editbox_emit sequence=51 bytes=38 elapsed_us=2040 envelope=@J10000000001000000005102546|I421b300;
editbox_emit sequence=52 bytes=38 elapsed_us=2204 envelope=@J10000000001000000005245534|I421d300;
editbox_emit sequence=37 bytes=38 elapsed_us=2088 envelope=@J10000000001000000003737359|I421f200;
editbox_emit sequence=38 bytes=38 elapsed_us=2247 envelope=@J10000000001000000003814826|I421h200;
editbox_emit sequence=39 bytes=38 elapsed_us=1987 envelope=@J10000000001000000003957814|I421j200;
editbox_emit sequence=40 bytes=38 elapsed_us=2050 envelope=@J10000000001000000004048498|I421l200;
editbox_emit sequence=41 bytes=38 elapsed_us=2029 envelope=@J10000000001000000004125965|I421n200;
editbox_emit sequence=42 bytes=38 elapsed_us=1853 envelope=@J10000000001000000004203432|I421p200;
editbox_emit sequence=43 bytes=38 elapsed_us=2075 envelope=@J10000000001000000004346420|I421r200;
editbox_emit sequence=44 bytes=38 elapsed_us=2188 envelope=@J10000000001000000004423887|I421t200;
editbox_emit sequence=45 bytes=38 elapsed_us=2476 envelope=@J10000000001000000004501354|I421v200;
editbox_emit sequence=46 bytes=38 elapsed_us=2331 envelope=@J10000000001000000004644342|I421x200;
editbox_emit sequence=47 bytes=38 elapsed_us=2171 envelope=@J10000000001000000004721809|I421z200;
editbox_emit sequence=48 bytes=38 elapsed_us=2487 envelope=@J10000000001000000004864797|I421_200;
editbox_emit sequence=49 bytes=38 elapsed_us=2408 envelope=@J10000000001000000004934395|I421X300;
editbox_emit sequence=50 bytes=38 elapsed_us=2020 envelope=@J10000000001000000005025079|I421Z300;
editbox_emit sequence=51 bytes=38 elapsed_us=1990 envelope=@J10000000001000000005102546|I421b300;
editbox_emit sequence=52 bytes=38 elapsed_us=2223 envelope=@J10000000001000000005245534|I421d300;
editbox_emit sequence=37 bytes=38 elapsed_us=2655 envelope=@J10000000001000000003737359|I421f200;
editbox_emit sequence=38 bytes=38 elapsed_us=2371 envelope=@J10000000001000000003814826|I421h200;
editbox_emit sequence=39 bytes=38 elapsed_us=2215 envelope=@J10000000001000000003957814|I421j200;
editbox_emit sequence=40 bytes=38 elapsed_us=2239 envelope=@J10000000001000000004048498|I421l200;
editbox_emit sequence=41 bytes=38 elapsed_us=2041 envelope=@J10000000001000000004125965|I421n200;
editbox_emit sequence=42 bytes=38 elapsed_us=2568 envelope=@J10000000001000000004203432|I421p200;
editbox_emit sequence=43 bytes=38 elapsed_us=2433 envelope=@J10000000001000000004346420|I421r200;
editbox_emit sequence=44 bytes=38 elapsed_us=2287 envelope=@J10000000001000000004423887|I421t200;
editbox_emit sequence=45 bytes=38 elapsed_us=2368 envelope=@J10000000001000000004501354|I421v200;
editbox_emit sequence=46 bytes=38 elapsed_us=2237 envelope=@J10000000001000000004644342|I421x200;
editbox_emit sequence=47 bytes=38 elapsed_us=2457 envelope=@J10000000001000000004721809|I421z200;
editbox_emit sequence=48 bytes=38 elapsed_us=2025 envelope=@J10000000001000000004864797|I421_200;
editbox_emit sequence=49 bytes=38 elapsed_us=2106 envelope=@J10000000001000000004934395|I421X300;
editbox_emit sequence=50 bytes=38 elapsed_us=2200 envelope=@J10000000001000000005025079|I421Z300;
editbox_emit sequence=51 bytes=38 elapsed_us=2242 envelope=@J10000000001000000005102546|I421b300;
editbox_emit sequence=52 bytes=38 elapsed_us=2185 envelope=@J10000000001000000005245534|I421d300;
editbox_emit sequence=37 bytes=38 elapsed_us=2449 envelope=@J10000000001000000003737359|I421f200;
editbox_emit sequence=38 bytes=38 elapsed_us=2397 envelope=@J10000000001000000003814826|I421h200;
editbox_emit sequence=39 bytes=38 elapsed_us=2159 envelope=@J10000000001000000003957814|I421j200;
editbox_emit sequence=40 bytes=38 elapsed_us=2591 envelope=@J10000000001000000004048498|I421l200;
editbox_emit sequence=41 bytes=38 elapsed_us=2367 envelope=@J10000000001000000004125965|I421n200;
editbox_emit sequence=42 bytes=38 elapsed_us=2823 envelope=@J10000000001000000004203432|I421p200;
editbox_emit sequence=43 bytes=38 elapsed_us=1981 envelope=@J10000000001000000004346420|I421r200;
editbox_emit sequence=44 bytes=38 elapsed_us=1832 envelope=@J10000000001000000004423887|I421t200;
editbox_emit sequence=45 bytes=38 elapsed_us=2048 envelope=@J10000000001000000004501354|I421v200;
editbox_emit sequence=46 bytes=38 elapsed_us=1942 envelope=@J10000000001000000004644342|I421x200;
editbox_emit sequence=47 bytes=38 elapsed_us=2567 envelope=@J10000000001000000004721809|I421z200;
editbox_emit sequence=48 bytes=38 elapsed_us=1988 envelope=@J10000000001000000004864797|I421_200;
editbox_emit sequence=49 bytes=38 elapsed_us=1893 envelope=@J10000000001000000004934395|I421X300;
editbox_emit sequence=50 bytes=38 elapsed_us=1880 envelope=@J10000000001000000005025079|I421Z300;
editbox_emit sequence=51 bytes=38 elapsed_us=1801 envelope=@J10000000001000000005102546|I421b300;
editbox_emit sequence=52 bytes=38 elapsed_us=2111 envelope=@J10000000001000000005245534|I421d300;
editbox_emit sequence=37 bytes=38 elapsed_us=2458 envelope=@J10000000001000000003737359|I421f200;
editbox_emit sequence=38 bytes=38 elapsed_us=1921 envelope=@J10000000001000000003814826|I421h200;
editbox_emit sequence=39 bytes=38 elapsed_us=1980 envelope=@J10000000001000000003957814|I421j200;
editbox_emit sequence=40 bytes=38 elapsed_us=1982 envelope=@J10000000001000000004048498|I421l200;
editbox_emit sequence=41 bytes=38 elapsed_us=1882 envelope=@J10000000001000000004125965|I421n200;
editbox_emit sequence=42 bytes=38 elapsed_us=2112 envelope=@J10000000001000000004203432|I421p200;
editbox_emit sequence=43 bytes=38 elapsed_us=1933 envelope=@J10000000001000000004346420|I421r200;
editbox_emit sequence=44 bytes=38 elapsed_us=1908 envelope=@J10000000001000000004423887|I421t200;
editbox_emit sequence=45 bytes=38 elapsed_us=1955 envelope=@J10000000001000000004501354|I421v200;
editbox_emit sequence=46 bytes=38 elapsed_us=2015 envelope=@J10000000001000000004644342|I421x200;
editbox_emit sequence=47 bytes=38 elapsed_us=2042 envelope=@J10000000001000000004721809|I421z200;
editbox_emit sequence=48 bytes=38 elapsed_us=1985 envelope=@J10000000001000000004864797|I421_200;
editbox_emit sequence=49 bytes=38 elapsed_us=1918 envelope=@J10000000001000000004934395|I421X300;
editbox_emit sequence=50 bytes=38 elapsed_us=2060 envelope=@J10000000001000000005025079|I421Z300;
editbox_emit sequence=51 bytes=38 elapsed_us=2274 envelope=@J10000000001000000005102546|I421b300;
editbox_emit sequence=52 bytes=38 elapsed_us=2230 envelope=@J10000000001000000005245534|I421d300;
editbox_emit sequence=37 bytes=38 elapsed_us=2154 envelope=@J10000000001000000003737359|I421f200;
editbox_emit sequence=38 bytes=38 elapsed_us=2279 envelope=@J10000000001000000003814826|I421h200;
editbox_emit sequence=39 bytes=38 elapsed_us=2052 envelope=@J10000000001000000003957814|I421j200;
editbox_emit sequence=40 bytes=38 elapsed_us=2334 envelope=@J10000000001000000004048498|I421l200;
editbox_emit sequence=41 bytes=38 elapsed_us=2324 envelope=@J10000000001000000004125965|I421n200;
editbox_emit sequence=42 bytes=38 elapsed_us=2185 envelope=@J10000000001000000004203432|I421p200;
editbox_emit sequence=43 bytes=38 elapsed_us=1879 envelope=@J10000000001000000004346420|I421r200;
editbox_emit sequence=44 bytes=38 elapsed_us=1957 envelope=@J10000000001000000004423887|I421t200;
editbox_emit sequence=45 bytes=38 elapsed_us=1927 envelope=@J10000000001000000004501354|I421v200;
editbox_emit sequence=46 bytes=38 elapsed_us=1917 envelope=@J10000000001000000004644342|I421x200;
editbox_emit sequence=47 bytes=38 elapsed_us=2136 envelope=@J10000000001000000004721809|I421z200;
editbox_emit sequence=48 bytes=38 elapsed_us=2229 envelope=@J10000000001000000004864797|I421_200;
editbox_emit sequence=49 bytes=38 elapsed_us=2197 envelope=@J10000000001000000004934395|I421X300;
editbox_emit sequence=50 bytes=38 elapsed_us=2173 envelope=@J10000000001000000005025079|I421Z300;
editbox_emit sequence=51 bytes=38 elapsed_us=3022 envelope=@J10000000001000000005102546|I421b300;
editbox_emit sequence=52 bytes=38 elapsed_us=3153 envelope=@J10000000001000000005245534|I421d300;
editbox_emit sequence=37 bytes=38 elapsed_us=2207 envelope=@J10000000001000000003737359|I421f200;
editbox_emit sequence=38 bytes=38 elapsed_us=2193 envelope=@J10000000001000000003814826|I421h200;
editbox_emit sequence=39 bytes=38 elapsed_us=1872 envelope=@J10000000001000000003957814|I421j200;
editbox_emit sequence=40 bytes=38 elapsed_us=1985 envelope=@J10000000001000000004048498|I421l200;
editbox_emit sequence=41 bytes=38 elapsed_us=1902 envelope=@J10000000001000000004125965|I421n200;
editbox_emit sequence=42 bytes=38 elapsed_us=2384 envelope=@J10000000001000000004203432|I421p200;
editbox_emit sequence=43 bytes=38 elapsed_us=2108 envelope=@J10000000001000000004346420|I421r200;
editbox_emit sequence=44 bytes=38 elapsed_us=1897 envelope=@J10000000001000000004423887|I421t200;
editbox_emit sequence=45 bytes=38 elapsed_us=2177 envelope=@J10000000001000000004501354|I421v200;
editbox_emit sequence=46 bytes=38 elapsed_us=2744 envelope=@J10000000001000000004644342|I421x200;
editbox_emit sequence=47 bytes=38 elapsed_us=2174 envelope=@J10000000001000000004721809|I421z200;
editbox_emit sequence=48 bytes=38 elapsed_us=2111 envelope=@J10000000001000000004864797|I421_200;
editbox_emit sequence=49 bytes=38 elapsed_us=2242 envelope=@J10000000001000000004934395|I421X300;
editbox_emit sequence=50 bytes=38 elapsed_us=2283 envelope=@J10000000001000000005025079|I421Z300;
editbox_emit sequence=51 bytes=38 elapsed_us=1916 envelope=@J10000000001000000005102546|I421b300;
editbox_emit sequence=52 bytes=38 elapsed_us=1997 envelope=@J10000000001000000005245534|I421d300;
editbox_emit sequence=37 bytes=38 elapsed_us=2176 envelope=@J10000000001000000003737359|I421f200;
editbox_emit sequence=38 bytes=38 elapsed_us=2249 envelope=@J10000000001000000003814826|I421h200;
editbox_emit sequence=39 bytes=38 elapsed_us=2423 envelope=@J10000000001000000003957814|I421j200;
editbox_emit sequence=40 bytes=38 elapsed_us=2522 envelope=@J10000000001000000004048498|I421l200;
editbox_emit sequence=41 bytes=38 elapsed_us=2360 envelope=@J10000000001000000004125965|I421n200;
editbox_emit sequence=42 bytes=38 elapsed_us=2279 envelope=@J10000000001000000004203432|I421p200;
editbox_emit sequence=43 bytes=38 elapsed_us=2175 envelope=@J10000000001000000004346420|I421r200;
editbox_emit sequence=44 bytes=38 elapsed_us=2204 envelope=@J10000000001000000004423887|I421t200;
editbox_emit sequence=45 bytes=38 elapsed_us=2410 envelope=@J10000000001000000004501354|I421v200;
editbox_emit sequence=46 bytes=38 elapsed_us=2525 envelope=@J10000000001000000004644342|I421x200;
editbox_emit sequence=47 bytes=38 elapsed_us=2407 envelope=@J10000000001000000004721809|I421z200;
editbox_emit sequence=48 bytes=38 elapsed_us=2288 envelope=@J10000000001000000004864797|I421_200;
editbox_emit sequence=49 bytes=38 elapsed_us=2575 envelope=@J10000000001000000004934395|I421X300;
editbox_emit sequence=50 bytes=38 elapsed_us=2531 envelope=@J10000000001000000005025079|I421Z300;
editbox_emit sequence=51 bytes=38 elapsed_us=2355 envelope=@J10000000001000000005102546|I421b300;
editbox_emit sequence=52 bytes=38 elapsed_us=2355 envelope=@J10000000001000000005245534|I421d300;
editbox_emit sequence=37 bytes=38 elapsed_us=2211 envelope=@J10000000001000000003737359|I421f200;
editbox_emit sequence=38 bytes=38 elapsed_us=1983 envelope=@J10000000001000000003814826|I421h200;
editbox_emit sequence=39 bytes=38 elapsed_us=1774 envelope=@J10000000001000000003957814|I421j200;
editbox_emit sequence=40 bytes=38 elapsed_us=1986 envelope=@J10000000001000000004048498|I421l200;
editbox_emit sequence=41 bytes=38 elapsed_us=2138 envelope=@J10000000001000000004125965|I421n200;
editbox_emit sequence=42 bytes=38 elapsed_us=2453 envelope=@J10000000001000000004203432|I421p200;
editbox_emit sequence=43 bytes=38 elapsed_us=2258 envelope=@J10000000001000000004346420|I421r200;
editbox_emit sequence=44 bytes=38 elapsed_us=2245 envelope=@J10000000001000000004423887|I421t200;
editbox_emit sequence=45 bytes=38 elapsed_us=2742 envelope=@J10000000001000000004501354|I421v200;
editbox_emit sequence=46 bytes=38 elapsed_us=2352 envelope=@J10000000001000000004644342|I421x200;
editbox_emit sequence=47 bytes=38 elapsed_us=1895 envelope=@J10000000001000000004721809|I421z200;
editbox_emit sequence=48 bytes=38 elapsed_us=2026 envelope=@J10000000001000000004864797|I421_200;
editbox_emit sequence=49 bytes=38 elapsed_us=2163 envelope=@J10000000001000000004934395|I421X300;
editbox_emit sequence=50 bytes=38 elapsed_us=2416 envelope=@J10000000001000000005025079|I421Z300;
editbox_emit sequence=51 bytes=38 elapsed_us=2155 envelope=@J10000000001000000005102546|I421b300;
editbox_emit sequence=52 bytes=38 elapsed_us=2417 envelope=@J10000000001000000005245534|I421d300;
editbox_emit sequence=37 bytes=38 elapsed_us=2258 envelope=@J10000000001000000003737359|I421f200;
editbox_emit sequence=38 bytes=38 elapsed_us=2170 envelope=@J10000000001000000003814826|I421h200;
editbox_emit sequence=39 bytes=38 elapsed_us=2166 envelope=@J10000000001000000003957814|I421j200;
editbox_emit sequence=40 bytes=38 elapsed_us=2258 envelope=@J10000000001000000004048498|I421l200;
editbox_emit sequence=41 bytes=38 elapsed_us=2294 envelope=@J10000000001000000004125965|I421n200;
editbox_emit sequence=42 bytes=38 elapsed_us=2288 envelope=@J10000000001000000004203432|I421p200;
editbox_emit sequence=43 bytes=38 elapsed_us=2247 envelope=@J10000000001000000004346420|I421r200;
editbox_emit sequence=44 bytes=38 elapsed_us=2310 envelope=@J10000000001000000004423887|I421t200;
editbox_emit sequence=45 bytes=38 elapsed_us=2332 envelope=@J10000000001000000004501354|I421v200;
editbox_emit sequence=46 bytes=38 elapsed_us=2279 envelope=@J10000000001000000004644342|I421x200;
editbox_emit sequence=47 bytes=38 elapsed_us=2316 envelope=@J10000000001000000004721809|I421z200;
editbox_emit sequence=48 bytes=38 elapsed_us=2295 envelope=@J10000000001000000004864797|I421_200;
editbox_emit sequence=49 bytes=38 elapsed_us=2581 envelope=@J10000000001000000004934395|I421X300;
editbox_emit sequence=50 bytes=38 elapsed_us=2349 envelope=@J10000000001000000005025079|I421Z300;
editbox_emit sequence=51 bytes=38 elapsed_us=2330 envelope=@J10000000001000000005102546|I421b300;
editbox_emit sequence=52 bytes=38 elapsed_us=2217 envelope=@J10000000001000000005245534|I421d300;
editbox_emit sequence=37 bytes=38 elapsed_us=2503 envelope=@J10000000001000000003737359|I421f200;
editbox_emit sequence=38 bytes=38 elapsed_us=2283 envelope=@J10000000001000000003814826|I421h200;
editbox_emit sequence=39 bytes=38 elapsed_us=2428 envelope=@J10000000001000000003957814|I421j200;
editbox_emit sequence=40 bytes=38 elapsed_us=2288 envelope=@J10000000001000000004048498|I421l200;
editbox_emit sequence=41 bytes=38 elapsed_us=2419 envelope=@J10000000001000000004125965|I421n200;
editbox_emit sequence=42 bytes=38 elapsed_us=2216 envelope=@J10000000001000000004203432|I421p200;
editbox_emit sequence=43 bytes=38 elapsed_us=2222 envelope=@J10000000001000000004346420|I421r200;
editbox_emit sequence=44 bytes=38 elapsed_us=2424 envelope=@J10000000001000000004423887|I421t200;
editbox_emit sequence=45 bytes=38 elapsed_us=2508 envelope=@J10000000001000000004501354|I421v200;
editbox_emit sequence=46 bytes=38 elapsed_us=2421 envelope=@J10000000001000000004644342|I421x200;
editbox_emit sequence=47 bytes=38 elapsed_us=1890 envelope=@J10000000001000000004721809|I421z200;
editbox_emit sequence=48 bytes=38 elapsed_us=2271 envelope=@J10000000001000000004864797|I421_200;
editbox_emit sequence=49 bytes=38 elapsed_us=2155 envelope=@J10000000001000000004934395|I421X300;
editbox_emit sequence=50 bytes=38 elapsed_us=2077 envelope=@J10000000001000000005025079|I421Z300;
editbox_emit sequence=51 bytes=38 elapsed_us=1858 envelope=@J10000000001000000005102546|I421b300;
editbox_emit sequence=52 bytes=38 elapsed_us=1951 envelope=@J10000000001000000005245534|I421d300;
editbox_emit sequence=37 bytes=38 elapsed_us=2514 envelope=@J10000000001000000003737359|I421f200;
editbox_emit sequence=38 bytes=38 elapsed_us=2254 envelope=@J10000000001000000003814826|I421h200;
editbox_emit sequence=39 bytes=38 elapsed_us=2247 envelope=@J10000000001000000003957814|I421j200;
editbox_emit sequence=40 bytes=38 elapsed_us=2191 envelope=@J10000000001000000004048498|I421l200;
editbox_emit sequence=41 bytes=38 elapsed_us=2489 envelope=@J10000000001000000004125965|I421n200;
editbox_emit sequence=42 bytes=38 elapsed_us=2253 envelope=@J10000000001000000004203432|I421p200;
editbox_emit sequence=43 bytes=38 elapsed_us=2159 envelope=@J10000000001000000004346420|I421r200;
editbox_emit sequence=44 bytes=38 elapsed_us=2218 envelope=@J10000000001000000004423887|I421t200;
editbox_emit sequence=45 bytes=38 elapsed_us=2587 envelope=@J10000000001000000004501354|I421v200;
editbox_emit sequence=46 bytes=38 elapsed_us=2576 envelope=@J10000000001000000004644342|I421x200;
editbox_emit sequence=47 bytes=38 elapsed_us=2497 envelope=@J10000000001000000004721809|I421z200;
editbox_emit sequence=48 bytes=38 elapsed_us=2365 envelope=@J10000000001000000004864797|I421_200;
editbox_emit sequence=49 bytes=38 elapsed_us=2293 envelope=@J10000000001000000004934395|I421X300;
editbox_emit sequence=50 bytes=38 elapsed_us=2267 envelope=@J10000000001000000005025079|I421Z300;
editbox_emit sequence=51 bytes=38 elapsed_us=2178 envelope=@J10000000001000000005102546|I421b300;
editbox_emit sequence=52 bytes=38 elapsed_us=2241 envelope=@J10000000001000000005245534|I421d300;
editbox_emit sequence=37 bytes=38 elapsed_us=2144 envelope=@J10000000001000000003737359|I421f200;
editbox_emit sequence=38 bytes=38 elapsed_us=2198 envelope=@J10000000001000000003814826|I421h200;
editbox_emit sequence=39 bytes=38 elapsed_us=2326 envelope=@J10000000001000000003957814|I421j200;
editbox_emit sequence=40 bytes=38 elapsed_us=2444 envelope=@J10000000001000000004048498|I421l200;
editbox_emit sequence=41 bytes=38 elapsed_us=2093 envelope=@J10000000001000000004125965|I421n200;
editbox_emit sequence=42 bytes=38 elapsed_us=2342 envelope=@J10000000001000000004203432|I421p200;
editbox_emit sequence=43 bytes=38 elapsed_us=1948 envelope=@J10000000001000000004346420|I421r200;
editbox_emit sequence=44 bytes=38 elapsed_us=2052 envelope=@J10000000001000000004423887|I421t200;
editbox_emit sequence=45 bytes=38 elapsed_us=2129 envelope=@J10000000001000000004501354|I421v200;
editbox_emit sequence=46 bytes=38 elapsed_us=2235 envelope=@J10000000001000000004644342|I421x200;
editbox_emit sequence=47 bytes=38 elapsed_us=1881 envelope=@J10000000001000000004721809|I421z200;
editbox_emit sequence=48 bytes=38 elapsed_us=2034 envelope=@J10000000001000000004864797|I421_200;
editbox_emit sequence=49 bytes=38 elapsed_us=2079 envelope=@J10000000001000000004934395|I421X300;
editbox_emit sequence=50 bytes=38 elapsed_us=2076 envelope=@J10000000001000000005025079|I421Z300;
editbox_emit sequence=51 bytes=38 elapsed_us=1964 envelope=@J10000000001000000005102546|I421b300;
editbox_emit sequence=52 bytes=38 elapsed_us=1832 envelope=@J10000000001000000005245534|I421d300;
editbox_emit sequence=37 bytes=38 elapsed_us=2316 envelope=@J10000000001000000003737359|I421f200;
editbox_emit sequence=38 bytes=38 elapsed_us=2044 envelope=@J10000000001000000003814826|I421h200;
editbox_emit sequence=39 bytes=38 elapsed_us=1858 envelope=@J10000000001000000003957814|I421j200;
editbox_emit sequence=40 bytes=38 elapsed_us=1900 envelope=@J10000000001000000004048498|I421l200;
editbox_emit sequence=41 bytes=38 elapsed_us=2231 envelope=@J10000000001000000004125965|I421n200;
editbox_emit sequence=42 bytes=38 elapsed_us=2005 envelope=@J10000000001000000004203432|I421p200;
editbox_emit sequence=43 bytes=38 elapsed_us=2160 envelope=@J10000000001000000004346420|I421r200;
editbox_emit sequence=44 bytes=38 elapsed_us=2088 envelope=@J10000000001000000004423887|I421t200;
editbox_emit sequence=45 bytes=38 elapsed_us=1975 envelope=@J10000000001000000004501354|I421v200;
editbox_emit sequence=46 bytes=38 elapsed_us=1874 envelope=@J10000000001000000004644342|I421x200;
editbox_emit sequence=47 bytes=38 elapsed_us=2042 envelope=@J10000000001000000004721809|I421z200;
editbox_emit sequence=48 bytes=38 elapsed_us=2010 envelope=@J10000000001000000004864797|I421_200;
editbox_emit sequence=49 bytes=38 elapsed_us=2210 envelope=@J10000000001000000004934395|I421X300;
editbox_emit sequence=50 bytes=38 elapsed_us=2188 envelope=@J10000000001000000005025079|I421Z300;
editbox_emit sequence=51 bytes=38 elapsed_us=1888 envelope=@J10000000001000000005102546|I421b300;
editbox_emit sequence=52 bytes=38 elapsed_us=1916 envelope=@J10000000001000000005245534|I421d300;
editbox_emit sequence=37 bytes=38 elapsed_us=2485 envelope=@J10000000001000000003737359|I421f200;
editbox_emit sequence=38 bytes=38 elapsed_us=2491 envelope=@J10000000001000000003814826|I421h200;
editbox_emit sequence=39 bytes=38 elapsed_us=2663 envelope=@J10000000001000000003957814|I421j200;
editbox_emit sequence=40 bytes=38 elapsed_us=2026 envelope=@J10000000001000000004048498|I421l200;
editbox_emit sequence=41 bytes=38 elapsed_us=1880 envelope=@J10000000001000000004125965|I421n200;
editbox_emit sequence=42 bytes=38 elapsed_us=1876 envelope=@J10000000001000000004203432|I421p200;
editbox_emit sequence=43 bytes=38 elapsed_us=2069 envelope=@J10000000001000000004346420|I421r200;
editbox_emit sequence=44 bytes=38 elapsed_us=1952 envelope=@J10000000001000000004423887|I421t200;
editbox_emit sequence=45 bytes=38 elapsed_us=2101 envelope=@J10000000001000000004501354|I421v200;
editbox_emit sequence=46 bytes=38 elapsed_us=2053 envelope=@J10000000001000000004644342|I421x200;
editbox_emit sequence=47 bytes=38 elapsed_us=2028 envelope=@J10000000001000000004721809|I421z200;
editbox_emit sequence=48 bytes=38 elapsed_us=2126 envelope=@J10000000001000000004864797|I421_200;
editbox_emit sequence=49 bytes=38 elapsed_us=2099 envelope=@J10000000001000000004934395|I421X300;
editbox_emit sequence=50 bytes=38 elapsed_us=2121 envelope=@J10000000001000000005025079|I421Z300;
editbox_emit sequence=51 bytes=38 elapsed_us=1900 envelope=@J10000000001000000005102546|I421b300;
editbox_emit sequence=52 bytes=38 elapsed_us=1950 envelope=@J10000000001000000005245534|I421d300;
editbox_emit sequence=37 bytes=38 elapsed_us=2397 envelope=@J10000000001000000003737359|I421f200;
editbox_emit sequence=38 bytes=38 elapsed_us=2374 envelope=@J10000000001000000003814826|I421h200;
editbox_emit sequence=39 bytes=38 elapsed_us=2608 envelope=@J10000000001000000003957814|I421j200;
editbox_emit sequence=40 bytes=38 elapsed_us=2313 envelope=@J10000000001000000004048498|I421l200;
editbox_emit sequence=41 bytes=38 elapsed_us=2375 envelope=@J10000000001000000004125965|I421n200;
editbox_emit sequence=42 bytes=38 elapsed_us=1845 envelope=@J10000000001000000004203432|I421p200;
editbox_emit sequence=43 bytes=38 elapsed_us=1827 envelope=@J10000000001000000004346420|I421r200;
editbox_emit sequence=44 bytes=38 elapsed_us=2103 envelope=@J10000000001000000004423887|I421t200;
editbox_emit sequence=45 bytes=38 elapsed_us=2300 envelope=@J10000000001000000004501354|I421v200;
editbox_emit sequence=46 bytes=38 elapsed_us=1948 envelope=@J10000000001000000004644342|I421x200;
editbox_emit sequence=47 bytes=38 elapsed_us=2030 envelope=@J10000000001000000004721809|I421z200;
editbox_emit sequence=48 bytes=38 elapsed_us=2493 envelope=@J10000000001000000004864797|I421_200;
editbox_emit sequence=49 bytes=38 elapsed_us=1995 envelope=@J10000000001000000004934395|I421X300;
editbox_emit sequence=50 bytes=38 elapsed_us=1903 envelope=@J10000000001000000005025079|I421Z300;
editbox_emit sequence=51 bytes=38 elapsed_us=1876 envelope=@J10000000001000000005102546|I421b300;
editbox_emit sequence=52 bytes=38 elapsed_us=1835 envelope=@J10000000001000000005245534|I421d300;
editbox_emit sequence=37 bytes=38 elapsed_us=1996 envelope=@J10000000001000000003737359|I421f200;
editbox_emit sequence=38 bytes=38 elapsed_us=1855 envelope=@J10000000001000000003814826|I421h200;
editbox_emit sequence=39 bytes=38 elapsed_us=1968 envelope=@J10000000001000000003957814|I421j200;
editbox_emit sequence=40 bytes=38 elapsed_us=2018 envelope=@J10000000001000000004048498|I421l200;
editbox_emit sequence=41 bytes=38 elapsed_us=2114 envelope=@J10000000001000000004125965|I421n200;
editbox_emit sequence=42 bytes=38 elapsed_us=1983 envelope=@J10000000001000000004203432|I421p200;
editbox_emit sequence=43 bytes=38 elapsed_us=1970 envelope=@J10000000001000000004346420|I421r200;
editbox_emit sequence=44 bytes=38 elapsed_us=1963 envelope=@J10000000001000000004423887|I421t200;
editbox_emit sequence=45 bytes=38 elapsed_us=1963 envelope=@J10000000001000000004501354|I421v200;
editbox_emit sequence=46 bytes=38 elapsed_us=1987 envelope=@J10000000001000000004644342|I421x200;
editbox_emit sequence=47 bytes=38 elapsed_us=2032 envelope=@J10000000001000000004721809|I421z200;
editbox_emit sequence=48 bytes=38 elapsed_us=2085 envelope=@J10000000001000000004864797|I421_200;
editbox_emit sequence=49 bytes=38 elapsed_us=2044 envelope=@J10000000001000000004934395|I421X300;
editbox_emit sequence=50 bytes=38 elapsed_us=1933 envelope=@J10000000001000000005025079|I421Z300;
editbox_emit sequence=51 bytes=38 elapsed_us=1968 envelope=@J10000000001000000005102546|I421b300;
editbox_emit sequence=52 bytes=38 elapsed_us=2502 envelope=@J10000000001000000005245534|I421d300;
editbox_emit sequence=37 bytes=38 elapsed_us=2099 envelope=@J10000000001000000003737359|I421f200;
editbox_emit sequence=38 bytes=38 elapsed_us=2366 envelope=@J10000000001000000003814826|I421h200;
editbox_emit sequence=39 bytes=38 elapsed_us=2050 envelope=@J10000000001000000003957814|I421j200;
editbox_emit sequence=40 bytes=38 elapsed_us=1839 envelope=@J10000000001000000004048498|I421l200;
editbox_emit sequence=41 bytes=38 elapsed_us=1861 envelope=@J10000000001000000004125965|I421n200;
editbox_emit sequence=42 bytes=38 elapsed_us=2134 envelope=@J10000000001000000004203432|I421p200;
editbox_emit sequence=43 bytes=38 elapsed_us=2257 envelope=@J10000000001000000004346420|I421r200;
editbox_emit sequence=44 bytes=38 elapsed_us=2357 envelope=@J10000000001000000004423887|I421t200;
editbox_emit sequence=45 bytes=38 elapsed_us=2350 envelope=@J10000000001000000004501354|I421v200;
editbox_emit sequence=46 bytes=38 elapsed_us=2238 envelope=@J10000000001000000004644342|I421x200;
editbox_emit sequence=47 bytes=38 elapsed_us=2293 envelope=@J10000000001000000004721809|I421z200;
editbox_emit sequence=48 bytes=38 elapsed_us=2454 envelope=@J10000000001000000004864797|I421_200;
editbox_emit sequence=49 bytes=38 elapsed_us=2252 envelope=@J10000000001000000004934395|I421X300;
editbox_emit sequence=50 bytes=38 elapsed_us=2340 envelope=@J10000000001000000005025079|I421Z300;
editbox_emit sequence=51 bytes=38 elapsed_us=2303 envelope=@J10000000001000000005102546|I421b300;
editbox_emit sequence=52 bytes=38 elapsed_us=2345 envelope=@J10000000001000000005245534|I421d300;
editbox_emit sequence=37 bytes=38 elapsed_us=1973 envelope=@J10000000001000000003737359|I421f200;
editbox_emit sequence=38 bytes=38 elapsed_us=1929 envelope=@J10000000001000000003814826|I421h200;
editbox_emit sequence=39 bytes=38 elapsed_us=2109 envelope=@J10000000001000000003957814|I421j200;
editbox_emit sequence=40 bytes=38 elapsed_us=1990 envelope=@J10000000001000000004048498|I421l200;
editbox_emit sequence=41 bytes=38 elapsed_us=2233 envelope=@J10000000001000000004125965|I421n200;
editbox_emit sequence=42 bytes=38 elapsed_us=2302 envelope=@J10000000001000000004203432|I421p200;
editbox_emit sequence=43 bytes=38 elapsed_us=1880 envelope=@J10000000001000000004346420|I421r200;
editbox_emit sequence=44 bytes=38 elapsed_us=1835 envelope=@J10000000001000000004423887|I421t200;
editbox_emit sequence=45 bytes=38 elapsed_us=1911 envelope=@J10000000001000000004501354|I421v200;
editbox_emit sequence=46 bytes=38 elapsed_us=1925 envelope=@J10000000001000000004644342|I421x200;
editbox_emit sequence=47 bytes=38 elapsed_us=1882 envelope=@J10000000001000000004721809|I421z200;
editbox_emit sequence=48 bytes=38 elapsed_us=1940 envelope=@J10000000001000000004864797|I421_200;
editbox_emit sequence=49 bytes=38 elapsed_us=2112 envelope=@J10000000001000000004934395|I421X300;
editbox_emit sequence=50 bytes=38 elapsed_us=1941 envelope=@J10000000001000000005025079|I421Z300;
editbox_emit sequence=51 bytes=38 elapsed_us=1832 envelope=@J10000000001000000005102546|I421b300;
editbox_emit sequence=52 bytes=38 elapsed_us=1800 envelope=@J10000000001000000005245534|I421d300;
editbox_emit sequence=37 bytes=38 elapsed_us=2390 envelope=@J10000000001000000003737359|I421f200;
editbox_emit sequence=38 bytes=38 elapsed_us=1992 envelope=@J10000000001000000003814826|I421h200;
editbox_emit sequence=39 bytes=38 elapsed_us=1886 envelope=@J10000000001000000003957814|I421j200;
editbox_emit sequence=40 bytes=38 elapsed_us=1931 envelope=@J10000000001000000004048498|I421l200;
editbox_emit sequence=41 bytes=38 elapsed_us=1849 envelope=@J10000000001000000004125965|I421n200;
editbox_emit sequence=42 bytes=38 elapsed_us=1860 envelope=@J10000000001000000004203432|I421p200;
editbox_emit sequence=43 bytes=38 elapsed_us=1847 envelope=@J10000000001000000004346420|I421r200;
editbox_emit sequence=44 bytes=38 elapsed_us=2129 envelope=@J10000000001000000004423887|I421t200;
editbox_emit sequence=45 bytes=38 elapsed_us=2059 envelope=@J10000000001000000004501354|I421v200;
editbox_emit sequence=46 bytes=38 elapsed_us=1943 envelope=@J10000000001000000004644342|I421x200;
editbox_emit sequence=47 bytes=38 elapsed_us=1977 envelope=@J10000000001000000004721809|I421z200;
editbox_emit sequence=48 bytes=38 elapsed_us=2162 envelope=@J10000000001000000004864797|I421_200;
editbox_emit sequence=49 bytes=38 elapsed_us=2008 envelope=@J10000000001000000004934395|I421X300;
editbox_emit sequence=50 bytes=38 elapsed_us=2073 envelope=@J10000000001000000005025079|I421Z300;
editbox_emit sequence=51 bytes=38 elapsed_us=1969 envelope=@J10000000001000000005102546|I421b300;
editbox_emit sequence=52 bytes=38 elapsed_us=1832 envelope=@J10000000001000000005245534|I421d300;
editbox_emit sequence=37 bytes=38 elapsed_us=1864 envelope=@J10000000001000000003737359|I421f200;
editbox_emit sequence=38 bytes=38 elapsed_us=1861 envelope=@J10000000001000000003814826|I421h200;
editbox_emit sequence=39 bytes=38 elapsed_us=1995 envelope=@J10000000001000000003957814|I421j200;
editbox_emit sequence=40 bytes=38 elapsed_us=1864 envelope=@J10000000001000000004048498|I421l200;
editbox_emit sequence=41 bytes=38 elapsed_us=2386 envelope=@J10000000001000000004125965|I421n200;
editbox_emit sequence=42 bytes=38 elapsed_us=1856 envelope=@J10000000001000000004203432|I421p200;
editbox_emit sequence=43 bytes=38 elapsed_us=1835 envelope=@J10000000001000000004346420|I421r200;
editbox_emit sequence=44 bytes=38 elapsed_us=2050 envelope=@J10000000001000000004423887|I421t200;
editbox_emit sequence=45 bytes=38 elapsed_us=2073 envelope=@J10000000001000000004501354|I421v200;
editbox_emit sequence=46 bytes=38 elapsed_us=2114 envelope=@J10000000001000000004644342|I421x200;
editbox_emit sequence=47 bytes=38 elapsed_us=2112 envelope=@J10000000001000000004721809|I421z200;
editbox_emit sequence=48 bytes=38 elapsed_us=2240 envelope=@J10000000001000000004864797|I421_200;
editbox_emit sequence=49 bytes=38 elapsed_us=2069 envelope=@J10000000001000000004934395|I421X300;
editbox_emit sequence=50 bytes=38 elapsed_us=1962 envelope=@J10000000001000000005025079|I421Z300;
editbox_emit sequence=51 bytes=38 elapsed_us=1980 envelope=@J10000000001000000005102546|I421b300;
editbox_emit sequence=52 bytes=38 elapsed_us=1812 envelope=@J10000000001000000005245534|I421d300;
editbox_emit sequence=37 bytes=38 elapsed_us=2213 envelope=@J10000000001000000003737359|I421f200;
editbox_emit sequence=38 bytes=38 elapsed_us=2154 envelope=@J10000000001000000003814826|I421h200;
editbox_emit sequence=39 bytes=38 elapsed_us=2370 envelope=@J10000000001000000003957814|I421j200;
editbox_emit sequence=40 bytes=38 elapsed_us=1878 envelope=@J10000000001000000004048498|I421l200;
editbox_emit sequence=41 bytes=38 elapsed_us=1834 envelope=@J10000000001000000004125965|I421n200;
editbox_emit sequence=42 bytes=38 elapsed_us=2004 envelope=@J10000000001000000004203432|I421p200;
editbox_emit sequence=43 bytes=38 elapsed_us=2083 envelope=@J10000000001000000004346420|I421r200;
editbox_emit sequence=44 bytes=38 elapsed_us=2063 envelope=@J10000000001000000004423887|I421t200;
editbox_emit sequence=45 bytes=38 elapsed_us=2153 envelope=@J10000000001000000004501354|I421v200;
editbox_emit sequence=46 bytes=38 elapsed_us=2260 envelope=@J10000000001000000004644342|I421x200;
editbox_emit sequence=47 bytes=38 elapsed_us=2311 envelope=@J10000000001000000004721809|I421z200;
editbox_emit sequence=48 bytes=38 elapsed_us=2395 envelope=@J10000000001000000004864797|I421_200;
editbox_emit sequence=49 bytes=38 elapsed_us=1944 envelope=@J10000000001000000004934395|I421X300;
editbox_emit sequence=50 bytes=38 elapsed_us=2323 envelope=@J10000000001000000005025079|I421Z300;
editbox_emit sequence=51 bytes=38 elapsed_us=2120 envelope=@J10000000001000000005102546|I421b300;
editbox_emit sequence=52 bytes=38 elapsed_us=2028 envelope=@J10000000001000000005245534|I421d300;
editbox_emit sequence=37 bytes=38 elapsed_us=1905 envelope=@J10000000001000000003737359|I421f200;
editbox_emit sequence=38 bytes=38 elapsed_us=2025 envelope=@J10000000001000000003814826|I421h200;
editbox_emit sequence=39 bytes=38 elapsed_us=2078 envelope=@J10000000001000000003957814|I421j200;
editbox_emit sequence=40 bytes=38 elapsed_us=1944 envelope=@J10000000001000000004048498|I421l200;
editbox_emit sequence=41 bytes=38 elapsed_us=1814 envelope=@J10000000001000000004125965|I421n200;
editbox_emit sequence=42 bytes=38 elapsed_us=1980 envelope=@J10000000001000000004203432|I421p200;
editbox_emit sequence=43 bytes=38 elapsed_us=1931 envelope=@J10000000001000000004346420|I421r200;
editbox_emit sequence=44 bytes=38 elapsed_us=2144 envelope=@J10000000001000000004423887|I421t200;
editbox_emit sequence=45 bytes=38 elapsed_us=2115 envelope=@J10000000001000000004501354|I421v200;
editbox_emit sequence=46 bytes=38 elapsed_us=2165 envelope=@J10000000001000000004644342|I421x200;
editbox_emit sequence=47 bytes=38 elapsed_us=2182 envelope=@J10000000001000000004721809|I421z200;
editbox_emit sequence=48 bytes=38 elapsed_us=2158 envelope=@J10000000001000000004864797|I421_200;
editbox_emit sequence=49 bytes=38 elapsed_us=2088 envelope=@J10000000001000000004934395|I421X300;
editbox_emit sequence=50 bytes=38 elapsed_us=1923 envelope=@J10000000001000000005025079|I421Z300;
editbox_emit sequence=51 bytes=38 elapsed_us=1922 envelope=@J10000000001000000005102546|I421b300;
editbox_emit sequence=52 bytes=38 elapsed_us=1872 envelope=@J10000000001000000005245534|I421d300;
editbox_emit sequence=37 bytes=38 elapsed_us=2442 envelope=@J10000000001000000003737359|I421f200;
editbox_emit sequence=38 bytes=38 elapsed_us=2386 envelope=@J10000000001000000003814826|I421h200;
editbox_emit sequence=39 bytes=38 elapsed_us=2078 envelope=@J10000000001000000003957814|I421j200;
editbox_emit sequence=40 bytes=38 elapsed_us=2047 envelope=@J10000000001000000004048498|I421l200;
editbox_emit sequence=41 bytes=38 elapsed_us=2021 envelope=@J10000000001000000004125965|I421n200;
editbox_emit sequence=42 bytes=38 elapsed_us=2008 envelope=@J10000000001000000004203432|I421p200;
editbox_emit sequence=43 bytes=38 elapsed_us=2129 envelope=@J10000000001000000004346420|I421r200;
editbox_emit sequence=44 bytes=38 elapsed_us=2066 envelope=@J10000000001000000004423887|I421t200;
editbox_emit sequence=45 bytes=38 elapsed_us=2028 envelope=@J10000000001000000004501354|I421v200;
editbox_emit sequence=46 bytes=38 elapsed_us=2183 envelope=@J10000000001000000004644342|I421x200;
editbox_emit sequence=47 bytes=38 elapsed_us=2483 envelope=@J10000000001000000004721809|I421z200;
editbox_emit sequence=48 bytes=38 elapsed_us=2120 envelope=@J10000000001000000004864797|I421_200;
editbox_emit sequence=49 bytes=38 elapsed_us=2073 envelope=@J10000000001000000004934395|I421X300;
editbox_emit sequence=50 bytes=38 elapsed_us=1996 envelope=@J10000000001000000005025079|I421Z300;
editbox_emit sequence=51 bytes=38 elapsed_us=1977 envelope=@J10000000001000000005102546|I421b300;
editbox_emit sequence=52 bytes=38 elapsed_us=2557 envelope=@J10000000001000000005245534|I421d300;
editbox_emit sequence=37 bytes=38 elapsed_us=1896 envelope=@J10000000001000000003737359|I421f200;
editbox_emit sequence=38 bytes=38 elapsed_us=2130 envelope=@J10000000001000000003814826|I421h200;
editbox_emit sequence=39 bytes=38 elapsed_us=2350 envelope=@J10000000001000000003957814|I421j200;
editbox_emit sequence=40 bytes=38 elapsed_us=2279 envelope=@J10000000001000000004048498|I421l200;
editbox_emit sequence=41 bytes=38 elapsed_us=2269 envelope=@J10000000001000000004125965|I421n200;
editbox_emit sequence=42 bytes=38 elapsed_us=2241 envelope=@J10000000001000000004203432|I421p200;
editbox_emit sequence=43 bytes=38 elapsed_us=2290 envelope=@J10000000001000000004346420|I421r200;
editbox_emit sequence=44 bytes=38 elapsed_us=2203 envelope=@J10000000001000000004423887|I421t200;
editbox_emit sequence=45 bytes=38 elapsed_us=2159 envelope=@J10000000001000000004501354|I421v200;
editbox_emit sequence=46 bytes=38 elapsed_us=2731 envelope=@J10000000001000000004644342|I421x200;
editbox_emit sequence=47 bytes=38 elapsed_us=2802 envelope=@J10000000001000000004721809|I421z200;
editbox_emit sequence=48 bytes=38 elapsed_us=2837 envelope=@J10000000001000000004864797|I421_200;
editbox_emit sequence=49 bytes=38 elapsed_us=2832 envelope=@J10000000001000000004934395|I421X300;
editbox_emit sequence=50 bytes=38 elapsed_us=2822 envelope=@J10000000001000000005025079|I421Z300;
editbox_emit sequence=51 bytes=38 elapsed_us=2436 envelope=@J10000000001000000005102546|I421b300;
editbox_emit sequence=52 bytes=38 elapsed_us=2243 envelope=@J10000000001000000005245534|I421d300;
editbox_emit sequence=37 bytes=38 elapsed_us=2347 envelope=@J10000000001000000003737359|I421f200;
editbox_emit sequence=38 bytes=38 elapsed_us=2167 envelope=@J10000000001000000003814826|I421h200;
editbox_emit sequence=39 bytes=38 elapsed_us=1912 envelope=@J10000000001000000003957814|I421j200;
editbox_emit sequence=40 bytes=38 elapsed_us=2130 envelope=@J10000000001000000004048498|I421l200;
editbox_emit sequence=41 bytes=38 elapsed_us=2541 envelope=@J10000000001000000004125965|I421n200;
editbox_emit sequence=42 bytes=38 elapsed_us=2234 envelope=@J10000000001000000004203432|I421p200;
editbox_emit sequence=43 bytes=38 elapsed_us=2352 envelope=@J10000000001000000004346420|I421r200;
editbox_emit sequence=44 bytes=38 elapsed_us=2150 envelope=@J10000000001000000004423887|I421t200;
editbox_emit sequence=45 bytes=38 elapsed_us=2310 envelope=@J10000000001000000004501354|I421v200;
editbox_emit sequence=46 bytes=38 elapsed_us=2342 envelope=@J10000000001000000004644342|I421x200;
editbox_emit sequence=47 bytes=38 elapsed_us=2430 envelope=@J10000000001000000004721809|I421z200;
editbox_emit sequence=48 bytes=38 elapsed_us=2152 envelope=@J10000000001000000004864797|I421_200;
editbox_emit sequence=49 bytes=38 elapsed_us=1895 envelope=@J10000000001000000004934395|I421X300;
editbox_emit sequence=50 bytes=38 elapsed_us=2079 envelope=@J10000000001000000005025079|I421Z300;
editbox_emit sequence=51 bytes=38 elapsed_us=2118 envelope=@J10000000001000000005102546|I421b300;
editbox_emit sequence=52 bytes=38 elapsed_us=1793 envelope=@J10000000001000000005245534|I421d300;
editbox_emit sequence=37 bytes=38 elapsed_us=2859 envelope=@J10000000001000000003737359|I421f200;
editbox_emit sequence=38 bytes=38 elapsed_us=2799 envelope=@J10000000001000000003814826|I421h200;
editbox_emit sequence=39 bytes=38 elapsed_us=2025 envelope=@J10000000001000000003957814|I421j200;
editbox_emit sequence=40 bytes=38 elapsed_us=2350 envelope=@J10000000001000000004048498|I421l200;
editbox_emit sequence=41 bytes=38 elapsed_us=2576 envelope=@J10000000001000000004125965|I421n200;
editbox_emit sequence=42 bytes=38 elapsed_us=2468 envelope=@J10000000001000000004203432|I421p200;
editbox_emit sequence=43 bytes=38 elapsed_us=2401 envelope=@J10000000001000000004346420|I421r200;
editbox_emit sequence=44 bytes=38 elapsed_us=2326 envelope=@J10000000001000000004423887|I421t200;
editbox_emit sequence=45 bytes=38 elapsed_us=2537 envelope=@J10000000001000000004501354|I421v200;
editbox_emit sequence=46 bytes=38 elapsed_us=2295 envelope=@J10000000001000000004644342|I421x200;
editbox_emit sequence=47 bytes=38 elapsed_us=2332 envelope=@J10000000001000000004721809|I421z200;
editbox_emit sequence=48 bytes=38 elapsed_us=2365 envelope=@J10000000001000000004864797|I421_200;
editbox_emit sequence=49 bytes=38 elapsed_us=2298 envelope=@J10000000001000000004934395|I421X300;
editbox_emit sequence=50 bytes=38 elapsed_us=2721 envelope=@J10000000001000000005025079|I421Z300;
editbox_emit sequence=51 bytes=38 elapsed_us=2226 envelope=@J10000000001000000005102546|I421b300;
editbox_emit sequence=52 bytes=38 elapsed_us=2221 envelope=@J10000000001000000005245534|I421d300;
editbox_emit sequence=37 bytes=38 elapsed_us=2354 envelope=@J10000000001000000003737359|I421f200;
editbox_emit sequence=38 bytes=38 elapsed_us=2229 envelope=@J10000000001000000003814826|I421h200;
editbox_emit sequence=39 bytes=38 elapsed_us=2185 envelope=@J10000000001000000003957814|I421j200;
editbox_emit sequence=40 bytes=38 elapsed_us=2237 envelope=@J10000000001000000004048498|I421l200;
editbox_emit sequence=41 bytes=38 elapsed_us=2229 envelope=@J10000000001000000004125965|I421n200;
editbox_emit sequence=42 bytes=38 elapsed_us=2493 envelope=@J10000000001000000004203432|I421p200;
editbox_emit sequence=43 bytes=38 elapsed_us=2279 envelope=@J10000000001000000004346420|I421r200;
editbox_emit sequence=44 bytes=38 elapsed_us=2137 envelope=@J10000000001000000004423887|I421t200;
editbox_emit sequence=45 bytes=38 elapsed_us=1858 envelope=@J10000000001000000004501354|I421v200;
editbox_emit sequence=46 bytes=38 elapsed_us=1869 envelope=@J10000000001000000004644342|I421x200;
editbox_emit sequence=47 bytes=38 elapsed_us=2001 envelope=@J10000000001000000004721809|I421z200;
editbox_emit sequence=48 bytes=38 elapsed_us=1885 envelope=@J10000000001000000004864797|I421_200;
editbox_emit sequence=49 bytes=38 elapsed_us=1874 envelope=@J10000000001000000004934395|I421X300;
editbox_emit sequence=50 bytes=38 elapsed_us=1915 envelope=@J10000000001000000005025079|I421Z300;
editbox_emit sequence=51 bytes=38 elapsed_us=1966 envelope=@J10000000001000000005102546|I421b300;
editbox_emit sequence=52 bytes=38 elapsed_us=2335 envelope=@J10000000001000000005245534|I421d300;
editbox_emit sequence=37 bytes=38 elapsed_us=2352 envelope=@J10000000001000000003737359|I421f200;
editbox_emit sequence=38 bytes=38 elapsed_us=1922 envelope=@J10000000001000000003814826|I421h200;
editbox_emit sequence=39 bytes=38 elapsed_us=1881 envelope=@J10000000001000000003957814|I421j200;
editbox_emit sequence=40 bytes=38 elapsed_us=2046 envelope=@J10000000001000000004048498|I421l200;
editbox_emit sequence=41 bytes=38 elapsed_us=2104 envelope=@J10000000001000000004125965|I421n200;
editbox_emit sequence=42 bytes=38 elapsed_us=2110 envelope=@J10000000001000000004203432|I421p200;
editbox_emit sequence=43 bytes=38 elapsed_us=2032 envelope=@J10000000001000000004346420|I421r200;
editbox_emit sequence=44 bytes=38 elapsed_us=2088 envelope=@J10000000001000000004423887|I421t200;
editbox_emit sequence=45 bytes=38 elapsed_us=1967 envelope=@J10000000001000000004501354|I421v200;
editbox_emit sequence=46 bytes=38 elapsed_us=2095 envelope=@J10000000001000000004644342|I421x200;
editbox_emit sequence=47 bytes=38 elapsed_us=1994 envelope=@J10000000001000000004721809|I421z200;
editbox_emit sequence=48 bytes=38 elapsed_us=2418 envelope=@J10000000001000000004864797|I421_200;
editbox_emit sequence=49 bytes=38 elapsed_us=2045 envelope=@J10000000001000000004934395|I421X300;
editbox_emit sequence=50 bytes=38 elapsed_us=2095 envelope=@J10000000001000000005025079|I421Z300;
editbox_emit sequence=51 bytes=38 elapsed_us=2003 envelope=@J10000000001000000005102546|I421b300;
editbox_emit sequence=52 bytes=38 elapsed_us=1917 envelope=@J10000000001000000005245534|I421d300;
editbox_emit sequence=37 bytes=38 elapsed_us=2432 envelope=@J10000000001000000003737359|I421f200;
editbox_emit sequence=38 bytes=38 elapsed_us=2363 envelope=@J10000000001000000003814826|I421h200;
editbox_emit sequence=39 bytes=38 elapsed_us=1961 envelope=@J10000000001000000003957814|I421j200;
editbox_emit sequence=40 bytes=38 elapsed_us=1959 envelope=@J10000000001000000004048498|I421l200;
editbox_emit sequence=41 bytes=38 elapsed_us=2284 envelope=@J10000000001000000004125965|I421n200;
editbox_emit sequence=42 bytes=38 elapsed_us=1928 envelope=@J10000000001000000004203432|I421p200;
editbox_emit sequence=43 bytes=38 elapsed_us=2089 envelope=@J10000000001000000004346420|I421r200;
editbox_emit sequence=44 bytes=38 elapsed_us=2045 envelope=@J10000000001000000004423887|I421t200;
editbox_emit sequence=45 bytes=38 elapsed_us=1964 envelope=@J10000000001000000004501354|I421v200;
editbox_emit sequence=46 bytes=38 elapsed_us=2532 envelope=@J10000000001000000004644342|I421x200;
editbox_emit sequence=47 bytes=38 elapsed_us=2008 envelope=@J10000000001000000004721809|I421z200;
editbox_emit sequence=48 bytes=38 elapsed_us=1924 envelope=@J10000000001000000004864797|I421_200;
editbox_emit sequence=49 bytes=38 elapsed_us=2081 envelope=@J10000000001000000004934395|I421X300;
editbox_emit sequence=50 bytes=38 elapsed_us=2139 envelope=@J10000000001000000005025079|I421Z300;
editbox_emit sequence=51 bytes=38 elapsed_us=1924 envelope=@J10000000001000000005102546|I421b300;
editbox_emit sequence=52 bytes=38 elapsed_us=1833 envelope=@J10000000001000000005245534|I421d300;
editbox_emit sequence=37 bytes=38 elapsed_us=2214 envelope=@J10000000001000000003737359|I421f200;
editbox_emit sequence=38 bytes=38 elapsed_us=1839 envelope=@J10000000001000000003814826|I421h200;
editbox_emit sequence=39 bytes=38 elapsed_us=2207 envelope=@J10000000001000000003957814|I421j200;
editbox_emit sequence=40 bytes=38 elapsed_us=2244 envelope=@J10000000001000000004048498|I421l200;
editbox_emit sequence=41 bytes=38 elapsed_us=2311 envelope=@J10000000001000000004125965|I421n200;
editbox_emit sequence=42 bytes=38 elapsed_us=2711 envelope=@J10000000001000000004203432|I421p200;
editbox_emit sequence=43 bytes=38 elapsed_us=2310 envelope=@J10000000001000000004346420|I421r200;
editbox_emit sequence=44 bytes=38 elapsed_us=2253 envelope=@J10000000001000000004423887|I421t200;
editbox_emit sequence=45 bytes=38 elapsed_us=2275 envelope=@J10000000001000000004501354|I421v200;
editbox_emit sequence=46 bytes=38 elapsed_us=2692 envelope=@J10000000001000000004644342|I421x200;
editbox_emit sequence=47 bytes=38 elapsed_us=2391 envelope=@J10000000001000000004721809|I421z200;
editbox_emit sequence=48 bytes=38 elapsed_us=2379 envelope=@J10000000001000000004864797|I421_200;
editbox_emit sequence=49 bytes=38 elapsed_us=2605 envelope=@J10000000001000000004934395|I421X300;
editbox_emit sequence=50 bytes=38 elapsed_us=2373 envelope=@J10000000001000000005025079|I421Z300;
editbox_emit sequence=51 bytes=38 elapsed_us=2728 envelope=@J10000000001000000005102546|I421b300;
editbox_emit sequence=52 bytes=38 elapsed_us=2234 envelope=@J10000000001000000005245534|I421d300;
editbox_emit sequence=37 bytes=38 elapsed_us=2218 envelope=@J10000000001000000003737359|I421f200;
editbox_emit sequence=38 bytes=38 elapsed_us=1898 envelope=@J10000000001000000003814826|I421h200;
editbox_emit sequence=39 bytes=38 elapsed_us=2067 envelope=@J10000000001000000003957814|I421j200;
editbox_emit sequence=40 bytes=38 elapsed_us=2027 envelope=@J10000000001000000004048498|I421l200;
editbox_emit sequence=41 bytes=38 elapsed_us=2314 envelope=@J10000000001000000004125965|I421n200;
editbox_emit sequence=42 bytes=38 elapsed_us=2142 envelope=@J10000000001000000004203432|I421p200;
editbox_emit sequence=43 bytes=38 elapsed_us=2229 envelope=@J10000000001000000004346420|I421r200;
editbox_emit sequence=44 bytes=38 elapsed_us=2144 envelope=@J10000000001000000004423887|I421t200;
editbox_emit sequence=45 bytes=38 elapsed_us=2113 envelope=@J10000000001000000004501354|I421v200;
editbox_emit sequence=46 bytes=38 elapsed_us=1962 envelope=@J10000000001000000004644342|I421x200;
editbox_emit sequence=47 bytes=38 elapsed_us=1989 envelope=@J10000000001000000004721809|I421z200;
editbox_emit sequence=48 bytes=38 elapsed_us=2084 envelope=@J10000000001000000004864797|I421_200;
editbox_emit sequence=49 bytes=38 elapsed_us=2008 envelope=@J10000000001000000004934395|I421X300;
editbox_emit sequence=50 bytes=38 elapsed_us=2031 envelope=@J10000000001000000005025079|I421Z300;
editbox_emit sequence=51 bytes=38 elapsed_us=1950 envelope=@J10000000001000000005102546|I421b300;
editbox_emit sequence=52 bytes=38 elapsed_us=1998 envelope=@J10000000001000000005245534|I421d300;
editbox_emit sequence=37 bytes=38 elapsed_us=2075 envelope=@J10000000001000000003737359|I421f200;
editbox_emit sequence=38 bytes=38 elapsed_us=1862 envelope=@J10000000001000000003814826|I421h200;
editbox_emit sequence=39 bytes=38 elapsed_us=1768 envelope=@J10000000001000000003957814|I421j200;
editbox_emit sequence=40 bytes=38 elapsed_us=2821 envelope=@J10000000001000000004048498|I421l200;
editbox_emit sequence=41 bytes=38 elapsed_us=1934 envelope=@J10000000001000000004125965|I421n200;
editbox_emit sequence=42 bytes=38 elapsed_us=1995 envelope=@J10000000001000000004203432|I421p200;
editbox_emit sequence=43 bytes=38 elapsed_us=2195 envelope=@J10000000001000000004346420|I421r200;
editbox_emit sequence=44 bytes=38 elapsed_us=2147 envelope=@J10000000001000000004423887|I421t200;
editbox_emit sequence=45 bytes=38 elapsed_us=2061 envelope=@J10000000001000000004501354|I421v200;
editbox_emit sequence=46 bytes=38 elapsed_us=2235 envelope=@J10000000001000000004644342|I421x200;
editbox_emit sequence=47 bytes=38 elapsed_us=2200 envelope=@J10000000001000000004721809|I421z200;
editbox_emit sequence=48 bytes=38 elapsed_us=2139 envelope=@J10000000001000000004864797|I421_200;
editbox_emit sequence=49 bytes=38 elapsed_us=2072 envelope=@J10000000001000000004934395|I421X300;
editbox_emit sequence=50 bytes=38 elapsed_us=2272 envelope=@J10000000001000000005025079|I421Z300;
editbox_emit sequence=51 bytes=38 elapsed_us=2000 envelope=@J10000000001000000005102546|I421b300;
editbox_emit sequence=52 bytes=38 elapsed_us=2303 envelope=@J10000000001000000005245534|I421d300;
editbox_emit sequence=37 bytes=38 elapsed_us=2244 envelope=@J10000000001000000003737359|I421f200;
editbox_emit sequence=38 bytes=38 elapsed_us=1853 envelope=@J10000000001000000003814826|I421h200;
editbox_emit sequence=39 bytes=38 elapsed_us=1898 envelope=@J10000000001000000003957814|I421j200;
editbox_emit sequence=40 bytes=38 elapsed_us=1992 envelope=@J10000000001000000004048498|I421l200;
editbox_emit sequence=41 bytes=38 elapsed_us=1931 envelope=@J10000000001000000004125965|I421n200;
editbox_emit sequence=42 bytes=38 elapsed_us=1938 envelope=@J10000000001000000004203432|I421p200;
editbox_emit sequence=43 bytes=38 elapsed_us=1810 envelope=@J10000000001000000004346420|I421r200;
editbox_emit sequence=44 bytes=38 elapsed_us=1894 envelope=@J10000000001000000004423887|I421t200;
editbox_emit sequence=45 bytes=38 elapsed_us=2026 envelope=@J10000000001000000004501354|I421v200;
editbox_emit sequence=46 bytes=38 elapsed_us=1799 envelope=@J10000000001000000004644342|I421x200;
editbox_emit sequence=47 bytes=38 elapsed_us=2041 envelope=@J10000000001000000004721809|I421z200;
editbox_emit sequence=48 bytes=38 elapsed_us=2040 envelope=@J10000000001000000004864797|I421_200;
editbox_emit sequence=49 bytes=38 elapsed_us=1937 envelope=@J10000000001000000004934395|I421X300;
editbox_emit sequence=50 bytes=38 elapsed_us=1873 envelope=@J10000000001000000005025079|I421Z300;
editbox_emit sequence=51 bytes=38 elapsed_us=1947 envelope=@J10000000001000000005102546|I421b300;
editbox_emit sequence=52 bytes=38 elapsed_us=1940 envelope=@J10000000001000000005245534|I421d300;
editbox_emit sequence=37 bytes=38 elapsed_us=2319 envelope=@J10000000001000000003737359|I421f200;
editbox_emit sequence=38 bytes=38 elapsed_us=1889 envelope=@J10000000001000000003814826|I421h200;
editbox_emit sequence=39 bytes=38 elapsed_us=2129 envelope=@J10000000001000000003957814|I421j200;
editbox_emit sequence=40 bytes=38 elapsed_us=2275 envelope=@J10000000001000000004048498|I421l200;
editbox_emit sequence=41 bytes=38 elapsed_us=2413 envelope=@J10000000001000000004125965|I421n200;
editbox_emit sequence=42 bytes=38 elapsed_us=2294 envelope=@J10000000001000000004203432|I421p200;
editbox_emit sequence=43 bytes=38 elapsed_us=2291 envelope=@J10000000001000000004346420|I421r200;
editbox_emit sequence=44 bytes=38 elapsed_us=2419 envelope=@J10000000001000000004423887|I421t200;
editbox_emit sequence=45 bytes=38 elapsed_us=2372 envelope=@J10000000001000000004501354|I421v200;
editbox_emit sequence=46 bytes=38 elapsed_us=3595 envelope=@J10000000001000000004644342|I421x200;
editbox_emit sequence=47 bytes=38 elapsed_us=3039 envelope=@J10000000001000000004721809|I421z200;
editbox_emit sequence=48 bytes=38 elapsed_us=3048 envelope=@J10000000001000000004864797|I421_200;
editbox_emit sequence=49 bytes=38 elapsed_us=2896 envelope=@J10000000001000000004934395|I421X300;
editbox_emit sequence=50 bytes=38 elapsed_us=2612 envelope=@J10000000001000000005025079|I421Z300;
editbox_emit sequence=51 bytes=38 elapsed_us=2563 envelope=@J10000000001000000005102546|I421b300;
editbox_emit sequence=52 bytes=38 elapsed_us=3047 envelope=@J10000000001000000005245534|I421d300;
editbox_emit sequence=37 bytes=38 elapsed_us=2629 envelope=@J10000000001000000003737359|I421f200;
editbox_emit sequence=38 bytes=38 elapsed_us=2470 envelope=@J10000000001000000003814826|I421h200;
editbox_emit sequence=39 bytes=38 elapsed_us=2408 envelope=@J10000000001000000003957814|I421j200;
editbox_emit sequence=40 bytes=38 elapsed_us=2535 envelope=@J10000000001000000004048498|I421l200;
editbox_emit sequence=41 bytes=38 elapsed_us=2234 envelope=@J10000000001000000004125965|I421n200;
editbox_emit sequence=42 bytes=38 elapsed_us=2196 envelope=@J10000000001000000004203432|I421p200;
editbox_emit sequence=43 bytes=38 elapsed_us=2252 envelope=@J10000000001000000004346420|I421r200;
editbox_emit sequence=44 bytes=38 elapsed_us=2299 envelope=@J10000000001000000004423887|I421t200;
editbox_emit sequence=45 bytes=38 elapsed_us=2340 envelope=@J10000000001000000004501354|I421v200;
editbox_emit sequence=46 bytes=38 elapsed_us=2273 envelope=@J10000000001000000004644342|I421x200;
editbox_emit sequence=47 bytes=38 elapsed_us=2225 envelope=@J10000000001000000004721809|I421z200;
editbox_emit sequence=48 bytes=38 elapsed_us=2523 envelope=@J10000000001000000004864797|I421_200;
editbox_emit sequence=49 bytes=38 elapsed_us=2608 envelope=@J10000000001000000004934395|I421X300;
editbox_emit sequence=50 bytes=38 elapsed_us=2378 envelope=@J10000000001000000005025079|I421Z300;
editbox_emit sequence=51 bytes=38 elapsed_us=2249 envelope=@J10000000001000000005102546|I421b300;
editbox_emit sequence=52 bytes=38 elapsed_us=2261 envelope=@J10000000001000000005245534|I421d300;
editbox_emit sequence=37 bytes=38 elapsed_us=2580 envelope=@J10000000001000000003737359|I421f200;
editbox_emit sequence=38 bytes=38 elapsed_us=2590 envelope=@J10000000001000000003814826|I421h200;
editbox_emit sequence=39 bytes=38 elapsed_us=2382 envelope=@J10000000001000000003957814|I421j200;
editbox_emit sequence=40 bytes=38 elapsed_us=2326 envelope=@J10000000001000000004048498|I421l200;
editbox_emit sequence=41 bytes=38 elapsed_us=2336 envelope=@J10000000001000000004125965|I421n200;
editbox_emit sequence=42 bytes=38 elapsed_us=2274 envelope=@J10000000001000000004203432|I421p200;
editbox_emit sequence=43 bytes=38 elapsed_us=2657 envelope=@J10000000001000000004346420|I421r200;
editbox_emit sequence=44 bytes=38 elapsed_us=2306 envelope=@J10000000001000000004423887|I421t200;
editbox_emit sequence=45 bytes=38 elapsed_us=2616 envelope=@J10000000001000000004501354|I421v200;
editbox_emit sequence=46 bytes=38 elapsed_us=2667 envelope=@J10000000001000000004644342|I421x200;
editbox_emit sequence=47 bytes=38 elapsed_us=2805 envelope=@J10000000001000000004721809|I421z200;
editbox_emit sequence=48 bytes=38 elapsed_us=2304 envelope=@J10000000001000000004864797|I421_200;
editbox_emit sequence=49 bytes=38 elapsed_us=2463 envelope=@J10000000001000000004934395|I421X300;
editbox_emit sequence=50 bytes=38 elapsed_us=2318 envelope=@J10000000001000000005025079|I421Z300;
editbox_emit sequence=51 bytes=38 elapsed_us=2232 envelope=@J10000000001000000005102546|I421b300;
editbox_emit sequence=52 bytes=38 elapsed_us=2279 envelope=@J10000000001000000005245534|I421d300;
editbox_emit sequence=37 bytes=38 elapsed_us=2225 envelope=@J10000000001000000003737359|I421f200;
editbox_emit sequence=38 bytes=38 elapsed_us=2098 envelope=@J10000000001000000003814826|I421h200;
editbox_emit sequence=39 bytes=38 elapsed_us=2878 envelope=@J10000000001000000003957814|I421j200;
editbox_emit sequence=40 bytes=38 elapsed_us=1915 envelope=@J10000000001000000004048498|I421l200;
editbox_emit sequence=41 bytes=38 elapsed_us=1936 envelope=@J10000000001000000004125965|I421n200;
editbox_emit sequence=42 bytes=38 elapsed_us=2030 envelope=@J10000000001000000004203432|I421p200;
editbox_emit sequence=43 bytes=38 elapsed_us=1984 envelope=@J10000000001000000004346420|I421r200;
editbox_emit sequence=44 bytes=38 elapsed_us=1943 envelope=@J10000000001000000004423887|I421t200;
editbox_emit sequence=45 bytes=38 elapsed_us=2988 envelope=@J10000000001000000004501354|I421v200;
editbox_emit sequence=46 bytes=38 elapsed_us=2382 envelope=@J10000000001000000004644342|I421x200;
editbox_emit sequence=47 bytes=38 elapsed_us=2766 envelope=@J10000000001000000004721809|I421z200;
editbox_emit sequence=48 bytes=38 elapsed_us=2825 envelope=@J10000000001000000004864797|I421_200;
editbox_emit sequence=49 bytes=38 elapsed_us=2356 envelope=@J10000000001000000004934395|I421X300;
editbox_emit sequence=50 bytes=38 elapsed_us=2390 envelope=@J10000000001000000005025079|I421Z300;
editbox_emit sequence=51 bytes=38 elapsed_us=2274 envelope=@J10000000001000000005102546|I421b300;
editbox_emit sequence=52 bytes=38 elapsed_us=2233 envelope=@J10000000001000000005245534|I421d300;
editbox_emit sequence=37 bytes=38 elapsed_us=2458 envelope=@J10000000001000000003737359|I421f200;
editbox_emit sequence=38 bytes=38 elapsed_us=2330 envelope=@J10000000001000000003814826|I421h200;
editbox_emit sequence=39 bytes=38 elapsed_us=2374 envelope=@J10000000001000000003957814|I421j200;
editbox_emit sequence=40 bytes=38 elapsed_us=2514 envelope=@J10000000001000000004048498|I421l200;
editbox_emit sequence=41 bytes=38 elapsed_us=2710 envelope=@J10000000001000000004125965|I421n200;
editbox_emit sequence=42 bytes=38 elapsed_us=2724 envelope=@J10000000001000000004203432|I421p200;
editbox_emit sequence=43 bytes=38 elapsed_us=2560 envelope=@J10000000001000000004346420|I421r200;
editbox_emit sequence=44 bytes=38 elapsed_us=2486 envelope=@J10000000001000000004423887|I421t200;
editbox_emit sequence=45 bytes=38 elapsed_us=2640 envelope=@J10000000001000000004501354|I421v200;
editbox_emit sequence=46 bytes=38 elapsed_us=2298 envelope=@J10000000001000000004644342|I421x200;
editbox_emit sequence=47 bytes=38 elapsed_us=2409 envelope=@J10000000001000000004721809|I421z200;
editbox_emit sequence=48 bytes=38 elapsed_us=2368 envelope=@J10000000001000000004864797|I421_200;
editbox_emit sequence=49 bytes=38 elapsed_us=2418 envelope=@J10000000001000000004934395|I421X300;
editbox_emit sequence=50 bytes=38 elapsed_us=2285 envelope=@J10000000001000000005025079|I421Z300;
editbox_emit sequence=51 bytes=38 elapsed_us=2408 envelope=@J10000000001000000005102546|I421b300;
editbox_emit sequence=52 bytes=38 elapsed_us=2354 envelope=@J10000000001000000005245534|I421d300;
editbox_emit sequence=37 bytes=38 elapsed_us=2375 envelope=@J10000000001000000003737359|I421f200;
editbox_emit sequence=38 bytes=38 elapsed_us=2303 envelope=@J10000000001000000003814826|I421h200;
editbox_emit sequence=39 bytes=38 elapsed_us=2237 envelope=@J10000000001000000003957814|I421j200;
editbox_emit sequence=40 bytes=38 elapsed_us=2359 envelope=@J10000000001000000004048498|I421l200;
editbox_emit sequence=41 bytes=38 elapsed_us=2232 envelope=@J10000000001000000004125965|I421n200;
editbox_emit sequence=42 bytes=38 elapsed_us=2179 envelope=@J10000000001000000004203432|I421p200;
editbox_emit sequence=43 bytes=38 elapsed_us=2269 envelope=@J10000000001000000004346420|I421r200;
editbox_emit sequence=44 bytes=38 elapsed_us=2229 envelope=@J10000000001000000004423887|I421t200;
editbox_emit sequence=45 bytes=38 elapsed_us=2390 envelope=@J10000000001000000004501354|I421v200;
editbox_emit sequence=46 bytes=38 elapsed_us=2498 envelope=@J10000000001000000004644342|I421x200;
editbox_emit sequence=47 bytes=38 elapsed_us=2845 envelope=@J10000000001000000004721809|I421z200;
editbox_emit sequence=48 bytes=38 elapsed_us=2792 envelope=@J10000000001000000004864797|I421_200;
editbox_emit sequence=49 bytes=38 elapsed_us=2485 envelope=@J10000000001000000004934395|I421X300;
editbox_emit sequence=50 bytes=38 elapsed_us=2247 envelope=@J10000000001000000005025079|I421Z300;
editbox_emit sequence=51 bytes=38 elapsed_us=2398 envelope=@J10000000001000000005102546|I421b300;
editbox_emit sequence=52 bytes=38 elapsed_us=2368 envelope=@J10000000001000000005245534|I421d300;
shutdown signal=SIGINT mailbox_release=begin
