source=/dev/input/event3 name=Some("Smashcraft Event Retention Virtual Gamepad") clock=CLOCK_MONOTONIC epoch_ns=553884859030769 frame_rule=segment_frame+floor((t-segment_epoch)*60/1e9) first=1 delay=0 pause_policy=sequenced-map-control
readiness_receipt=/home/tom/.local/share/wc3-melee/client-b/pfx/drive_c/users/steamuser/Documents/Warcraft III/CustomMapData/smashcraft-journal-ready-text-receipt-20261005-e1-p1.txt
published_frame=1
published_frame=2
editbox_emit sequence=1 bytes=37 elapsed_us=2525 envelope=@J10000000001000000000102742|I421100;
published_frame=3
published_frame=4
editbox_emit sequence=2 bytes=37 elapsed_us=2198 envelope=@J10000000001000000000247029|I421300;
published_frame=5
published_frame=6
editbox_emit sequence=3 bytes=37 elapsed_us=2485 envelope=@J10000000001000000000325795|I421500;
published_frame=7
published_frame=8
editbox_emit sequence=4 bytes=37 elapsed_us=3230 envelope=@J10000000001000000000404561|I421700;
published_frame=9
published_frame=10
editbox_emit sequence=5 bytes=37 elapsed_us=2906 envelope=@J10000000001000000000548848|I421900;
published_frame=11
published_frame=12
editbox_emit sequence=6 bytes=37 elapsed_us=2124 envelope=@J10000000001000000000627614|I421B00;
published_frame=13
published_frame=14
editbox_emit sequence=7 bytes=37 elapsed_us=2348 envelope=@J10000000001000000000706380|I421D00;
published_frame=15
published_frame=16
editbox_emit sequence=8 bytes=37 elapsed_us=2739 envelope=@J10000000001000000000850667|I421F00;
published_frame=17
editbox_emit sequence=7 bytes=37 elapsed_us=2137 envelope=@J10000000001000000000706380|I421D00;
editbox_emit sequence=8 bytes=37 elapsed_us=1929 envelope=@J10000000001000000000850667|I421F00;
published_frame=18
editbox_emit sequence=9 bytes=37 elapsed_us=2703 envelope=@J10000000001000000000929433|I421H00;
published_frame=19
published_frame=20
editbox_emit sequence=10 bytes=37 elapsed_us=2646 envelope=@J10000000001000000001036705|I421J00;
published_frame=21
published_frame=22
editbox_emit sequence=11 bytes=37 elapsed_us=1983 envelope=@J10000000001000000001115471|I421L00;
published_frame=23
published_frame=24
editbox_emit sequence=12 bytes=37 elapsed_us=1926 envelope=@J10000000001000000001259758|I421N00;
published_frame=25
published_frame=26
editbox_emit sequence=13 bytes=37 elapsed_us=2352 envelope=@J10000000001000000001338524|I421P00;
published_frame=27
published_frame=28
editbox_emit sequence=14 bytes=37 elapsed_us=2071 envelope=@J10000000001000000001417290|I421R00;
published_frame=29
published_frame=30
editbox_emit sequence=15 bytes=37 elapsed_us=3354 envelope=@J10000000001000000001561577|I421T00;
published_frame=31
published_frame=32
editbox_emit sequence=16 bytes=37 elapsed_us=3117 envelope=@J10000000001000000001640343|I421V00;
editbox_emit sequence=14 bytes=37 elapsed_us=2425 envelope=@J10000000001000000001417290|I421R00;
editbox_emit sequence=15 bytes=37 elapsed_us=1909 envelope=@J10000000001000000001561577|I421T00;
editbox_emit sequence=16 bytes=37 elapsed_us=2581 envelope=@J10000000001000000001640343|I421V00;
published_frame=33
published_frame=34
editbox_emit sequence=17 bytes=38 elapsed_us=2031 envelope=@J10000000001000000001710807|I421X100;
published_frame=35
published_frame=36
editbox_emit sequence=18 bytes=38 elapsed_us=3522 envelope=@J10000000001000000001853795|I421Z100;
published_frame=37
published_frame=38
editbox_emit sequence=19 bytes=38 elapsed_us=2784 envelope=@J10000000001000000001931262|I421b100;
published_frame=39
published_frame=40
editbox_emit sequence=20 bytes=38 elapsed_us=2282 envelope=@J10000000001000000002021946|I421d100;
published_frame=41
published_frame=42
editbox_emit sequence=21 bytes=38 elapsed_us=2686 envelope=@J10000000001000000002164934|I421f100;
published_frame=43
published_frame=44
editbox_emit sequence=22 bytes=38 elapsed_us=2081 envelope=@J10000000001000000002242401|I421h100;
published_frame=45
published_frame=46
editbox_emit sequence=23 bytes=38 elapsed_us=2632 envelope=@J10000000001000000002319868|I421j100;
published_frame=47
editbox_emit sequence=23 bytes=38 elapsed_us=1971 envelope=@J10000000001000000002319868|I421j100;
published_frame=48
editbox_emit sequence=24 bytes=38 elapsed_us=3002 envelope=@J10000000001000000002462856|I421l100;
published_frame=49
published_frame=50
editbox_emit sequence=25 bytes=38 elapsed_us=2190 envelope=@J10000000001000000002540323|I421n100;
published_frame=51
published_frame=52
editbox_emit sequence=26 bytes=38 elapsed_us=2581 envelope=@J10000000001000000002617790|I421p100;
published_frame=53
published_frame=54
editbox_emit sequence=27 bytes=38 elapsed_us=1912 envelope=@J10000000001000000002760778|I421r100;
published_frame=55
published_frame=56
editbox_emit sequence=28 bytes=38 elapsed_us=2201 envelope=@J10000000001000000002838245|I421t100;
published_frame=57
published_frame=58
editbox_emit sequence=29 bytes=38 elapsed_us=2181 envelope=@J10000000001000000002915712|I421v100;
published_frame=59
published_frame=60
editbox_emit sequence=30 bytes=38 elapsed_us=3272 envelope=@J10000000001000000003006396|I421x100;
published_frame=61
published_frame=62
editbox_emit sequence=31 bytes=38 elapsed_us=3200 envelope=@J10000000001000000003149384|I421z100;
editbox_emit sequence=29 bytes=38 elapsed_us=2108 envelope=@J10000000001000000002915712|I421v100;
editbox_emit sequence=30 bytes=38 elapsed_us=2308 envelope=@J10000000001000000003006396|I421x100;
editbox_emit sequence=31 bytes=38 elapsed_us=2521 envelope=@J10000000001000000003149384|I421z100;
published_frame=63
published_frame=64
editbox_emit sequence=32 bytes=38 elapsed_us=2208 envelope=@J10000000001000000003226851|I421_100;
published_frame=65
published_frame=66
editbox_emit sequence=33 bytes=38 elapsed_us=2352 envelope=@J10000000001000000003361970|I421X200;
published_frame=67
published_frame=68
editbox_emit sequence=34 bytes=38 elapsed_us=2729 envelope=@J10000000001000000003439437|I421Z200;
published_frame=69
published_frame=70
editbox_emit sequence=35 bytes=38 elapsed_us=2128 envelope=@J10000000001000000003516904|I421b200;
published_frame=71
published_frame=72
editbox_emit sequence=36 bytes=38 elapsed_us=2314 envelope=@J10000000001000000003659892|I421d200;
published_frame=73
published_frame=74
editbox_emit sequence=37 bytes=38 elapsed_us=2108 envelope=@J10000000001000000003737359|I421f200;
published_frame=75
published_frame=76
editbox_emit sequence=38 bytes=38 elapsed_us=2214 envelope=@J10000000001000000003814826|I421h200;
published_frame=77
editbox_emit sequence=36 bytes=38 elapsed_us=2036 envelope=@J10000000001000000003659892|I421d200;
editbox_emit sequence=38 bytes=38 elapsed_us=1932 envelope=@J10000000001000000003814826|I421h200;
published_frame=78
editbox_emit sequence=39 bytes=38 elapsed_us=2375 envelope=@J10000000001000000003957814|I421j200;
published_frame=79
published_frame=80
editbox_emit sequence=40 bytes=38 elapsed_us=2247 envelope=@J10000000001000000004048498|I421l200;
published_frame=81
published_frame=82
editbox_emit sequence=41 bytes=38 elapsed_us=1989 envelope=@J10000000001000000004125965|I421n200;
published_frame=83
published_frame=84
editbox_emit sequence=42 bytes=38 elapsed_us=2423 envelope=@J10000000001000000004203432|I421p200;
published_frame=85
published_frame=86
editbox_emit sequence=43 bytes=38 elapsed_us=3108 envelope=@J10000000001000000004346420|I421r200;
published_frame=87
published_frame=88
editbox_emit sequence=44 bytes=38 elapsed_us=4146 envelope=@J10000000001000000004423887|I421t200;
published_frame=89
published_frame=90
editbox_emit sequence=45 bytes=38 elapsed_us=3769 envelope=@J10000000001000000004501354|I421v200;
published_frame=91
published_frame=92
editbox_emit sequence=46 bytes=38 elapsed_us=3015 envelope=@J10000000001000000004644342|I421x200;
editbox_emit sequence=44 bytes=38 elapsed_us=2639 envelope=@J10000000001000000004423887|I421t200;
editbox_emit sequence=45 bytes=38 elapsed_us=2805 envelope=@J10000000001000000004501354|I421v200;
published_frame=93
editbox_emit sequence=46 bytes=38 elapsed_us=2168 envelope=@J10000000001000000004644342|I421x200;
published_frame=94
editbox_emit sequence=47 bytes=38 elapsed_us=2634 envelope=@J10000000001000000004721809|I421z200;
published_frame=95
published_frame=96
editbox_emit sequence=48 bytes=38 elapsed_us=2239 envelope=@J10000000001000000004864797|I421_200;
published_frame=97
published_frame=98
editbox_emit sequence=49 bytes=38 elapsed_us=2648 envelope=@J10000000001000000004934395|I421X300;
published_frame=99
published_frame=100
editbox_emit sequence=50 bytes=38 elapsed_us=2091 envelope=@J10000000001000000005025079|I421Z300;
published_frame=101
published_frame=102
editbox_emit sequence=51 bytes=38 elapsed_us=2254 envelope=@J10000000001000000005102546|I421b300;
published_frame=103
published_frame=104
editbox_emit sequence=52 bytes=38 elapsed_us=2281 envelope=@J10000000001000000005245534|I421d300;
published_frame=105
published_frame=106
editbox_emit sequence=53 bytes=38 elapsed_us=2467 envelope=@J10000000001000000005323001|I421f300;
published_frame=107
editbox_emit sequence=53 bytes=38 elapsed_us=1886 envelope=@J10000000001000000005323001|I421f300;
published_frame=108
editbox_emit sequence=54 bytes=38 elapsed_us=2480 envelope=@J10000000001000000005400468|I421h300;
published_frame=109
published_frame=110
editbox_emit sequence=55 bytes=38 elapsed_us=1993 envelope=@J10000000001000000005543456|I421j300;
published_frame=111
published_frame=112
editbox_emit sequence=56 bytes=38 elapsed_us=2235 envelope=@J10000000001000000005620923|I421l300;
published_frame=113
published_frame=114
editbox_emit sequence=57 bytes=38 elapsed_us=2277 envelope=@J10000000001000000005763911|I421n300;
published_frame=115
published_frame=116
editbox_emit sequence=58 bytes=38 elapsed_us=2442 envelope=@J10000000001000000005841378|I421p300;
published_frame=117
published_frame=118
editbox_emit sequence=59 bytes=38 elapsed_us=2135 envelope=@J10000000001000000005918845|I421r300;
published_frame=119
published_frame=120
editbox_emit sequence=60 bytes=38 elapsed_us=2051 envelope=@J10000000001000000006009529|I421t300;
published_frame=121
published_frame=122
editbox_emit sequence=61 bytes=38 elapsed_us=2072 envelope=@J10000000001000000006152517|I421v300;
editbox_emit sequence=56 bytes=38 elapsed_us=2039 envelope=@J10000000001000000005620923|I421l300;
editbox_emit sequence=57 bytes=38 elapsed_us=2547 envelope=@J10000000001000000005763911|I421n300;
published_frame=123
editbox_emit sequence=58 bytes=38 elapsed_us=2754 envelope=@J10000000001000000005841378|I421p300;
editbox_emit sequence=59 bytes=38 elapsed_us=2203 envelope=@J10000000001000000005918845|I421r300;
editbox_emit sequence=60 bytes=38 elapsed_us=2257 envelope=@J10000000001000000006009529|I421t300;
editbox_emit sequence=61 bytes=38 elapsed_us=2686 envelope=@J10000000001000000006152517|I421v300;
published_frame=124
editbox_emit sequence=62 bytes=38 elapsed_us=2197 envelope=@J10000000001000000006229984|I421x300;
published_frame=125
published_frame=126
editbox_emit sequence=63 bytes=38 elapsed_us=2651 envelope=@J10000000001000000006307451|I421z300;
published_frame=127
published_frame=128
editbox_emit sequence=64 bytes=38 elapsed_us=2112 envelope=@J10000000001000000006450439|I421_300;
published_frame=129
published_frame=130
editbox_emit sequence=65 bytes=38 elapsed_us=2053 envelope=@J10000000001000000006520037|I421X400;
published_frame=131
published_frame=132
editbox_emit sequence=66 bytes=38 elapsed_us=2217 envelope=@J10000000001000000006663025|I421Z400;
published_frame=133
published_frame=134
editbox_emit sequence=67 bytes=38 elapsed_us=2015 envelope=@J10000000001000000006740492|I421b400;
published_frame=135
published_frame=136
editbox_emit sequence=68 bytes=38 elapsed_us=1920 envelope=@J10000000001000000006817959|I421d400;
published_frame=137
editbox_emit sequence=56 bytes=38 elapsed_us=2133 envelope=@J10000000001000000005620923|I421l300;
published_frame=138
editbox_emit sequence=57 bytes=38 elapsed_us=2004 envelope=@J10000000001000000005763911|I421n300;
editbox_emit sequence=58 bytes=38 elapsed_us=1931 envelope=@J10000000001000000005841378|I421p300;
editbox_emit sequence=59 bytes=38 elapsed_us=1917 envelope=@J10000000001000000005918845|I421r300;
editbox_emit sequence=60 bytes=38 elapsed_us=1861 envelope=@J10000000001000000006009529|I421t300;
editbox_emit sequence=61 bytes=38 elapsed_us=2097 envelope=@J10000000001000000006152517|I421v300;
published_frame=139
editbox_emit sequence=62 bytes=38 elapsed_us=2189 envelope=@J10000000001000000006229984|I421x300;
editbox_emit sequence=63 bytes=38 elapsed_us=1993 envelope=@J10000000001000000006307451|I421z300;
editbox_emit sequence=64 bytes=38 elapsed_us=2013 envelope=@J10000000001000000006450439|I421_300;
editbox_emit sequence=65 bytes=38 elapsed_us=2110 envelope=@J10000000001000000006520037|I421X400;
editbox_emit sequence=66 bytes=38 elapsed_us=1975 envelope=@J10000000001000000006663025|I421Z400;
published_frame=140
editbox_emit sequence=67 bytes=38 elapsed_us=1790 envelope=@J10000000001000000006740492|I421b400;
editbox_emit sequence=68 bytes=38 elapsed_us=1874 envelope=@J10000000001000000006817959|I421d400;
editbox_emit sequence=69 bytes=38 elapsed_us=1886 envelope=@J10000000001000000006960947|I421f400;
editbox_emit sequence=70 bytes=38 elapsed_us=1935 envelope=@J10000000001000000007051631|I421h400;
published_frame=141
published_frame=142
editbox_emit sequence=71 bytes=38 elapsed_us=2673 envelope=@J10000000001000000007129098|I421j400;
published_frame=143
published_frame=144
published_frame=145
published_frame=146
published_frame=147
published_frame=148
published_frame=149
published_frame=150
published_frame=151
published_frame=152
editbox_emit sequence=56 bytes=38 elapsed_us=2321 envelope=@J10000000001000000005620923|I421l300;
published_frame=153
editbox_emit sequence=57 bytes=38 elapsed_us=2254 envelope=@J10000000001000000005763911|I421n300;
editbox_emit sequence=58 bytes=38 elapsed_us=2465 envelope=@J10000000001000000005841378|I421p300;
editbox_emit sequence=59 bytes=38 elapsed_us=2046 envelope=@J10000000001000000005918845|I421r300;
editbox_emit sequence=60 bytes=38 elapsed_us=1868 envelope=@J10000000001000000006009529|I421t300;
published_frame=154
editbox_emit sequence=61 bytes=38 elapsed_us=1853 envelope=@J10000000001000000006152517|I421v300;
editbox_emit sequence=62 bytes=38 elapsed_us=2177 envelope=@J10000000001000000006229984|I421x300;
editbox_emit sequence=63 bytes=38 elapsed_us=1838 envelope=@J10000000001000000006307451|I421z300;
editbox_emit sequence=64 bytes=38 elapsed_us=2100 envelope=@J10000000001000000006450439|I421_300;
editbox_emit sequence=65 bytes=38 elapsed_us=2002 envelope=@J10000000001000000006520037|I421X400;
published_frame=155
editbox_emit sequence=66 bytes=38 elapsed_us=3006 envelope=@J10000000001000000006663025|I421Z400;
editbox_emit sequence=67 bytes=38 elapsed_us=1810 envelope=@J10000000001000000006740492|I421b400;
editbox_emit sequence=68 bytes=38 elapsed_us=1923 envelope=@J10000000001000000006817959|I421d400;
editbox_emit sequence=69 bytes=38 elapsed_us=2304 envelope=@J10000000001000000006960947|I421f400;
editbox_emit sequence=70 bytes=38 elapsed_us=2382 envelope=@J10000000001000000007051631|I421h400;
published_frame=156
editbox_emit sequence=71 bytes=38 elapsed_us=1990 envelope=@J10000000001000000007129098|I421j400;
published_frame=157
published_frame=158
published_frame=159
published_frame=160
published_frame=161
published_frame=162
published_frame=163
published_frame=164
published_frame=165
published_frame=166
published_frame=167
editbox_emit sequence=56 bytes=38 elapsed_us=2173 envelope=@J10000000001000000005620923|I421l300;
published_frame=168
editbox_emit sequence=57 bytes=38 elapsed_us=2037 envelope=@J10000000001000000005763911|I421n300;
editbox_emit sequence=58 bytes=38 elapsed_us=1978 envelope=@J10000000001000000005841378|I421p300;
editbox_emit sequence=59 bytes=38 elapsed_us=1984 envelope=@J10000000001000000005918845|I421r300;
editbox_emit sequence=60 bytes=38 elapsed_us=2233 envelope=@J10000000001000000006009529|I421t300;
published_frame=169
editbox_emit sequence=61 bytes=38 elapsed_us=2155 envelope=@J10000000001000000006152517|I421v300;
editbox_emit sequence=62 bytes=38 elapsed_us=2330 envelope=@J10000000001000000006229984|I421x300;
editbox_emit sequence=63 bytes=38 elapsed_us=1842 envelope=@J10000000001000000006307451|I421z300;
editbox_emit sequence=64 bytes=38 elapsed_us=2103 envelope=@J10000000001000000006450439|I421_300;
editbox_emit sequence=65 bytes=38 elapsed_us=1919 envelope=@J10000000001000000006520037|I421X400;
published_frame=170
editbox_emit sequence=66 bytes=38 elapsed_us=2413 envelope=@J10000000001000000006663025|I421Z400;
editbox_emit sequence=67 bytes=38 elapsed_us=1920 envelope=@J10000000001000000006740492|I421b400;
editbox_emit sequence=68 bytes=38 elapsed_us=1868 envelope=@J10000000001000000006817959|I421d400;
editbox_emit sequence=69 bytes=38 elapsed_us=1899 envelope=@J10000000001000000006960947|I421f400;
editbox_emit sequence=70 bytes=38 elapsed_us=2161 envelope=@J10000000001000000007051631|I421h400;
published_frame=171
editbox_emit sequence=71 bytes=38 elapsed_us=1993 envelope=@J10000000001000000007129098|I421j400;
published_frame=172
published_frame=173
published_frame=174
published_frame=175
published_frame=176
published_frame=177
published_frame=178
published_frame=179
published_frame=180
published_frame=181
published_frame=182
published_frame=183
editbox_emit sequence=56 bytes=38 elapsed_us=2251 envelope=@J10000000001000000005620923|I421l300;
editbox_emit sequence=57 bytes=38 elapsed_us=2019 envelope=@J10000000001000000005763911|I421n300;
editbox_emit sequence=58 bytes=38 elapsed_us=1996 envelope=@J10000000001000000005841378|I421p300;
editbox_emit sequence=59 bytes=38 elapsed_us=1963 envelope=@J10000000001000000005918845|I421r300;
editbox_emit sequence=60 bytes=38 elapsed_us=2017 envelope=@J10000000001000000006009529|I421t300;
published_frame=184
editbox_emit sequence=61 bytes=38 elapsed_us=2046 envelope=@J10000000001000000006152517|I421v300;
editbox_emit sequence=62 bytes=38 elapsed_us=1941 envelope=@J10000000001000000006229984|I421x300;
editbox_emit sequence=63 bytes=38 elapsed_us=1818 envelope=@J10000000001000000006307451|I421z300;
editbox_emit sequence=64 bytes=38 elapsed_us=2267 envelope=@J10000000001000000006450439|I421_300;
editbox_emit sequence=65 bytes=38 elapsed_us=2515 envelope=@J10000000001000000006520037|I421X400;
published_frame=185
editbox_emit sequence=66 bytes=38 elapsed_us=2031 envelope=@J10000000001000000006663025|I421Z400;
editbox_emit sequence=67 bytes=38 elapsed_us=1970 envelope=@J10000000001000000006740492|I421b400;
editbox_emit sequence=68 bytes=38 elapsed_us=1966 envelope=@J10000000001000000006817959|I421d400;
editbox_emit sequence=69 bytes=38 elapsed_us=1985 envelope=@J10000000001000000006960947|I421f400;
editbox_emit sequence=70 bytes=38 elapsed_us=1989 envelope=@J10000000001000000007051631|I421h400;
published_frame=186
editbox_emit sequence=71 bytes=38 elapsed_us=1977 envelope=@J10000000001000000007129098|I421j400;
published_frame=187
published_frame=188
published_frame=189
published_frame=190
published_frame=191
published_frame=192
published_frame=193
published_frame=194
published_frame=195
published_frame=196
published_frame=197
published_frame=198
editbox_emit sequence=56 bytes=38 elapsed_us=2087 envelope=@J10000000001000000005620923|I421l300;
editbox_emit sequence=57 bytes=38 elapsed_us=1831 envelope=@J10000000001000000005763911|I421n300;
editbox_emit sequence=58 bytes=38 elapsed_us=1878 envelope=@J10000000001000000005841378|I421p300;
editbox_emit sequence=59 bytes=38 elapsed_us=1855 envelope=@J10000000001000000005918845|I421r300;
editbox_emit sequence=60 bytes=38 elapsed_us=1799 envelope=@J10000000001000000006009529|I421t300;
published_frame=199
editbox_emit sequence=61 bytes=38 elapsed_us=1977 envelope=@J10000000001000000006152517|I421v300;
editbox_emit sequence=62 bytes=38 elapsed_us=1899 envelope=@J10000000001000000006229984|I421x300;
editbox_emit sequence=63 bytes=38 elapsed_us=1862 envelope=@J10000000001000000006307451|I421z300;
editbox_emit sequence=64 bytes=38 elapsed_us=1977 envelope=@J10000000001000000006450439|I421_300;
editbox_emit sequence=65 bytes=38 elapsed_us=2094 envelope=@J10000000001000000006520037|I421X400;
published_frame=200
editbox_emit sequence=66 bytes=38 elapsed_us=1958 envelope=@J10000000001000000006663025|I421Z400;
editbox_emit sequence=67 bytes=38 elapsed_us=2124 envelope=@J10000000001000000006740492|I421b400;
editbox_emit sequence=68 bytes=38 elapsed_us=2627 envelope=@J10000000001000000006817959|I421d400;
editbox_emit sequence=69 bytes=38 elapsed_us=2101 envelope=@J10000000001000000006960947|I421f400;
published_frame=201
editbox_emit sequence=70 bytes=38 elapsed_us=2167 envelope=@J10000000001000000007051631|I421h400;
editbox_emit sequence=71 bytes=38 elapsed_us=1875 envelope=@J10000000001000000007129098|I421j400;
published_frame=202
published_frame=203
published_frame=204
published_frame=205
published_frame=206
published_frame=207
published_frame=208
published_frame=209
published_frame=210
published_frame=211
published_frame=212
published_frame=213
editbox_emit sequence=56 bytes=38 elapsed_us=2164 envelope=@J10000000001000000005620923|I421l300;
editbox_emit sequence=57 bytes=38 elapsed_us=2143 envelope=@J10000000001000000005763911|I421n300;
editbox_emit sequence=58 bytes=38 elapsed_us=2185 envelope=@J10000000001000000005841378|I421p300;
editbox_emit sequence=59 bytes=38 elapsed_us=2083 envelope=@J10000000001000000005918845|I421r300;
published_frame=214
editbox_emit sequence=60 bytes=38 elapsed_us=2581 envelope=@J10000000001000000006009529|I421t300;
editbox_emit sequence=61 bytes=38 elapsed_us=1883 envelope=@J10000000001000000006152517|I421v300;
editbox_emit sequence=62 bytes=38 elapsed_us=1919 envelope=@J10000000001000000006229984|I421x300;
editbox_emit sequence=63 bytes=38 elapsed_us=2155 envelope=@J10000000001000000006307451|I421z300;
editbox_emit sequence=64 bytes=38 elapsed_us=2054 envelope=@J10000000001000000006450439|I421_300;
published_frame=215
editbox_emit sequence=65 bytes=38 elapsed_us=2139 envelope=@J10000000001000000006520037|I421X400;
editbox_emit sequence=66 bytes=38 elapsed_us=2022 envelope=@J10000000001000000006663025|I421Z400;
editbox_emit sequence=67 bytes=38 elapsed_us=2003 envelope=@J10000000001000000006740492|I421b400;
editbox_emit sequence=68 bytes=38 elapsed_us=2200 envelope=@J10000000001000000006817959|I421d400;
editbox_emit sequence=69 bytes=38 elapsed_us=1919 envelope=@J10000000001000000006960947|I421f400;
published_frame=216
editbox_emit sequence=70 bytes=38 elapsed_us=2205 envelope=@J10000000001000000007051631|I421h400;
editbox_emit sequence=71 bytes=38 elapsed_us=1928 envelope=@J10000000001000000007129098|I421j400;
published_frame=217
published_frame=218
published_frame=219
published_frame=220
published_frame=221
published_frame=222
published_frame=223
published_frame=224
published_frame=225
published_frame=226
published_frame=227
published_frame=228
editbox_emit sequence=56 bytes=38 elapsed_us=2077 envelope=@J10000000001000000005620923|I421l300;
editbox_emit sequence=57 bytes=38 elapsed_us=2098 envelope=@J10000000001000000005763911|I421n300;
editbox_emit sequence=58 bytes=38 elapsed_us=2090 envelope=@J10000000001000000005841378|I421p300;
editbox_emit sequence=59 bytes=38 elapsed_us=2029 envelope=@J10000000001000000005918845|I421r300;
published_frame=229
editbox_emit sequence=60 bytes=38 elapsed_us=2030 envelope=@J10000000001000000006009529|I421t300;
editbox_emit sequence=61 bytes=38 elapsed_us=1987 envelope=@J10000000001000000006152517|I421v300;
editbox_emit sequence=62 bytes=38 elapsed_us=1955 envelope=@J10000000001000000006229984|I421x300;
editbox_emit sequence=63 bytes=38 elapsed_us=1997 envelope=@J10000000001000000006307451|I421z300;
editbox_emit sequence=64 bytes=38 elapsed_us=2024 envelope=@J10000000001000000006450439|I421_300;
published_frame=230
editbox_emit sequence=65 bytes=38 elapsed_us=2022 envelope=@J10000000001000000006520037|I421X400;
editbox_emit sequence=66 bytes=38 elapsed_us=2029 envelope=@J10000000001000000006663025|I421Z400;
editbox_emit sequence=67 bytes=38 elapsed_us=1932 envelope=@J10000000001000000006740492|I421b400;
editbox_emit sequence=68 bytes=38 elapsed_us=2233 envelope=@J10000000001000000006817959|I421d400;
editbox_emit sequence=69 bytes=38 elapsed_us=2269 envelope=@J10000000001000000006960947|I421f400;
published_frame=231
editbox_emit sequence=70 bytes=38 elapsed_us=1914 envelope=@J10000000001000000007051631|I421h400;
editbox_emit sequence=71 bytes=38 elapsed_us=2019 envelope=@J10000000001000000007129098|I421j400;
published_frame=232
published_frame=233
published_frame=234
published_frame=235
published_frame=236
published_frame=237
published_frame=238
published_frame=239
published_frame=240
published_frame=241
published_frame=242
published_frame=243
editbox_emit sequence=56 bytes=38 elapsed_us=2088 envelope=@J10000000001000000005620923|I421l300;
editbox_emit sequence=57 bytes=38 elapsed_us=2169 envelope=@J10000000001000000005763911|I421n300;
editbox_emit sequence=58 bytes=38 elapsed_us=2007 envelope=@J10000000001000000005841378|I421p300;
editbox_emit sequence=59 bytes=38 elapsed_us=2128 envelope=@J10000000001000000005918845|I421r300;
published_frame=244
editbox_emit sequence=60 bytes=38 elapsed_us=1932 envelope=@J10000000001000000006009529|I421t300;
editbox_emit sequence=61 bytes=38 elapsed_us=2106 envelope=@J10000000001000000006152517|I421v300;
editbox_emit sequence=62 bytes=38 elapsed_us=2145 envelope=@J10000000001000000006229984|I421x300;
editbox_emit sequence=63 bytes=38 elapsed_us=1909 envelope=@J10000000001000000006307451|I421z300;
published_frame=245
editbox_emit sequence=64 bytes=38 elapsed_us=2170 envelope=@J10000000001000000006450439|I421_300;
editbox_emit sequence=65 bytes=38 elapsed_us=2207 envelope=@J10000000001000000006520037|I421X400;
editbox_emit sequence=66 bytes=38 elapsed_us=2243 envelope=@J10000000001000000006663025|I421Z400;
editbox_emit sequence=67 bytes=38 elapsed_us=2327 envelope=@J10000000001000000006740492|I421b400;
editbox_emit sequence=68 bytes=38 elapsed_us=2266 envelope=@J10000000001000000006817959|I421d400;
published_frame=246
editbox_emit sequence=69 bytes=38 elapsed_us=1955 envelope=@J10000000001000000006960947|I421f400;
editbox_emit sequence=70 bytes=38 elapsed_us=1935 envelope=@J10000000001000000007051631|I421h400;
editbox_emit sequence=71 bytes=38 elapsed_us=1828 envelope=@J10000000001000000007129098|I421j400;
published_frame=247
published_frame=248
published_frame=249
published_frame=250
published_frame=251
published_frame=252
published_frame=253
published_frame=254
published_frame=255
published_frame=256
published_frame=257
published_frame=258
editbox_emit sequence=56 bytes=38 elapsed_us=2344 envelope=@J10000000001000000005620923|I421l300;
editbox_emit sequence=57 bytes=38 elapsed_us=2383 envelope=@J10000000001000000005763911|I421n300;
editbox_emit sequence=58 bytes=38 elapsed_us=2376 envelope=@J10000000001000000005841378|I421p300;
published_frame=259
editbox_emit sequence=59 bytes=38 elapsed_us=2286 envelope=@J10000000001000000005918845|I421r300;
editbox_emit sequence=60 bytes=38 elapsed_us=2264 envelope=@J10000000001000000006009529|I421t300;
editbox_emit sequence=61 bytes=38 elapsed_us=2244 envelope=@J10000000001000000006152517|I421v300;
editbox_emit sequence=62 bytes=38 elapsed_us=2585 envelope=@J10000000001000000006229984|I421x300;
editbox_emit sequence=63 bytes=38 elapsed_us=2467 envelope=@J10000000001000000006307451|I421z300;
published_frame=260
editbox_emit sequence=64 bytes=38 elapsed_us=2377 envelope=@J10000000001000000006450439|I421_300;
editbox_emit sequence=65 bytes=38 elapsed_us=2426 envelope=@J10000000001000000006520037|I421X400;
editbox_emit sequence=66 bytes=38 elapsed_us=2757 envelope=@J10000000001000000006663025|I421Z400;
editbox_emit sequence=67 bytes=38 elapsed_us=2371 envelope=@J10000000001000000006740492|I421b400;
published_frame=261
editbox_emit sequence=68 bytes=38 elapsed_us=1838 envelope=@J10000000001000000006817959|I421d400;
editbox_emit sequence=69 bytes=38 elapsed_us=2187 envelope=@J10000000001000000006960947|I421f400;
editbox_emit sequence=70 bytes=38 elapsed_us=2122 envelope=@J10000000001000000007051631|I421h400;
editbox_emit sequence=71 bytes=38 elapsed_us=2039 envelope=@J10000000001000000007129098|I421j400;
published_frame=262
published_frame=263
published_frame=264
published_frame=265
published_frame=266
published_frame=267
published_frame=268
published_frame=269
published_frame=270
published_frame=271
published_frame=272
published_frame=273
editbox_emit sequence=56 bytes=38 elapsed_us=2176 envelope=@J10000000001000000005620923|I421l300;
editbox_emit sequence=57 bytes=38 elapsed_us=2741 envelope=@J10000000001000000005763911|I421n300;
editbox_emit sequence=58 bytes=38 elapsed_us=2115 envelope=@J10000000001000000005841378|I421p300;
published_frame=274
editbox_emit sequence=59 bytes=38 elapsed_us=2140 envelope=@J10000000001000000005918845|I421r300;
editbox_emit sequence=60 bytes=38 elapsed_us=1962 envelope=@J10000000001000000006009529|I421t300;
editbox_emit sequence=61 bytes=38 elapsed_us=2373 envelope=@J10000000001000000006152517|I421v300;
editbox_emit sequence=62 bytes=38 elapsed_us=1898 envelope=@J10000000001000000006229984|I421x300;
editbox_emit sequence=63 bytes=38 elapsed_us=1875 envelope=@J10000000001000000006307451|I421z300;
published_frame=275
editbox_emit sequence=64 bytes=38 elapsed_us=2139 envelope=@J10000000001000000006450439|I421_300;
editbox_emit sequence=65 bytes=38 elapsed_us=1881 envelope=@J10000000001000000006520037|I421X400;
editbox_emit sequence=66 bytes=38 elapsed_us=2088 envelope=@J10000000001000000006663025|I421Z400;
editbox_emit sequence=67 bytes=38 elapsed_us=1977 envelope=@J10000000001000000006740492|I421b400;
editbox_emit sequence=68 bytes=38 elapsed_us=2344 envelope=@J10000000001000000006817959|I421d400;
published_frame=276
editbox_emit sequence=69 bytes=38 elapsed_us=2309 envelope=@J10000000001000000006960947|I421f400;
editbox_emit sequence=70 bytes=38 elapsed_us=2331 envelope=@J10000000001000000007051631|I421h400;
editbox_emit sequence=71 bytes=38 elapsed_us=2182 envelope=@J10000000001000000007129098|I421j400;
published_frame=277
published_frame=278
published_frame=279
published_frame=280
published_frame=281
published_frame=282
published_frame=283
published_frame=284
published_frame=285
published_frame=286
published_frame=287
published_frame=288
editbox_emit sequence=56 bytes=38 elapsed_us=2080 envelope=@J10000000001000000005620923|I421l300;
editbox_emit sequence=57 bytes=38 elapsed_us=1985 envelope=@J10000000001000000005763911|I421n300;
editbox_emit sequence=58 bytes=38 elapsed_us=1927 envelope=@J10000000001000000005841378|I421p300;
editbox_emit sequence=59 bytes=38 elapsed_us=1908 envelope=@J10000000001000000005918845|I421r300;
published_frame=289
editbox_emit sequence=60 bytes=38 elapsed_us=2234 envelope=@J10000000001000000006009529|I421t300;
editbox_emit sequence=61 bytes=38 elapsed_us=2076 envelope=@J10000000001000000006152517|I421v300;
editbox_emit sequence=62 bytes=38 elapsed_us=2189 envelope=@J10000000001000000006229984|I421x300;
editbox_emit sequence=63 bytes=38 elapsed_us=1924 envelope=@J10000000001000000006307451|I421z300;
published_frame=290
editbox_emit sequence=64 bytes=38 elapsed_us=1987 envelope=@J10000000001000000006450439|I421_300;
editbox_emit sequence=65 bytes=38 elapsed_us=1958 envelope=@J10000000001000000006520037|I421X400;
editbox_emit sequence=66 bytes=38 elapsed_us=1912 envelope=@J10000000001000000006663025|I421Z400;
editbox_emit sequence=67 bytes=38 elapsed_us=1882 envelope=@J10000000001000000006740492|I421b400;
editbox_emit sequence=68 bytes=38 elapsed_us=2115 envelope=@J10000000001000000006817959|I421d400;
published_frame=291
editbox_emit sequence=69 bytes=38 elapsed_us=1948 envelope=@J10000000001000000006960947|I421f400;
editbox_emit sequence=70 bytes=38 elapsed_us=1919 envelope=@J10000000001000000007051631|I421h400;
editbox_emit sequence=71 bytes=38 elapsed_us=2094 envelope=@J10000000001000000007129098|I421j400;
published_frame=292
published_frame=293
published_frame=294
published_frame=295
published_frame=296
published_frame=297
published_frame=298
published_frame=299
published_frame=300
input_armed=true gameplay_armed=false mono_ns=553889861255469
editbox_emit sequence=56 bytes=38 elapsed_us=1885 envelope=@J10000000001000000005620923|I421l300;
editbox_emit sequence=57 bytes=38 elapsed_us=1941 envelope=@J10000000001000000005763911|I421n300;
editbox_emit sequence=58 bytes=38 elapsed_us=1836 envelope=@J10000000001000000005841378|I421p300;
editbox_emit sequence=59 bytes=38 elapsed_us=1914 envelope=@J10000000001000000005918845|I421r300;
editbox_emit sequence=60 bytes=38 elapsed_us=1857 envelope=@J10000000001000000006009529|I421t300;
editbox_emit sequence=61 bytes=38 elapsed_us=2055 envelope=@J10000000001000000006152517|I421v300;
editbox_emit sequence=62 bytes=38 elapsed_us=2158 envelope=@J10000000001000000006229984|I421x300;
editbox_emit sequence=63 bytes=38 elapsed_us=1918 envelope=@J10000000001000000006307451|I421z300;
editbox_emit sequence=64 bytes=38 elapsed_us=2290 envelope=@J10000000001000000006450439|I421_300;
editbox_emit sequence=65 bytes=38 elapsed_us=2176 envelope=@J10000000001000000006520037|I421X400;
editbox_emit sequence=66 bytes=38 elapsed_us=2063 envelope=@J10000000001000000006663025|I421Z400;
editbox_emit sequence=67 bytes=38 elapsed_us=2018 envelope=@J10000000001000000006740492|I421b400;
editbox_emit sequence=68 bytes=38 elapsed_us=2003 envelope=@J10000000001000000006817959|I421d400;
editbox_emit sequence=69 bytes=38 elapsed_us=2033 envelope=@J10000000001000000006960947|I421f400;
editbox_emit sequence=70 bytes=38 elapsed_us=1919 envelope=@J10000000001000000007051631|I421h400;
editbox_emit sequence=71 bytes=38 elapsed_us=2057 envelope=@J10000000001000000007129098|I421j400;
editbox_emit sequence=56 bytes=38 elapsed_us=2399 envelope=@J10000000001000000005620923|I421l300;
editbox_emit sequence=57 bytes=38 elapsed_us=2182 envelope=@J10000000001000000005763911|I421n300;
editbox_emit sequence=58 bytes=38 elapsed_us=1733 envelope=@J10000000001000000005841378|I421p300;
editbox_emit sequence=59 bytes=38 elapsed_us=2080 envelope=@J10000000001000000005918845|I421r300;
editbox_emit sequence=60 bytes=38 elapsed_us=2206 envelope=@J10000000001000000006009529|I421t300;
editbox_emit sequence=61 bytes=38 elapsed_us=2180 envelope=@J10000000001000000006152517|I421v300;
editbox_emit sequence=62 bytes=38 elapsed_us=2193 envelope=@J10000000001000000006229984|I421x300;
editbox_emit sequence=63 bytes=38 elapsed_us=2641 envelope=@J10000000001000000006307451|I421z300;
editbox_emit sequence=64 bytes=38 elapsed_us=2376 envelope=@J10000000001000000006450439|I421_300;
editbox_emit sequence=65 bytes=38 elapsed_us=2336 envelope=@J10000000001000000006520037|I421X400;
editbox_emit sequence=66 bytes=38 elapsed_us=2562 envelope=@J10000000001000000006663025|I421Z400;
editbox_emit sequence=67 bytes=38 elapsed_us=2848 envelope=@J10000000001000000006740492|I421b400;
editbox_emit sequence=68 bytes=38 elapsed_us=2165 envelope=@J10000000001000000006817959|I421d400;
editbox_emit sequence=69 bytes=38 elapsed_us=2038 envelope=@J10000000001000000006960947|I421f400;
editbox_emit sequence=70 bytes=38 elapsed_us=1958 envelope=@J10000000001000000007051631|I421h400;
editbox_emit sequence=71 bytes=38 elapsed_us=2046 envelope=@J10000000001000000007129098|I421j400;
editbox_emit sequence=56 bytes=38 elapsed_us=2477 envelope=@J10000000001000000005620923|I421l300;
editbox_emit sequence=57 bytes=38 elapsed_us=2500 envelope=@J10000000001000000005763911|I421n300;
editbox_emit sequence=58 bytes=38 elapsed_us=2589 envelope=@J10000000001000000005841378|I421p300;
editbox_emit sequence=59 bytes=38 elapsed_us=2010 envelope=@J10000000001000000005918845|I421r300;
editbox_emit sequence=60 bytes=38 elapsed_us=1983 envelope=@J10000000001000000006009529|I421t300;
editbox_emit sequence=61 bytes=38 elapsed_us=2639 envelope=@J10000000001000000006152517|I421v300;
editbox_emit sequence=62 bytes=38 elapsed_us=2925 envelope=@J10000000001000000006229984|I421x300;
editbox_emit sequence=63 bytes=38 elapsed_us=2381 envelope=@J10000000001000000006307451|I421z300;
editbox_emit sequence=64 bytes=38 elapsed_us=2456 envelope=@J10000000001000000006450439|I421_300;
editbox_emit sequence=65 bytes=38 elapsed_us=2725 envelope=@J10000000001000000006520037|I421X400;
editbox_emit sequence=66 bytes=38 elapsed_us=2787 envelope=@J10000000001000000006663025|I421Z400;
editbox_emit sequence=67 bytes=38 elapsed_us=2635 envelope=@J10000000001000000006740492|I421b400;
editbox_emit sequence=68 bytes=38 elapsed_us=2701 envelope=@J10000000001000000006817959|I421d400;
editbox_emit sequence=69 bytes=38 elapsed_us=2754 envelope=@J10000000001000000006960947|I421f400;
editbox_emit sequence=70 bytes=38 elapsed_us=2855 envelope=@J10000000001000000007051631|I421h400;
editbox_emit sequence=71 bytes=38 elapsed_us=2121 envelope=@J10000000001000000007129098|I421j400;
editbox_emit sequence=56 bytes=38 elapsed_us=2298 envelope=@J10000000001000000005620923|I421l300;
editbox_emit sequence=57 bytes=38 elapsed_us=1943 envelope=@J10000000001000000005763911|I421n300;
editbox_emit sequence=58 bytes=38 elapsed_us=2107 envelope=@J10000000001000000005841378|I421p300;
editbox_emit sequence=59 bytes=38 elapsed_us=2221 envelope=@J10000000001000000005918845|I421r300;
editbox_emit sequence=60 bytes=38 elapsed_us=2210 envelope=@J10000000001000000006009529|I421t300;
editbox_emit sequence=61 bytes=38 elapsed_us=2057 envelope=@J10000000001000000006152517|I421v300;
editbox_emit sequence=62 bytes=38 elapsed_us=2022 envelope=@J10000000001000000006229984|I421x300;
editbox_emit sequence=63 bytes=38 elapsed_us=1886 envelope=@J10000000001000000006307451|I421z300;
editbox_emit sequence=64 bytes=38 elapsed_us=1893 envelope=@J10000000001000000006450439|I421_300;
editbox_emit sequence=65 bytes=38 elapsed_us=1877 envelope=@J10000000001000000006520037|I421X400;
editbox_emit sequence=66 bytes=38 elapsed_us=2395 envelope=@J10000000001000000006663025|I421Z400;
editbox_emit sequence=67 bytes=38 elapsed_us=2261 envelope=@J10000000001000000006740492|I421b400;
editbox_emit sequence=68 bytes=38 elapsed_us=2284 envelope=@J10000000001000000006817959|I421d400;
editbox_emit sequence=69 bytes=38 elapsed_us=2357 envelope=@J10000000001000000006960947|I421f400;
editbox_emit sequence=70 bytes=38 elapsed_us=2046 envelope=@J10000000001000000007051631|I421h400;
editbox_emit sequence=71 bytes=38 elapsed_us=2468 envelope=@J10000000001000000007129098|I421j400;
editbox_emit sequence=56 bytes=38 elapsed_us=2252 envelope=@J10000000001000000005620923|I421l300;
editbox_emit sequence=57 bytes=38 elapsed_us=2077 envelope=@J10000000001000000005763911|I421n300;
editbox_emit sequence=58 bytes=38 elapsed_us=2040 envelope=@J10000000001000000005841378|I421p300;
editbox_emit sequence=59 bytes=38 elapsed_us=1921 envelope=@J10000000001000000005918845|I421r300;
editbox_emit sequence=60 bytes=38 elapsed_us=1845 envelope=@J10000000001000000006009529|I421t300;
editbox_emit sequence=61 bytes=38 elapsed_us=1972 envelope=@J10000000001000000006152517|I421v300;
editbox_emit sequence=62 bytes=38 elapsed_us=2184 envelope=@J10000000001000000006229984|I421x300;
editbox_emit sequence=63 bytes=38 elapsed_us=2286 envelope=@J10000000001000000006307451|I421z300;
editbox_emit sequence=64 bytes=38 elapsed_us=2005 envelope=@J10000000001000000006450439|I421_300;
editbox_emit sequence=65 bytes=38 elapsed_us=2063 envelope=@J10000000001000000006520037|I421X400;
editbox_emit sequence=66 bytes=38 elapsed_us=2024 envelope=@J10000000001000000006663025|I421Z400;
editbox_emit sequence=67 bytes=38 elapsed_us=2055 envelope=@J10000000001000000006740492|I421b400;
editbox_emit sequence=68 bytes=38 elapsed_us=2012 envelope=@J10000000001000000006817959|I421d400;
editbox_emit sequence=69 bytes=38 elapsed_us=2018 envelope=@J10000000001000000006960947|I421f400;
editbox_emit sequence=70 bytes=38 elapsed_us=1923 envelope=@J10000000001000000007051631|I421h400;
editbox_emit sequence=71 bytes=38 elapsed_us=1997 envelope=@J10000000001000000007129098|I421j400;
editbox_emit sequence=56 bytes=38 elapsed_us=2380 envelope=@J10000000001000000005620923|I421l300;
editbox_emit sequence=57 bytes=38 elapsed_us=2344 envelope=@J10000000001000000005763911|I421n300;
editbox_emit sequence=58 bytes=38 elapsed_us=2332 envelope=@J10000000001000000005841378|I421p300;
editbox_emit sequence=59 bytes=38 elapsed_us=2310 envelope=@J10000000001000000005918845|I421r300;
editbox_emit sequence=60 bytes=38 elapsed_us=2143 envelope=@J10000000001000000006009529|I421t300;
editbox_emit sequence=61 bytes=38 elapsed_us=2100 envelope=@J10000000001000000006152517|I421v300;
editbox_emit sequence=62 bytes=38 elapsed_us=2460 envelope=@J10000000001000000006229984|I421x300;
editbox_emit sequence=63 bytes=38 elapsed_us=2200 envelope=@J10000000001000000006307451|I421z300;
editbox_emit sequence=64 bytes=38 elapsed_us=2579 envelope=@J10000000001000000006450439|I421_300;
editbox_emit sequence=65 bytes=38 elapsed_us=2439 envelope=@J10000000001000000006520037|I421X400;
editbox_emit sequence=66 bytes=38 elapsed_us=2862 envelope=@J10000000001000000006663025|I421Z400;
editbox_emit sequence=67 bytes=38 elapsed_us=2205 envelope=@J10000000001000000006740492|I421b400;
editbox_emit sequence=68 bytes=38 elapsed_us=2191 envelope=@J10000000001000000006817959|I421d400;
editbox_emit sequence=69 bytes=38 elapsed_us=2154 envelope=@J10000000001000000006960947|I421f400;
editbox_emit sequence=70 bytes=38 elapsed_us=2409 envelope=@J10000000001000000007051631|I421h400;
editbox_emit sequence=71 bytes=38 elapsed_us=1951 envelope=@J10000000001000000007129098|I421j400;
editbox_emit sequence=56 bytes=38 elapsed_us=2986 envelope=@J10000000001000000005620923|I421l300;
editbox_emit sequence=57 bytes=38 elapsed_us=2729 envelope=@J10000000001000000005763911|I421n300;
editbox_emit sequence=58 bytes=38 elapsed_us=2887 envelope=@J10000000001000000005841378|I421p300;
editbox_emit sequence=59 bytes=38 elapsed_us=3126 envelope=@J10000000001000000005918845|I421r300;
editbox_emit sequence=60 bytes=38 elapsed_us=3405 envelope=@J10000000001000000006009529|I421t300;
editbox_emit sequence=61 bytes=38 elapsed_us=2418 envelope=@J10000000001000000006152517|I421v300;
editbox_emit sequence=62 bytes=38 elapsed_us=2602 envelope=@J10000000001000000006229984|I421x300;
editbox_emit sequence=63 bytes=38 elapsed_us=2577 envelope=@J10000000001000000006307451|I421z300;
editbox_emit sequence=64 bytes=38 elapsed_us=2323 envelope=@J10000000001000000006450439|I421_300;
editbox_emit sequence=65 bytes=38 elapsed_us=2303 envelope=@J10000000001000000006520037|I421X400;
editbox_emit sequence=66 bytes=38 elapsed_us=2742 envelope=@J10000000001000000006663025|I421Z400;
editbox_emit sequence=67 bytes=38 elapsed_us=2879 envelope=@J10000000001000000006740492|I421b400;
editbox_emit sequence=68 bytes=38 elapsed_us=2445 envelope=@J10000000001000000006817959|I421d400;
editbox_emit sequence=69 bytes=38 elapsed_us=2827 envelope=@J10000000001000000006960947|I421f400;
editbox_emit sequence=70 bytes=38 elapsed_us=2877 envelope=@J10000000001000000007051631|I421h400;
editbox_emit sequence=71 bytes=38 elapsed_us=2391 envelope=@J10000000001000000007129098|I421j400;
editbox_emit sequence=56 bytes=38 elapsed_us=1946 envelope=@J10000000001000000005620923|I421l300;
editbox_emit sequence=57 bytes=38 elapsed_us=1882 envelope=@J10000000001000000005763911|I421n300;
editbox_emit sequence=58 bytes=38 elapsed_us=2049 envelope=@J10000000001000000005841378|I421p300;
editbox_emit sequence=59 bytes=38 elapsed_us=2087 envelope=@J10000000001000000005918845|I421r300;
editbox_emit sequence=60 bytes=38 elapsed_us=1872 envelope=@J10000000001000000006009529|I421t300;
editbox_emit sequence=61 bytes=38 elapsed_us=2113 envelope=@J10000000001000000006152517|I421v300;
editbox_emit sequence=62 bytes=38 elapsed_us=2052 envelope=@J10000000001000000006229984|I421x300;
editbox_emit sequence=63 bytes=38 elapsed_us=2324 envelope=@J10000000001000000006307451|I421z300;
editbox_emit sequence=64 bytes=38 elapsed_us=2415 envelope=@J10000000001000000006450439|I421_300;
editbox_emit sequence=65 bytes=38 elapsed_us=2008 envelope=@J10000000001000000006520037|I421X400;
editbox_emit sequence=66 bytes=38 elapsed_us=2211 envelope=@J10000000001000000006663025|I421Z400;
editbox_emit sequence=67 bytes=38 elapsed_us=2449 envelope=@J10000000001000000006740492|I421b400;
editbox_emit sequence=68 bytes=38 elapsed_us=2293 envelope=@J10000000001000000006817959|I421d400;
editbox_emit sequence=69 bytes=38 elapsed_us=2033 envelope=@J10000000001000000006960947|I421f400;
editbox_emit sequence=70 bytes=38 elapsed_us=1853 envelope=@J10000000001000000007051631|I421h400;
editbox_emit sequence=71 bytes=38 elapsed_us=1944 envelope=@J10000000001000000007129098|I421j400;
editbox_emit sequence=56 bytes=38 elapsed_us=2036 envelope=@J10000000001000000005620923|I421l300;
editbox_emit sequence=57 bytes=38 elapsed_us=1842 envelope=@J10000000001000000005763911|I421n300;
editbox_emit sequence=58 bytes=38 elapsed_us=1941 envelope=@J10000000001000000005841378|I421p300;
editbox_emit sequence=59 bytes=38 elapsed_us=1803 envelope=@J10000000001000000005918845|I421r300;
editbox_emit sequence=60 bytes=38 elapsed_us=2184 envelope=@J10000000001000000006009529|I421t300;
editbox_emit sequence=61 bytes=38 elapsed_us=1882 envelope=@J10000000001000000006152517|I421v300;
editbox_emit sequence=62 bytes=38 elapsed_us=2499 envelope=@J10000000001000000006229984|I421x300;
editbox_emit sequence=63 bytes=38 elapsed_us=2015 envelope=@J10000000001000000006307451|I421z300;
editbox_emit sequence=64 bytes=38 elapsed_us=2031 envelope=@J10000000001000000006450439|I421_300;
editbox_emit sequence=65 bytes=38 elapsed_us=2100 envelope=@J10000000001000000006520037|I421X400;
editbox_emit sequence=66 bytes=38 elapsed_us=2026 envelope=@J10000000001000000006663025|I421Z400;
editbox_emit sequence=67 bytes=38 elapsed_us=2074 envelope=@J10000000001000000006740492|I421b400;
editbox_emit sequence=68 bytes=38 elapsed_us=1975 envelope=@J10000000001000000006817959|I421d400;
editbox_emit sequence=69 bytes=38 elapsed_us=2224 envelope=@J10000000001000000006960947|I421f400;
editbox_emit sequence=70 bytes=38 elapsed_us=2262 envelope=@J10000000001000000007051631|I421h400;
editbox_emit sequence=71 bytes=38 elapsed_us=1976 envelope=@J10000000001000000007129098|I421j400;
editbox_emit sequence=56 bytes=38 elapsed_us=2553 envelope=@J10000000001000000005620923|I421l300;
editbox_emit sequence=57 bytes=38 elapsed_us=2336 envelope=@J10000000001000000005763911|I421n300;
editbox_emit sequence=58 bytes=38 elapsed_us=2438 envelope=@J10000000001000000005841378|I421p300;
editbox_emit sequence=59 bytes=38 elapsed_us=3190 envelope=@J10000000001000000005918845|I421r300;
editbox_emit sequence=60 bytes=38 elapsed_us=2351 envelope=@J10000000001000000006009529|I421t300;
editbox_emit sequence=61 bytes=38 elapsed_us=2310 envelope=@J10000000001000000006152517|I421v300;
editbox_emit sequence=62 bytes=38 elapsed_us=1910 envelope=@J10000000001000000006229984|I421x300;
editbox_emit sequence=63 bytes=38 elapsed_us=1956 envelope=@J10000000001000000006307451|I421z300;
editbox_emit sequence=64 bytes=38 elapsed_us=1999 envelope=@J10000000001000000006450439|I421_300;
editbox_emit sequence=65 bytes=38 elapsed_us=2178 envelope=@J10000000001000000006520037|I421X400;
editbox_emit sequence=66 bytes=38 elapsed_us=1930 envelope=@J10000000001000000006663025|I421Z400;
editbox_emit sequence=67 bytes=38 elapsed_us=1986 envelope=@J10000000001000000006740492|I421b400;
editbox_emit sequence=68 bytes=38 elapsed_us=1950 envelope=@J10000000001000000006817959|I421d400;
editbox_emit sequence=69 bytes=38 elapsed_us=1831 envelope=@J10000000001000000006960947|I421f400;
editbox_emit sequence=70 bytes=38 elapsed_us=1847 envelope=@J10000000001000000007051631|I421h400;
editbox_emit sequence=71 bytes=38 elapsed_us=1807 envelope=@J10000000001000000007129098|I421j400;
editbox_emit sequence=56 bytes=38 elapsed_us=2401 envelope=@J10000000001000000005620923|I421l300;
editbox_emit sequence=57 bytes=38 elapsed_us=2282 envelope=@J10000000001000000005763911|I421n300;
editbox_emit sequence=58 bytes=38 elapsed_us=2256 envelope=@J10000000001000000005841378|I421p300;
editbox_emit sequence=59 bytes=38 elapsed_us=2338 envelope=@J10000000001000000005918845|I421r300;
editbox_emit sequence=60 bytes=38 elapsed_us=2462 envelope=@J10000000001000000006009529|I421t300;
editbox_emit sequence=61 bytes=38 elapsed_us=2512 envelope=@J10000000001000000006152517|I421v300;
editbox_emit sequence=62 bytes=38 elapsed_us=2960 envelope=@J10000000001000000006229984|I421x300;
editbox_emit sequence=63 bytes=38 elapsed_us=2362 envelope=@J10000000001000000006307451|I421z300;
editbox_emit sequence=64 bytes=38 elapsed_us=1897 envelope=@J10000000001000000006450439|I421_300;
editbox_emit sequence=65 bytes=38 elapsed_us=2448 envelope=@J10000000001000000006520037|I421X400;
editbox_emit sequence=66 bytes=38 elapsed_us=2133 envelope=@J10000000001000000006663025|I421Z400;
editbox_emit sequence=67 bytes=38 elapsed_us=2216 envelope=@J10000000001000000006740492|I421b400;
editbox_emit sequence=68 bytes=38 elapsed_us=1944 envelope=@J10000000001000000006817959|I421d400;
editbox_emit sequence=69 bytes=38 elapsed_us=2598 envelope=@J10000000001000000006960947|I421f400;
editbox_emit sequence=70 bytes=38 elapsed_us=1980 envelope=@J10000000001000000007051631|I421h400;
editbox_emit sequence=71 bytes=38 elapsed_us=2070 envelope=@J10000000001000000007129098|I421j400;
editbox_emit sequence=56 bytes=38 elapsed_us=2399 envelope=@J10000000001000000005620923|I421l300;
editbox_emit sequence=57 bytes=38 elapsed_us=2269 envelope=@J10000000001000000005763911|I421n300;
editbox_emit sequence=58 bytes=38 elapsed_us=2237 envelope=@J10000000001000000005841378|I421p300;
editbox_emit sequence=59 bytes=38 elapsed_us=2437 envelope=@J10000000001000000005918845|I421r300;
editbox_emit sequence=60 bytes=38 elapsed_us=2143 envelope=@J10000000001000000006009529|I421t300;
editbox_emit sequence=61 bytes=38 elapsed_us=1791 envelope=@J10000000001000000006152517|I421v300;
editbox_emit sequence=62 bytes=38 elapsed_us=1841 envelope=@J10000000001000000006229984|I421x300;
editbox_emit sequence=63 bytes=38 elapsed_us=1838 envelope=@J10000000001000000006307451|I421z300;
editbox_emit sequence=64 bytes=38 elapsed_us=1879 envelope=@J10000000001000000006450439|I421_300;
editbox_emit sequence=65 bytes=38 elapsed_us=1911 envelope=@J10000000001000000006520037|I421X400;
editbox_emit sequence=66 bytes=38 elapsed_us=2093 envelope=@J10000000001000000006663025|I421Z400;
editbox_emit sequence=67 bytes=38 elapsed_us=1925 envelope=@J10000000001000000006740492|I421b400;
editbox_emit sequence=68 bytes=38 elapsed_us=1952 envelope=@J10000000001000000006817959|I421d400;
editbox_emit sequence=69 bytes=38 elapsed_us=2289 envelope=@J10000000001000000006960947|I421f400;
editbox_emit sequence=70 bytes=38 elapsed_us=2272 envelope=@J10000000001000000007051631|I421h400;
editbox_emit sequence=71 bytes=38 elapsed_us=2318 envelope=@J10000000001000000007129098|I421j400;
editbox_emit sequence=56 bytes=38 elapsed_us=2215 envelope=@J10000000001000000005620923|I421l300;
editbox_emit sequence=57 bytes=38 elapsed_us=1805 envelope=@J10000000001000000005763911|I421n300;
editbox_emit sequence=58 bytes=38 elapsed_us=1788 envelope=@J10000000001000000005841378|I421p300;
editbox_emit sequence=59 bytes=38 elapsed_us=2254 envelope=@J10000000001000000005918845|I421r300;
editbox_emit sequence=60 bytes=38 elapsed_us=2509 envelope=@J10000000001000000006009529|I421t300;
editbox_emit sequence=61 bytes=38 elapsed_us=2055 envelope=@J10000000001000000006152517|I421v300;
editbox_emit sequence=62 bytes=38 elapsed_us=1925 envelope=@J10000000001000000006229984|I421x300;
editbox_emit sequence=63 bytes=38 elapsed_us=1938 envelope=@J10000000001000000006307451|I421z300;
editbox_emit sequence=64 bytes=38 elapsed_us=2425 envelope=@J10000000001000000006450439|I421_300;
editbox_emit sequence=65 bytes=38 elapsed_us=2161 envelope=@J10000000001000000006520037|I421X400;
editbox_emit sequence=66 bytes=38 elapsed_us=1927 envelope=@J10000000001000000006663025|I421Z400;
editbox_emit sequence=67 bytes=38 elapsed_us=1830 envelope=@J10000000001000000006740492|I421b400;
editbox_emit sequence=68 bytes=38 elapsed_us=2126 envelope=@J10000000001000000006817959|I421d400;
editbox_emit sequence=69 bytes=38 elapsed_us=2215 envelope=@J10000000001000000006960947|I421f400;
editbox_emit sequence=70 bytes=38 elapsed_us=2132 envelope=@J10000000001000000007051631|I421h400;
editbox_emit sequence=71 bytes=38 elapsed_us=2374 envelope=@J10000000001000000007129098|I421j400;
editbox_emit sequence=56 bytes=38 elapsed_us=2166 envelope=@J10000000001000000005620923|I421l300;
editbox_emit sequence=57 bytes=38 elapsed_us=1861 envelope=@J10000000001000000005763911|I421n300;
editbox_emit sequence=58 bytes=38 elapsed_us=1822 envelope=@J10000000001000000005841378|I421p300;
editbox_emit sequence=59 bytes=38 elapsed_us=1808 envelope=@J10000000001000000005918845|I421r300;
editbox_emit sequence=60 bytes=38 elapsed_us=1793 envelope=@J10000000001000000006009529|I421t300;
editbox_emit sequence=61 bytes=38 elapsed_us=1803 envelope=@J10000000001000000006152517|I421v300;
editbox_emit sequence=62 bytes=38 elapsed_us=1866 envelope=@J10000000001000000006229984|I421x300;
editbox_emit sequence=63 bytes=38 elapsed_us=1837 envelope=@J10000000001000000006307451|I421z300;
editbox_emit sequence=64 bytes=38 elapsed_us=1883 envelope=@J10000000001000000006450439|I421_300;
editbox_emit sequence=65 bytes=38 elapsed_us=1879 envelope=@J10000000001000000006520037|I421X400;
editbox_emit sequence=66 bytes=38 elapsed_us=2198 envelope=@J10000000001000000006663025|I421Z400;
editbox_emit sequence=67 bytes=38 elapsed_us=2001 envelope=@J10000000001000000006740492|I421b400;
editbox_emit sequence=68 bytes=38 elapsed_us=1795 envelope=@J10000000001000000006817959|I421d400;
editbox_emit sequence=69 bytes=38 elapsed_us=1984 envelope=@J10000000001000000006960947|I421f400;
editbox_emit sequence=70 bytes=38 elapsed_us=2005 envelope=@J10000000001000000007051631|I421h400;
editbox_emit sequence=71 bytes=38 elapsed_us=1831 envelope=@J10000000001000000007129098|I421j400;
editbox_emit sequence=56 bytes=38 elapsed_us=2935 envelope=@J10000000001000000005620923|I421l300;
editbox_emit sequence=57 bytes=38 elapsed_us=2579 envelope=@J10000000001000000005763911|I421n300;
editbox_emit sequence=58 bytes=38 elapsed_us=2278 envelope=@J10000000001000000005841378|I421p300;
editbox_emit sequence=59 bytes=38 elapsed_us=2374 envelope=@J10000000001000000005918845|I421r300;
editbox_emit sequence=60 bytes=38 elapsed_us=2655 envelope=@J10000000001000000006009529|I421t300;
editbox_emit sequence=61 bytes=38 elapsed_us=2015 envelope=@J10000000001000000006152517|I421v300;
editbox_emit sequence=62 bytes=38 elapsed_us=1914 envelope=@J10000000001000000006229984|I421x300;
editbox_emit sequence=63 bytes=38 elapsed_us=2095 envelope=@J10000000001000000006307451|I421z300;
editbox_emit sequence=64 bytes=38 elapsed_us=2063 envelope=@J10000000001000000006450439|I421_300;
editbox_emit sequence=65 bytes=38 elapsed_us=2155 envelope=@J10000000001000000006520037|I421X400;
editbox_emit sequence=66 bytes=38 elapsed_us=2370 envelope=@J10000000001000000006663025|I421Z400;
editbox_emit sequence=67 bytes=38 elapsed_us=2195 envelope=@J10000000001000000006740492|I421b400;
editbox_emit sequence=68 bytes=38 elapsed_us=2473 envelope=@J10000000001000000006817959|I421d400;
editbox_emit sequence=69 bytes=38 elapsed_us=2609 envelope=@J10000000001000000006960947|I421f400;
editbox_emit sequence=70 bytes=38 elapsed_us=2253 envelope=@J10000000001000000007051631|I421h400;
editbox_emit sequence=71 bytes=38 elapsed_us=2246 envelope=@J10000000001000000007129098|I421j400;
editbox_emit sequence=56 bytes=38 elapsed_us=1939 envelope=@J10000000001000000005620923|I421l300;
editbox_emit sequence=57 bytes=38 elapsed_us=1815 envelope=@J10000000001000000005763911|I421n300;
editbox_emit sequence=58 bytes=38 elapsed_us=1943 envelope=@J10000000001000000005841378|I421p300;
editbox_emit sequence=59 bytes=38 elapsed_us=2088 envelope=@J10000000001000000005918845|I421r300;
editbox_emit sequence=60 bytes=38 elapsed_us=2273 envelope=@J10000000001000000006009529|I421t300;
editbox_emit sequence=61 bytes=38 elapsed_us=1839 envelope=@J10000000001000000006152517|I421v300;
editbox_emit sequence=62 bytes=38 elapsed_us=1819 envelope=@J10000000001000000006229984|I421x300;
editbox_emit sequence=63 bytes=38 elapsed_us=1948 envelope=@J10000000001000000006307451|I421z300;
editbox_emit sequence=64 bytes=38 elapsed_us=2132 envelope=@J10000000001000000006450439|I421_300;
editbox_emit sequence=65 bytes=38 elapsed_us=1998 envelope=@J10000000001000000006520037|I421X400;
editbox_emit sequence=66 bytes=38 elapsed_us=1900 envelope=@J10000000001000000006663025|I421Z400;
editbox_emit sequence=67 bytes=38 elapsed_us=1817 envelope=@J10000000001000000006740492|I421b400;
editbox_emit sequence=68 bytes=38 elapsed_us=2084 envelope=@J10000000001000000006817959|I421d400;
editbox_emit sequence=69 bytes=38 elapsed_us=2016 envelope=@J10000000001000000006960947|I421f400;
editbox_emit sequence=70 bytes=38 elapsed_us=1894 envelope=@J10000000001000000007051631|I421h400;
editbox_emit sequence=71 bytes=38 elapsed_us=1859 envelope=@J10000000001000000007129098|I421j400;
editbox_emit sequence=56 bytes=38 elapsed_us=2548 envelope=@J10000000001000000005620923|I421l300;
editbox_emit sequence=57 bytes=38 elapsed_us=2276 envelope=@J10000000001000000005763911|I421n300;
editbox_emit sequence=58 bytes=38 elapsed_us=2174 envelope=@J10000000001000000005841378|I421p300;
editbox_emit sequence=59 bytes=38 elapsed_us=1995 envelope=@J10000000001000000005918845|I421r300;
editbox_emit sequence=60 bytes=38 elapsed_us=1874 envelope=@J10000000001000000006009529|I421t300;
editbox_emit sequence=61 bytes=38 elapsed_us=1846 envelope=@J10000000001000000006152517|I421v300;
editbox_emit sequence=62 bytes=38 elapsed_us=1899 envelope=@J10000000001000000006229984|I421x300;
editbox_emit sequence=63 bytes=38 elapsed_us=1788 envelope=@J10000000001000000006307451|I421z300;
editbox_emit sequence=64 bytes=38 elapsed_us=2392 envelope=@J10000000001000000006450439|I421_300;
editbox_emit sequence=65 bytes=38 elapsed_us=2115 envelope=@J10000000001000000006520037|I421X400;
editbox_emit sequence=66 bytes=38 elapsed_us=2037 envelope=@J10000000001000000006663025|I421Z400;
editbox_emit sequence=67 bytes=38 elapsed_us=1909 envelope=@J10000000001000000006740492|I421b400;
editbox_emit sequence=68 bytes=38 elapsed_us=1944 envelope=@J10000000001000000006817959|I421d400;
editbox_emit sequence=69 bytes=38 elapsed_us=1948 envelope=@J10000000001000000006960947|I421f400;
editbox_emit sequence=70 bytes=38 elapsed_us=1962 envelope=@J10000000001000000007051631|I421h400;
editbox_emit sequence=71 bytes=38 elapsed_us=1946 envelope=@J10000000001000000007129098|I421j400;
editbox_emit sequence=56 bytes=38 elapsed_us=2052 envelope=@J10000000001000000005620923|I421l300;
editbox_emit sequence=57 bytes=38 elapsed_us=1800 envelope=@J10000000001000000005763911|I421n300;
editbox_emit sequence=58 bytes=38 elapsed_us=1824 envelope=@J10000000001000000005841378|I421p300;
editbox_emit sequence=59 bytes=38 elapsed_us=1933 envelope=@J10000000001000000005918845|I421r300;
editbox_emit sequence=60 bytes=38 elapsed_us=2144 envelope=@J10000000001000000006009529|I421t300;
editbox_emit sequence=61 bytes=38 elapsed_us=1990 envelope=@J10000000001000000006152517|I421v300;
editbox_emit sequence=62 bytes=38 elapsed_us=1897 envelope=@J10000000001000000006229984|I421x300;
editbox_emit sequence=63 bytes=38 elapsed_us=2146 envelope=@J10000000001000000006307451|I421z300;
editbox_emit sequence=64 bytes=38 elapsed_us=2065 envelope=@J10000000001000000006450439|I421_300;
editbox_emit sequence=65 bytes=38 elapsed_us=1993 envelope=@J10000000001000000006520037|I421X400;
editbox_emit sequence=66 bytes=38 elapsed_us=2386 envelope=@J10000000001000000006663025|I421Z400;
editbox_emit sequence=67 bytes=38 elapsed_us=2383 envelope=@J10000000001000000006740492|I421b400;
editbox_emit sequence=68 bytes=38 elapsed_us=2051 envelope=@J10000000001000000006817959|I421d400;
editbox_emit sequence=69 bytes=38 elapsed_us=2340 envelope=@J10000000001000000006960947|I421f400;
editbox_emit sequence=70 bytes=38 elapsed_us=2040 envelope=@J10000000001000000007051631|I421h400;
editbox_emit sequence=71 bytes=38 elapsed_us=2006 envelope=@J10000000001000000007129098|I421j400;
editbox_emit sequence=56 bytes=38 elapsed_us=1993 envelope=@J10000000001000000005620923|I421l300;
editbox_emit sequence=57 bytes=38 elapsed_us=1807 envelope=@J10000000001000000005763911|I421n300;
editbox_emit sequence=58 bytes=38 elapsed_us=1960 envelope=@J10000000001000000005841378|I421p300;
editbox_emit sequence=59 bytes=38 elapsed_us=1978 envelope=@J10000000001000000005918845|I421r300;
editbox_emit sequence=60 bytes=38 elapsed_us=2098 envelope=@J10000000001000000006009529|I421t300;
editbox_emit sequence=61 bytes=38 elapsed_us=2104 envelope=@J10000000001000000006152517|I421v300;
editbox_emit sequence=62 bytes=38 elapsed_us=2009 envelope=@J10000000001000000006229984|I421x300;
editbox_emit sequence=63 bytes=38 elapsed_us=2062 envelope=@J10000000001000000006307451|I421z300;
editbox_emit sequence=64 bytes=38 elapsed_us=2294 envelope=@J10000000001000000006450439|I421_300;
editbox_emit sequence=65 bytes=38 elapsed_us=2105 envelope=@J10000000001000000006520037|I421X400;
editbox_emit sequence=66 bytes=38 elapsed_us=1991 envelope=@J10000000001000000006663025|I421Z400;
editbox_emit sequence=67 bytes=38 elapsed_us=1866 envelope=@J10000000001000000006740492|I421b400;
editbox_emit sequence=68 bytes=38 elapsed_us=2230 envelope=@J10000000001000000006817959|I421d400;
editbox_emit sequence=69 bytes=38 elapsed_us=2282 envelope=@J10000000001000000006960947|I421f400;
editbox_emit sequence=70 bytes=38 elapsed_us=2140 envelope=@J10000000001000000007051631|I421h400;
editbox_emit sequence=71 bytes=38 elapsed_us=2381 envelope=@J10000000001000000007129098|I421j400;
editbox_emit sequence=56 bytes=38 elapsed_us=1963 envelope=@J10000000001000000005620923|I421l300;
editbox_emit sequence=57 bytes=38 elapsed_us=2097 envelope=@J10000000001000000005763911|I421n300;
editbox_emit sequence=58 bytes=38 elapsed_us=2210 envelope=@J10000000001000000005841378|I421p300;
editbox_emit sequence=59 bytes=38 elapsed_us=2007 envelope=@J10000000001000000005918845|I421r300;
editbox_emit sequence=60 bytes=38 elapsed_us=1838 envelope=@J10000000001000000006009529|I421t300;
editbox_emit sequence=61 bytes=38 elapsed_us=2213 envelope=@J10000000001000000006152517|I421v300;
editbox_emit sequence=62 bytes=38 elapsed_us=2056 envelope=@J10000000001000000006229984|I421x300;
editbox_emit sequence=63 bytes=38 elapsed_us=1882 envelope=@J10000000001000000006307451|I421z300;
editbox_emit sequence=64 bytes=38 elapsed_us=2050 envelope=@J10000000001000000006450439|I421_300;
editbox_emit sequence=65 bytes=38 elapsed_us=1920 envelope=@J10000000001000000006520037|I421X400;
editbox_emit sequence=66 bytes=38 elapsed_us=2091 envelope=@J10000000001000000006663025|I421Z400;
editbox_emit sequence=67 bytes=38 elapsed_us=1888 envelope=@J10000000001000000006740492|I421b400;
editbox_emit sequence=68 bytes=38 elapsed_us=2079 envelope=@J10000000001000000006817959|I421d400;
editbox_emit sequence=69 bytes=38 elapsed_us=2098 envelope=@J10000000001000000006960947|I421f400;
editbox_emit sequence=70 bytes=38 elapsed_us=1998 envelope=@J10000000001000000007051631|I421h400;
editbox_emit sequence=71 bytes=38 elapsed_us=1975 envelope=@J10000000001000000007129098|I421j400;
editbox_emit sequence=56 bytes=38 elapsed_us=2046 envelope=@J10000000001000000005620923|I421l300;
editbox_emit sequence=57 bytes=38 elapsed_us=1866 envelope=@J10000000001000000005763911|I421n300;
editbox_emit sequence=58 bytes=38 elapsed_us=2137 envelope=@J10000000001000000005841378|I421p300;
editbox_emit sequence=59 bytes=38 elapsed_us=2187 envelope=@J10000000001000000005918845|I421r300;
editbox_emit sequence=60 bytes=38 elapsed_us=2094 envelope=@J10000000001000000006009529|I421t300;
editbox_emit sequence=61 bytes=38 elapsed_us=2145 envelope=@J10000000001000000006152517|I421v300;
editbox_emit sequence=62 bytes=38 elapsed_us=1964 envelope=@J10000000001000000006229984|I421x300;
editbox_emit sequence=63 bytes=38 elapsed_us=2243 envelope=@J10000000001000000006307451|I421z300;
editbox_emit sequence=64 bytes=38 elapsed_us=2004 envelope=@J10000000001000000006450439|I421_300;
editbox_emit sequence=65 bytes=38 elapsed_us=1898 envelope=@J10000000001000000006520037|I421X400;
editbox_emit sequence=66 bytes=38 elapsed_us=1891 envelope=@J10000000001000000006663025|I421Z400;
editbox_emit sequence=67 bytes=38 elapsed_us=1810 envelope=@J10000000001000000006740492|I421b400;
editbox_emit sequence=68 bytes=38 elapsed_us=2086 envelope=@J10000000001000000006817959|I421d400;
editbox_emit sequence=69 bytes=38 elapsed_us=2257 envelope=@J10000000001000000006960947|I421f400;
editbox_emit sequence=70 bytes=38 elapsed_us=1850 envelope=@J10000000001000000007051631|I421h400;
editbox_emit sequence=71 bytes=38 elapsed_us=1831 envelope=@J10000000001000000007129098|I421j400;
editbox_emit sequence=56 bytes=38 elapsed_us=2077 envelope=@J10000000001000000005620923|I421l300;
editbox_emit sequence=57 bytes=38 elapsed_us=2219 envelope=@J10000000001000000005763911|I421n300;
editbox_emit sequence=58 bytes=38 elapsed_us=2483 envelope=@J10000000001000000005841378|I421p300;
editbox_emit sequence=59 bytes=38 elapsed_us=2227 envelope=@J10000000001000000005918845|I421r300;
editbox_emit sequence=60 bytes=38 elapsed_us=1969 envelope=@J10000000001000000006009529|I421t300;
editbox_emit sequence=61 bytes=38 elapsed_us=2078 envelope=@J10000000001000000006152517|I421v300;
editbox_emit sequence=62 bytes=38 elapsed_us=2254 envelope=@J10000000001000000006229984|I421x300;
editbox_emit sequence=63 bytes=38 elapsed_us=2394 envelope=@J10000000001000000006307451|I421z300;
editbox_emit sequence=64 bytes=38 elapsed_us=1956 envelope=@J10000000001000000006450439|I421_300;
editbox_emit sequence=65 bytes=38 elapsed_us=2180 envelope=@J10000000001000000006520037|I421X400;
editbox_emit sequence=66 bytes=38 elapsed_us=2192 envelope=@J10000000001000000006663025|I421Z400;
editbox_emit sequence=67 bytes=38 elapsed_us=2281 envelope=@J10000000001000000006740492|I421b400;
editbox_emit sequence=68 bytes=38 elapsed_us=1927 envelope=@J10000000001000000006817959|I421d400;
editbox_emit sequence=69 bytes=38 elapsed_us=1929 envelope=@J10000000001000000006960947|I421f400;
editbox_emit sequence=70 bytes=38 elapsed_us=2027 envelope=@J10000000001000000007051631|I421h400;
editbox_emit sequence=71 bytes=38 elapsed_us=2336 envelope=@J10000000001000000007129098|I421j400;
editbox_emit sequence=56 bytes=38 elapsed_us=2269 envelope=@J10000000001000000005620923|I421l300;
editbox_emit sequence=57 bytes=38 elapsed_us=2273 envelope=@J10000000001000000005763911|I421n300;
editbox_emit sequence=58 bytes=38 elapsed_us=2465 envelope=@J10000000001000000005841378|I421p300;
editbox_emit sequence=59 bytes=38 elapsed_us=2293 envelope=@J10000000001000000005918845|I421r300;
editbox_emit sequence=60 bytes=38 elapsed_us=2220 envelope=@J10000000001000000006009529|I421t300;
editbox_emit sequence=61 bytes=38 elapsed_us=2181 envelope=@J10000000001000000006152517|I421v300;
editbox_emit sequence=62 bytes=38 elapsed_us=2382 envelope=@J10000000001000000006229984|I421x300;
editbox_emit sequence=63 bytes=38 elapsed_us=2271 envelope=@J10000000001000000006307451|I421z300;
editbox_emit sequence=64 bytes=38 elapsed_us=2288 envelope=@J10000000001000000006450439|I421_300;
editbox_emit sequence=65 bytes=38 elapsed_us=2302 envelope=@J10000000001000000006520037|I421X400;
editbox_emit sequence=66 bytes=38 elapsed_us=2275 envelope=@J10000000001000000006663025|I421Z400;
editbox_emit sequence=67 bytes=38 elapsed_us=2397 envelope=@J10000000001000000006740492|I421b400;
editbox_emit sequence=68 bytes=38 elapsed_us=2386 envelope=@J10000000001000000006817959|I421d400;
editbox_emit sequence=69 bytes=38 elapsed_us=2291 envelope=@J10000000001000000006960947|I421f400;
editbox_emit sequence=70 bytes=38 elapsed_us=2541 envelope=@J10000000001000000007051631|I421h400;
editbox_emit sequence=71 bytes=38 elapsed_us=2395 envelope=@J10000000001000000007129098|I421j400;
editbox_emit sequence=56 bytes=38 elapsed_us=2304 envelope=@J10000000001000000005620923|I421l300;
editbox_emit sequence=57 bytes=38 elapsed_us=2311 envelope=@J10000000001000000005763911|I421n300;
editbox_emit sequence=58 bytes=38 elapsed_us=2267 envelope=@J10000000001000000005841378|I421p300;
editbox_emit sequence=59 bytes=38 elapsed_us=2243 envelope=@J10000000001000000005918845|I421r300;
editbox_emit sequence=60 bytes=38 elapsed_us=2132 envelope=@J10000000001000000006009529|I421t300;
editbox_emit sequence=61 bytes=38 elapsed_us=1961 envelope=@J10000000001000000006152517|I421v300;
editbox_emit sequence=62 bytes=38 elapsed_us=2276 envelope=@J10000000001000000006229984|I421x300;
editbox_emit sequence=63 bytes=38 elapsed_us=1876 envelope=@J10000000001000000006307451|I421z300;
editbox_emit sequence=64 bytes=38 elapsed_us=1897 envelope=@J10000000001000000006450439|I421_300;
editbox_emit sequence=65 bytes=38 elapsed_us=1859 envelope=@J10000000001000000006520037|I421X400;
editbox_emit sequence=66 bytes=38 elapsed_us=2116 envelope=@J10000000001000000006663025|I421Z400;
editbox_emit sequence=67 bytes=38 elapsed_us=1929 envelope=@J10000000001000000006740492|I421b400;
editbox_emit sequence=68 bytes=38 elapsed_us=1894 envelope=@J10000000001000000006817959|I421d400;
editbox_emit sequence=69 bytes=38 elapsed_us=2076 envelope=@J10000000001000000006960947|I421f400;
editbox_emit sequence=70 bytes=38 elapsed_us=2103 envelope=@J10000000001000000007051631|I421h400;
editbox_emit sequence=71 bytes=38 elapsed_us=2034 envelope=@J10000000001000000007129098|I421j400;
editbox_emit sequence=56 bytes=38 elapsed_us=1897 envelope=@J10000000001000000005620923|I421l300;
editbox_emit sequence=57 bytes=38 elapsed_us=1911 envelope=@J10000000001000000005763911|I421n300;
editbox_emit sequence=58 bytes=38 elapsed_us=2324 envelope=@J10000000001000000005841378|I421p300;
editbox_emit sequence=59 bytes=38 elapsed_us=1906 envelope=@J10000000001000000005918845|I421r300;
editbox_emit sequence=60 bytes=38 elapsed_us=1911 envelope=@J10000000001000000006009529|I421t300;
editbox_emit sequence=61 bytes=38 elapsed_us=2006 envelope=@J10000000001000000006152517|I421v300;
editbox_emit sequence=62 bytes=38 elapsed_us=2186 envelope=@J10000000001000000006229984|I421x300;
editbox_emit sequence=63 bytes=38 elapsed_us=1968 envelope=@J10000000001000000006307451|I421z300;
editbox_emit sequence=64 bytes=38 elapsed_us=1923 envelope=@J10000000001000000006450439|I421_300;
editbox_emit sequence=65 bytes=38 elapsed_us=1983 envelope=@J10000000001000000006520037|I421X400;
editbox_emit sequence=66 bytes=38 elapsed_us=2023 envelope=@J10000000001000000006663025|I421Z400;
editbox_emit sequence=67 bytes=38 elapsed_us=1867 envelope=@J10000000001000000006740492|I421b400;
editbox_emit sequence=68 bytes=38 elapsed_us=1944 envelope=@J10000000001000000006817959|I421d400;
editbox_emit sequence=69 bytes=38 elapsed_us=1930 envelope=@J10000000001000000006960947|I421f400;
editbox_emit sequence=70 bytes=38 elapsed_us=1821 envelope=@J10000000001000000007051631|I421h400;
editbox_emit sequence=71 bytes=38 elapsed_us=1976 envelope=@J10000000001000000007129098|I421j400;
editbox_emit sequence=56 bytes=38 elapsed_us=2271 envelope=@J10000000001000000005620923|I421l300;
editbox_emit sequence=57 bytes=38 elapsed_us=2175 envelope=@J10000000001000000005763911|I421n300;
editbox_emit sequence=58 bytes=38 elapsed_us=1995 envelope=@J10000000001000000005841378|I421p300;
editbox_emit sequence=59 bytes=38 elapsed_us=1868 envelope=@J10000000001000000005918845|I421r300;
editbox_emit sequence=60 bytes=38 elapsed_us=2792 envelope=@J10000000001000000006009529|I421t300;
editbox_emit sequence=61 bytes=38 elapsed_us=2006 envelope=@J10000000001000000006152517|I421v300;
editbox_emit sequence=62 bytes=38 elapsed_us=2433 envelope=@J10000000001000000006229984|I421x300;
editbox_emit sequence=63 bytes=38 elapsed_us=2039 envelope=@J10000000001000000006307451|I421z300;
editbox_emit sequence=64 bytes=38 elapsed_us=2163 envelope=@J10000000001000000006450439|I421_300;
editbox_emit sequence=65 bytes=38 elapsed_us=1973 envelope=@J10000000001000000006520037|I421X400;
editbox_emit sequence=66 bytes=38 elapsed_us=2074 envelope=@J10000000001000000006663025|I421Z400;
editbox_emit sequence=67 bytes=38 elapsed_us=2154 envelope=@J10000000001000000006740492|I421b400;
editbox_emit sequence=68 bytes=38 elapsed_us=1993 envelope=@J10000000001000000006817959|I421d400;
editbox_emit sequence=69 bytes=38 elapsed_us=1844 envelope=@J10000000001000000006960947|I421f400;
editbox_emit sequence=70 bytes=38 elapsed_us=2152 envelope=@J10000000001000000007051631|I421h400;
editbox_emit sequence=71 bytes=38 elapsed_us=1905 envelope=@J10000000001000000007129098|I421j400;
editbox_emit sequence=56 bytes=38 elapsed_us=2346 envelope=@J10000000001000000005620923|I421l300;
editbox_emit sequence=57 bytes=38 elapsed_us=1835 envelope=@J10000000001000000005763911|I421n300;
editbox_emit sequence=58 bytes=38 elapsed_us=1998 envelope=@J10000000001000000005841378|I421p300;
editbox_emit sequence=59 bytes=38 elapsed_us=1807 envelope=@J10000000001000000005918845|I421r300;
editbox_emit sequence=60 bytes=38 elapsed_us=2050 envelope=@J10000000001000000006009529|I421t300;
editbox_emit sequence=61 bytes=38 elapsed_us=2027 envelope=@J10000000001000000006152517|I421v300;
editbox_emit sequence=62 bytes=38 elapsed_us=2447 envelope=@J10000000001000000006229984|I421x300;
editbox_emit sequence=63 bytes=38 elapsed_us=1901 envelope=@J10000000001000000006307451|I421z300;
editbox_emit sequence=64 bytes=38 elapsed_us=2064 envelope=@J10000000001000000006450439|I421_300;
editbox_emit sequence=65 bytes=38 elapsed_us=1995 envelope=@J10000000001000000006520037|I421X400;
editbox_emit sequence=66 bytes=38 elapsed_us=1875 envelope=@J10000000001000000006663025|I421Z400;
editbox_emit sequence=67 bytes=38 elapsed_us=2189 envelope=@J10000000001000000006740492|I421b400;
editbox_emit sequence=68 bytes=38 elapsed_us=1918 envelope=@J10000000001000000006817959|I421d400;
editbox_emit sequence=69 bytes=38 elapsed_us=1783 envelope=@J10000000001000000006960947|I421f400;
editbox_emit sequence=70 bytes=38 elapsed_us=1769 envelope=@J10000000001000000007051631|I421h400;
editbox_emit sequence=71 bytes=38 elapsed_us=1857 envelope=@J10000000001000000007129098|I421j400;
editbox_emit sequence=56 bytes=38 elapsed_us=2062 envelope=@J10000000001000000005620923|I421l300;
editbox_emit sequence=57 bytes=38 elapsed_us=2103 envelope=@J10000000001000000005763911|I421n300;
editbox_emit sequence=58 bytes=38 elapsed_us=2292 envelope=@J10000000001000000005841378|I421p300;
editbox_emit sequence=59 bytes=38 elapsed_us=2052 envelope=@J10000000001000000005918845|I421r300;
editbox_emit sequence=60 bytes=38 elapsed_us=2388 envelope=@J10000000001000000006009529|I421t300;
editbox_emit sequence=61 bytes=38 elapsed_us=2086 envelope=@J10000000001000000006152517|I421v300;
editbox_emit sequence=62 bytes=38 elapsed_us=2115 envelope=@J10000000001000000006229984|I421x300;
editbox_emit sequence=63 bytes=38 elapsed_us=1977 envelope=@J10000000001000000006307451|I421z300;
editbox_emit sequence=64 bytes=38 elapsed_us=1983 envelope=@J10000000001000000006450439|I421_300;
editbox_emit sequence=65 bytes=38 elapsed_us=1966 envelope=@J10000000001000000006520037|I421X400;
editbox_emit sequence=66 bytes=38 elapsed_us=3009 envelope=@J10000000001000000006663025|I421Z400;
editbox_emit sequence=67 bytes=38 elapsed_us=1812 envelope=@J10000000001000000006740492|I421b400;
editbox_emit sequence=68 bytes=38 elapsed_us=1847 envelope=@J10000000001000000006817959|I421d400;
editbox_emit sequence=69 bytes=38 elapsed_us=1901 envelope=@J10000000001000000006960947|I421f400;
editbox_emit sequence=70 bytes=38 elapsed_us=1963 envelope=@J10000000001000000007051631|I421h400;
editbox_emit sequence=71 bytes=38 elapsed_us=2278 envelope=@J10000000001000000007129098|I421j400;
editbox_emit sequence=56 bytes=38 elapsed_us=2221 envelope=@J10000000001000000005620923|I421l300;
editbox_emit sequence=57 bytes=38 elapsed_us=2610 envelope=@J10000000001000000005763911|I421n300;
editbox_emit sequence=58 bytes=38 elapsed_us=2389 envelope=@J10000000001000000005841378|I421p300;
editbox_emit sequence=59 bytes=38 elapsed_us=2547 envelope=@J10000000001000000005918845|I421r300;
editbox_emit sequence=60 bytes=38 elapsed_us=2647 envelope=@J10000000001000000006009529|I421t300;
editbox_emit sequence=61 bytes=38 elapsed_us=2838 envelope=@J10000000001000000006152517|I421v300;
editbox_emit sequence=62 bytes=38 elapsed_us=2352 envelope=@J10000000001000000006229984|I421x300;
editbox_emit sequence=63 bytes=38 elapsed_us=2369 envelope=@J10000000001000000006307451|I421z300;
editbox_emit sequence=64 bytes=38 elapsed_us=2535 envelope=@J10000000001000000006450439|I421_300;
editbox_emit sequence=65 bytes=38 elapsed_us=2708 envelope=@J10000000001000000006520037|I421X400;
editbox_emit sequence=66 bytes=38 elapsed_us=2786 envelope=@J10000000001000000006663025|I421Z400;
editbox_emit sequence=67 bytes=38 elapsed_us=2706 envelope=@J10000000001000000006740492|I421b400;
editbox_emit sequence=68 bytes=38 elapsed_us=2740 envelope=@J10000000001000000006817959|I421d400;
editbox_emit sequence=69 bytes=38 elapsed_us=2621 envelope=@J10000000001000000006960947|I421f400;
editbox_emit sequence=70 bytes=38 elapsed_us=2257 envelope=@J10000000001000000007051631|I421h400;
editbox_emit sequence=71 bytes=38 elapsed_us=2469 envelope=@J10000000001000000007129098|I421j400;
editbox_emit sequence=56 bytes=38 elapsed_us=2425 envelope=@J10000000001000000005620923|I421l300;
editbox_emit sequence=57 bytes=38 elapsed_us=1993 envelope=@J10000000001000000005763911|I421n300;
editbox_emit sequence=58 bytes=38 elapsed_us=1994 envelope=@J10000000001000000005841378|I421p300;
editbox_emit sequence=59 bytes=38 elapsed_us=1941 envelope=@J10000000001000000005918845|I421r300;
editbox_emit sequence=60 bytes=38 elapsed_us=2027 envelope=@J10000000001000000006009529|I421t300;
editbox_emit sequence=61 bytes=38 elapsed_us=2103 envelope=@J10000000001000000006152517|I421v300;
editbox_emit sequence=62 bytes=38 elapsed_us=2420 envelope=@J10000000001000000006229984|I421x300;
editbox_emit sequence=63 bytes=38 elapsed_us=2381 envelope=@J10000000001000000006307451|I421z300;
editbox_emit sequence=64 bytes=38 elapsed_us=2408 envelope=@J10000000001000000006450439|I421_300;
editbox_emit sequence=65 bytes=38 elapsed_us=2455 envelope=@J10000000001000000006520037|I421X400;
editbox_emit sequence=66 bytes=38 elapsed_us=2436 envelope=@J10000000001000000006663025|I421Z400;
editbox_emit sequence=67 bytes=38 elapsed_us=2345 envelope=@J10000000001000000006740492|I421b400;
editbox_emit sequence=68 bytes=38 elapsed_us=2312 envelope=@J10000000001000000006817959|I421d400;
editbox_emit sequence=69 bytes=38 elapsed_us=2307 envelope=@J10000000001000000006960947|I421f400;
editbox_emit sequence=70 bytes=38 elapsed_us=2299 envelope=@J10000000001000000007051631|I421h400;
editbox_emit sequence=71 bytes=38 elapsed_us=2338 envelope=@J10000000001000000007129098|I421j400;
editbox_emit sequence=56 bytes=38 elapsed_us=2540 envelope=@J10000000001000000005620923|I421l300;
editbox_emit sequence=57 bytes=38 elapsed_us=2166 envelope=@J10000000001000000005763911|I421n300;
editbox_emit sequence=58 bytes=38 elapsed_us=2274 envelope=@J10000000001000000005841378|I421p300;
editbox_emit sequence=59 bytes=38 elapsed_us=2224 envelope=@J10000000001000000005918845|I421r300;
editbox_emit sequence=60 bytes=38 elapsed_us=2208 envelope=@J10000000001000000006009529|I421t300;
editbox_emit sequence=61 bytes=38 elapsed_us=2812 envelope=@J10000000001000000006152517|I421v300;
editbox_emit sequence=62 bytes=38 elapsed_us=2821 envelope=@J10000000001000000006229984|I421x300;
editbox_emit sequence=63 bytes=38 elapsed_us=2227 envelope=@J10000000001000000006307451|I421z300;
editbox_emit sequence=64 bytes=38 elapsed_us=2669 envelope=@J10000000001000000006450439|I421_300;
editbox_emit sequence=65 bytes=38 elapsed_us=2816 envelope=@J10000000001000000006520037|I421X400;
editbox_emit sequence=66 bytes=38 elapsed_us=2289 envelope=@J10000000001000000006663025|I421Z400;
editbox_emit sequence=67 bytes=38 elapsed_us=2259 envelope=@J10000000001000000006740492|I421b400;
editbox_emit sequence=68 bytes=38 elapsed_us=2251 envelope=@J10000000001000000006817959|I421d400;
editbox_emit sequence=69 bytes=38 elapsed_us=3092 envelope=@J10000000001000000006960947|I421f400;
editbox_emit sequence=70 bytes=38 elapsed_us=2730 envelope=@J10000000001000000007051631|I421h400;
editbox_emit sequence=71 bytes=38 elapsed_us=2760 envelope=@J10000000001000000007129098|I421j400;
editbox_emit sequence=56 bytes=38 elapsed_us=2514 envelope=@J10000000001000000005620923|I421l300;
editbox_emit sequence=57 bytes=38 elapsed_us=2639 envelope=@J10000000001000000005763911|I421n300;
editbox_emit sequence=58 bytes=38 elapsed_us=2746 envelope=@J10000000001000000005841378|I421p300;
editbox_emit sequence=59 bytes=38 elapsed_us=2759 envelope=@J10000000001000000005918845|I421r300;
editbox_emit sequence=60 bytes=38 elapsed_us=2860 envelope=@J10000000001000000006009529|I421t300;
editbox_emit sequence=61 bytes=38 elapsed_us=2352 envelope=@J10000000001000000006152517|I421v300;
editbox_emit sequence=62 bytes=38 elapsed_us=2288 envelope=@J10000000001000000006229984|I421x300;
editbox_emit sequence=63 bytes=38 elapsed_us=2375 envelope=@J10000000001000000006307451|I421z300;
editbox_emit sequence=64 bytes=38 elapsed_us=2495 envelope=@J10000000001000000006450439|I421_300;
editbox_emit sequence=65 bytes=38 elapsed_us=2773 envelope=@J10000000001000000006520037|I421X400;
editbox_emit sequence=66 bytes=38 elapsed_us=2088 envelope=@J10000000001000000006663025|I421Z400;
editbox_emit sequence=67 bytes=38 elapsed_us=2261 envelope=@J10000000001000000006740492|I421b400;
editbox_emit sequence=68 bytes=38 elapsed_us=1897 envelope=@J10000000001000000006817959|I421d400;
editbox_emit sequence=69 bytes=38 elapsed_us=2089 envelope=@J10000000001000000006960947|I421f400;
editbox_emit sequence=70 bytes=38 elapsed_us=1926 envelope=@J10000000001000000007051631|I421h400;
editbox_emit sequence=71 bytes=38 elapsed_us=1822 envelope=@J10000000001000000007129098|I421j400;
editbox_emit sequence=56 bytes=38 elapsed_us=2139 envelope=@J10000000001000000005620923|I421l300;
editbox_emit sequence=57 bytes=38 elapsed_us=1944 envelope=@J10000000001000000005763911|I421n300;
editbox_emit sequence=58 bytes=38 elapsed_us=2048 envelope=@J10000000001000000005841378|I421p300;
editbox_emit sequence=59 bytes=38 elapsed_us=1990 envelope=@J10000000001000000005918845|I421r300;
editbox_emit sequence=60 bytes=38 elapsed_us=1993 envelope=@J10000000001000000006009529|I421t300;
editbox_emit sequence=61 bytes=38 elapsed_us=1902 envelope=@J10000000001000000006152517|I421v300;
editbox_emit sequence=62 bytes=38 elapsed_us=1953 envelope=@J10000000001000000006229984|I421x300;
editbox_emit sequence=63 bytes=38 elapsed_us=2766 envelope=@J10000000001000000006307451|I421z300;
editbox_emit sequence=64 bytes=38 elapsed_us=2011 envelope=@J10000000001000000006450439|I421_300;
editbox_emit sequence=65 bytes=38 elapsed_us=2373 envelope=@J10000000001000000006520037|I421X400;
editbox_emit sequence=66 bytes=38 elapsed_us=1928 envelope=@J10000000001000000006663025|I421Z400;
editbox_emit sequence=67 bytes=38 elapsed_us=1975 envelope=@J10000000001000000006740492|I421b400;
editbox_emit sequence=68 bytes=38 elapsed_us=1996 envelope=@J10000000001000000006817959|I421d400;
editbox_emit sequence=69 bytes=38 elapsed_us=1940 envelope=@J10000000001000000006960947|I421f400;
editbox_emit sequence=70 bytes=38 elapsed_us=2037 envelope=@J10000000001000000007051631|I421h400;
editbox_emit sequence=71 bytes=38 elapsed_us=1844 envelope=@J10000000001000000007129098|I421j400;
editbox_emit sequence=56 bytes=38 elapsed_us=2340 envelope=@J10000000001000000005620923|I421l300;
editbox_emit sequence=57 bytes=38 elapsed_us=1844 envelope=@J10000000001000000005763911|I421n300;
editbox_emit sequence=58 bytes=38 elapsed_us=1817 envelope=@J10000000001000000005841378|I421p300;
editbox_emit sequence=59 bytes=38 elapsed_us=1952 envelope=@J10000000001000000005918845|I421r300;
editbox_emit sequence=60 bytes=38 elapsed_us=1894 envelope=@J10000000001000000006009529|I421t300;
editbox_emit sequence=61 bytes=38 elapsed_us=2229 envelope=@J10000000001000000006152517|I421v300;
editbox_emit sequence=62 bytes=38 elapsed_us=2144 envelope=@J10000000001000000006229984|I421x300;
editbox_emit sequence=63 bytes=38 elapsed_us=1990 envelope=@J10000000001000000006307451|I421z300;
editbox_emit sequence=64 bytes=38 elapsed_us=1855 envelope=@J10000000001000000006450439|I421_300;
editbox_emit sequence=65 bytes=38 elapsed_us=2225 envelope=@J10000000001000000006520037|I421X400;
editbox_emit sequence=66 bytes=38 elapsed_us=1944 envelope=@J10000000001000000006663025|I421Z400;
editbox_emit sequence=67 bytes=38 elapsed_us=1878 envelope=@J10000000001000000006740492|I421b400;
editbox_emit sequence=68 bytes=38 elapsed_us=2017 envelope=@J10000000001000000006817959|I421d400;
editbox_emit sequence=69 bytes=38 elapsed_us=1889 envelope=@J10000000001000000006960947|I421f400;
editbox_emit sequence=70 bytes=38 elapsed_us=1933 envelope=@J10000000001000000007051631|I421h400;
editbox_emit sequence=71 bytes=38 elapsed_us=1901 envelope=@J10000000001000000007129098|I421j400;
editbox_emit sequence=56 bytes=38 elapsed_us=2547 envelope=@J10000000001000000005620923|I421l300;
editbox_emit sequence=57 bytes=38 elapsed_us=2253 envelope=@J10000000001000000005763911|I421n300;
editbox_emit sequence=58 bytes=38 elapsed_us=2288 envelope=@J10000000001000000005841378|I421p300;
editbox_emit sequence=59 bytes=38 elapsed_us=2404 envelope=@J10000000001000000005918845|I421r300;
editbox_emit sequence=60 bytes=38 elapsed_us=2426 envelope=@J10000000001000000006009529|I421t300;
editbox_emit sequence=61 bytes=38 elapsed_us=2373 envelope=@J10000000001000000006152517|I421v300;
editbox_emit sequence=62 bytes=38 elapsed_us=2469 envelope=@J10000000001000000006229984|I421x300;
editbox_emit sequence=63 bytes=38 elapsed_us=2352 envelope=@J10000000001000000006307451|I421z300;
editbox_emit sequence=64 bytes=38 elapsed_us=2309 envelope=@J10000000001000000006450439|I421_300;
editbox_emit sequence=65 bytes=38 elapsed_us=2429 envelope=@J10000000001000000006520037|I421X400;
editbox_emit sequence=66 bytes=38 elapsed_us=2528 envelope=@J10000000001000000006663025|I421Z400;
editbox_emit sequence=67 bytes=38 elapsed_us=2620 envelope=@J10000000001000000006740492|I421b400;
editbox_emit sequence=68 bytes=38 elapsed_us=2340 envelope=@J10000000001000000006817959|I421d400;
editbox_emit sequence=69 bytes=38 elapsed_us=2537 envelope=@J10000000001000000006960947|I421f400;
editbox_emit sequence=70 bytes=38 elapsed_us=2456 envelope=@J10000000001000000007051631|I421h400;
editbox_emit sequence=71 bytes=38 elapsed_us=2292 envelope=@J10000000001000000007129098|I421j400;
editbox_emit sequence=56 bytes=38 elapsed_us=2610 envelope=@J10000000001000000005620923|I421l300;
editbox_emit sequence=57 bytes=38 elapsed_us=2457 envelope=@J10000000001000000005763911|I421n300;
editbox_emit sequence=58 bytes=38 elapsed_us=2371 envelope=@J10000000001000000005841378|I421p300;
editbox_emit sequence=59 bytes=38 elapsed_us=2367 envelope=@J10000000001000000005918845|I421r300;
editbox_emit sequence=60 bytes=38 elapsed_us=2789 envelope=@J10000000001000000006009529|I421t300;
editbox_emit sequence=61 bytes=38 elapsed_us=2511 envelope=@J10000000001000000006152517|I421v300;
editbox_emit sequence=62 bytes=38 elapsed_us=2222 envelope=@J10000000001000000006229984|I421x300;
editbox_emit sequence=63 bytes=38 elapsed_us=2467 envelope=@J10000000001000000006307451|I421z300;
editbox_emit sequence=64 bytes=38 elapsed_us=2410 envelope=@J10000000001000000006450439|I421_300;
editbox_emit sequence=65 bytes=38 elapsed_us=2274 envelope=@J10000000001000000006520037|I421X400;
editbox_emit sequence=66 bytes=38 elapsed_us=2580 envelope=@J10000000001000000006663025|I421Z400;
editbox_emit sequence=67 bytes=38 elapsed_us=2188 envelope=@J10000000001000000006740492|I421b400;
editbox_emit sequence=68 bytes=38 elapsed_us=2404 envelope=@J10000000001000000006817959|I421d400;
editbox_emit sequence=69 bytes=38 elapsed_us=2322 envelope=@J10000000001000000006960947|I421f400;
editbox_emit sequence=70 bytes=38 elapsed_us=2289 envelope=@J10000000001000000007051631|I421h400;
editbox_emit sequence=71 bytes=38 elapsed_us=1930 envelope=@J10000000001000000007129098|I421j400;
editbox_emit sequence=56 bytes=38 elapsed_us=2223 envelope=@J10000000001000000005620923|I421l300;
editbox_emit sequence=57 bytes=38 elapsed_us=1889 envelope=@J10000000001000000005763911|I421n300;
editbox_emit sequence=58 bytes=38 elapsed_us=1817 envelope=@J10000000001000000005841378|I421p300;
editbox_emit sequence=59 bytes=38 elapsed_us=1830 envelope=@J10000000001000000005918845|I421r300;
editbox_emit sequence=60 bytes=38 elapsed_us=1863 envelope=@J10000000001000000006009529|I421t300;
editbox_emit sequence=61 bytes=38 elapsed_us=2220 envelope=@J10000000001000000006152517|I421v300;
editbox_emit sequence=62 bytes=38 elapsed_us=1912 envelope=@J10000000001000000006229984|I421x300;
editbox_emit sequence=63 bytes=38 elapsed_us=1989 envelope=@J10000000001000000006307451|I421z300;
editbox_emit sequence=64 bytes=38 elapsed_us=2086 envelope=@J10000000001000000006450439|I421_300;
editbox_emit sequence=65 bytes=38 elapsed_us=2160 envelope=@J10000000001000000006520037|I421X400;
editbox_emit sequence=66 bytes=38 elapsed_us=2056 envelope=@J10000000001000000006663025|I421Z400;
editbox_emit sequence=67 bytes=38 elapsed_us=1814 envelope=@J10000000001000000006740492|I421b400;
editbox_emit sequence=68 bytes=38 elapsed_us=2150 envelope=@J10000000001000000006817959|I421d400;
editbox_emit sequence=69 bytes=38 elapsed_us=1905 envelope=@J10000000001000000006960947|I421f400;
editbox_emit sequence=70 bytes=38 elapsed_us=2031 envelope=@J10000000001000000007051631|I421h400;
editbox_emit sequence=71 bytes=38 elapsed_us=1952 envelope=@J10000000001000000007129098|I421j400;
editbox_emit sequence=56 bytes=38 elapsed_us=2383 envelope=@J10000000001000000005620923|I421l300;
editbox_emit sequence=57 bytes=38 elapsed_us=2442 envelope=@J10000000001000000005763911|I421n300;
editbox_emit sequence=58 bytes=38 elapsed_us=2243 envelope=@J10000000001000000005841378|I421p300;
editbox_emit sequence=59 bytes=38 elapsed_us=2251 envelope=@J10000000001000000005918845|I421r300;
editbox_emit sequence=60 bytes=38 elapsed_us=2930 envelope=@J10000000001000000006009529|I421t300;
editbox_emit sequence=61 bytes=38 elapsed_us=2434 envelope=@J10000000001000000006152517|I421v300;
editbox_emit sequence=62 bytes=38 elapsed_us=2313 envelope=@J10000000001000000006229984|I421x300;
editbox_emit sequence=63 bytes=38 elapsed_us=2485 envelope=@J10000000001000000006307451|I421z300;
editbox_emit sequence=64 bytes=38 elapsed_us=2285 envelope=@J10000000001000000006450439|I421_300;
editbox_emit sequence=65 bytes=38 elapsed_us=2368 envelope=@J10000000001000000006520037|I421X400;
editbox_emit sequence=66 bytes=38 elapsed_us=1953 envelope=@J10000000001000000006663025|I421Z400;
editbox_emit sequence=67 bytes=38 elapsed_us=2046 envelope=@J10000000001000000006740492|I421b400;
editbox_emit sequence=68 bytes=38 elapsed_us=2062 envelope=@J10000000001000000006817959|I421d400;
editbox_emit sequence=69 bytes=38 elapsed_us=1932 envelope=@J10000000001000000006960947|I421f400;
editbox_emit sequence=70 bytes=38 elapsed_us=2214 envelope=@J10000000001000000007051631|I421h400;
editbox_emit sequence=71 bytes=38 elapsed_us=2262 envelope=@J10000000001000000007129098|I421j400;
editbox_emit sequence=56 bytes=38 elapsed_us=2250 envelope=@J10000000001000000005620923|I421l300;
editbox_emit sequence=57 bytes=38 elapsed_us=2294 envelope=@J10000000001000000005763911|I421n300;
editbox_emit sequence=58 bytes=38 elapsed_us=2345 envelope=@J10000000001000000005841378|I421p300;
editbox_emit sequence=59 bytes=38 elapsed_us=2278 envelope=@J10000000001000000005918845|I421r300;
editbox_emit sequence=60 bytes=38 elapsed_us=2882 envelope=@J10000000001000000006009529|I421t300;
editbox_emit sequence=61 bytes=38 elapsed_us=2415 envelope=@J10000000001000000006152517|I421v300;
editbox_emit sequence=62 bytes=38 elapsed_us=2399 envelope=@J10000000001000000006229984|I421x300;
editbox_emit sequence=63 bytes=38 elapsed_us=2441 envelope=@J10000000001000000006307451|I421z300;
editbox_emit sequence=64 bytes=38 elapsed_us=2473 envelope=@J10000000001000000006450439|I421_300;
editbox_emit sequence=65 bytes=38 elapsed_us=2457 envelope=@J10000000001000000006520037|I421X400;
editbox_emit sequence=66 bytes=38 elapsed_us=2413 envelope=@J10000000001000000006663025|I421Z400;
editbox_emit sequence=67 bytes=38 elapsed_us=2227 envelope=@J10000000001000000006740492|I421b400;
editbox_emit sequence=68 bytes=38 elapsed_us=2340 envelope=@J10000000001000000006817959|I421d400;
editbox_emit sequence=69 bytes=38 elapsed_us=2294 envelope=@J10000000001000000006960947|I421f400;
editbox_emit sequence=70 bytes=38 elapsed_us=2212 envelope=@J10000000001000000007051631|I421h400;
editbox_emit sequence=71 bytes=38 elapsed_us=2331 envelope=@J10000000001000000007129098|I421j400;
editbox_emit sequence=56 bytes=38 elapsed_us=2383 envelope=@J10000000001000000005620923|I421l300;
editbox_emit sequence=57 bytes=38 elapsed_us=2246 envelope=@J10000000001000000005763911|I421n300;
editbox_emit sequence=58 bytes=38 elapsed_us=2214 envelope=@J10000000001000000005841378|I421p300;
editbox_emit sequence=59 bytes=38 elapsed_us=2305 envelope=@J10000000001000000005918845|I421r300;
editbox_emit sequence=60 bytes=38 elapsed_us=2471 envelope=@J10000000001000000006009529|I421t300;
editbox_emit sequence=61 bytes=38 elapsed_us=2241 envelope=@J10000000001000000006152517|I421v300;
editbox_emit sequence=62 bytes=38 elapsed_us=2331 envelope=@J10000000001000000006229984|I421x300;
editbox_emit sequence=63 bytes=38 elapsed_us=2246 envelope=@J10000000001000000006307451|I421z300;
editbox_emit sequence=64 bytes=38 elapsed_us=2460 envelope=@J10000000001000000006450439|I421_300;
editbox_emit sequence=65 bytes=38 elapsed_us=2535 envelope=@J10000000001000000006520037|I421X400;
editbox_emit sequence=66 bytes=38 elapsed_us=2398 envelope=@J10000000001000000006663025|I421Z400;
editbox_emit sequence=67 bytes=38 elapsed_us=2444 envelope=@J10000000001000000006740492|I421b400;
editbox_emit sequence=68 bytes=38 elapsed_us=2438 envelope=@J10000000001000000006817959|I421d400;
editbox_emit sequence=69 bytes=38 elapsed_us=2395 envelope=@J10000000001000000006960947|I421f400;
editbox_emit sequence=70 bytes=38 elapsed_us=2106 envelope=@J10000000001000000007051631|I421h400;
editbox_emit sequence=71 bytes=38 elapsed_us=2383 envelope=@J10000000001000000007129098|I421j400;
editbox_emit sequence=56 bytes=38 elapsed_us=2297 envelope=@J10000000001000000005620923|I421l300;
editbox_emit sequence=57 bytes=38 elapsed_us=2454 envelope=@J10000000001000000005763911|I421n300;
editbox_emit sequence=58 bytes=38 elapsed_us=2300 envelope=@J10000000001000000005841378|I421p300;
editbox_emit sequence=59 bytes=38 elapsed_us=2416 envelope=@J10000000001000000005918845|I421r300;
editbox_emit sequence=60 bytes=38 elapsed_us=2435 envelope=@J10000000001000000006009529|I421t300;
editbox_emit sequence=61 bytes=38 elapsed_us=1834 envelope=@J10000000001000000006152517|I421v300;
editbox_emit sequence=62 bytes=38 elapsed_us=2020 envelope=@J10000000001000000006229984|I421x300;
editbox_emit sequence=63 bytes=38 elapsed_us=2014 envelope=@J10000000001000000006307451|I421z300;
editbox_emit sequence=64 bytes=38 elapsed_us=2246 envelope=@J10000000001000000006450439|I421_300;
editbox_emit sequence=65 bytes=38 elapsed_us=2331 envelope=@J10000000001000000006520037|I421X400;
editbox_emit sequence=66 bytes=38 elapsed_us=1968 envelope=@J10000000001000000006663025|I421Z400;
editbox_emit sequence=67 bytes=38 elapsed_us=2021 envelope=@J10000000001000000006740492|I421b400;
editbox_emit sequence=68 bytes=38 elapsed_us=1917 envelope=@J10000000001000000006817959|I421d400;
editbox_emit sequence=69 bytes=38 elapsed_us=1871 envelope=@J10000000001000000006960947|I421f400;
editbox_emit sequence=70 bytes=38 elapsed_us=1835 envelope=@J10000000001000000007051631|I421h400;
editbox_emit sequence=71 bytes=38 elapsed_us=1975 envelope=@J10000000001000000007129098|I421j400;
editbox_emit sequence=56 bytes=38 elapsed_us=2782 envelope=@J10000000001000000005620923|I421l300;
editbox_emit sequence=57 bytes=38 elapsed_us=2276 envelope=@J10000000001000000005763911|I421n300;
editbox_emit sequence=58 bytes=38 elapsed_us=2296 envelope=@J10000000001000000005841378|I421p300;
editbox_emit sequence=59 bytes=38 elapsed_us=2314 envelope=@J10000000001000000005918845|I421r300;
editbox_emit sequence=60 bytes=38 elapsed_us=2407 envelope=@J10000000001000000006009529|I421t300;
editbox_emit sequence=61 bytes=38 elapsed_us=2158 envelope=@J10000000001000000006152517|I421v300;
editbox_emit sequence=62 bytes=38 elapsed_us=2423 envelope=@J10000000001000000006229984|I421x300;
editbox_emit sequence=63 bytes=38 elapsed_us=2315 envelope=@J10000000001000000006307451|I421z300;
editbox_emit sequence=64 bytes=38 elapsed_us=2367 envelope=@J10000000001000000006450439|I421_300;
editbox_emit sequence=65 bytes=38 elapsed_us=2218 envelope=@J10000000001000000006520037|I421X400;
editbox_emit sequence=66 bytes=38 elapsed_us=2042 envelope=@J10000000001000000006663025|I421Z400;
editbox_emit sequence=67 bytes=38 elapsed_us=2147 envelope=@J10000000001000000006740492|I421b400;
editbox_emit sequence=68 bytes=38 elapsed_us=2092 envelope=@J10000000001000000006817959|I421d400;
editbox_emit sequence=69 bytes=38 elapsed_us=3786 envelope=@J10000000001000000006960947|I421f400;
editbox_emit sequence=70 bytes=38 elapsed_us=2814 envelope=@J10000000001000000007051631|I421h400;
editbox_emit sequence=71 bytes=38 elapsed_us=2776 envelope=@J10000000001000000007129098|I421j400;
editbox_emit sequence=56 bytes=38 elapsed_us=2007 envelope=@J10000000001000000005620923|I421l300;
editbox_emit sequence=57 bytes=38 elapsed_us=2116 envelope=@J10000000001000000005763911|I421n300;
editbox_emit sequence=58 bytes=38 elapsed_us=2236 envelope=@J10000000001000000005841378|I421p300;
editbox_emit sequence=59 bytes=38 elapsed_us=2308 envelope=@J10000000001000000005918845|I421r300;
editbox_emit sequence=60 bytes=38 elapsed_us=2424 envelope=@J10000000001000000006009529|I421t300;
editbox_emit sequence=61 bytes=38 elapsed_us=2247 envelope=@J10000000001000000006152517|I421v300;
editbox_emit sequence=62 bytes=38 elapsed_us=2209 envelope=@J10000000001000000006229984|I421x300;
editbox_emit sequence=63 bytes=38 elapsed_us=2787 envelope=@J10000000001000000006307451|I421z300;
editbox_emit sequence=64 bytes=38 elapsed_us=2563 envelope=@J10000000001000000006450439|I421_300;
editbox_emit sequence=65 bytes=38 elapsed_us=2343 envelope=@J10000000001000000006520037|I421X400;
editbox_emit sequence=66 bytes=38 elapsed_us=2594 envelope=@J10000000001000000006663025|I421Z400;
editbox_emit sequence=67 bytes=38 elapsed_us=2433 envelope=@J10000000001000000006740492|I421b400;
editbox_emit sequence=68 bytes=38 elapsed_us=2440 envelope=@J10000000001000000006817959|I421d400;
editbox_emit sequence=69 bytes=38 elapsed_us=2349 envelope=@J10000000001000000006960947|I421f400;
editbox_emit sequence=70 bytes=38 elapsed_us=2311 envelope=@J10000000001000000007051631|I421h400;
editbox_emit sequence=71 bytes=38 elapsed_us=2305 envelope=@J10000000001000000007129098|I421j400;
editbox_emit sequence=56 bytes=38 elapsed_us=2529 envelope=@J10000000001000000005620923|I421l300;
editbox_emit sequence=57 bytes=38 elapsed_us=3835 envelope=@J10000000001000000005763911|I421n300;
editbox_emit sequence=58 bytes=38 elapsed_us=2666 envelope=@J10000000001000000005841378|I421p300;
editbox_emit sequence=59 bytes=38 elapsed_us=2634 envelope=@J10000000001000000005918845|I421r300;
editbox_emit sequence=60 bytes=38 elapsed_us=2465 envelope=@J10000000001000000006009529|I421t300;
editbox_emit sequence=61 bytes=38 elapsed_us=2369 envelope=@J10000000001000000006152517|I421v300;
editbox_emit sequence=62 bytes=38 elapsed_us=2318 envelope=@J10000000001000000006229984|I421x300;
editbox_emit sequence=63 bytes=38 elapsed_us=2452 envelope=@J10000000001000000006307451|I421z300;
editbox_emit sequence=64 bytes=38 elapsed_us=2402 envelope=@J10000000001000000006450439|I421_300;
editbox_emit sequence=65 bytes=38 elapsed_us=2331 envelope=@J10000000001000000006520037|I421X400;
editbox_emit sequence=66 bytes=38 elapsed_us=2345 envelope=@J10000000001000000006663025|I421Z400;
editbox_emit sequence=67 bytes=38 elapsed_us=2449 envelope=@J10000000001000000006740492|I421b400;
editbox_emit sequence=68 bytes=38 elapsed_us=2374 envelope=@J10000000001000000006817959|I421d400;
editbox_emit sequence=69 bytes=38 elapsed_us=2230 envelope=@J10000000001000000006960947|I421f400;
editbox_emit sequence=70 bytes=38 elapsed_us=2388 envelope=@J10000000001000000007051631|I421h400;
editbox_emit sequence=71 bytes=38 elapsed_us=2476 envelope=@J10000000001000000007129098|I421j400;
editbox_emit sequence=56 bytes=38 elapsed_us=2575 envelope=@J10000000001000000005620923|I421l300;
editbox_emit sequence=57 bytes=38 elapsed_us=2331 envelope=@J10000000001000000005763911|I421n300;
editbox_emit sequence=58 bytes=38 elapsed_us=2395 envelope=@J10000000001000000005841378|I421p300;
editbox_emit sequence=59 bytes=38 elapsed_us=2514 envelope=@J10000000001000000005918845|I421r300;
editbox_emit sequence=60 bytes=38 elapsed_us=2397 envelope=@J10000000001000000006009529|I421t300;
editbox_emit sequence=61 bytes=38 elapsed_us=2365 envelope=@J10000000001000000006152517|I421v300;
editbox_emit sequence=62 bytes=38 elapsed_us=2318 envelope=@J10000000001000000006229984|I421x300;
editbox_emit sequence=63 bytes=38 elapsed_us=2249 envelope=@J10000000001000000006307451|I421z300;
editbox_emit sequence=64 bytes=38 elapsed_us=2310 envelope=@J10000000001000000006450439|I421_300;
editbox_emit sequence=65 bytes=38 elapsed_us=2237 envelope=@J10000000001000000006520037|I421X400;
editbox_emit sequence=66 bytes=38 elapsed_us=1915 envelope=@J10000000001000000006663025|I421Z400;
editbox_emit sequence=67 bytes=38 elapsed_us=2003 envelope=@J10000000001000000006740492|I421b400;
editbox_emit sequence=68 bytes=38 elapsed_us=2025 envelope=@J10000000001000000006817959|I421d400;
editbox_emit sequence=69 bytes=38 elapsed_us=1848 envelope=@J10000000001000000006960947|I421f400;
editbox_emit sequence=70 bytes=38 elapsed_us=1837 envelope=@J10000000001000000007051631|I421h400;
editbox_emit sequence=71 bytes=38 elapsed_us=2173 envelope=@J10000000001000000007129098|I421j400;
editbox_emit sequence=56 bytes=38 elapsed_us=1991 envelope=@J10000000001000000005620923|I421l300;
editbox_emit sequence=57 bytes=38 elapsed_us=1861 envelope=@J10000000001000000005763911|I421n300;
editbox_emit sequence=58 bytes=38 elapsed_us=1843 envelope=@J10000000001000000005841378|I421p300;
editbox_emit sequence=59 bytes=38 elapsed_us=2074 envelope=@J10000000001000000005918845|I421r300;
editbox_emit sequence=60 bytes=38 elapsed_us=1879 envelope=@J10000000001000000006009529|I421t300;
editbox_emit sequence=61 bytes=38 elapsed_us=1837 envelope=@J10000000001000000006152517|I421v300;
editbox_emit sequence=62 bytes=38 elapsed_us=1912 envelope=@J10000000001000000006229984|I421x300;
editbox_emit sequence=63 bytes=38 elapsed_us=1934 envelope=@J10000000001000000006307451|I421z300;
editbox_emit sequence=64 bytes=38 elapsed_us=1970 envelope=@J10000000001000000006450439|I421_300;
editbox_emit sequence=65 bytes=38 elapsed_us=1914 envelope=@J10000000001000000006520037|I421X400;
editbox_emit sequence=66 bytes=38 elapsed_us=2473 envelope=@J10000000001000000006663025|I421Z400;
editbox_emit sequence=67 bytes=38 elapsed_us=2333 envelope=@J10000000001000000006740492|I421b400;
editbox_emit sequence=68 bytes=38 elapsed_us=2241 envelope=@J10000000001000000006817959|I421d400;
editbox_emit sequence=69 bytes=38 elapsed_us=2260 envelope=@J10000000001000000006960947|I421f400;
editbox_emit sequence=70 bytes=38 elapsed_us=1928 envelope=@J10000000001000000007051631|I421h400;
editbox_emit sequence=71 bytes=38 elapsed_us=1869 envelope=@J10000000001000000007129098|I421j400;
editbox_emit sequence=56 bytes=38 elapsed_us=1978 envelope=@J10000000001000000005620923|I421l300;
editbox_emit sequence=57 bytes=38 elapsed_us=1868 envelope=@J10000000001000000005763911|I421n300;
editbox_emit sequence=58 bytes=38 elapsed_us=2249 envelope=@J10000000001000000005841378|I421p300;
editbox_emit sequence=59 bytes=38 elapsed_us=2074 envelope=@J10000000001000000005918845|I421r300;
editbox_emit sequence=60 bytes=38 elapsed_us=2137 envelope=@J10000000001000000006009529|I421t300;
editbox_emit sequence=61 bytes=38 elapsed_us=2432 envelope=@J10000000001000000006152517|I421v300;
editbox_emit sequence=62 bytes=38 elapsed_us=2235 envelope=@J10000000001000000006229984|I421x300;
editbox_emit sequence=63 bytes=38 elapsed_us=2487 envelope=@J10000000001000000006307451|I421z300;
editbox_emit sequence=64 bytes=38 elapsed_us=2244 envelope=@J10000000001000000006450439|I421_300;
editbox_emit sequence=65 bytes=38 elapsed_us=2194 envelope=@J10000000001000000006520037|I421X400;
editbox_emit sequence=66 bytes=38 elapsed_us=2162 envelope=@J10000000001000000006663025|I421Z400;
editbox_emit sequence=67 bytes=38 elapsed_us=2285 envelope=@J10000000001000000006740492|I421b400;
editbox_emit sequence=68 bytes=38 elapsed_us=2404 envelope=@J10000000001000000006817959|I421d400;
editbox_emit sequence=69 bytes=38 elapsed_us=1944 envelope=@J10000000001000000006960947|I421f400;
editbox_emit sequence=70 bytes=38 elapsed_us=2002 envelope=@J10000000001000000007051631|I421h400;
editbox_emit sequence=71 bytes=38 elapsed_us=1832 envelope=@J10000000001000000007129098|I421j400;
shutdown signal=SIGINT mailbox_release=begin
