source=/dev/input/event2 name=Some("Smashcraft Event Retention Virtual Gamepad") clock=CLOCK_MONOTONIC epoch_ns=0 frame_rule=segment_frame+floor((t-segment_epoch)*60/1e9) first=1 delay=0 pause_policy=sequenced-map-control
controller_identity=DeviceIdentity { id: InputId { bus_type: BUS_USB, vendor: 0x45e, product: 0x28e, version: 0x114 }, name: Some("Smashcraft Event Retention Virtual Gamepad"), phys: None, uniq: None } automatic_reconnect=false
waiting_for_match build=playable-0042 slot=0 start_before=final-match-confirmation
input_armed=true gameplay_armed=false mono_ns=578732927494128
menu_emit epoch=0 phase=Some(Character) key=n mono_ns=578735257147000
menu_emit epoch=0 phase=Some(Character) key=y mono_ns=578735497715000
menu_emit epoch=0 phase=Some(Stage) key=y mono_ns=578748656298000
match_ready epoch=1 neutral_rearm=required
input_armed=true gameplay_armed=false mono_ns=578749119333171
editbox_receipt monotonic_ns=578749119520262 received=0 consumed=0 revision=3
editbox_emit sequence=1 bytes=34 elapsed_us=2093 envelope=@J10000000001000000000130780|JR11;
editbox_receipt monotonic_ns=578749162578639 received=1 consumed=1 revision=4
editbox_receipt monotonic_ns=578749289541442 received=1 consumed=1 revision=5
match_start epoch=1 epoch_ns=578749373786701 read_ns=578749374656367 uncertainty_ns=1100251
input_armed=true gameplay_armed=true mono_ns=578749374628495
published_frame=1
published_frame=2
editbox_emit sequence=2 bytes=37 elapsed_us=2140 envelope=@J10000000001000000000252069|I421100;
published_frame=3
published_frame=4
editbox_emit sequence=3 bytes=37 elapsed_us=1960 envelope=@J10000000001000000000330835|I421300;
published_frame=5
published_frame=6
editbox_emit sequence=4 bytes=37 elapsed_us=2005 envelope=@J10000000001000000000409601|I421500;
published_frame=7
published_frame=8
editbox_emit sequence=5 bytes=37 elapsed_us=2314 envelope=@J10000000001000000000553888|I421700;
published_frame=9
editbox_receipt monotonic_ns=578749532875297 received=2 consumed=2 revision=6
published_frame=10
editbox_emit sequence=6 bytes=37 elapsed_us=2091 envelope=@J10000000001000000000632654|I421900;
published_frame=11
published_frame=12
editbox_emit sequence=7 bytes=37 elapsed_us=1915 envelope=@J10000000001000000000711420|I421B00;
editbox_receipt monotonic_ns=578749577233792 received=6 consumed=3 revision=7
published_frame=13
editbox_receipt monotonic_ns=578749598621174 received=6 consumed=6 revision=8
published_frame=14
editbox_emit sequence=8 bytes=37 elapsed_us=2019 envelope=@J10000000001000000000855707|I421D00;
published_frame=15
published_frame=16
editbox_emit sequence=9 bytes=37 elapsed_us=2603 envelope=@J10000000001000000000934473|I421F00;
published_frame=17
published_frame=18
editbox_emit sequence=10 bytes=37 elapsed_us=1943 envelope=@J10000000001000000001041745|I421H00;
editbox_receipt monotonic_ns=578749678226920 received=9 consumed=9 revision=9
published_frame=19
published_frame=20
editbox_emit sequence=11 bytes=37 elapsed_us=2018 envelope=@J10000000001000000001120511|I421J00;
published_frame=21
published_frame=22
editbox_emit sequence=12 bytes=37 elapsed_us=1927 envelope=@J10000000001000000001264798|I421L00;
published_frame=23
editbox_receipt monotonic_ns=578749768138740 received=12 consumed=12 revision=10
published_frame=24
editbox_emit sequence=13 bytes=37 elapsed_us=2362 envelope=@J10000000001000000001343564|I421N00;
published_frame=25
published_frame=26
editbox_emit sequence=14 bytes=37 elapsed_us=2305 envelope=@J10000000001000000001422330|I421P00;
published_frame=27
published_frame=28
editbox_emit sequence=15 bytes=37 elapsed_us=1989 envelope=@J10000000001000000001501096|I421R00;
published_frame=29
published_frame=30
editbox_emit sequence=16 bytes=37 elapsed_us=2560 envelope=@J10000000001000000001645383|I421T00;
editbox_receipt monotonic_ns=578749879017374 received=15 consumed=15 revision=11
published_frame=31
published_frame=32
editbox_emit sequence=17 bytes=37 elapsed_us=2053 envelope=@J10000000001000000001724149|I421V00;
published_frame=33
published_frame=34
editbox_emit sequence=18 bytes=38 elapsed_us=2063 envelope=@J10000000001000000001808415|I421X100;
published_frame=35
editbox_receipt monotonic_ns=578749968080112 received=18 consumed=18 revision=12
published_frame=36
editbox_emit sequence=19 bytes=38 elapsed_us=2074 envelope=@J10000000001000000001951403|I421Z100;
published_frame=37
published_frame=38
editbox_emit sequence=20 bytes=38 elapsed_us=2139 envelope=@J10000000001000000002042087|I421b100;
published_frame=39
published_frame=40
editbox_emit sequence=21 bytes=38 elapsed_us=2307 envelope=@J10000000001000000002119554|I421d100;
published_frame=41
published_frame=42
editbox_emit sequence=22 bytes=38 elapsed_us=2304 envelope=@J10000000001000000002262542|I421f100;
editbox_receipt monotonic_ns=578750078071352 received=21 consumed=21 revision=13
published_frame=43
published_frame=44
editbox_emit sequence=23 bytes=38 elapsed_us=2115 envelope=@J10000000001000000002340009|I421h100;
published_frame=45
published_frame=46
editbox_emit sequence=24 bytes=38 elapsed_us=2113 envelope=@J10000000001000000002417476|I421j100;
published_frame=47
editbox_receipt monotonic_ns=578750167666027 received=24 consumed=24 revision=14
published_frame=48
editbox_emit sequence=25 bytes=38 elapsed_us=2186 envelope=@J10000000001000000002560464|I421l100;
published_frame=49
published_frame=50
editbox_emit sequence=26 bytes=38 elapsed_us=2976 envelope=@J10000000001000000002637931|I421n100;
published_frame=51
published_frame=52
editbox_emit sequence=27 bytes=38 elapsed_us=2069 envelope=@J10000000001000000002715398|I421p100;
published_frame=53
published_frame=54
editbox_emit sequence=28 bytes=38 elapsed_us=1944 envelope=@J10000000001000000002858386|I421r100;
editbox_receipt monotonic_ns=578750277665603 received=27 consumed=27 revision=15
published_frame=55
published_frame=56
editbox_emit sequence=29 bytes=38 elapsed_us=2381 envelope=@J10000000001000000002935853|I421t100;
published_frame=57
published_frame=58
editbox_emit sequence=30 bytes=38 elapsed_us=2088 envelope=@J10000000001000000003026537|I421v100;
published_frame=59
published_frame=60
editbox_emit sequence=31 bytes=38 elapsed_us=2316 envelope=@J10000000001000000003104004|I421x100;
published_frame=61
published_frame=62
editbox_emit sequence=32 bytes=38 elapsed_us=2474 envelope=@J10000000001000000003246992|I421z100;
published_frame=63
published_frame=64
editbox_emit sequence=33 bytes=38 elapsed_us=2978 envelope=@J10000000001000000003324459|I421_100;
published_frame=65
editbox_receipt monotonic_ns=578750459946580 received=32 consumed=30 revision=16
published_frame=66
editbox_emit sequence=34 bytes=38 elapsed_us=1980 envelope=@J10000000001000000003459578|I421X200;
published_frame=67
published_frame=68
editbox_emit sequence=35 bytes=38 elapsed_us=2235 envelope=@J10000000001000000003537045|I421Z200;
published_frame=69
editbox_receipt monotonic_ns=578750536735464 received=35 consumed=33 revision=17
published_frame=70
editbox_emit sequence=36 bytes=38 elapsed_us=2148 envelope=@J10000000001000000003614512|I421b200;
published_frame=71
published_frame=72
editbox_emit sequence=37 bytes=38 elapsed_us=1983 envelope=@J10000000001000000003757500|I421d200;
editbox_receipt monotonic_ns=578750588857896 received=36 consumed=36 revision=18
published_frame=73
published_frame=74
editbox_emit sequence=38 bytes=38 elapsed_us=2051 envelope=@J10000000001000000003834967|I421f200;
published_frame=75
published_frame=76
editbox_emit sequence=39 bytes=38 elapsed_us=2067 envelope=@J10000000001000000003912434|I421h200;
published_frame=77
published_frame=78
editbox_emit sequence=40 bytes=38 elapsed_us=1913 envelope=@J10000000001000000004003118|I421j200;
published_frame=79
editbox_receipt monotonic_ns=578750696153432 received=39 consumed=39 revision=19
published_frame=80
editbox_emit sequence=41 bytes=38 elapsed_us=2013 envelope=@J10000000001000000004146106|I421l200;
published_frame=81
published_frame=82
editbox_emit sequence=42 bytes=38 elapsed_us=2077 envelope=@J10000000001000000004223573|I421n200;
published_frame=83
published_frame=84
editbox_emit sequence=43 bytes=38 elapsed_us=2251 envelope=@J10000000001000000004301040|I421p200;
editbox_receipt monotonic_ns=578750780872104 received=42 consumed=42 revision=20
published_frame=85
published_frame=86
editbox_emit sequence=44 bytes=38 elapsed_us=2639 envelope=@J10000000001000000004444028|I421r200;
published_frame=87
published_frame=88
editbox_emit sequence=45 bytes=38 elapsed_us=2315 envelope=@J10000000001000000004521495|I421t200;
published_frame=89
published_frame=90
editbox_emit sequence=46 bytes=38 elapsed_us=1963 envelope=@J10000000001000000004664483|I421v200;
editbox_receipt monotonic_ns=578750879926096 received=45 consumed=45 revision=21
published_frame=91
published_frame=92
editbox_emit sequence=47 bytes=38 elapsed_us=2027 envelope=@J10000000001000000004741950|I421x200;
published_frame=93
published_frame=94
editbox_emit sequence=48 bytes=38 elapsed_us=2086 envelope=@J10000000001000000004819417|I421z200;
published_frame=95
published_frame=96
editbox_emit sequence=49 bytes=38 elapsed_us=2003 envelope=@J10000000001000000004962405|I421_200;
editbox_receipt monotonic_ns=578750978552767 received=47 consumed=47 revision=22
published_frame=97
published_frame=98
editbox_emit sequence=50 bytes=38 elapsed_us=2184 envelope=@J10000000001000000005045220|I421X300;
published_frame=99
published_frame=100
editbox_emit sequence=51 bytes=38 elapsed_us=2080 envelope=@J10000000001000000005122687|I421Z300;
published_frame=101
published_frame=102
editbox_emit sequence=52 bytes=38 elapsed_us=3728 envelope=@J10000000001000000005200154|I421b300;
event mono_ns=578751074147000 frame=103 held=1 pressed=1 released=0
editbox_receipt monotonic_ns=578751079547077 received=51 consumed=51 revision=23
event mono_ns=578751079527000 frame=103 held=0 pressed=0 released=1
published_frame=103
published_frame=104
editbox_emit sequence=53 bytes=49 elapsed_us=3007 envelope=@J10000000001000000005312103|I421d3o0010011H03_0;
published_frame=105
published_frame=106
editbox_emit sequence=54 bytes=38 elapsed_us=2801 envelope=@J10000000001000000005420609|I421f300;
published_frame=107
published_frame=108
editbox_emit sequence=55 bytes=38 elapsed_us=2414 envelope=@J10000000001000000005563597|I421h300;
published_frame=109
editbox_receipt monotonic_ns=578751203150581 received=54 consumed=54 revision=24
published_frame=110
editbox_emit sequence=56 bytes=38 elapsed_us=2657 envelope=@J10000000001000000005641064|I421j300;
published_frame=111
published_frame=112
editbox_emit sequence=57 bytes=38 elapsed_us=1995 envelope=@J10000000001000000005718531|I421l300;
published_frame=113
published_frame=114
editbox_emit sequence=58 bytes=38 elapsed_us=1954 envelope=@J10000000001000000005861519|I421n300;
editbox_receipt monotonic_ns=578751288199041 received=57 consumed=57 revision=25
published_frame=115
published_frame=116
editbox_emit sequence=59 bytes=38 elapsed_us=2311 envelope=@J10000000001000000005938986|I421p300;
published_frame=117
published_frame=118
editbox_emit sequence=60 bytes=38 elapsed_us=2123 envelope=@J10000000001000000006029670|I421r300;
published_frame=119
published_frame=120
editbox_emit sequence=61 bytes=38 elapsed_us=1907 envelope=@J10000000001000000006107137|I421t300;
published_frame=121
published_frame=122
editbox_emit sequence=62 bytes=38 elapsed_us=2455 envelope=@J10000000001000000006250125|I421v300;
published_frame=123
published_frame=124
editbox_emit sequence=63 bytes=38 elapsed_us=2195 envelope=@J10000000001000000006327592|I421x300;
published_frame=125
published_frame=126
editbox_emit sequence=64 bytes=38 elapsed_us=1943 envelope=@J10000000001000000006405059|I421z300;
editbox_receipt monotonic_ns=578751477575563 received=63 consumed=60 revision=26
published_frame=127
published_frame=128
editbox_emit sequence=65 bytes=38 elapsed_us=2242 envelope=@J10000000001000000006548047|I421_300;
published_frame=129
editbox_receipt monotonic_ns=578751533838950 received=63 consumed=63 revision=27
published_frame=130
editbox_emit sequence=66 bytes=38 elapsed_us=2260 envelope=@J10000000001000000006617645|I421X400;
published_frame=131
published_frame=132
editbox_emit sequence=67 bytes=38 elapsed_us=2598 envelope=@J10000000001000000006760633|I421Z400;
editbox_receipt monotonic_ns=578751578979902 received=66 consumed=66 revision=28
published_frame=133
published_frame=134
editbox_emit sequence=68 bytes=38 elapsed_us=1911 envelope=@J10000000001000000006838100|I421b400;
published_frame=135
published_frame=136
editbox_emit sequence=69 bytes=38 elapsed_us=2472 envelope=@J10000000001000000006915567|I421d400;
published_frame=137
published_frame=138
editbox_receipt monotonic_ns=578751677118938 received=69 consumed=69 revision=29
editbox_emit sequence=70 bytes=38 elapsed_us=2259 envelope=@J10000000001000000007006251|I421f400;
published_frame=139
published_frame=140
editbox_emit sequence=71 bytes=38 elapsed_us=1908 envelope=@J10000000001000000007149239|I421h400;
published_frame=141
published_frame=142
editbox_emit sequence=72 bytes=38 elapsed_us=2410 envelope=@J10000000001000000007226706|I421j400;
published_frame=143
published_frame=144
editbox_emit sequence=73 bytes=38 elapsed_us=2312 envelope=@J10000000001000000007304173|I421l400;
editbox_receipt monotonic_ns=578751783380715 received=71 consumed=71 revision=30
published_frame=145
published_frame=146
editbox_emit sequence=74 bytes=38 elapsed_us=1914 envelope=@J10000000001000000007447161|I421n400;
published_frame=147
event mono_ns=578751829743000 frame=148 held=2 pressed=2 released=0
event mono_ns=578751834932000 frame=148 held=0 pressed=0 released=2
published_frame=148
editbox_emit sequence=75 bytes=49 elapsed_us=2678 envelope=@J10000000001000000007557251|I421p40o0020022Y07-;
published_frame=149
published_frame=150
editbox_emit sequence=76 bytes=38 elapsed_us=1912 envelope=@J10000000001000000007602095|I421r400;
editbox_receipt monotonic_ns=578751879075678 received=75 consumed=75 revision=31
published_frame=151
published_frame=152
editbox_emit sequence=77 bytes=38 elapsed_us=2441 envelope=@J10000000001000000007745083|I421t400;
published_frame=153
published_frame=154
editbox_emit sequence=78 bytes=38 elapsed_us=1926 envelope=@J10000000001000000007822550|I421v400;
published_frame=155
published_frame=156
editbox_emit sequence=79 bytes=38 elapsed_us=2499 envelope=@J10000000001000000007900017|I421x400;
editbox_receipt monotonic_ns=578751980804446 received=78 consumed=78 revision=32
published_frame=157
published_frame=158
editbox_emit sequence=80 bytes=38 elapsed_us=2671 envelope=@J10000000001000000008056222|I421z400;
published_frame=159
published_frame=160
editbox_emit sequence=81 bytes=38 elapsed_us=2266 envelope=@J10000000001000000008133689|I421_400;
published_frame=161
published_frame=162
editbox_emit sequence=82 bytes=38 elapsed_us=2858 envelope=@J10000000001000000008203287|I421X500;
published_frame=163
editbox_receipt monotonic_ns=578752104696961 received=81 consumed=81 revision=33
published_frame=164
editbox_emit sequence=83 bytes=38 elapsed_us=2299 envelope=@J10000000001000000008346275|I421Z500;
published_frame=165
published_frame=166
editbox_emit sequence=84 bytes=38 elapsed_us=2352 envelope=@J10000000001000000008423742|I421b500;
published_frame=167
published_frame=168
editbox_emit sequence=85 bytes=38 elapsed_us=2656 envelope=@J10000000001000000008501209|I421d500;
published_frame=169
editbox_receipt monotonic_ns=578752192342712 received=84 consumed=84 revision=34
published_frame=170
editbox_emit sequence=86 bytes=38 elapsed_us=2506 envelope=@J10000000001000000008644197|I421f500;
published_frame=171
published_frame=172
editbox_emit sequence=87 bytes=38 elapsed_us=2286 envelope=@J10000000001000000008721664|I421h500;
published_frame=173
published_frame=174
editbox_emit sequence=88 bytes=38 elapsed_us=2862 envelope=@J10000000001000000008864652|I421j500;
editbox_receipt monotonic_ns=578752279557554 received=87 consumed=87 revision=35
published_frame=175
published_frame=176
editbox_emit sequence=89 bytes=38 elapsed_us=2584 envelope=@J10000000001000000008942119|I421l500;
published_frame=177
published_frame=178
editbox_emit sequence=90 bytes=38 elapsed_us=2402 envelope=@J10000000001000000009032803|I421n500;
published_frame=179
published_frame=180
editbox_emit sequence=91 bytes=38 elapsed_us=2161 envelope=@J10000000001000000009110270|I421p500;
published_frame=181
published_frame=182
editbox_emit sequence=92 bytes=38 elapsed_us=2117 envelope=@J10000000001000000009253258|I421r500;
published_frame=183
published_frame=184
editbox_emit sequence=93 bytes=38 elapsed_us=2840 envelope=@J10000000001000000009330725|I421t500;
published_frame=185
editbox_receipt monotonic_ns=578752464318491 received=89 consumed=89 revision=36
published_frame=186
editbox_emit sequence=94 bytes=38 elapsed_us=1981 envelope=@J10000000001000000009408192|I421v500;
published_frame=187
editbox_receipt monotonic_ns=578752507186731 received=93 consumed=93 revision=37
published_frame=188
editbox_emit sequence=95 bytes=38 elapsed_us=2180 envelope=@J10000000001000000009551180|I421x500;
published_frame=189
published_frame=190
editbox_emit sequence=96 bytes=38 elapsed_us=1920 envelope=@J10000000001000000009628647|I421z500;
published_frame=191
published_frame=192
editbox_emit sequence=97 bytes=38 elapsed_us=2039 envelope=@J10000000001000000009706114|I421_500;
event mono_ns=578752585228000 frame=193 held=4 pressed=4 released=0
event mono_ns=578752590416000 frame=193 held=0 pressed=0 released=4
published_frame=193
editbox_receipt monotonic_ns=578752591794025 received=96 consumed=96 revision=38
published_frame=194
editbox_emit sequence=98 bytes=49 elapsed_us=2680 envelope=@J10000000001000000009815820|I421X6o004004FC0010;
published_frame=195
published_frame=196
editbox_emit sequence=99 bytes=38 elapsed_us=1990 envelope=@J10000000001000000009918700|I421Z600;
published_frame=197
published_frame=198
editbox_emit sequence=100 bytes=38 elapsed_us=2115 envelope=@J10000000001000000010050801|I421b600;
published_frame=199
editbox_receipt monotonic_ns=578752700102900 received=99 consumed=99 revision=39
published_frame=200
editbox_emit sequence=101 bytes=38 elapsed_us=2296 envelope=@J10000000001000000010128268|I421d600;
published_frame=201
published_frame=202
editbox_emit sequence=102 bytes=38 elapsed_us=1985 envelope=@J10000000001000000010205735|I421f600;
published_frame=203
published_frame=204
editbox_emit sequence=103 bytes=38 elapsed_us=1967 envelope=@J10000000001000000010348723|I421h600;
editbox_receipt monotonic_ns=578752789798444 received=102 consumed=102 revision=40
published_frame=205
published_frame=206
editbox_emit sequence=104 bytes=38 elapsed_us=1977 envelope=@J10000000001000000010426190|I421j600;
published_frame=207
published_frame=208
editbox_emit sequence=105 bytes=38 elapsed_us=1946 envelope=@J10000000001000000010503657|I421l600;
published_frame=209
editbox_receipt monotonic_ns=578752878171388 received=105 consumed=105 revision=41
published_frame=210
editbox_emit sequence=106 bytes=38 elapsed_us=2163 envelope=@J10000000001000000010646645|I421n600;
published_frame=211
published_frame=212
editbox_emit sequence=107 bytes=38 elapsed_us=2868 envelope=@J10000000001000000010724112|I421p600;
published_frame=213
published_frame=214
editbox_emit sequence=108 bytes=38 elapsed_us=2032 envelope=@J10000000001000000010801579|I421r600;
published_frame=215
published_frame=216
editbox_emit sequence=109 bytes=38 elapsed_us=3627 envelope=@J10000000001000000010944567|I421t600;
published_frame=217
editbox_receipt monotonic_ns=578752996059885 received=108 consumed=108 revision=42
published_frame=218
editbox_emit sequence=110 bytes=38 elapsed_us=2545 envelope=@J10000000001000000011035251|I421v600;
published_frame=219
published_frame=220
editbox_emit sequence=111 bytes=38 elapsed_us=1962 envelope=@J10000000001000000011112718|I421x600;
published_frame=221
published_frame=222
editbox_emit sequence=112 bytes=38 elapsed_us=2642 envelope=@J10000000001000000011255706|I421z600;
published_frame=223
editbox_receipt monotonic_ns=578753092983392 received=111 consumed=111 revision=43
published_frame=224
editbox_emit sequence=113 bytes=38 elapsed_us=2205 envelope=@J10000000001000000011333173|I421_600;
published_frame=225
published_frame=226
editbox_emit sequence=114 bytes=38 elapsed_us=2136 envelope=@J10000000001000000011402771|I421X700;
published_frame=227
published_frame=228
editbox_emit sequence=115 bytes=38 elapsed_us=2084 envelope=@J10000000001000000011545759|I421Z700;
published_frame=229
editbox_receipt monotonic_ns=578753199434824 received=114 consumed=114 revision=44
published_frame=230
editbox_emit sequence=116 bytes=38 elapsed_us=2640 envelope=@J10000000001000000011623226|I421b700;
published_frame=231
published_frame=232
editbox_emit sequence=117 bytes=38 elapsed_us=2423 envelope=@J10000000001000000011700693|I421d700;
published_frame=233
published_frame=234
editbox_receipt monotonic_ns=578753277706047 received=117 consumed=117 revision=45
editbox_emit sequence=118 bytes=38 elapsed_us=2055 envelope=@J10000000001000000011843681|I421f700;
published_frame=235
published_frame=236
editbox_emit sequence=119 bytes=38 elapsed_us=2386 envelope=@J10000000001000000011921148|I421h700;
published_frame=237
event mono_ns=578753340795000 frame=239 held=24 pressed=24 released=0
published_frame=238
editbox_emit sequence=120 bytes=38 elapsed_us=2492 envelope=@J10000000001000000012011832|I421j700;
event mono_ns=578753346091000 frame=239 held=0 pressed=0 released=24
published_frame=239
published_frame=240
editbox_emit sequence=121 bytes=49 elapsed_us=2842 envelope=@J10000000001000000012151743|I421l7o00O00OUO0020;
published_frame=241
published_frame=242
editbox_emit sequence=122 bytes=38 elapsed_us=2007 envelope=@J10000000001000000012232287|I421n700;
published_frame=243
published_frame=244
editbox_emit sequence=123 bytes=38 elapsed_us=2459 envelope=@J10000000001000000012309754|I421p700;
published_frame=245
editbox_receipt monotonic_ns=578753471163751 received=119 consumed=119 revision=46
published_frame=246
editbox_emit sequence=124 bytes=38 elapsed_us=1889 envelope=@J10000000001000000012452742|I421r700;
published_frame=247
published_frame=248
editbox_emit sequence=125 bytes=38 elapsed_us=1971 envelope=@J10000000001000000012530209|I421t700;
published_frame=249
editbox_receipt monotonic_ns=578753534391626 received=123 consumed=123 revision=47
published_frame=250
editbox_emit sequence=126 bytes=38 elapsed_us=1912 envelope=@J10000000001000000012607676|I421v700;
published_frame=251
published_frame=252
editbox_emit sequence=127 bytes=38 elapsed_us=2080 envelope=@J10000000001000000012750664|I421x700;
published_frame=253
editbox_receipt monotonic_ns=578753591787907 received=126 consumed=126 revision=48
published_frame=254
editbox_emit sequence=128 bytes=38 elapsed_us=2040 envelope=@J10000000001000000012828131|I421z700;
published_frame=255
published_frame=256
editbox_emit sequence=129 bytes=38 elapsed_us=1993 envelope=@J10000000001000000012905598|I421_700;
published_frame=257
published_frame=258
editbox_emit sequence=130 bytes=38 elapsed_us=2183 envelope=@J10000000001000000013053934|I421X800;
published_frame=259
editbox_receipt monotonic_ns=578753703766373 received=129 consumed=129 revision=49
published_frame=260
editbox_emit sequence=131 bytes=38 elapsed_us=2113 envelope=@J10000000001000000013131401|I421Z800;
published_frame=261
published_frame=262
editbox_emit sequence=132 bytes=38 elapsed_us=2404 envelope=@J10000000001000000013208868|I421b800;
published_frame=263
published_frame=264
editbox_emit sequence=133 bytes=38 elapsed_us=2028 envelope=@J10000000001000000013351856|I421d800;
editbox_receipt monotonic_ns=578753788271014 received=132 consumed=132 revision=50
published_frame=265
published_frame=266
editbox_emit sequence=134 bytes=38 elapsed_us=1904 envelope=@J10000000001000000013429323|I421f800;
published_frame=267
published_frame=268
editbox_emit sequence=135 bytes=38 elapsed_us=2224 envelope=@J10000000001000000013506790|I421h800;
published_frame=269
published_frame=270
editbox_emit sequence=136 bytes=38 elapsed_us=2178 envelope=@J10000000001000000013649778|I421j800;
editbox_receipt monotonic_ns=578753878712576 received=135 consumed=135 revision=51
published_frame=271
published_frame=272
editbox_emit sequence=137 bytes=38 elapsed_us=2139 envelope=@J10000000001000000013727245|I421l800;
published_frame=273
published_frame=274
editbox_emit sequence=138 bytes=38 elapsed_us=1963 envelope=@J10000000001000000013804712|I421n800;
published_frame=275
published_frame=276
editbox_emit sequence=139 bytes=38 elapsed_us=2513 envelope=@J10000000001000000013947700|I421p800;
published_frame=277
editbox_receipt monotonic_ns=578754000955629 received=139 consumed=139 revision=52
published_frame=278
editbox_emit sequence=140 bytes=38 elapsed_us=2076 envelope=@J10000000001000000014038384|I421r800;
published_frame=279
published_frame=280
editbox_emit sequence=141 bytes=38 elapsed_us=1987 envelope=@J10000000001000000014115851|I421t800;
published_frame=281
published_frame=282
editbox_emit sequence=142 bytes=38 elapsed_us=1923 envelope=@J10000000001000000014258839|I421v800;
published_frame=283
event mono_ns=578754096335000 frame=284 held=16 pressed=16 released=0
editbox_receipt monotonic_ns=578754099667919 received=142 consumed=142 revision=53
event mono_ns=578754101527000 frame=284 held=0 pressed=0 released=16
published_frame=284
editbox_emit sequence=143 bytes=44 elapsed_us=2462 envelope=@J10000000001000000014334895|I421x80200G00G;
published_frame=285
published_frame=286
editbox_emit sequence=144 bytes=38 elapsed_us=2158 envelope=@J10000000001000000014413773|I421z800;
published_frame=287
published_frame=288
editbox_emit sequence=145 bytes=38 elapsed_us=2099 envelope=@J10000000001000000014556761|I421_800;
published_frame=289
editbox_receipt monotonic_ns=578754199782940 received=145 consumed=145 revision=54
published_frame=290
editbox_emit sequence=146 bytes=38 elapsed_us=2189 envelope=@J10000000001000000014626359|I421X900;
published_frame=291
published_frame=292
editbox_emit sequence=147 bytes=38 elapsed_us=1945 envelope=@J10000000001000000014703826|I421Z900;
published_frame=293
published_frame=294
editbox_emit sequence=148 bytes=38 elapsed_us=1885 envelope=@J10000000001000000014846814|I421b900;
published_frame=295
editbox_receipt monotonic_ns=578754299218427 received=148 consumed=148 revision=55
published_frame=296
editbox_emit sequence=149 bytes=38 elapsed_us=2478 envelope=@J10000000001000000014924281|I421d900;
published_frame=297
published_frame=298
editbox_emit sequence=150 bytes=38 elapsed_us=1930 envelope=@J10000000001000000015014965|I421f900;
published_frame=299
published_frame=300
editbox_emit sequence=151 bytes=38 elapsed_us=1866 envelope=@J10000000001000000015157953|I421h900;
published_frame=301
published_frame=302
editbox_emit sequence=152 bytes=38 elapsed_us=1996 envelope=@J10000000001000000015235420|I421j900;
published_frame=303
published_frame=304
editbox_emit sequence=153 bytes=38 elapsed_us=1925 envelope=@J10000000001000000015312887|I421l900;
published_frame=305
published_frame=306
editbox_emit sequence=154 bytes=38 elapsed_us=1971 envelope=@J10000000001000000015455875|I421n900;
editbox_receipt monotonic_ns=578754484750038 received=153 consumed=151 revision=56
published_frame=307
published_frame=308
editbox_emit sequence=155 bytes=38 elapsed_us=2138 envelope=@J10000000001000000015533342|I421p900;
editbox_receipt monotonic_ns=578754516296029 received=153 consumed=153 revision=57
published_frame=309
published_frame=310
editbox_emit sequence=156 bytes=38 elapsed_us=1872 envelope=@J10000000001000000015610809|I421r900;
published_frame=311
published_frame=312
editbox_emit sequence=157 bytes=38 elapsed_us=1908 envelope=@J10000000001000000015753797|I421t900;
editbox_receipt monotonic_ns=578754590148606 received=156 consumed=156 revision=58
published_frame=313
published_frame=314
editbox_emit sequence=158 bytes=38 elapsed_us=2602 envelope=@J10000000001000000015831264|I421v900;
published_frame=315
published_frame=316
editbox_emit sequence=159 bytes=38 elapsed_us=1903 envelope=@J10000000001000000015908731|I421x900;
published_frame=317
published_frame=318
editbox_emit sequence=160 bytes=38 elapsed_us=2141 envelope=@J10000000001000000016064936|I421z900;
editbox_receipt monotonic_ns=578754689640709 received=159 consumed=159 revision=59
published_frame=319
published_frame=320
editbox_emit sequence=161 bytes=38 elapsed_us=1968 envelope=@J10000000001000000016142403|I421_900;
published_frame=321
published_frame=322
editbox_emit sequence=162 bytes=38 elapsed_us=2454 envelope=@J10000000001000000016212001|I421XA00;
published_frame=323
published_frame=324
editbox_emit sequence=163 bytes=38 elapsed_us=2147 envelope=@J10000000001000000016354989|I421ZA00;
editbox_receipt monotonic_ns=578754788941994 received=162 consumed=162 revision=60
published_frame=325
published_frame=326
editbox_emit sequence=164 bytes=38 elapsed_us=2255 envelope=@J10000000001000000016432456|I421bA00;
published_frame=327
published_frame=328
editbox_emit sequence=165 bytes=38 elapsed_us=2006 envelope=@J10000000001000000016509923|I421dA00;
event mono_ns=578754851769000 frame=329 held=16 pressed=16 released=0
event mono_ns=578754856975000 frame=329 held=0 pressed=0 released=16
published_frame=329
published_frame=330
editbox_emit sequence=166 bytes=44 elapsed_us=2528 envelope=@J10000000001000000016631968|I421fA200G00G0;
editbox_receipt monotonic_ns=578754878796886 received=165 consumed=165 revision=61
published_frame=331
published_frame=332
editbox_emit sequence=167 bytes=38 elapsed_us=2478 envelope=@J10000000001000000016730378|I421hA00;
published_frame=333
published_frame=334
editbox_emit sequence=168 bytes=38 elapsed_us=2059 envelope=@J10000000001000000016807845|I421jA00;
published_frame=335
published_frame=336
editbox_emit sequence=169 bytes=38 elapsed_us=2144 envelope=@J10000000001000000016950833|I421lA00;
published_frame=337
editbox_receipt monotonic_ns=578755000636933 received=169 consumed=169 revision=62
published_frame=338
editbox_emit sequence=170 bytes=38 elapsed_us=2498 envelope=@J10000000001000000017041517|I421nA00;
published_frame=339
published_frame=340
editbox_emit sequence=171 bytes=38 elapsed_us=2265 envelope=@J10000000001000000017118984|I421pA00;
published_frame=341
published_frame=342
editbox_emit sequence=172 bytes=38 elapsed_us=2202 envelope=@J10000000001000000017261972|I421rA00;
editbox_receipt monotonic_ns=578755088333969 received=171 consumed=171 revision=63
published_frame=343
published_frame=344
editbox_emit sequence=173 bytes=38 elapsed_us=2724 envelope=@J10000000001000000017339439|I421tA00;
published_frame=345
published_frame=346
editbox_emit sequence=174 bytes=38 elapsed_us=2087 envelope=@J10000000001000000017416906|I421vA00;
published_frame=347
published_frame=348
editbox_emit sequence=175 bytes=38 elapsed_us=2025 envelope=@J10000000001000000017559894|I421xA00;
editbox_receipt monotonic_ns=578755178068887 received=174 consumed=174 revision=64
published_frame=349
published_frame=350
editbox_emit sequence=176 bytes=38 elapsed_us=2179 envelope=@J10000000001000000017637361|I421zA00;
published_frame=351
published_frame=352
editbox_emit sequence=177 bytes=38 elapsed_us=2218 envelope=@J10000000001000000017714828|I421_A00;
published_frame=353
published_frame=354
editbox_emit sequence=178 bytes=38 elapsed_us=2629 envelope=@J10000000001000000017849947|I421XB00;
editbox_receipt monotonic_ns=578755285478836 received=177 consumed=177 revision=65
published_frame=355
published_frame=356
editbox_emit sequence=179 bytes=38 elapsed_us=2083 envelope=@J10000000001000000017927414|I421ZB00;
published_frame=357
published_frame=358
editbox_emit sequence=180 bytes=38 elapsed_us=2065 envelope=@J10000000001000000018018098|I421bB00;
published_frame=359
published_frame=360
editbox_emit sequence=181 bytes=38 elapsed_us=2159 envelope=@J10000000001000000018161086|I421dB00;
published_frame=361
published_frame=362
editbox_emit sequence=182 bytes=38 elapsed_us=2797 envelope=@J10000000001000000018238553|I421fB00;
published_frame=363
published_frame=364
editbox_emit sequence=183 bytes=38 elapsed_us=2084 envelope=@J10000000001000000018316020|I421hB00;
published_frame=365
published_frame=366
editbox_emit sequence=184 bytes=38 elapsed_us=2003 envelope=@J10000000001000000018459008|I421jB00;
editbox_receipt monotonic_ns=578755479169586 received=183 consumed=181 revision=66
published_frame=367
published_frame=368
editbox_emit sequence=185 bytes=38 elapsed_us=2129 envelope=@J10000000001000000018536475|I421lB00;
published_frame=369
editbox_receipt monotonic_ns=578755534166888 received=185 consumed=184 revision=67
published_frame=370
editbox_emit sequence=186 bytes=38 elapsed_us=1940 envelope=@J10000000001000000018613942|I421nB00;
published_frame=371
published_frame=372
editbox_emit sequence=187 bytes=38 elapsed_us=2112 envelope=@J10000000001000000018756930|I421pB00;
published_frame=373
editbox_receipt monotonic_ns=578755602411180 received=187 consumed=187 revision=68
event mono_ns=578755607310000 frame=375 held=32 pressed=32 released=0
published_frame=374
editbox_emit sequence=188 bytes=38 elapsed_us=2068 envelope=@J10000000001000000018834397|I421rB00;
event mono_ns=578755612767000 frame=375 held=0 pressed=0 released=32
published_frame=375
published_frame=376
editbox_emit sequence=189 bytes=44 elapsed_us=2555 envelope=@J10000000001000000018907169|I421tB200W00W0;
published_frame=377
published_frame=378
editbox_emit sequence=190 bytes=38 elapsed_us=2437 envelope=@J10000000001000000019002548|I421vB00;
published_frame=379
editbox_receipt monotonic_ns=578755700568390 received=189 consumed=189 revision=69
published_frame=380
editbox_emit sequence=191 bytes=38 elapsed_us=2463 envelope=@J10000000001000000019145536|I421xB00;
published_frame=381
published_frame=382
editbox_emit sequence=192 bytes=38 elapsed_us=2118 envelope=@J10000000001000000019223003|I421zB00;
published_frame=383
published_frame=384
editbox_emit sequence=193 bytes=38 elapsed_us=2107 envelope=@J10000000001000000019300470|I421_B00;
published_frame=385
published_frame=386
editbox_emit sequence=194 bytes=38 elapsed_us=2096 envelope=@J10000000001000000019435589|I421XC00;
editbox_receipt monotonic_ns=578755811612723 received=192 consumed=192 revision=70
published_frame=387
published_frame=388
editbox_emit sequence=195 bytes=38 elapsed_us=2127 envelope=@J10000000001000000019513056|I421ZC00;
published_frame=389
published_frame=390
editbox_emit sequence=196 bytes=38 elapsed_us=2074 envelope=@J10000000001000000019656044|I421bC00;
published_frame=391
published_frame=392
editbox_emit sequence=197 bytes=38 elapsed_us=2268 envelope=@J10000000001000000019733511|I421dC00;
editbox_receipt monotonic_ns=578755911209212 received=196 consumed=196 revision=71
published_frame=393
published_frame=394
editbox_emit sequence=198 bytes=38 elapsed_us=2303 envelope=@J10000000001000000019810978|I421fC00;
published_frame=395
published_frame=396
editbox_emit sequence=199 bytes=38 elapsed_us=2205 envelope=@J10000000001000000019953966|I421hC00;
published_frame=397
editbox_receipt monotonic_ns=578756001932803 received=198 consumed=198 revision=72
published_frame=398
editbox_emit sequence=200 bytes=38 elapsed_us=1979 envelope=@J10000000001000000020020546|I421jC00;
published_frame=399
published_frame=400
editbox_emit sequence=201 bytes=38 elapsed_us=2001 envelope=@J10000000001000000020163534|I421lC00;
published_frame=401
published_frame=402
editbox_emit sequence=202 bytes=38 elapsed_us=2169 envelope=@J10000000001000000020241001|I421nC00;
published_frame=403
published_frame=404
editbox_emit sequence=203 bytes=38 elapsed_us=2130 envelope=@J10000000001000000020318468|I421pC00;
editbox_receipt monotonic_ns=578756111820969 received=201 consumed=201 revision=73
published_frame=405
published_frame=406
editbox_emit sequence=204 bytes=38 elapsed_us=2208 envelope=@J10000000001000000020461456|I421rC00;
published_frame=407
published_frame=408
editbox_emit sequence=205 bytes=38 elapsed_us=2168 envelope=@J10000000001000000020538923|I421tC00;
published_frame=409
editbox_receipt monotonic_ns=578756199685199 received=204 consumed=204 revision=74
published_frame=410
editbox_emit sequence=206 bytes=38 elapsed_us=2168 envelope=@J10000000001000000020616390|I421vC00;
published_frame=411
published_frame=412
editbox_emit sequence=207 bytes=38 elapsed_us=1989 envelope=@J10000000001000000020759378|I421xC00;
published_frame=413
published_frame=414
editbox_emit sequence=208 bytes=38 elapsed_us=2264 envelope=@J10000000001000000020836845|I421zC00;
published_frame=415
published_frame=416
editbox_emit sequence=209 bytes=38 elapsed_us=2103 envelope=@J10000000001000000020914312|I421_C00;
editbox_receipt monotonic_ns=578756311880881 received=208 consumed=208 revision=75
published_frame=417
published_frame=418
editbox_emit sequence=210 bytes=38 elapsed_us=2275 envelope=@J10000000001000000021062648|I421XD00;
published_frame=419
event mono_ns=578756363113000 frame=420 held=64 pressed=64 released=0
event mono_ns=578756368231000 frame=420 held=0 pressed=0 released=64
published_frame=420
editbox_emit sequence=211 bytes=44 elapsed_us=2251 envelope=@J10000000001000000021161000|I421ZD02010010;
published_frame=421
published_frame=422
editbox_emit sequence=212 bytes=38 elapsed_us=2039 envelope=@J10000000001000000021217582|I421bD00;
published_frame=423
published_frame=424
editbox_emit sequence=213 bytes=38 elapsed_us=2537 envelope=@J10000000001000000021360570|I421dD00;
published_frame=425
published_frame=426
editbox_emit sequence=214 bytes=38 elapsed_us=2000 envelope=@J10000000001000000021438037|I421fD00;
editbox_receipt monotonic_ns=578756485156501 received=213 consumed=211 revision=76
published_frame=427
published_frame=428
editbox_emit sequence=215 bytes=38 elapsed_us=2140 envelope=@J10000000001000000021515504|I421hD00;
published_frame=429
editbox_receipt monotonic_ns=578756537036919 received=215 consumed=214 revision=77
published_frame=430
editbox_emit sequence=216 bytes=38 elapsed_us=2204 envelope=@J10000000001000000021658492|I421jD00;
published_frame=431
published_frame=432
editbox_emit sequence=217 bytes=38 elapsed_us=1960 envelope=@J10000000001000000021735959|I421lD00;
published_frame=433
editbox_receipt monotonic_ns=578756604414806 received=217 consumed=217 revision=78
published_frame=434
editbox_emit sequence=218 bytes=38 elapsed_us=2249 envelope=@J10000000001000000021813426|I421nD00;
published_frame=435
published_frame=436
editbox_emit sequence=219 bytes=38 elapsed_us=1969 envelope=@J10000000001000000021956414|I421pD00;
published_frame=437
published_frame=438
editbox_emit sequence=220 bytes=38 elapsed_us=2020 envelope=@J10000000001000000022047098|I421rD00;
published_frame=439
published_frame=440
editbox_emit sequence=221 bytes=38 elapsed_us=2779 envelope=@J10000000001000000022124565|I421tD00;
editbox_receipt monotonic_ns=578756712429319 received=220 consumed=220 revision=79
published_frame=441
published_frame=442
editbox_emit sequence=222 bytes=38 elapsed_us=2006 envelope=@J10000000001000000022202032|I421vD00;
published_frame=443
published_frame=444
editbox_emit sequence=223 bytes=38 elapsed_us=2105 envelope=@J10000000001000000022345020|I421xD00;
published_frame=445
editbox_receipt monotonic_ns=578756798948276 received=222 consumed=222 revision=80
published_frame=446
editbox_emit sequence=224 bytes=38 elapsed_us=2164 envelope=@J10000000001000000022422487|I421zD00;
published_frame=447
published_frame=448
editbox_emit sequence=225 bytes=38 elapsed_us=2243 envelope=@J10000000001000000022565475|I421_D00;
published_frame=449
published_frame=450
editbox_emit sequence=226 bytes=38 elapsed_us=2632 envelope=@J10000000001000000022635073|I421XE00;
published_frame=451
editbox_receipt monotonic_ns=578756900509538 received=225 consumed=225 revision=81
published_frame=452
editbox_emit sequence=227 bytes=38 elapsed_us=2285 envelope=@J10000000001000000022712540|I421ZE00;
published_frame=453
published_frame=454
editbox_emit sequence=228 bytes=38 elapsed_us=2380 envelope=@J10000000001000000022855528|I421bE00;
published_frame=455
published_frame=456
editbox_emit sequence=229 bytes=38 elapsed_us=2210 envelope=@J10000000001000000022932995|I421dE00;
published_frame=457
published_frame=458
editbox_emit sequence=230 bytes=38 elapsed_us=2247 envelope=@J10000000001000000023023679|I421fE00;
editbox_receipt monotonic_ns=578757012179685 received=229 consumed=229 revision=82
published_frame=459
published_frame=460
editbox_emit sequence=231 bytes=38 elapsed_us=2542 envelope=@J10000000001000000023101146|I421hE00;
published_frame=461
published_frame=462
editbox_emit sequence=232 bytes=38 elapsed_us=2140 envelope=@J10000000001000000023244134|I421jE00;
published_frame=463
published_frame=464
editbox_emit sequence=233 bytes=38 elapsed_us=1963 envelope=@J10000000001000000023321601|I421lE00;
editbox_receipt monotonic_ns=578757112333839 received=231 consumed=231 revision=83
event mono_ns=578757118502000 frame=465 held=256 pressed=256 released=0
event mono_ns=578757123784000 frame=465 held=0 pressed=0 released=256
published_frame=465
published_frame=466
editbox_emit sequence=234 bytes=44 elapsed_us=2649 envelope=@J10000000001000000023459246|I421nE20400400;
published_frame=467
published_frame=468
editbox_emit sequence=235 bytes=38 elapsed_us=2231 envelope=@J10000000001000000023542056|I421pE00;
published_frame=469
editbox_receipt monotonic_ns=578757200859749 received=234 consumed=234 revision=84
published_frame=470
editbox_emit sequence=236 bytes=38 elapsed_us=2208 envelope=@J10000000001000000023619523|I421rE00;
published_frame=471
published_frame=472
editbox_emit sequence=237 bytes=38 elapsed_us=2109 envelope=@J10000000001000000023762511|I421tE00;
published_frame=473
published_frame=474
editbox_emit sequence=238 bytes=38 elapsed_us=2205 envelope=@J10000000001000000023839978|I421vE00;
published_frame=475
editbox_receipt monotonic_ns=578757299964455 received=237 consumed=237 revision=85
published_frame=476
editbox_emit sequence=239 bytes=38 elapsed_us=2319 envelope=@J10000000001000000023917445|I421xE00;
published_frame=477
published_frame=478
editbox_emit sequence=240 bytes=38 elapsed_us=2335 envelope=@J10000000001000000024008129|I421zE00;
published_frame=479
published_frame=480
editbox_emit sequence=241 bytes=38 elapsed_us=2529 envelope=@J10000000001000000024151117|I421_E00;
published_frame=481
published_frame=482
editbox_emit sequence=242 bytes=38 elapsed_us=2483 envelope=@J10000000001000000024220715|I421XF00;
published_frame=483
published_frame=484
editbox_emit sequence=243 bytes=38 elapsed_us=2109 envelope=@J10000000001000000024363703|I421ZF00;
published_frame=485
published_frame=486
editbox_emit sequence=244 bytes=38 elapsed_us=2351 envelope=@J10000000001000000024441170|I421bF00;
published_frame=487
editbox_receipt monotonic_ns=578757498162306 received=241 consumed=241 revision=86
published_frame=488
editbox_emit sequence=245 bytes=38 elapsed_us=2521 envelope=@J10000000001000000024518637|I421dF00;
published_frame=489
published_frame=490
editbox_emit sequence=246 bytes=38 elapsed_us=2595 envelope=@J10000000001000000024661625|I421fF00;
editbox_receipt monotonic_ns=578757545265546 received=244 consumed=244 revision=87
published_frame=491
published_frame=492
editbox_emit sequence=247 bytes=38 elapsed_us=1992 envelope=@J10000000001000000024739092|I421hF00;
published_frame=493
published_frame=494
editbox_emit sequence=248 bytes=38 elapsed_us=2089 envelope=@J10000000001000000024816559|I421jF00;
editbox_receipt monotonic_ns=578757611989026 received=247 consumed=247 revision=88
published_frame=495
published_frame=496
editbox_emit sequence=249 bytes=38 elapsed_us=2042 envelope=@J10000000001000000024959547|I421lF00;
published_frame=497
published_frame=498
editbox_emit sequence=250 bytes=38 elapsed_us=2348 envelope=@J10000000001000000025050231|I421nF00;
published_frame=499
published_frame=500
editbox_emit sequence=251 bytes=38 elapsed_us=2047 envelope=@J10000000001000000025127698|I421pF00;
editbox_receipt monotonic_ns=578757711879495 received=249 consumed=249 revision=89
published_frame=501
published_frame=502
editbox_emit sequence=252 bytes=38 elapsed_us=2101 envelope=@J10000000001000000025205165|I421rF00;
published_frame=503
published_frame=504
editbox_emit sequence=253 bytes=38 elapsed_us=2196 envelope=@J10000000001000000025348153|I421tF00;
published_frame=505
editbox_receipt monotonic_ns=578757802074185 received=252 consumed=252 revision=90
published_frame=506
editbox_emit sequence=254 bytes=38 elapsed_us=2461 envelope=@J10000000001000000025425620|I421vF00;
published_frame=507
published_frame=508
editbox_emit sequence=255 bytes=38 elapsed_us=2231 envelope=@J10000000001000000025503087|I421xF00;
published_frame=509
event mono_ns=578757874128000 frame=511 held=512 pressed=512 released=0
published_frame=510
editbox_emit sequence=256 bytes=38 elapsed_us=2161 envelope=@J10000000001000000025646075|I421zF00;
event mono_ns=578757879349000 frame=511 held=0 pressed=0 released=512
published_frame=511
published_frame=512
editbox_emit sequence=257 bytes=44 elapsed_us=2303 envelope=@J10000000001000000025755633|I421_F20800800;
editbox_receipt monotonic_ns=578757913160296 received=255 consumed=255 revision=91
published_frame=513
published_frame=514
editbox_emit sequence=258 bytes=38 elapsed_us=2804 envelope=@J10000000001000000025858661|I421XG00;
published_frame=515
published_frame=516
editbox_emit sequence=259 bytes=38 elapsed_us=2138 envelope=@J10000000001000000025936128|I421ZG00;
published_frame=517
published_frame=518
editbox_emit sequence=260 bytes=38 elapsed_us=2376 envelope=@J10000000001000000026026812|I421bG00;
editbox_receipt monotonic_ns=578758012045150 received=259 consumed=259 revision=92
published_frame=519
published_frame=520
editbox_emit sequence=261 bytes=38 elapsed_us=1993 envelope=@J10000000001000000026104279|I421dG00;
published_frame=521
published_frame=522
editbox_emit sequence=262 bytes=38 elapsed_us=2524 envelope=@J10000000001000000026247267|I421fG00;
published_frame=523
published_frame=524
editbox_emit sequence=263 bytes=38 elapsed_us=2340 envelope=@J10000000001000000026324734|I421hG00;
editbox_receipt monotonic_ns=578758111288275 received=261 consumed=261 revision=93
published_frame=525
published_frame=526
editbox_emit sequence=264 bytes=38 elapsed_us=2116 envelope=@J10000000001000000026402201|I421jG00;
published_frame=527
published_frame=528
editbox_emit sequence=265 bytes=38 elapsed_us=1937 envelope=@J10000000001000000026545189|I421lG00;
published_frame=529
editbox_receipt monotonic_ns=578758198070787 received=264 consumed=264 revision=94
published_frame=530
editbox_emit sequence=266 bytes=38 elapsed_us=2093 envelope=@J10000000001000000026622656|I421nG00;
published_frame=531
published_frame=532
editbox_emit sequence=267 bytes=38 elapsed_us=2761 envelope=@J10000000001000000026700123|I421pG00;
published_frame=533
published_frame=534
editbox_emit sequence=268 bytes=38 elapsed_us=2352 envelope=@J10000000001000000026843111|I421rG00;
published_frame=535
editbox_receipt monotonic_ns=578758305772532 received=267 consumed=267 revision=95
published_frame=536
editbox_emit sequence=269 bytes=38 elapsed_us=2161 envelope=@J10000000001000000026920578|I421tG00;
published_frame=537
published_frame=538
editbox_emit sequence=270 bytes=38 elapsed_us=2479 envelope=@J10000000001000000027011262|I421vG00;
published_frame=539
published_frame=540
editbox_emit sequence=271 bytes=38 elapsed_us=2269 envelope=@J10000000001000000027154250|I421xG00;
published_frame=541
published_frame=542
editbox_emit sequence=272 bytes=38 elapsed_us=2087 envelope=@J10000000001000000027231717|I421zG00;
published_frame=543
published_frame=544
editbox_emit sequence=273 bytes=38 elapsed_us=2214 envelope=@J10000000001000000027309184|I421_G00;
published_frame=545
published_frame=546
editbox_emit sequence=274 bytes=38 elapsed_us=2292 envelope=@J10000000001000000027444303|I421XH00;
editbox_receipt monotonic_ns=578758489249239 received=270 consumed=270 revision=96
published_frame=547
published_frame=548
editbox_emit sequence=275 bytes=38 elapsed_us=2193 envelope=@J10000000001000000027521770|I421ZH00;
published_frame=549
published_frame=550
editbox_emit sequence=276 bytes=38 elapsed_us=2490 envelope=@J10000000001000000027664758|I421bH00;
published_frame=551
editbox_receipt monotonic_ns=578758558182683 received=274 consumed=274 revision=97
published_frame=552
editbox_emit sequence=277 bytes=38 elapsed_us=2445 envelope=@J10000000001000000027742225|I421dH00;
published_frame=553
published_frame=554
editbox_emit sequence=278 bytes=38 elapsed_us=2082 envelope=@J10000000001000000027819692|I421fH00;
editbox_receipt monotonic_ns=578758614258798 received=277 consumed=277 revision=98
published_frame=555
event mono_ns=578758629551000 frame=556 held=128 pressed=128 released=0
event mono_ns=578758634761000 frame=556 held=0 pressed=0 released=128
published_frame=556
editbox_emit sequence=279 bytes=44 elapsed_us=2403 envelope=@J10000000001000000027905338|I421hH02020020;
published_frame=557
published_frame=558
editbox_emit sequence=280 bytes=38 elapsed_us=2377 envelope=@J10000000001000000028053364|I421jH00;
published_frame=559
published_frame=560
editbox_emit sequence=281 bytes=38 elapsed_us=2218 envelope=@J10000000001000000028130831|I421lH00;
editbox_receipt monotonic_ns=578758712892992 received=280 consumed=280 revision=99
published_frame=561
published_frame=562
editbox_emit sequence=282 bytes=38 elapsed_us=2040 envelope=@J10000000001000000028208298|I421nH00;
published_frame=563
published_frame=564
editbox_emit sequence=283 bytes=38 elapsed_us=2242 envelope=@J10000000001000000028351286|I421pH00;
published_frame=565
editbox_receipt monotonic_ns=578758799772164 received=282 consumed=282 revision=100
published_frame=566
editbox_emit sequence=284 bytes=38 elapsed_us=2065 envelope=@J10000000001000000028428753|I421rH00;
published_frame=567
published_frame=568
editbox_emit sequence=285 bytes=38 elapsed_us=2035 envelope=@J10000000001000000028506220|I421tH00;
published_frame=569
published_frame=570
editbox_emit sequence=286 bytes=38 elapsed_us=2057 envelope=@J10000000001000000028649208|I421vH00;
published_frame=571
published_frame=572
editbox_emit sequence=287 bytes=38 elapsed_us=2271 envelope=@J10000000001000000028726675|I421xH00;
editbox_receipt monotonic_ns=578758912088943 received=286 consumed=286 revision=101
published_frame=573
published_frame=574
editbox_emit sequence=288 bytes=38 elapsed_us=2151 envelope=@J10000000001000000028804142|I421zH00;
published_frame=575
published_frame=576
editbox_emit sequence=289 bytes=38 elapsed_us=2500 envelope=@J10000000001000000028947130|I421_H00;
published_frame=577
published_frame=578
editbox_emit sequence=290 bytes=38 elapsed_us=2703 envelope=@J10000000001000000029029945|I421XI00;
editbox_receipt monotonic_ns=578759012297970 received=289 consumed=289 revision=102
published_frame=579
published_frame=580
editbox_emit sequence=291 bytes=38 elapsed_us=4610 envelope=@J10000000001000000029107412|I421ZI00;
published_frame=581
published_frame=582
editbox_emit sequence=292 bytes=38 elapsed_us=2199 envelope=@J10000000001000000029250400|I421bI00;
published_frame=583
published_frame=584
editbox_emit sequence=293 bytes=38 elapsed_us=2142 envelope=@J10000000001000000029327867|I421dI00;
editbox_receipt monotonic_ns=578759111617548 received=292 consumed=292 revision=103
published_frame=585
published_frame=586
editbox_emit sequence=294 bytes=38 elapsed_us=2147 envelope=@J10000000001000000029405334|I421fI00;
published_frame=587
published_frame=588
editbox_emit sequence=295 bytes=38 elapsed_us=3067 envelope=@J10000000001000000029548322|I421hI00;
published_frame=589
published_frame=590
editbox_emit sequence=296 bytes=38 elapsed_us=2163 envelope=@J10000000001000000029625789|I421jI00;
editbox_receipt monotonic_ns=578759212399459 received=295 consumed=295 revision=104
published_frame=591
published_frame=592
editbox_emit sequence=297 bytes=38 elapsed_us=2206 envelope=@J10000000001000000029703256|I421lI00;
published_frame=593
published_frame=594
editbox_emit sequence=298 bytes=38 elapsed_us=2488 envelope=@J10000000001000000029846244|I421nI00;
published_frame=595
published_frame=596
editbox_emit sequence=299 bytes=38 elapsed_us=2426 envelope=@J10000000001000000029923711|I421pI00;
editbox_receipt monotonic_ns=578759323342161 received=298 consumed=298 revision=105
published_frame=597
published_frame=598
editbox_emit sequence=300 bytes=38 elapsed_us=2659 envelope=@J10000000001000000030055812|I421rI00;
published_frame=599
published_frame=600
editbox_emit sequence=301 bytes=38 elapsed_us=2205 envelope=@J10000000001000000030133279|I421tI00;
event mono_ns=578759385025000 frame=601 held=16384 pressed=16384 released=0
event mono_ns=578759390247000 frame=601 held=0 pressed=0 released=16384
published_frame=601
published_frame=602
editbox_emit sequence=302 bytes=44 elapsed_us=2252 envelope=@J10000000001000000030235895|I421vI24004000;
published_frame=603
published_frame=604
editbox_emit sequence=303 bytes=38 elapsed_us=2020 envelope=@J10000000001000000030353734|I421xI00;
published_frame=605
published_frame=606
editbox_emit sequence=304 bytes=38 elapsed_us=2222 envelope=@J10000000001000000030431201|I421zI00;
published_frame=607
published_frame=608
editbox_emit sequence=305 bytes=38 elapsed_us=2056 envelope=@J10000000001000000030508668|I421_I00;
editbox_receipt monotonic_ns=578759517429524 received=304 consumed=302 revision=106
published_frame=609
published_frame=610
editbox_emit sequence=306 bytes=38 elapsed_us=2245 envelope=@J10000000001000000030643787|I421XJ00;
editbox_receipt monotonic_ns=578759547935063 received=304 consumed=304 revision=107
published_frame=611
published_frame=612
editbox_emit sequence=307 bytes=38 elapsed_us=2077 envelope=@J10000000001000000030721254|I421ZJ00;
published_frame=613
published_frame=614
editbox_emit sequence=308 bytes=38 elapsed_us=2003 envelope=@J10000000001000000030864242|I421bJ00;
editbox_receipt monotonic_ns=578759622884617 received=307 consumed=307 revision=108
published_frame=615
published_frame=616
editbox_emit sequence=309 bytes=38 elapsed_us=2087 envelope=@J10000000001000000030941709|I421dJ00;
published_frame=617
published_frame=618
editbox_emit sequence=310 bytes=38 elapsed_us=2033 envelope=@J10000000001000000031032393|I421fJ00;
published_frame=619
published_frame=620
editbox_emit sequence=311 bytes=38 elapsed_us=2014 envelope=@J10000000001000000031109860|I421hJ00;
editbox_receipt monotonic_ns=578759722092906 received=310 consumed=310 revision=109
published_frame=621
published_frame=622
editbox_emit sequence=312 bytes=38 elapsed_us=2090 envelope=@J10000000001000000031252848|I421jJ00;
published_frame=623
published_frame=624
editbox_emit sequence=313 bytes=38 elapsed_us=2292 envelope=@J10000000001000000031330315|I421lJ00;
published_frame=625
published_frame=626
editbox_emit sequence=314 bytes=38 elapsed_us=2201 envelope=@J10000000001000000031407782|I421nJ00;
editbox_receipt monotonic_ns=578759823340921 received=313 consumed=313 revision=110
published_frame=627
published_frame=628
editbox_emit sequence=315 bytes=38 elapsed_us=2158 envelope=@J10000000001000000031550770|I421pJ00;
published_frame=629
published_frame=630
editbox_emit sequence=316 bytes=38 elapsed_us=2040 envelope=@J10000000001000000031628237|I421rJ00;
published_frame=631
published_frame=632
editbox_emit sequence=317 bytes=38 elapsed_us=2398 envelope=@J10000000001000000031705704|I421tJ00;
editbox_receipt monotonic_ns=578759912050425 received=316 consumed=316 revision=111
published_frame=633
published_frame=634
editbox_emit sequence=318 bytes=38 elapsed_us=2191 envelope=@J10000000001000000031848692|I421vJ00;
published_frame=635
published_frame=636
editbox_emit sequence=319 bytes=38 elapsed_us=2160 envelope=@J10000000001000000031926159|I421xJ00;
published_frame=637
published_frame=638
editbox_emit sequence=320 bytes=38 elapsed_us=2696 envelope=@J10000000001000000032016843|I421zJ00;
editbox_receipt monotonic_ns=578760013023524 received=319 consumed=319 revision=112
published_frame=639
published_frame=640
editbox_emit sequence=321 bytes=38 elapsed_us=2749 envelope=@J10000000001000000032159831|I421_J00;
published_frame=641
published_frame=642
editbox_emit sequence=322 bytes=38 elapsed_us=3109 envelope=@J10000000001000000032229429|I421XK00;
published_frame=643
published_frame=644
editbox_emit sequence=323 bytes=38 elapsed_us=2517 envelope=@J10000000001000000032306896|I421ZK00;
editbox_receipt monotonic_ns=578760115458073 received=322 consumed=322 revision=113
published_frame=645
event mono_ns=578760140514000 frame=647 held=1 pressed=1 released=0
published_frame=646
editbox_emit sequence=324 bytes=38 elapsed_us=2402 envelope=@J10000000001000000032449884|I421bK00;
event mono_ns=578760145655000 frame=647 held=0 pressed=0 released=1
published_frame=647
published_frame=648
editbox_emit sequence=325 bytes=49 elapsed_us=3156 envelope=@J10000000001000000032523413|I421dKo0010011H03_0;
event mono_ns=578760191049000 frame=650 held=2 pressed=2 released=0
published_frame=649
event mono_ns=578760196284000 frame=650 held=0 pressed=0 released=2
published_frame=650
editbox_emit sequence=326 bytes=49 elapsed_us=4244 envelope=@J10000000001000000032645183|I421fK0o0020022Y07-;
published_frame=651
editbox_receipt monotonic_ns=578760234683967 received=326 consumed=326 revision=114
published_frame=652
editbox_emit sequence=327 bytes=38 elapsed_us=2443 envelope=@J10000000001000000032747806|I421hK00;
event mono_ns=578760241565000 frame=653 held=4 pressed=4 released=0
event mono_ns=578760246883000 frame=653 held=0 pressed=0 released=4
published_frame=653
published_frame=654
editbox_emit sequence=328 bytes=49 elapsed_us=2659 envelope=@J10000000001000000032842678|I421jKo004004FC0010;
published_frame=655
event mono_ns=578760292158000 frame=656 held=24 pressed=24 released=0
event mono_ns=578760297387000 frame=656 held=0 pressed=0 released=24
published_frame=656
editbox_emit sequence=329 bytes=49 elapsed_us=3173 envelope=@J10000000001000000032935785|I421lK0o00O00OUO002;
editbox_receipt monotonic_ns=578760324467565 received=328 consumed=328 revision=115
published_frame=657
published_frame=658
editbox_emit sequence=330 bytes=38 elapsed_us=2015 envelope=@J10000000001000000033058945|I421nK00;
event mono_ns=578760342664000 frame=659 held=16 pressed=16 released=0
event mono_ns=578760347931000 frame=659 held=0 pressed=0 released=16
published_frame=659
published_frame=660
editbox_emit sequence=331 bytes=44 elapsed_us=2404 envelope=@J10000000001000000033138420|I421pK200G00G0;
published_frame=661
event mono_ns=578760393180000 frame=662 held=16 pressed=16 released=0
event mono_ns=578760398380000 frame=662 held=0 pressed=0 released=16
published_frame=662
editbox_emit sequence=332 bytes=44 elapsed_us=2448 envelope=@J10000000001000000033233205|I421rK0200G00G;
published_frame=663
published_frame=664
editbox_emit sequence=333 bytes=38 elapsed_us=2016 envelope=@J10000000001000000033356867|I421tK00;
event mono_ns=578760443504000 frame=665 held=32 pressed=32 released=0
event mono_ns=578760448711000 frame=665 held=0 pressed=0 released=32
published_frame=665
published_frame=666
editbox_emit sequence=334 bytes=44 elapsed_us=2508 envelope=@J10000000001000000033453284|I421vK200W00W0;
published_frame=667
event mono_ns=578760493903000 frame=668 held=64 pressed=64 released=0
event mono_ns=578760499035000 frame=668 held=0 pressed=0 released=64
published_frame=668
editbox_emit sequence=335 bytes=44 elapsed_us=2274 envelope=@J10000000001000000033520387|I421xK02010010;
editbox_receipt monotonic_ns=578760521824217 received=334 consumed=331 revision=116
published_frame=669
published_frame=670
editbox_emit sequence=336 bytes=38 elapsed_us=2140 envelope=@J10000000001000000033654789|I421zK00;
event mono_ns=578760544314000 frame=671 held=256 pressed=256 released=0
event mono_ns=578760549555000 frame=671 held=0 pressed=0 released=256
editbox_receipt monotonic_ns=578760554769210 received=334 consumed=334 revision=117
published_frame=671
published_frame=672
editbox_emit sequence=337 bytes=44 elapsed_us=2500 envelope=@J10000000001000000033749123|I421_K20400400;
published_frame=673
event mono_ns=578760594877000 frame=674 held=512 pressed=512 released=0
event mono_ns=578760600078000 frame=674 held=0 pressed=0 released=512
published_frame=674
editbox_emit sequence=338 bytes=44 elapsed_us=2645 envelope=@J10000000001000000033808533|I421XL02080080;
published_frame=675
published_frame=676
editbox_emit sequence=339 bytes=38 elapsed_us=2398 envelope=@J10000000001000000033944842|I421ZL00;
event mono_ns=578760645306000 frame=677 held=128 pressed=128 released=0
editbox_receipt monotonic_ns=578760646109357 received=338 consumed=337 revision=118
event mono_ns=578760650480000 frame=677 held=0 pressed=0 released=128
published_frame=677
published_frame=678
editbox_emit sequence=340 bytes=44 elapsed_us=3017 envelope=@J10000000001000000034056511|I421bL20200200;
published_frame=679
event mono_ns=578760695697000 frame=680 held=16384 pressed=16384 released=0
event mono_ns=578760700876000 frame=680 held=0 pressed=0 released=16384
published_frame=680
editbox_emit sequence=341 bytes=44 elapsed_us=3536 envelope=@J10000000001000000034140216|I421dL02400400;
published_frame=681
published_frame=682
editbox_emit sequence=342 bytes=38 elapsed_us=2298 envelope=@J10000000001000000034255981|I421fL00;
event mono_ns=578760746119000 frame=683 held=32 pressed=32 released=0
event mono_ns=578760746147000 frame=683 held=96 pressed=64 released=0
event mono_ns=578760751395000 frame=683 held=64 pressed=0 released=32
event mono_ns=578760751420000 frame=683 held=0 pressed=0 released=64
editbox_receipt monotonic_ns=578760756387764 received=341 consumed=340 revision=119
published_frame=683
published_frame=684
editbox_emit sequence=343 bytes=44 elapsed_us=2451 envelope=@J10000000001000000034340207|I421hL201W01W0;
published_frame=685
event mono_ns=578760796679000 frame=686 held=1 pressed=1 released=0
event mono_ns=578760801809000 frame=686 held=0 pressed=0 released=1
published_frame=686
editbox_emit sequence=344 bytes=49 elapsed_us=2671 envelope=@J10000000001000000034415118|I421jL0o0010011H03_;
published_frame=687
published_frame=688
editbox_emit sequence=345 bytes=38 elapsed_us=2020 envelope=@J10000000001000000034553903|I421lL00;
event mono_ns=578760847029000 frame=689 held=2 pressed=2 released=0
event mono_ns=578760852219000 frame=689 held=0 pressed=0 released=2
published_frame=689
editbox_receipt monotonic_ns=578760857492199 received=343 consumed=343 revision=120
published_frame=690
editbox_emit sequence=346 bytes=49 elapsed_us=3193 envelope=@J10000000001000000034605375|I421nLo0020022Y07-0;
published_frame=691
event mono_ns=578760897437000 frame=692 held=4 pressed=4 released=0
event mono_ns=578760902681000 frame=692 held=0 pressed=0 released=4
published_frame=692
editbox_emit sequence=347 bytes=49 elapsed_us=2628 envelope=@J10000000001000000034734628|I421pL0o004004FC001;
published_frame=693
published_frame=694
editbox_emit sequence=348 bytes=38 elapsed_us=2264 envelope=@J10000000001000000034851825|I421rL00;
event mono_ns=578760947924000 frame=695 held=24 pressed=24 released=0
event mono_ns=578760953165000 frame=695 held=0 pressed=0 released=24
editbox_receipt monotonic_ns=578760956053155 received=346 consumed=346 revision=121
published_frame=695
published_frame=696
editbox_emit sequence=349 bytes=49 elapsed_us=2902 envelope=@J10000000001000000034941563|I421tLo00O00OUO0020;
published_frame=697
event mono_ns=578760998356000 frame=698 held=16 pressed=16 released=0
event mono_ns=578761003527000 frame=698 held=0 pressed=0 released=16
published_frame=698
editbox_emit sequence=350 bytes=44 elapsed_us=2318 envelope=@J10000000001000000035040717|I421vL0200G00G;
published_frame=699
published_frame=700
editbox_emit sequence=351 bytes=38 elapsed_us=2184 envelope=@J10000000001000000035162964|I421xL00;
event mono_ns=578761048728000 frame=701 held=16 pressed=16 released=0
editbox_receipt monotonic_ns=578761053793021 received=349 consumed=349 revision=122
event mono_ns=578761053872000 frame=701 held=0 pressed=0 released=16
published_frame=701
published_frame=702
editbox_emit sequence=352 bytes=44 elapsed_us=2244 envelope=@J10000000001000000035207930|I421zL200G00G0;
published_frame=703
event mono_ns=578761099078000 frame=704 held=32 pressed=32 released=0
event mono_ns=578761104285000 frame=704 held=0 pressed=0 released=32
published_frame=704
editbox_emit sequence=353 bytes=44 elapsed_us=2567 envelope=@J10000000001000000035338166|I421_L0200W00W;
published_frame=705
published_frame=706
editbox_emit sequence=354 bytes=38 elapsed_us=2146 envelope=@J10000000001000000035453017|I421XM00;
editbox_receipt monotonic_ns=578761148390716 received=352 consumed=352 revision=123
event mono_ns=578761149554000 frame=707 held=64 pressed=64 released=0
event mono_ns=578761154763000 frame=707 held=0 pressed=0 released=64
published_frame=707
published_frame=708
editbox_emit sequence=355 bytes=44 elapsed_us=4607 envelope=@J10000000001000000035561446|I421ZM20100100;
published_frame=709
event mono_ns=578761200047000 frame=710 held=256 pressed=256 released=0
event mono_ns=578761205266000 frame=710 held=0 pressed=0 released=256
published_frame=710
editbox_emit sequence=356 bytes=44 elapsed_us=2817 envelope=@J10000000001000000035635589|I421bM02040040;
published_frame=711
published_frame=712
editbox_emit sequence=357 bytes=38 elapsed_us=1974 envelope=@J10000000001000000035750939|I421dM00;
editbox_receipt monotonic_ns=578761244489325 received=356 consumed=355 revision=124
event mono_ns=578761250473000 frame=713 held=512 pressed=512 released=0
event mono_ns=578761255664000 frame=713 held=0 pressed=0 released=512
published_frame=713
published_frame=714
editbox_emit sequence=358 bytes=44 elapsed_us=2216 envelope=@J10000000001000000035821993|I421fM20800800;
published_frame=715
event mono_ns=578761301058000 frame=716 held=128 pressed=128 released=0
event mono_ns=578761306205000 frame=716 held=0 pressed=0 released=128
published_frame=716
editbox_emit sequence=359 bytes=44 elapsed_us=2476 envelope=@J10000000001000000035907359|I421hM02020020;
published_frame=717
editbox_receipt monotonic_ns=578761334507653 received=358 consumed=358 revision=125
published_frame=718
editbox_emit sequence=360 bytes=38 elapsed_us=2062 envelope=@J10000000001000000036062078|I421jM00;
event mono_ns=578761351444000 frame=719 held=16384 pressed=16384 released=0
event mono_ns=578761356627000 frame=719 held=0 pressed=0 released=16384
published_frame=719
published_frame=720
editbox_emit sequence=361 bytes=44 elapsed_us=2382 envelope=@J10000000001000000036133604|I421lM24004000;
published_frame=721
event mono_ns=578761401822000 frame=722 held=32 pressed=32 released=0
event mono_ns=578761401842000 frame=722 held=96 pressed=64 released=0
event mono_ns=578761407015000 frame=722 held=64 pressed=0 released=32
event mono_ns=578761407040000 frame=722 held=0 pressed=0 released=64
published_frame=722
editbox_emit sequence=362 bytes=44 elapsed_us=3281 envelope=@J10000000001000000036201690|I421nM0201W01W;
published_frame=723
published_frame=724
editbox_emit sequence=363 bytes=38 elapsed_us=2366 envelope=@J10000000001000000036360000|I421pM00;
event mono_ns=578761452288000 frame=725 held=1 pressed=1 released=0
event mono_ns=578761457488000 frame=726 held=0 pressed=0 released=1
published_frame=725
published_frame=726
editbox_emit sequence=364 bytes=61 elapsed_us=3350 envelope=@J10000000001000000036439455|I421rMt001001000Fm31H03_2000001;
published_frame=727
event mono_ns=578761502661000 frame=728 held=2 pressed=2 released=0
event mono_ns=578761507840000 frame=729 held=0 pressed=0 released=2
published_frame=728
editbox_emit sequence=365 bytes=55 elapsed_us=3506 envelope=@J10000000001000000036513802|I421tM0t002002000Fq22Y07-;
published_frame=729
editbox_receipt monotonic_ns=578761524617486 received=364 consumed=362 revision=126
published_frame=730
editbox_emit sequence=366 bytes=44 elapsed_us=2902 envelope=@J10000000001000000036635362|I421vM20000020;
event mono_ns=578761553067000 frame=731 held=4 pressed=4 released=0
published_frame=731
event mono_ns=578761558171000 frame=732 held=0 pressed=0 released=4
published_frame=732
editbox_emit sequence=367 bytes=61 elapsed_us=3862 envelope=@J10000000001000000036756015|I421xMt00400400003zFC0012000004;
published_frame=733
event mono_ns=578761603344000 frame=734 held=24 pressed=24 released=0
published_frame=734
editbox_emit sequence=368 bytes=55 elapsed_us=4120 envelope=@J10000000001000000036820770|I421zM0t00O00O00003-UO002;
event mono_ns=578761608553000 frame=735 held=0 pressed=0 released=24
editbox_receipt monotonic_ns=578761613669533 received=364 consumed=364 revision=127
published_frame=735
published_frame=736
editbox_emit sequence=369 bytes=44 elapsed_us=2791 envelope=@J10000000001000000036902882|I421_M200000O0;
event mono_ns=578761653748000 frame=737 held=16 pressed=16 released=0
published_frame=737
event mono_ns=578761658950000 frame=738 held=0 pressed=0 released=16
published_frame=738
editbox_emit sequence=370 bytes=53 elapsed_us=3481 envelope=@J10000000001000000037037973|I421XN300G00G000200000G;
published_frame=739
editbox_receipt monotonic_ns=578761701396805 received=367 consumed=367 revision=128
event mono_ns=578761704173000 frame=740 held=16 pressed=16 released=0
published_frame=740
editbox_emit sequence=371 bytes=47 elapsed_us=3204 envelope=@J10000000001000000037154230|I421ZN0300G00G000;
event mono_ns=578761709327000 frame=741 held=0 pressed=0 released=16
published_frame=741
published_frame=742
editbox_emit sequence=372 bytes=44 elapsed_us=3028 envelope=@J10000000001000000037245288|I421bN200000G0;
event mono_ns=578761754588000 frame=743 held=32 pressed=32 released=0
published_frame=743
event mono_ns=578761759801000 frame=744 held=0 pressed=0 released=32
editbox_receipt monotonic_ns=578761767309895 received=370 consumed=370 revision=129
published_frame=744
editbox_emit sequence=373 bytes=53 elapsed_us=3451 envelope=@J10000000001000000037361204|I421dN300W00W000200000W;
published_frame=745
event mono_ns=578761804974000 frame=746 held=64 pressed=64 released=0
published_frame=746
editbox_emit sequence=374 bytes=47 elapsed_us=2982 envelope=@J10000000001000000037461529|I421fN03010010000;
event mono_ns=578761810210000 frame=747 held=0 pressed=0 released=64
published_frame=747
published_frame=748
editbox_emit sequence=375 bytes=44 elapsed_us=2973 envelope=@J10000000001000000037500750|I421hN20000100;
event mono_ns=578761855362000 frame=749 held=256 pressed=256 released=0
editbox_receipt monotonic_ns=578761856790715 received=374 consumed=374 revision=130
published_frame=749
event mono_ns=578761860557000 frame=750 held=0 pressed=0 released=256
published_frame=750
editbox_emit sequence=376 bytes=56 elapsed_us=4290 envelope=@J10000000001000000037610304|I421jNB040040000Fy02000040;
published_frame=751
event mono_ns=578761905742000 frame=752 held=512 pressed=512 released=0
published_frame=752
editbox_emit sequence=377 bytes=50 elapsed_us=3323 envelope=@J10000000001000000037719624|I421lN0B08008000003_;
event mono_ns=578761910879000 frame=753 held=0 pressed=0 released=512
published_frame=753
published_frame=754
editbox_emit sequence=378 bytes=44 elapsed_us=2672 envelope=@J10000000001000000037810629|I421nN20000800;
event mono_ns=578761956060000 frame=755 held=128 pressed=128 released=0
published_frame=755
event mono_ns=578761961299000 frame=756 held=0 pressed=0 released=128
editbox_receipt monotonic_ns=578761965959611 received=376 consumed=376 revision=131
published_frame=756
editbox_emit sequence=379 bytes=53 elapsed_us=3864 envelope=@J10000000001000000037960551|I421pN30200200002000020;
published_frame=757
event mono_ns=578762006460000 frame=758 held=16384 pressed=16384 released=0
published_frame=758
editbox_emit sequence=380 bytes=47 elapsed_us=2860 envelope=@J10000000001000000038030711|I421rN03400400000;
event mono_ns=578762011729000 frame=759 held=0 pressed=0 released=16384
published_frame=759
published_frame=760
editbox_emit sequence=381 bytes=44 elapsed_us=2215 envelope=@J10000000001000000038140092|I421tN20004000;
event mono_ns=578762056991000 frame=761 held=32 pressed=32 released=0
event mono_ns=578762057067000 frame=761 held=96 pressed=64 released=0
published_frame=761
event mono_ns=578762062294000 frame=762 held=64 pressed=0 released=32
event mono_ns=578762062375000 frame=762 held=0 pressed=0 released=64
editbox_receipt monotonic_ns=578762066648787 received=379 consumed=379 revision=132
published_frame=762
editbox_emit sequence=382 bytes=53 elapsed_us=2903 envelope=@J10000000001000000038237038|I421vN301W01W000200001W;
published_frame=763
event mono_ns=578762107613000 frame=765 held=1 pressed=1 released=0
published_frame=764
editbox_emit sequence=383 bytes=38 elapsed_us=2662 envelope=@J10000000001000000038321031|I421xN00;
event mono_ns=578762112806000 frame=765 held=0 pressed=0 released=1
published_frame=765
published_frame=766
editbox_emit sequence=384 bytes=49 elapsed_us=3157 envelope=@J10000000001000000038457049|I421zNo0010011H03_0;
event mono_ns=578762158034000 frame=768 held=2 pressed=2 released=0
published_frame=767
event mono_ns=578762163223000 frame=768 held=0 pressed=0 released=2
editbox_receipt monotonic_ns=578762168445690 received=382 consumed=382 revision=133
published_frame=768
editbox_emit sequence=385 bytes=49 elapsed_us=3502 envelope=@J10000000001000000038513298|I421_N0o0020022Y07-;
published_frame=769
published_frame=770
editbox_emit sequence=386 bytes=38 elapsed_us=2356 envelope=@J10000000001000000038611084|I421XO00;
event mono_ns=578762208446000 frame=771 held=4 pressed=4 released=0
event mono_ns=578762213671000 frame=771 held=0 pressed=0 released=4
published_frame=771
published_frame=772
editbox_emit sequence=387 bytes=49 elapsed_us=3002 envelope=@J10000000001000000038714010|I421ZOo004004FC0010;
published_frame=773
event mono_ns=578762258910000 frame=774 held=24 pressed=24 released=0
event mono_ns=578762264063000 frame=774 held=0 pressed=0 released=24
published_frame=774
editbox_emit sequence=388 bytes=49 elapsed_us=2795 envelope=@J10000000001000000038807117|I421bO0o00O00OUO002;
published_frame=775
editbox_receipt monotonic_ns=578762293174552 received=387 consumed=387 revision=134
published_frame=776
editbox_emit sequence=389 bytes=38 elapsed_us=2122 envelope=@J10000000001000000038909006|I421dO00;
event mono_ns=578762309302000 frame=777 held=16 pressed=16 released=0
event mono_ns=578762314475000 frame=777 held=0 pressed=0 released=16
published_frame=777
published_frame=778
editbox_emit sequence=390 bytes=44 elapsed_us=2659 envelope=@J10000000001000000039036129|I421fO200G00G0;
editbox_receipt monotonic_ns=578762348553339 received=389 consumed=389 revision=135
published_frame=779
event mono_ns=578762359643000 frame=780 held=16 pressed=16 released=0
event mono_ns=578762364901000 frame=780 held=0 pressed=0 released=16
published_frame=780
editbox_emit sequence=391 bytes=44 elapsed_us=2367 envelope=@J10000000001000000039130914|I421hO0200G00G;
published_frame=781
published_frame=782
editbox_emit sequence=392 bytes=38 elapsed_us=2512 envelope=@J10000000001000000039220145|I421jO00;
event mono_ns=578762410090000 frame=783 held=32 pressed=32 released=0
event mono_ns=578762415317000 frame=783 held=0 pressed=0 released=32
published_frame=783
published_frame=784
editbox_emit sequence=393 bytes=44 elapsed_us=2315 envelope=@J10000000001000000039350993|I421lO200W00W0;
published_frame=785
event mono_ns=578762460608000 frame=786 held=64 pressed=64 released=0
event mono_ns=578762465727000 frame=786 held=0 pressed=0 released=64
published_frame=786
editbox_emit sequence=394 bytes=44 elapsed_us=2363 envelope=@J10000000001000000039418096|I421nO02010010;
published_frame=787
editbox_receipt monotonic_ns=578762498881941 received=391 consumed=391 revision=136
published_frame=788
editbox_emit sequence=395 bytes=38 elapsed_us=2295 envelope=@J10000000001000000039518067|I421pO00;
event mono_ns=578762510971000 frame=789 held=256 pressed=256 released=0
event mono_ns=578762516266000 frame=789 held=0 pressed=0 released=256
published_frame=789
published_frame=790
editbox_emit sequence=396 bytes=44 elapsed_us=2219 envelope=@J10000000001000000039646832|I421rO20400400;
published_frame=791
event mono_ns=578762561439000 frame=792 held=512 pressed=512 released=0
event mono_ns=578762566591000 frame=792 held=0 pressed=0 released=512
published_frame=792
editbox_emit sequence=397 bytes=44 elapsed_us=2368 envelope=@J10000000001000000039711413|I421tO02080080;
published_frame=793
editbox_receipt monotonic_ns=578762591833469 received=395 consumed=395 revision=137
published_frame=794
editbox_emit sequence=398 bytes=38 elapsed_us=2629 envelope=@J10000000001000000039815989|I421vO00;
event mono_ns=578762611797000 frame=795 held=128 pressed=128 released=0
event mono_ns=578762617033000 frame=795 held=0 pressed=0 released=128
published_frame=795
published_frame=796
editbox_emit sequence=399 bytes=44 elapsed_us=2365 envelope=@J10000000001000000039937325|I421xO20200200;
published_frame=797
event mono_ns=578762662248000 frame=798 held=16384 pressed=16384 released=0
event mono_ns=578762667352000 frame=798 held=0 pressed=0 released=16384
published_frame=798
editbox_emit sequence=400 bytes=44 elapsed_us=2634 envelope=@J10000000001000000040012377|I421zO02400400;
editbox_receipt monotonic_ns=578762678132062 received=398 consumed=398 revision=138
published_frame=799
published_frame=800
editbox_emit sequence=401 bytes=38 elapsed_us=2978 envelope=@J10000000001000000040103024|I421_O00;
event mono_ns=578762712612000 frame=801 held=32 pressed=32 released=0
event mono_ns=578762712697000 frame=801 held=96 pressed=64 released=0
event mono_ns=578762717875000 frame=801 held=64 pressed=0 released=32
event mono_ns=578762717890000 frame=801 held=0 pressed=0 released=64
published_frame=801
published_frame=802
editbox_emit sequence=402 bytes=44 elapsed_us=2973 envelope=@J10000000001000000040207197|I421XP201W01W0;
editbox_receipt monotonic_ns=578762745267154 received=400 consumed=400 revision=139
published_frame=803
event mono_ns=578762763336000 frame=804 held=32 pressed=32 released=0
event mono_ns=578762768540000 frame=804 held=0 pressed=0 released=32
event mono_ns=578762813737000 frame=807 held=32 pressed=32 released=0
event mono_ns=578762818963000 frame=807 held=0 pressed=0 released=32
event mono_ns=578762864258000 frame=810 held=32 pressed=32 released=0
event mono_ns=578762869484000 frame=810 held=0 pressed=0 released=32
event mono_ns=578762914893000 frame=813 held=32 pressed=32 released=0
event mono_ns=578762920037000 frame=813 held=0 pressed=0 released=32
published_frame=804
published_frame=805
published_frame=806
published_frame=807
published_frame=808
published_frame=809
published_frame=810
published_frame=811
published_frame=812
published_frame=813
published_frame=814
published_frame=815
published_frame=816
published_frame=817
published_frame=818
editbox_receipt monotonic_ns=578763014285012 received=402 consumed=402 revision=142
editbox_emit sequence=403 bytes=44 elapsed_us=3059 envelope=@J10000000001000000040331575|I421ZP0200W00W;
editbox_emit sequence=404 bytes=38 elapsed_us=2542 envelope=@J10000000001000000040458598|I421bP00;
editbox_emit sequence=405 bytes=44 elapsed_us=2810 envelope=@J10000000001000000040516203|I421dP200W00W0;
published_frame=819
editbox_emit sequence=406 bytes=44 elapsed_us=2609 envelope=@J10000000001000000040659094|I421fP0200W00W;
editbox_emit sequence=407 bytes=38 elapsed_us=2158 envelope=@J10000000001000000040756520|I421hP00;
editbox_emit sequence=408 bytes=44 elapsed_us=2422 envelope=@J10000000001000000040843722|I421jP200W00W0;
editbox_emit sequence=409 bytes=38 elapsed_us=2142 envelope=@J10000000001000000040911454|I421lP00;
published_frame=820
editbox_emit sequence=410 bytes=38 elapsed_us=1991 envelope=@J10000000001000000041002138|I421nP00;
editbox_emit sequence=411 bytes=38 elapsed_us=1848 envelope=@J10000000001000000041145126|I421pP00;
published_frame=821
published_frame=822
editbox_emit sequence=412 bytes=38 elapsed_us=2007 envelope=@J10000000001000000041222593|I421rP00;
published_frame=823
published_frame=824
editbox_emit sequence=413 bytes=38 elapsed_us=3521 envelope=@J10000000001000000041300060|I421tP00;
published_frame=825
published_frame=826
editbox_emit sequence=414 bytes=38 elapsed_us=2148 envelope=@J10000000001000000041443048|I421vP00;
published_frame=827
published_frame=828
editbox_emit sequence=415 bytes=38 elapsed_us=2281 envelope=@J10000000001000000041520515|I421xP00;
published_frame=829
published_frame=830
editbox_emit sequence=416 bytes=38 elapsed_us=3900 envelope=@J10000000001000000041663503|I421zP00;
editbox_receipt monotonic_ns=578763223556434 received=414 consumed=407 revision=143
published_frame=831
published_frame=832
editbox_emit sequence=417 bytes=38 elapsed_us=3289 envelope=@J10000000001000000041740970|I421_P00;
published_frame=833
published_frame=834
editbox_emit sequence=418 bytes=38 elapsed_us=2677 envelope=@J10000000001000000041810568|I421XQ00;
published_frame=835
published_frame=836
editbox_emit sequence=419 bytes=38 elapsed_us=2841 envelope=@J10000000001000000041953556|I421ZQ00;
editbox_receipt monotonic_ns=578763312371075 received=417 consumed=413 revision=144
published_frame=837
published_frame=838
editbox_emit sequence=420 bytes=38 elapsed_us=2941 envelope=@J10000000001000000042044240|I421bQ00;
published_frame=839
published_frame=840
editbox_emit sequence=421 bytes=38 elapsed_us=3457 envelope=@J10000000001000000042121707|I421dQ00;
editbox_receipt monotonic_ns=578763379875228 received=417 consumed=417 revision=145
published_frame=841
published_frame=842
editbox_emit sequence=422 bytes=38 elapsed_us=2205 envelope=@J10000000001000000042264695|I421fQ00;
published_frame=843
published_frame=844
editbox_emit sequence=423 bytes=38 elapsed_us=2187 envelope=@J10000000001000000042342162|I421hQ00;
published_frame=845
published_frame=846
editbox_emit sequence=424 bytes=38 elapsed_us=2096 envelope=@J10000000001000000042419629|I421jQ00;
published_frame=847
published_frame=848
editbox_emit sequence=425 bytes=38 elapsed_us=2190 envelope=@J10000000001000000042562617|I421lQ00;
published_frame=849
published_frame=850
editbox_emit sequence=426 bytes=38 elapsed_us=2322 envelope=@J10000000001000000042640084|I421nQ00;
published_frame=851
editbox_emit sequence=418 bytes=38 elapsed_us=2610 envelope=@J10000000001000000041810568|I421XQ00;
editbox_receipt monotonic_ns=578763567851771 received=420 consumed=420 revision=146
editbox_emit sequence=421 bytes=38 elapsed_us=2082 envelope=@J10000000001000000042121707|I421dQ00;
published_frame=852
published_frame=853
published_frame=854
event mono_ns=578763613564000 frame=855 held=1 pressed=1 released=0
event mono_ns=578763618819000 frame=855 held=0 pressed=0 released=1
published_frame=855
editbox_receipt monotonic_ns=578763632190008 received=426 consumed=426 revision=147
editbox_emit sequence=427 bytes=38 elapsed_us=2836 envelope=@J10000000001000000042717551|I421pQ00;
editbox_emit sequence=428 bytes=38 elapsed_us=1985 envelope=@J10000000001000000042860539|I421rQ00;
published_frame=856
editbox_emit sequence=429 bytes=49 elapsed_us=3510 envelope=@J10000000001000000042925968|I421tQo0010011H03_0;
published_frame=857
event mono_ns=578763664087000 frame=858 held=2 pressed=2 released=0
event mono_ns=578763669276000 frame=858 held=0 pressed=0 released=2
published_frame=858
editbox_emit sequence=430 bytes=49 elapsed_us=3135 envelope=@J10000000001000000043011152|I421vQ0o0020022Y07-;
published_frame=859
published_frame=860
editbox_emit sequence=431 bytes=38 elapsed_us=2097 envelope=@J10000000001000000043106157|I421xQ00;
event mono_ns=578763714547000 frame=861 held=4 pressed=4 released=0
event mono_ns=578763719823000 frame=861 held=0 pressed=0 released=4
published_frame=861
editbox_receipt monotonic_ns=578763734897308 received=430 consumed=430 revision=148
published_frame=862
editbox_emit sequence=432 bytes=49 elapsed_us=3508 envelope=@J10000000001000000043208647|I421zQo004004FC0010;
published_frame=863
event mono_ns=578763765088000 frame=864 held=24 pressed=24 released=0
event mono_ns=578763770302000 frame=864 held=0 pressed=0 released=24
published_frame=864
editbox_emit sequence=433 bytes=49 elapsed_us=4130 envelope=@J10000000001000000043301754|I421_Q0o00O00OUO002;
published_frame=865
published_frame=866
editbox_emit sequence=434 bytes=38 elapsed_us=2083 envelope=@J10000000001000000043461731|I421XR00;
editbox_receipt monotonic_ns=578763811961717 received=430 consumed=430 revision=149
event mono_ns=578763815555000 frame=867 held=16 pressed=16 released=0
event mono_ns=578763820864000 frame=867 held=0 pressed=0 released=16
published_frame=867
published_frame=868
editbox_emit sequence=435 bytes=44 elapsed_us=2442 envelope=@J10000000001000000043532299|I421ZR200G00G0;
published_frame=869
event mono_ns=578763866175000 frame=870 held=16 pressed=16 released=0
event mono_ns=578763871324000 frame=870 held=0 pressed=0 released=16
published_frame=870
editbox_emit sequence=436 bytes=44 elapsed_us=2457 envelope=@J10000000001000000043627084|I421bR0200G00G;
published_frame=871
editbox_receipt monotonic_ns=578763897628495 received=433 consumed=433 revision=150
published_frame=872
editbox_emit sequence=437 bytes=38 elapsed_us=2448 envelope=@J10000000001000000043759653|I421dR00;
event mono_ns=578763916563000 frame=873 held=32 pressed=32 released=0
event mono_ns=578763921797000 frame=873 held=0 pressed=0 released=32
published_frame=873
published_frame=874
editbox_emit sequence=438 bytes=44 elapsed_us=3622 envelope=@J10000000001000000043847163|I421fR200W00W0;
published_frame=875
event mono_ns=578763967043000 frame=876 held=64 pressed=64 released=0
event mono_ns=578763972217000 frame=876 held=0 pressed=0 released=64
published_frame=876
editbox_emit sequence=439 bytes=44 elapsed_us=2326 envelope=@J10000000001000000043914266|I421hR02010010;
published_frame=877
editbox_receipt monotonic_ns=578763994573350 received=438 consumed=438 revision=151
published_frame=878
editbox_emit sequence=440 bytes=38 elapsed_us=2183 envelope=@J10000000001000000044005271|I421jR00;
event mono_ns=578764017485000 frame=879 held=256 pressed=256 released=0
event mono_ns=578764022782000 frame=879 held=0 pressed=0 released=256
published_frame=879
published_frame=880
editbox_emit sequence=441 bytes=44 elapsed_us=2590 envelope=@J10000000001000000044165068|I421lR20400400;
published_frame=881
event mono_ns=578764067988000 frame=882 held=512 pressed=512 released=0
event mono_ns=578764073142000 frame=882 held=0 pressed=0 released=512
published_frame=882
editbox_emit sequence=442 bytes=44 elapsed_us=2359 envelope=@J10000000001000000044229649|I421nR02080080;
published_frame=883
editbox_receipt monotonic_ns=578764101508077 received=441 consumed=441 revision=152
published_frame=884
editbox_emit sequence=443 bytes=38 elapsed_us=2189 envelope=@J10000000001000000044303193|I421pR00;
event mono_ns=578764118360000 frame=885 held=128 pressed=128 released=0
event mono_ns=578764123638000 frame=885 held=0 pressed=0 released=128
published_frame=885
published_frame=886
editbox_emit sequence=444 bytes=44 elapsed_us=2421 envelope=@J10000000001000000044455561|I421rR20200200;
published_frame=887
event mono_ns=578764168876000 frame=888 held=16384 pressed=16384 released=0
event mono_ns=578764174056000 frame=889 held=0 pressed=0 released=16384
published_frame=888
editbox_emit sequence=445 bytes=47 elapsed_us=2813 envelope=@J10000000001000000044551843|I421tR03400400000;
editbox_receipt monotonic_ns=578764189757257 received=444 consumed=443 revision=153
published_frame=889
published_frame=890
editbox_emit sequence=446 bytes=44 elapsed_us=2266 envelope=@J10000000001000000044662120|I421vR20004000;
event mono_ns=578764219301000 frame=891 held=32 pressed=32 released=0
event mono_ns=578764219384000 frame=891 held=96 pressed=64 released=0
published_frame=891
event mono_ns=578764224614000 frame=892 held=64 pressed=0 released=32
event mono_ns=578764224644000 frame=892 held=0 pressed=0 released=64
published_frame=892
editbox_emit sequence=447 bytes=53 elapsed_us=2899 envelope=@J10000000001000000044724946|I421xR301W01W000200001W;
published_frame=893
event mono_ns=578764269839000 frame=894 held=1 pressed=1 released=0
published_frame=894
editbox_emit sequence=448 bytes=55 elapsed_us=3264 envelope=@J10000000001000000044852097|I421zR0t001001000Fm31H03_;
event mono_ns=578764275070000 frame=895 held=0 pressed=0 released=1
editbox_receipt monotonic_ns=578764279894809 received=446 consumed=446 revision=154
published_frame=895
published_frame=896
editbox_emit sequence=449 bytes=44 elapsed_us=2558 envelope=@J10000000001000000044964651|I421_R20000010;
event mono_ns=578764320269000 frame=897 held=2 pressed=2 released=0
published_frame=897
event mono_ns=578764325489000 frame=898 held=0 pressed=0 released=2
published_frame=898
editbox_emit sequence=450 bytes=61 elapsed_us=3734 envelope=@J10000000001000000045030537|I421XSt002002000Fq22Y07-2000002;
published_frame=899
event mono_ns=578764370665000 frame=900 held=4 pressed=4 released=0
published_frame=900
editbox_emit sequence=451 bytes=55 elapsed_us=3661 envelope=@J10000000001000000045102482|I421ZS0t00400400003zFC001;
event mono_ns=578764375847000 frame=901 held=0 pressed=0 released=4
published_frame=901
published_frame=902
editbox_emit sequence=452 bytes=44 elapsed_us=2455 envelope=@J10000000001000000045244297|I421bS20000040;
editbox_receipt monotonic_ns=578764412694162 received=451 consumed=449 revision=155
event mono_ns=578764421111000 frame=903 held=24 pressed=24 released=0
published_frame=903
event mono_ns=578764426223000 frame=904 held=0 pressed=0 released=24
published_frame=904
editbox_emit sequence=453 bytes=61 elapsed_us=3654 envelope=@J10000000001000000045331121|I421dSt00O00O00003-UO002200000O;
published_frame=905
event mono_ns=578764471439000 frame=906 held=16 pressed=16 released=0
published_frame=906
editbox_emit sequence=454 bytes=47 elapsed_us=2959 envelope=@J10000000001000000045437000|I421fS0300G00G000;
event mono_ns=578764476719000 frame=907 held=0 pressed=0 released=16
published_frame=907
published_frame=908
editbox_emit sequence=455 bytes=44 elapsed_us=2642 envelope=@J10000000001000000045509307|I421hS200000G0;
event mono_ns=578764521964000 frame=909 held=16 pressed=16 released=0
published_frame=909
event mono_ns=578764527045000 frame=910 held=0 pressed=0 released=16
published_frame=910
editbox_emit sequence=456 bytes=53 elapsed_us=3234 envelope=@J10000000001000000045633088|I421jS300G00G000200000G;
editbox_receipt monotonic_ns=578764557070202 received=453 consumed=453 revision=156
published_frame=911
event mono_ns=578764572274000 frame=912 held=32 pressed=32 released=0
published_frame=912
editbox_emit sequence=457 bytes=47 elapsed_us=2486 envelope=@J10000000001000000045709853|I421lS0300W00W000;
event mono_ns=578764577520000 frame=913 held=0 pressed=0 released=32
published_frame=913
published_frame=914
editbox_emit sequence=458 bytes=44 elapsed_us=3204 envelope=@J10000000001000000045840842|I421nS200000W0;
event mono_ns=578764622733000 frame=915 held=64 pressed=64 released=0
published_frame=915
event mono_ns=578764627898000 frame=916 held=0 pressed=0 released=64
published_frame=916
editbox_emit sequence=459 bytes=53 elapsed_us=3733 envelope=@J10000000001000000045900001|I421pS30100100002000010;
published_frame=917
event mono_ns=578764673122000 frame=918 held=256 pressed=256 released=0
published_frame=918
editbox_emit sequence=460 bytes=50 elapsed_us=2793 envelope=@J10000000001000000046030525|I421rS0B040040000Fy0;
event mono_ns=578764678247000 frame=919 held=0 pressed=0 released=256
published_frame=919
editbox_receipt monotonic_ns=578764700160171 received=458 consumed=457 revision=157
published_frame=920
editbox_emit sequence=461 bytes=44 elapsed_us=2490 envelope=@J10000000001000000046106794|I421tS20000400;
event mono_ns=578764723488000 frame=921 held=512 pressed=512 released=0
published_frame=921
event mono_ns=578764728690000 frame=922 held=0 pressed=0 released=512
editbox_receipt monotonic_ns=578764734103546 received=458 consumed=458 revision=158
published_frame=922
editbox_emit sequence=462 bytes=56 elapsed_us=3032 envelope=@J10000000001000000046254017|I421vSB08008000003_2000080;
published_frame=923
event mono_ns=578764773912000 frame=925 held=128 pressed=128 released=0
published_frame=924
editbox_emit sequence=463 bytes=38 elapsed_us=2137 envelope=@J10000000001000000046329745|I421xS00;
event mono_ns=578764779141000 frame=925 held=0 pressed=0 released=128
published_frame=925
published_frame=926
editbox_emit sequence=464 bytes=44 elapsed_us=2799 envelope=@J10000000001000000046415898|I421zS20200200;
event mono_ns=578764824303000 frame=928 held=16384 pressed=16384 released=0
published_frame=927
event mono_ns=578764829422000 frame=928 held=0 pressed=0 released=16384
published_frame=928
editbox_emit sequence=465 bytes=44 elapsed_us=2209 envelope=@J10000000001000000046565124|I421_S02400400;
published_frame=929
editbox_receipt monotonic_ns=578764867698362 received=463 consumed=463 revision=159
published_frame=930
editbox_emit sequence=466 bytes=38 elapsed_us=2334 envelope=@J10000000001000000046619798|I421XT00;
event mono_ns=578764874581000 frame=931 held=32 pressed=32 released=0
event mono_ns=578764874611000 frame=931 held=96 pressed=64 released=0
event mono_ns=578764879793000 frame=931 held=64 pressed=0 released=32
event mono_ns=578764879870000 frame=931 held=0 pressed=0 released=64
published_frame=931
published_frame=932
editbox_emit sequence=467 bytes=44 elapsed_us=3167 envelope=@J10000000001000000046759944|I421ZT201W01W0;
published_frame=933
event mono_ns=578764925139000 frame=934 held=1 pressed=1 released=0
event mono_ns=578764930442000 frame=934 held=0 pressed=0 released=1
published_frame=934
editbox_emit sequence=468 bytes=49 elapsed_us=3548 envelope=@J10000000001000000046802383|I421bT0o0010011H03_;
editbox_receipt monotonic_ns=578764947411246 received=467 consumed=464 revision=160
published_frame=935
published_frame=936
editbox_emit sequence=469 bytes=38 elapsed_us=2548 envelope=@J10000000001000000046917720|I421dT00;
event mono_ns=578764975656000 frame=937 held=2 pressed=2 released=0
event mono_ns=578764980931000 frame=937 held=0 pressed=0 released=2
published_frame=937
published_frame=938
editbox_emit sequence=470 bytes=49 elapsed_us=3302 envelope=@J10000000001000000047021575|I421fTo0020022Y07-0;
editbox_receipt monotonic_ns=578765023728834 received=467 consumed=467 revision=161
published_frame=939
event mono_ns=578765026134000 frame=940 held=4 pressed=4 released=0
event mono_ns=578765031346000 frame=940 held=0 pressed=0 released=4
published_frame=940
editbox_emit sequence=471 bytes=49 elapsed_us=2730 envelope=@J10000000001000000047150828|I421hT0o004004FC001;
published_frame=941
published_frame=942
editbox_emit sequence=472 bytes=38 elapsed_us=2598 envelope=@J10000000001000000047228859|I421jT00;
event mono_ns=578765076568000 frame=943 held=24 pressed=24 released=0
event mono_ns=578765081721000 frame=943 held=0 pressed=0 released=24
published_frame=943
published_frame=944
editbox_emit sequence=473 bytes=49 elapsed_us=3433 envelope=@J10000000001000000047357763|I421lTo00O00OUO0020;
editbox_receipt monotonic_ns=578765113544782 received=471 consumed=471 revision=162
published_frame=945
event mono_ns=578765126961000 frame=946 held=16 pressed=16 released=0
event mono_ns=578765132245000 frame=946 held=0 pressed=0 released=16
published_frame=946
editbox_emit sequence=474 bytes=44 elapsed_us=2514 envelope=@J10000000001000000047460454|I421nT0200G00G;
published_frame=947
published_frame=948
editbox_emit sequence=475 bytes=38 elapsed_us=2105 envelope=@J10000000001000000047526781|I421pT00;
event mono_ns=578765177466000 frame=949 held=16 pressed=16 released=0
event mono_ns=578765182656000 frame=949 held=0 pressed=0 released=16
published_frame=949
published_frame=950
editbox_emit sequence=476 bytes=44 elapsed_us=2475 envelope=@J10000000001000000047627667|I421rT200G00G0;
editbox_receipt monotonic_ns=578765221652168 received=475 consumed=473 revision=163
published_frame=951
event mono_ns=578765227873000 frame=952 held=32 pressed=32 released=0
event mono_ns=578765233025000 frame=952 held=0 pressed=0 released=32
published_frame=952
editbox_emit sequence=477 bytes=44 elapsed_us=2788 envelope=@J10000000001000000047757903|I421tT0200W00W;
published_frame=953
published_frame=954
editbox_emit sequence=478 bytes=38 elapsed_us=2242 envelope=@J10000000001000000047824703|I421vT00;
event mono_ns=578765278273000 frame=955 held=64 pressed=64 released=0
event mono_ns=578765283421000 frame=955 held=0 pressed=0 released=64
published_frame=955
editbox_receipt monotonic_ns=578765299251930 received=477 consumed=476 revision=164
published_frame=956
editbox_emit sequence=479 bytes=44 elapsed_us=2471 envelope=@J10000000001000000047920833|I421xT20100100;
published_frame=957
event mono_ns=578765328611000 frame=958 held=256 pressed=256 released=0
event mono_ns=578765333734000 frame=958 held=0 pressed=0 released=256
published_frame=958
editbox_emit sequence=480 bytes=44 elapsed_us=2338 envelope=@J10000000001000000048017042|I421zT02040040;
published_frame=959
published_frame=960
editbox_emit sequence=481 bytes=38 elapsed_us=2086 envelope=@J10000000001000000048135842|I421_T00;
editbox_receipt monotonic_ns=578765378194650 received=480 consumed=479 revision=165
event mono_ns=578765378981000 frame=961 held=512 pressed=512 released=0
event mono_ns=578765384135000 frame=961 held=0 pressed=0 released=512
published_frame=961
published_frame=962
editbox_emit sequence=482 bytes=44 elapsed_us=2327 envelope=@J10000000001000000048263796|I421XU20800800;
published_frame=963
event mono_ns=578765429320000 frame=964 held=128 pressed=128 released=0
event mono_ns=578765434631000 frame=964 held=0 pressed=0 released=128
published_frame=964
editbox_emit sequence=483 bytes=44 elapsed_us=2282 envelope=@J10000000001000000048349162|I421ZU02020020;
published_frame=965
published_frame=966
editbox_emit sequence=484 bytes=38 elapsed_us=2074 envelope=@J10000000001000000048425895|I421bU00;
event mono_ns=578765479846000 frame=967 held=16384 pressed=16384 released=0
event mono_ns=578765485042000 frame=967 held=0 pressed=0 released=16384
published_frame=967
published_frame=968
editbox_emit sequence=485 bytes=44 elapsed_us=2303 envelope=@J10000000001000000048553341|I421dU24004000;
published_frame=969
event mono_ns=578765530254000 frame=970 held=32 pressed=32 released=0
event mono_ns=578765530314000 frame=970 held=96 pressed=64 released=0
event mono_ns=578765535497000 frame=970 held=64 pressed=0 released=32
event mono_ns=578765535515000 frame=970 held=0 pressed=0 released=64
editbox_receipt monotonic_ns=578765537177088 received=483 consumed=483 revision=166
published_frame=970
editbox_emit sequence=486 bytes=44 elapsed_us=2540 envelope=@J10000000001000000048621427|I421fU0201W01W;
published_frame=971
published_frame=972
editbox_emit sequence=487 bytes=38 elapsed_us=1979 envelope=@J10000000001000000048723817|I421hU00;
event mono_ns=578765586330000 frame=973 held=32 pressed=32 released=0
published_frame=973
event mono_ns=578765591546000 frame=974 held=0 pressed=0 released=32
published_frame=974
editbox_emit sequence=488 bytes=53 elapsed_us=2749 envelope=@J10000000001000000048807853|I421jU300W00W000200000W;
published_frame=975
event mono_ns=578765636756000 frame=976 held=32 pressed=32 released=0
published_frame=976
editbox_emit sequence=489 bytes=47 elapsed_us=3349 envelope=@J10000000001000000048900938|I421lU0300W00W000;
event mono_ns=578765641924000 frame=977 held=0 pressed=0 released=32
editbox_receipt monotonic_ns=578765645928300 received=487 consumed=487 revision=167
published_frame=977
published_frame=978
editbox_emit sequence=490 bytes=44 elapsed_us=2887 envelope=@J10000000001000000049019174|I421nU200000W0;
event mono_ns=578765687110000 frame=979 held=32 pressed=32 released=0
published_frame=979
event mono_ns=578765692298000 frame=980 held=0 pressed=0 released=32
published_frame=980
editbox_emit sequence=491 bytes=53 elapsed_us=3465 envelope=@J10000000001000000049159064|I421pU300W00W000200000W;
published_frame=981
editbox_receipt monotonic_ns=578765734327582 received=490 consumed=489 revision=168
event mono_ns=578765737555000 frame=982 held=32 pressed=32 released=0
published_frame=982
editbox_emit sequence=492 bytes=47 elapsed_us=2931 envelope=@J10000000001000000049223497|I421rU0300W00W000;
event mono_ns=578765742772000 frame=983 held=0 pressed=0 released=32
published_frame=983
published_frame=984
editbox_emit sequence=493 bytes=44 elapsed_us=2862 envelope=@J10000000001000000049346693|I421tU200000W0;
published_frame=985
published_frame=986
editbox_emit sequence=494 bytes=38 elapsed_us=1995 envelope=@J10000000001000000049410345|I421vU00;
editbox_receipt monotonic_ns=578765812045455 received=493 consumed=491 revision=169
published_frame=987
published_frame=988
editbox_emit sequence=495 bytes=38 elapsed_us=2619 envelope=@J10000000001000000049553333|I421xU00;
editbox_receipt monotonic_ns=578765854711175 received=494 consumed=494 revision=170
published_frame=989
published_frame=990
editbox_emit sequence=496 bytes=38 elapsed_us=2380 envelope=@J10000000001000000049630800|I421zU00;
published_frame=991
published_frame=992
editbox_emit sequence=497 bytes=38 elapsed_us=2267 envelope=@J10000000001000000049708267|I421_U00;
published_frame=993
published_frame=994
editbox_emit sequence=498 bytes=38 elapsed_us=2263 envelope=@J10000000001000000049843386|I421XV00;
editbox_receipt monotonic_ns=578765945562695 received=497 consumed=497 revision=171
published_frame=995
published_frame=996
editbox_emit sequence=499 bytes=38 elapsed_us=2429 envelope=@J10000000001000000049920853|I421ZV00;
published_frame=997
published_frame=998
editbox_emit sequence=500 bytes=38 elapsed_us=2460 envelope=@J10000000001000000050052954|I421bV00;
published_frame=999
published_frame=1000
editbox_emit sequence=501 bytes=38 elapsed_us=2894 envelope=@J10000000001000000050130421|I421dV00;
editbox_receipt monotonic_ns=578766047087397 received=500 consumed=500 revision=172
published_frame=1001
published_frame=1002
editbox_emit sequence=502 bytes=38 elapsed_us=2976 envelope=@J10000000001000000050207888|I421fV00;
published_frame=1003
published_frame=1004
editbox_emit sequence=503 bytes=38 elapsed_us=2628 envelope=@J10000000001000000050350876|I421hV00;
published_frame=1005
published_frame=1006
editbox_emit sequence=504 bytes=38 elapsed_us=2141 envelope=@J10000000001000000050428343|I421jV00;
published_frame=1007
editbox_receipt monotonic_ns=578766166413558 received=503 consumed=503 revision=173
published_frame=1008
editbox_emit sequence=505 bytes=38 elapsed_us=2126 envelope=@J10000000001000000050505810|I421lV00;
published_frame=1009
published_frame=1010
editbox_emit sequence=506 bytes=38 elapsed_us=2146 envelope=@J10000000001000000050648798|I421nV00;
published_frame=1011
published_frame=1012
editbox_emit sequence=507 bytes=38 elapsed_us=2384 envelope=@J10000000001000000050726265|I421pV00;
editbox_receipt monotonic_ns=578766256022147 received=506 consumed=506 revision=174
published_frame=1013
published_frame=1014
editbox_emit sequence=508 bytes=38 elapsed_us=2438 envelope=@J10000000001000000050803732|I421rV00;
published_frame=1015
published_frame=1016
editbox_emit sequence=509 bytes=38 elapsed_us=2336 envelope=@J10000000001000000050946720|I421tV00;
published_frame=1017
published_frame=1018
editbox_emit sequence=510 bytes=38 elapsed_us=2403 envelope=@J10000000001000000051037404|I421vV00;
published_frame=1019
editbox_receipt monotonic_ns=578766366064590 received=509 consumed=509 revision=175
published_frame=1020
editbox_emit sequence=511 bytes=38 elapsed_us=2220 envelope=@J10000000001000000051114871|I421xV00;
published_frame=1021
published_frame=1022
editbox_emit sequence=512 bytes=38 elapsed_us=2227 envelope=@J10000000001000000051257859|I421zV00;
published_frame=1023
event mono_ns=578766436965000 frame=1024 held=1 pressed=1 released=0
published_frame=1024
editbox_emit sequence=513 bytes=55 elapsed_us=3408 envelope=@J10000000001000000051357751|I421_V0t001001000Fm31H03_;
event mono_ns=578766442214000 frame=1025 held=0 pressed=0 released=1
published_frame=1025
published_frame=1026
editbox_emit sequence=514 bytes=45 elapsed_us=2612 envelope=@J10000000001000000051410861|I421XW120000010;
event mono_ns=578766487409000 frame=1027 held=2 pressed=2 released=0
published_frame=1027
event mono_ns=578766492587000 frame=1028 held=0 pressed=0 released=2
published_frame=1028
editbox_emit sequence=515 bytes=62 elapsed_us=4175 envelope=@J10000000001000000051505796|I421ZW1t002002000Fq22Y07-2000002;
published_frame=1029
event mono_ns=578766537774000 frame=1030 held=4 pressed=4 released=0
published_frame=1030
editbox_emit sequence=516 bytes=56 elapsed_us=3641 envelope=@J10000000001000000051616163|I421bW10t00400400003zFC001;
event mono_ns=578766542914000 frame=1031 held=0 pressed=0 released=4
published_frame=1031
editbox_receipt monotonic_ns=578766559091472 received=515 consumed=513 revision=176
published_frame=1032
editbox_emit sequence=517 bytes=45 elapsed_us=2442 envelope=@J10000000001000000051739178|I421dW120000040;
event mono_ns=578766588195000 frame=1033 held=24 pressed=24 released=0
published_frame=1033
editbox_receipt monotonic_ns=578766591203764 received=515 consumed=515 revision=177
event mono_ns=578766593347000 frame=1034 held=0 pressed=0 released=24
published_frame=1034
editbox_emit sequence=518 bytes=62 elapsed_us=3439 envelope=@J10000000001000000051807856|I421fW1t00O00O00003-UO002200000O;
published_frame=1035
event mono_ns=578766638546000 frame=1036 held=16 pressed=16 released=0
published_frame=1036
editbox_emit sequence=519 bytes=48 elapsed_us=3470 envelope=@J10000000001000000051915592|I421hW10300G00G000;
event mono_ns=578766643736000 frame=1037 held=0 pressed=0 released=16
published_frame=1037
published_frame=1038
editbox_emit sequence=520 bytes=45 elapsed_us=3545 envelope=@J10000000001000000052039035|I421jW1200000G0;
event mono_ns=578766688900000 frame=1039 held=16 pressed=16 released=0
published_frame=1039
event mono_ns=578766694035000 frame=1040 held=0 pressed=0 released=16
published_frame=1040
editbox_emit sequence=521 bytes=54 elapsed_us=4593 envelope=@J10000000001000000052143638|I421lW1300G00G000200000G;
published_frame=1041
editbox_receipt monotonic_ns=578766736412244 received=520 consumed=518 revision=178
event mono_ns=578766739220000 frame=1042 held=32 pressed=32 released=0
published_frame=1042
editbox_emit sequence=522 bytes=48 elapsed_us=3366 envelope=@J10000000001000000052224968|I421nW10300W00W000;
event mono_ns=578766744354000 frame=1043 held=0 pressed=0 released=32
published_frame=1043
published_frame=1044
editbox_emit sequence=523 bytes=45 elapsed_us=2701 envelope=@J10000000001000000052305094|I421pW1200000W0;
event mono_ns=578766789550000 frame=1045 held=64 pressed=64 released=0
published_frame=1045
event mono_ns=578766794680000 frame=1046 held=0 pressed=0 released=64
editbox_receipt monotonic_ns=578766801059871 received=522 consumed=522 revision=179
published_frame=1046
editbox_emit sequence=524 bytes=54 elapsed_us=2744 envelope=@J10000000001000000052433953|I421rW130100100002000010;
published_frame=1047
event mono_ns=578766839909000 frame=1048 held=256 pressed=256 released=0
published_frame=1048
editbox_emit sequence=525 bytes=51 elapsed_us=3380 envelope=@J10000000001000000052551696|I421tW10B040040000Fy0;
event mono_ns=578766845173000 frame=1049 held=0 pressed=0 released=256
published_frame=1049
published_frame=1050
editbox_receipt monotonic_ns=578766874904231 received=525 consumed=523 revision=180
editbox_emit sequence=526 bytes=45 elapsed_us=2473 envelope=@J10000000001000000052614546|I421vW120000400;
event mono_ns=578766890420000 frame=1051 held=512 pressed=512 released=0
published_frame=1051
event mono_ns=578766895634000 frame=1052 held=0 pressed=0 released=512
published_frame=1052
editbox_emit sequence=527 bytes=57 elapsed_us=3476 envelope=@J10000000001000000052729430|I421xW1B08008000003_2000080;
published_frame=1053
event mono_ns=578766940804000 frame=1055 held=128 pressed=128 released=0
published_frame=1054
editbox_emit sequence=528 bytes=39 elapsed_us=2194 envelope=@J10000000001000000052863850|I421zW100;
event mono_ns=578766946038000 frame=1055 held=0 pressed=0 released=128
published_frame=1055
editbox_receipt monotonic_ns=578766970792385 received=527 consumed=523 revision=181
published_frame=1056
editbox_emit sequence=529 bytes=45 elapsed_us=2873 envelope=@J10000000001000000052923695|I421_W120200200;
event mono_ns=578766991207000 frame=1058 held=16384 pressed=16384 released=0
published_frame=1057
event mono_ns=578766996304000 frame=1058 held=0 pressed=0 released=16384
published_frame=1058
editbox_emit sequence=530 bytes=45 elapsed_us=2674 envelope=@J10000000001000000053054716|I421XX102400400;
published_frame=1059
event mono_ns=578767041672000 frame=1061 held=32 pressed=32 released=0
event mono_ns=578767041773000 frame=1061 held=96 pressed=64 released=0
published_frame=1060
editbox_emit sequence=531 bytes=39 elapsed_us=2323 envelope=@J10000000001000000053132847|I421ZX100;
event mono_ns=578767047397000 frame=1061 held=64 pressed=0 released=32
event mono_ns=578767047445000 frame=1061 held=0 pressed=0 released=64
published_frame=1061
editbox_receipt monotonic_ns=578767066382470 received=530 consumed=523 revision=182
published_frame=1062
editbox_emit sequence=532 bytes=45 elapsed_us=2980 envelope=@J10000000001000000053254737|I421bX1201W01W0;
published_frame=1063
event mono_ns=578767092805000 frame=1064 held=1 pressed=1 released=0
event mono_ns=578767098138000 frame=1064 held=0 pressed=0 released=1
published_frame=1064
editbox_emit sequence=533 bytes=50 elapsed_us=3254 envelope=@J10000000001000000053322554|I421dX10o0010011H03_;
published_frame=1065
published_frame=1066
editbox_emit sequence=534 bytes=39 elapsed_us=2740 envelope=@J10000000001000000053435437|I421fX100;
event mono_ns=578767143349000 frame=1067 held=2 pressed=2 released=0
event mono_ns=578767148634000 frame=1067 held=0 pressed=0 released=2
published_frame=1067
editbox_receipt monotonic_ns=578767157853581 received=533 consumed=523 revision=183
published_frame=1068
editbox_emit sequence=535 bytes=50 elapsed_us=2898 envelope=@J10000000001000000053554112|I421hX1o0020022Y07-0;
published_frame=1069
event mono_ns=578767193890000 frame=1070 held=4 pressed=4 released=0
event mono_ns=578767199191000 frame=1070 held=0 pressed=0 released=4
published_frame=1070
editbox_emit sequence=536 bytes=50 elapsed_us=2866 envelope=@J10000000001000000053605734|I421jX10o004004FC001;
published_frame=1071
published_frame=1072
editbox_emit sequence=537 bytes=39 elapsed_us=2237 envelope=@J10000000001000000053738027|I421lX100;
event mono_ns=578767244477000 frame=1073 held=24 pressed=24 released=0
event mono_ns=578767249737000 frame=1073 held=0 pressed=0 released=24
published_frame=1073
published_frame=1074
editbox_emit sequence=538 bytes=50 elapsed_us=3142 envelope=@J10000000001000000053853970|I421nX1o00O00OUO0020;
published_frame=1075
event mono_ns=578767295089000 frame=1076 held=16 pressed=16 released=0
event mono_ns=578767300414000 frame=1076 held=0 pressed=0 released=16
published_frame=1076
editbox_emit sequence=539 bytes=45 elapsed_us=2585 envelope=@J10000000001000000053933286|I421pX10200G00G;
editbox_receipt monotonic_ns=578767313397821 received=536 consumed=526 revision=184
published_frame=1077
published_frame=1078
editbox_emit sequence=540 bytes=39 elapsed_us=3027 envelope=@J10000000001000000054016513|I421rX100;
event mono_ns=578767345706000 frame=1079 held=16 pressed=16 released=0
event mono_ns=578767350930000 frame=1079 held=0 pressed=0 released=16
published_frame=1079
published_frame=1080
editbox_emit sequence=541 bytes=45 elapsed_us=2839 envelope=@J10000000001000000054135331|I421tX1200G00G0;
editbox_receipt monotonic_ns=578767378823346 received=540 consumed=532 revision=185
published_frame=1081
event mono_ns=578767396328000 frame=1082 held=32 pressed=32 released=0
event mono_ns=578767401578000 frame=1082 held=0 pressed=0 released=32
published_frame=1082
editbox_emit sequence=542 bytes=45 elapsed_us=2897 envelope=@J10000000001000000054200061|I421vX10200W00W;
published_frame=1083
published_frame=1084
editbox_emit sequence=543 bytes=39 elapsed_us=2079 envelope=@J10000000001000000054319103|I421xX100;
event mono_ns=578767446947000 frame=1085 held=64 pressed=64 released=0
event mono_ns=578767452216000 frame=1085 held=0 pressed=0 released=64
published_frame=1085
published_frame=1086
editbox_emit sequence=544 bytes=45 elapsed_us=2441 envelope=@J10000000001000000054428542|I421zX120100100;
published_frame=1087
event mono_ns=578767497579000 frame=1088 held=256 pressed=256 released=0
event mono_ns=578767502837000 frame=1088 held=0 pressed=0 released=256
published_frame=1088
editbox_emit sequence=545 bytes=45 elapsed_us=2516 envelope=@J10000000001000000054502700|I421_X102040040;
published_frame=1089
published_frame=1090
editbox_emit sequence=546 bytes=39 elapsed_us=2702 envelope=@J10000000001000000054612204|I421XY100;
editbox_receipt monotonic_ns=578767545228361 received=542 consumed=538 revision=186
event mono_ns=578767548129000 frame=1091 held=512 pressed=512 released=0
event mono_ns=578767553346000 frame=1091 held=0 pressed=0 released=512
published_frame=1091
published_frame=1092
editbox_emit sequence=547 bytes=45 elapsed_us=2967 envelope=@J10000000001000000054701633|I421ZY120800800;
published_frame=1093
event mono_ns=578767598588000 frame=1094 held=128 pressed=128 released=0
event mono_ns=578767603864000 frame=1094 held=0 pressed=0 released=128
published_frame=1094
editbox_emit sequence=548 bytes=45 elapsed_us=2327 envelope=@J10000000001000000054852535|I421bY102020020;
editbox_receipt monotonic_ns=578767611866469 received=545 consumed=539 revision=187
published_frame=1095
published_frame=1096
editbox_emit sequence=549 bytes=39 elapsed_us=2253 envelope=@J10000000001000000054914794|I421dY100;
event mono_ns=578767649108000 frame=1097 held=16384 pressed=16384 released=0
event mono_ns=578767654336000 frame=1097 held=0 pressed=0 released=16384
published_frame=1097
published_frame=1098
editbox_receipt monotonic_ns=578767674111330 received=549 consumed=539 revision=188
editbox_emit sequence=550 bytes=45 elapsed_us=2512 envelope=@J10000000001000000055026025|I421fY124004000;
published_frame=1099
event mono_ns=578767699576000 frame=1100 held=32 pressed=32 released=0
event mono_ns=578767699598000 frame=1100 held=96 pressed=64 released=0
event mono_ns=578767704863000 frame=1100 held=64 pressed=0 released=32
event mono_ns=578767704919000 frame=1100 held=0 pressed=0 released=64
published_frame=1100
editbox_emit sequence=551 bytes=45 elapsed_us=2520 envelope=@J10000000001000000055159647|I421hY10201W01W;
published_frame=1101
published_frame=1102
editbox_emit sequence=552 bytes=39 elapsed_us=2381 envelope=@J10000000001000000055258801|I421jY100;
event mono_ns=578767750310000 frame=1103 held=1 pressed=1 released=0
event mono_ns=578767755654000 frame=1103 held=0 pressed=0 released=1
published_frame=1103
editbox_receipt monotonic_ns=578767758714394 received=551 consumed=539 revision=189
published_frame=1104
editbox_emit sequence=553 bytes=50 elapsed_us=2833 envelope=@J10000000001000000055342712|I421lY1o0010011H03_0;
published_frame=1105
event mono_ns=578767800928000 frame=1106 held=2 pressed=2 released=0
event mono_ns=578767806180000 frame=1106 held=0 pressed=0 released=2
published_frame=1106
editbox_emit sequence=554 bytes=50 elapsed_us=2801 envelope=@J10000000001000000055452372|I421nY10o0020022Y07-;
published_frame=1107
published_frame=1108
editbox_emit sequence=555 bytes=39 elapsed_us=2212 envelope=@J10000000001000000055561391|I421pY100;
event mono_ns=578767851443000 frame=1109 held=4 pressed=4 released=0
event mono_ns=578767856669000 frame=1109 held=0 pressed=0 released=4
published_frame=1109
published_frame=1110
published_frame=1111
editbox_receipt monotonic_ns=578767897747205 received=555 consumed=541 revision=190
editbox_emit sequence=556 bytes=50 elapsed_us=2753 envelope=@J10000000001000000055625647|I421rY1o004004FC0010;
event mono_ns=578767901866000 frame=1112 held=24 pressed=24 released=0
event mono_ns=578767907204000 frame=1113 held=0 pressed=0 released=24
published_frame=1112
editbox_emit sequence=557 bytes=56 elapsed_us=2983 envelope=@J10000000001000000055753168|I421tY10t00O00O00003-UO002;
published_frame=1113
published_frame=1114
event mono_ns=578767952434000 frame=1115 held=16 pressed=16 released=0
published_frame=1115
event mono_ns=578767957628000 frame=1116 held=0 pressed=0 released=16
published_frame=1116
published_frame=1117
editbox_receipt monotonic_ns=578767994536207 received=557 consumed=547 revision=191
editbox_emit sequence=558 bytes=45 elapsed_us=3151 envelope=@J10000000001000000055860944|I421vY1200000O0;
editbox_emit sequence=559 bytes=54 elapsed_us=3416 envelope=@J10000000001000000055908692|I421xY1300G00G000200000G;
event mono_ns=578768002940000 frame=1118 held=16 pressed=16 released=0
event mono_ns=578768008257000 frame=1119 held=0 pressed=0 released=16
published_frame=1118
editbox_emit sequence=560 bytes=48 elapsed_us=2571 envelope=@J10000000001000000056024341|I421zY10300G00G000;
published_frame=1119
published_frame=1120
editbox_emit sequence=561 bytes=45 elapsed_us=2491 envelope=@J10000000001000000056155781|I421_Y1200000G0;
event mono_ns=578768053511000 frame=1121 held=32 pressed=32 released=0
published_frame=1121
event mono_ns=578768058719000 frame=1122 held=0 pressed=0 released=32
published_frame=1122
editbox_emit sequence=562 bytes=54 elapsed_us=3304 envelope=@J10000000001000000056200579|I421XZ1300W00W000200000W;
published_frame=1123
editbox_receipt monotonic_ns=578768092504320 received=560 consumed=553 revision=192
event mono_ns=578768103902000 frame=1124 held=64 pressed=64 released=0
published_frame=1124
editbox_emit sequence=563 bytes=48 elapsed_us=2579 envelope=@J10000000001000000056331776|I421ZZ103010010000;
event mono_ns=578768109071000 frame=1125 held=0 pressed=0 released=64
published_frame=1125
published_frame=1126
editbox_emit sequence=564 bytes=45 elapsed_us=2513 envelope=@J10000000001000000056423787|I421bZ120000100;
event mono_ns=578768154321000 frame=1127 held=256 pressed=256 released=0
editbox_receipt monotonic_ns=578768156182779 received=563 consumed=555 revision=193
published_frame=1127
event mono_ns=578768159509000 frame=1128 held=0 pressed=0 released=256
published_frame=1128
editbox_emit sequence=565 bytes=57 elapsed_us=2797 envelope=@J10000000001000000056551645|I421dZ1B040040000Fy02000040;
published_frame=1129
event mono_ns=578768204772000 frame=1130 held=512 pressed=512 released=0
published_frame=1130
editbox_emit sequence=566 bytes=51 elapsed_us=3021 envelope=@J10000000001000000056641027|I421fZ10B08008000003_;
event mono_ns=578768209914000 frame=1131 held=0 pressed=0 released=512
published_frame=1131
published_frame=1132
editbox_emit sequence=567 bytes=45 elapsed_us=2359 envelope=@J10000000001000000056733711|I421hZ120000800;
event mono_ns=578768255127000 frame=1133 held=128 pressed=128 released=0
published_frame=1133
event mono_ns=578768260301000 frame=1134 held=0 pressed=0 released=128
editbox_receipt monotonic_ns=578768267446412 received=566 consumed=555 revision=194
published_frame=1134
editbox_emit sequence=568 bytes=54 elapsed_us=2736 envelope=@J10000000001000000056846730|I421jZ130200200002000020;
published_frame=1135
event mono_ns=578768305538000 frame=1136 held=16384 pressed=16384 released=0
published_frame=1136
editbox_emit sequence=569 bytes=48 elapsed_us=2584 envelope=@J10000000001000000056945849|I421lZ103400400000;
event mono_ns=578768310719000 frame=1137 held=0 pressed=0 released=16384
published_frame=1137
published_frame=1138
editbox_emit sequence=570 bytes=45 elapsed_us=2413 envelope=@J10000000001000000057010434|I421nZ120004000;
editbox_receipt monotonic_ns=578768355582330 received=569 consumed=555 revision=195
event mono_ns=578768355966000 frame=1139 held=32 pressed=32 released=0
event mono_ns=578768356015000 frame=1139 held=96 pressed=64 released=0
published_frame=1139
event mono_ns=578768361438000 frame=1140 held=64 pressed=0 released=32
event mono_ns=578768361512000 frame=1140 held=0 pressed=0 released=64
published_frame=1140
editbox_emit sequence=571 bytes=54 elapsed_us=2885 envelope=@J10000000001000000057149372|I421pZ1301W01W000200001W;
published_frame=1141
published_frame=1142
published_frame=1143
published_frame=1144
published_frame=1145
published_frame=1146
published_frame=1147
published_frame=1148
editbox_receipt monotonic_ns=578768519756070 received=571 consumed=555 revision=196
published_frame=1149
published_frame=1150
published_frame=1151
published_frame=1152
published_frame=1153
published_frame=1154
published_frame=1155
editbox_receipt monotonic_ns=578768639790288 received=571 consumed=559 revision=197
editbox_emit sequence=572 bytes=54 elapsed_us=3607 envelope=@J10000000001000000057242263|JP100000000010000000001P;
published_frame=1156
editbox_emit sequence=573 bytes=39 elapsed_us=2635 envelope=@J10000000001000000057329508|I421rZ100;
editbox_emit sequence=574 bytes=39 elapsed_us=2603 envelope=@J10000000001000000057408531|I421tZ100;
editbox_emit sequence=575 bytes=39 elapsed_us=1967 envelope=@J10000000001000000057553075|I421vZ100;
published_frame=1157
published_frame=1158
published_frame=1159
published_frame=1160
published_frame=1161
published_frame=1162
published_frame=1163
editbox_receipt monotonic_ns=578768764064937 received=575 consumed=565 revision=198
editbox_emit sequence=576 bytes=39 elapsed_us=2256 envelope=@J10000000001000000057632098|I421xZ100;
editbox_emit sequence=577 bytes=39 elapsed_us=2770 envelope=@J10000000001000000057711121|I421zZ100;
editbox_emit sequence=578 bytes=39 elapsed_us=2315 envelope=@J10000000001000000057855665|I421_Z100;
published_frame=1164
editbox_emit sequence=579 bytes=39 elapsed_us=1997 envelope=@J10000000001000000057925199|I421Xa100;
editbox_emit sequence=580 bytes=39 elapsed_us=2211 envelope=@J10000000001000000058045639|I421Za100;
editbox_emit sequence=581 bytes=39 elapsed_us=2326 envelope=@J10000000001000000058124662|I421ba100;
published_frame=1165
published_frame=1166
published_frame=1167
published_frame=1168
published_frame=1169
editbox_receipt monotonic_ns=578768864862986 received=575 consumed=571 revision=199
editbox_emit sequence=582 bytes=39 elapsed_us=4916 envelope=@J10000000001000000058203685|I421da100;
editbox_emit sequence=583 bytes=39 elapsed_us=4504 envelope=@J10000000001000000058348229|I421fa100;
published_frame=1170
editbox_emit sequence=584 bytes=39 elapsed_us=3283 envelope=@J10000000001000000058427252|I421ha100;
editbox_emit sequence=585 bytes=39 elapsed_us=2889 envelope=@J10000000001000000058506275|I421ja100;
editbox_emit sequence=586 bytes=39 elapsed_us=2693 envelope=@J10000000001000000058650819|I421la100;
published_frame=1171
editbox_emit sequence=587 bytes=39 elapsed_us=2897 envelope=@J10000000001000000058729842|I421na100;
published_frame=1172
published_frame=1173
editbox_receipt monotonic_ns=578768938284925 received=581 consumed=572 revision=200
editbox_emit sequence=588 bytes=39 elapsed_us=3201 envelope=@J10000000001000000058808865|I421pa100;
published_frame=1174
published_frame=1175
published_frame=1176
published_frame=1177
published_frame=1178
published_frame=1179
published_frame=1180
published_frame=1181
published_frame=1182
editbox_receipt monotonic_ns=578769079868077 received=588 consumed=572 revision=201
published_frame=1183
published_frame=1184
editbox_receipt monotonic_ns=578769122744542 received=588 consumed=572 revision=202
published_frame=1185
published_frame=1186
published_frame=1187
published_frame=1188
control sequence=1 state=PREPARE frame=1189 epoch_ns=578769181499489
input_armed=true gameplay_armed=false mono_ns=578769183027093
editbox_receipt monotonic_ns=578769211587505 received=588 consumed=572 revision=203
editbox_receipt monotonic_ns=578769298648757 received=588 consumed=573 revision=204
editbox_emit sequence=589 bytes=39 elapsed_us=2263 envelope=@J10000000001000000058953409|I421ra100;
editbox_receipt monotonic_ns=578769393414746 received=589 consumed=579 revision=205
editbox_emit sequence=590 bytes=39 elapsed_us=2135 envelope=@J10000000001000000059008328|I421ta100;
editbox_emit sequence=591 bytes=39 elapsed_us=2269 envelope=@J10000000001000000059152872|I421va100;
editbox_emit sequence=592 bytes=39 elapsed_us=2008 envelope=@J10000000001000000059231895|I421xa100;
editbox_emit sequence=593 bytes=39 elapsed_us=2078 envelope=@J10000000001000000059310918|I421za100;
editbox_emit sequence=594 bytes=39 elapsed_us=2094 envelope=@J10000000001000000059455462|I421_a100;
editbox_emit sequence=595 bytes=39 elapsed_us=1983 envelope=@J10000000001000000059524996|I421Xb100;
editbox_receipt monotonic_ns=578769616584496 received=595 consumed=585 revision=206
editbox_emit sequence=596 bytes=39 elapsed_us=2836 envelope=@J10000000001000000059604019|I421Zb100;
editbox_emit sequence=597 bytes=49 elapsed_us=4740 envelope=@J10000000001000000059720334|ACK1|1|PREPARE|1189;
editbox_receipt monotonic_ns=578769692175381 received=597 consumed=588 revision=207
editbox_receipt monotonic_ns=578769713465982 received=597 consumed=588 revision=208
editbox_receipt monotonic_ns=578769769592140 received=597 consumed=588 revision=209
editbox_receipt monotonic_ns=578769867581212 received=597 consumed=588 revision=210
editbox_receipt monotonic_ns=578769997104252 received=597 consumed=588 revision=211
editbox_receipt monotonic_ns=578770094071969 received=597 consumed=594 revision=212
editbox_receipt monotonic_ns=578770160024361 received=597 consumed=597 revision=213
editbox_receipt monotonic_ns=578770268133639 received=597 consumed=597 revision=214
editbox_receipt monotonic_ns=578770374801013 received=597 consumed=597 revision=215
editbox_receipt monotonic_ns=578770470726607 received=597 consumed=597 revision=216
editbox_receipt monotonic_ns=578770566993089 received=597 consumed=597 revision=217
editbox_receipt monotonic_ns=578770694427842 received=597 consumed=597 revision=218
editbox_receipt monotonic_ns=578770768759476 received=597 consumed=597 revision=219
editbox_receipt monotonic_ns=578770874166116 received=597 consumed=597 revision=220
editbox_receipt monotonic_ns=578770970842056 received=597 consumed=597 revision=221
editbox_receipt monotonic_ns=578771088988404 received=597 consumed=597 revision=222
editbox_receipt monotonic_ns=578771185428822 received=597 consumed=597 revision=223
control sequence=2 state=PAUSE_COMMIT target=1213 frontier=1189 epoch_ns=578771317624623
input_armed=true gameplay_armed=true mono_ns=578771317756250
editbox_receipt monotonic_ns=578771334587699 received=597 consumed=597 revision=224
published_frame=1189
published_frame=1190
editbox_emit sequence=598 bytes=39 elapsed_us=3263 envelope=@J10000000001000000059837860|I421bb100;
published_frame=1191
published_frame=1192
editbox_emit sequence=599 bytes=39 elapsed_us=2336 envelope=@J10000000001000000059916883|I421db100;
editbox_receipt monotonic_ns=578771390851625 received=598 consumed=598 revision=225
published_frame=1193
published_frame=1194
editbox_emit sequence=600 bytes=39 elapsed_us=2134 envelope=@J10000000001000000060015151|I421fb100;
published_frame=1195
published_frame=1196
editbox_emit sequence=601 bytes=39 elapsed_us=2634 envelope=@J10000000001000000060159695|I421hb100;
published_frame=1197
published_frame=1198
editbox_emit sequence=602 bytes=39 elapsed_us=2637 envelope=@J10000000001000000060238718|I421jb100;
editbox_receipt monotonic_ns=578771489208737 received=601 consumed=601 revision=226
published_frame=1199
published_frame=1200
editbox_emit sequence=603 bytes=39 elapsed_us=2127 envelope=@J10000000001000000060317741|I421lb100;
published_frame=1201
published_frame=1202
editbox_emit sequence=604 bytes=39 elapsed_us=2477 envelope=@J10000000001000000060462285|I421nb100;
published_frame=1203
published_frame=1204
editbox_emit sequence=605 bytes=39 elapsed_us=2573 envelope=@J10000000001000000060541308|I421pb100;
editbox_receipt monotonic_ns=578771589036908 received=604 consumed=604 revision=227
published_frame=1205
published_frame=1206
editbox_emit sequence=606 bytes=39 elapsed_us=2413 envelope=@J10000000001000000060620331|I421rb100;
published_frame=1207
published_frame=1208
editbox_emit sequence=607 bytes=39 elapsed_us=2889 envelope=@J10000000001000000060764875|I421tb100;
published_frame=1209
published_frame=1210
editbox_emit sequence=608 bytes=39 elapsed_us=2163 envelope=@J10000000001000000060843898|I421vb100;
editbox_receipt monotonic_ns=578771700626171 received=607 consumed=607 revision=228
published_frame=1211
published_frame=1212
control sequence=2 state=PAUSE frame=1213 epoch_ns=578771717641355
editbox_emit sequence=609 bytes=39 elapsed_us=1923 envelope=@J10000000001000000060922921|I421xb100;
input_armed=true gameplay_armed=false mono_ns=578771721143471
editbox_emit sequence=610 bytes=47 elapsed_us=3505 envelope=@J10000000001000000061022316|ACK1|2|PAUSE|1213;
editbox_receipt monotonic_ns=578771780282468 received=610 consumed=610 revision=229
editbox_receipt monotonic_ns=578771881928838 received=610 consumed=610 revision=230
editbox_receipt monotonic_ns=578771988222391 received=610 consumed=610 revision=231
editbox_receipt monotonic_ns=578772083620284 received=610 consumed=610 revision=232
editbox_receipt monotonic_ns=578772181557529 received=610 consumed=610 revision=233
editbox_receipt monotonic_ns=578772277204550 received=610 consumed=610 revision=234
editbox_receipt monotonic_ns=578772374809792 received=610 consumed=610 revision=235
editbox_receipt monotonic_ns=578772484089514 received=610 consumed=610 revision=236
editbox_receipt monotonic_ns=578772590018654 received=610 consumed=610 revision=237
editbox_receipt monotonic_ns=578772686591680 received=610 consumed=610 revision=238
editbox_receipt monotonic_ns=578772785286285 received=610 consumed=610 revision=239
editbox_receipt monotonic_ns=578772898241008 received=610 consumed=610 revision=240
editbox_receipt monotonic_ns=578772988373038 received=610 consumed=610 revision=241
editbox_receipt monotonic_ns=578773086071575 received=610 consumed=610 revision=242
editbox_receipt monotonic_ns=578773182760739 received=610 consumed=610 revision=243
editbox_receipt monotonic_ns=578773290960957 received=610 consumed=610 revision=244
editbox_receipt monotonic_ns=578773381856348 received=610 consumed=610 revision=245
editbox_receipt monotonic_ns=578773480538249 received=610 consumed=610 revision=246
editbox_receipt monotonic_ns=578773578392478 received=610 consumed=610 revision=247
editbox_receipt monotonic_ns=578773685690524 received=610 consumed=610 revision=248
editbox_receipt monotonic_ns=578773785619603 received=610 consumed=610 revision=249
editbox_receipt monotonic_ns=578773882396081 received=610 consumed=610 revision=250
editbox_receipt monotonic_ns=578773978400241 received=610 consumed=610 revision=251
editbox_receipt monotonic_ns=578774089318115 received=610 consumed=610 revision=252
editbox_receipt monotonic_ns=578774187398898 received=610 consumed=610 revision=253
editbox_receipt monotonic_ns=578774285879592 received=610 consumed=610 revision=254
editbox_receipt monotonic_ns=578774384015208 received=610 consumed=610 revision=255
editbox_receipt monotonic_ns=578774483050421 received=610 consumed=610 revision=256
editbox_receipt monotonic_ns=578774593307706 received=610 consumed=610 revision=257
editbox_receipt monotonic_ns=578774690357316 received=610 consumed=610 revision=258
editbox_receipt monotonic_ns=578774778729666 received=610 consumed=610 revision=259
editbox_receipt monotonic_ns=578774877514610 received=610 consumed=610 revision=260
editbox_receipt monotonic_ns=578774987225140 received=610 consumed=610 revision=261
editbox_receipt monotonic_ns=578775081928731 received=610 consumed=610 revision=262
editbox_receipt monotonic_ns=578775178170576 received=610 consumed=610 revision=263
editbox_receipt monotonic_ns=578775281477448 received=610 consumed=610 revision=264
editbox_receipt monotonic_ns=578775415465288 received=610 consumed=610 revision=265
editbox_receipt monotonic_ns=578775490116140 received=610 consumed=610 revision=266
editbox_receipt monotonic_ns=578775590616751 received=610 consumed=610 revision=267
editbox_receipt monotonic_ns=578775690082471 received=610 consumed=610 revision=268
editbox_receipt monotonic_ns=578775776905085 received=610 consumed=610 revision=269
editbox_receipt monotonic_ns=578775877170184 received=610 consumed=610 revision=270
editbox_receipt monotonic_ns=578776006432784 received=610 consumed=610 revision=271
editbox_receipt monotonic_ns=578776096025101 received=610 consumed=610 revision=272
editbox_receipt monotonic_ns=578776214496738 received=610 consumed=610 revision=273
editbox_receipt monotonic_ns=578776311468602 received=610 consumed=610 revision=274
editbox_receipt monotonic_ns=578776399614076 received=610 consumed=610 revision=275
editbox_receipt monotonic_ns=578776496824738 received=610 consumed=610 revision=276
editbox_receipt monotonic_ns=578776615699380 received=610 consumed=610 revision=277
editbox_receipt monotonic_ns=578776713384552 received=610 consumed=610 revision=278
editbox_receipt monotonic_ns=578776799257305 received=610 consumed=610 revision=279
editbox_receipt monotonic_ns=578776898843841 received=610 consumed=610 revision=280
editbox_receipt monotonic_ns=578777019729594 received=610 consumed=610 revision=281
editbox_receipt monotonic_ns=578777108177215 received=610 consumed=610 revision=282
editbox_receipt monotonic_ns=578777205386113 received=610 consumed=610 revision=283
editbox_receipt monotonic_ns=578777303727796 received=610 consumed=610 revision=284
editbox_receipt monotonic_ns=578777413630565 received=610 consumed=610 revision=285
editbox_receipt monotonic_ns=578777514029365 received=610 consumed=610 revision=286
editbox_receipt monotonic_ns=578777601085276 received=610 consumed=610 revision=287
editbox_receipt monotonic_ns=578777697919512 received=610 consumed=610 revision=288
editbox_receipt monotonic_ns=578777816231709 received=610 consumed=610 revision=289
editbox_receipt monotonic_ns=578777908764560 received=610 consumed=610 revision=290
editbox_receipt monotonic_ns=578777997850648 received=610 consumed=610 revision=291
editbox_receipt monotonic_ns=578778116643847 received=610 consumed=610 revision=292
editbox_receipt monotonic_ns=578778204825689 received=610 consumed=610 revision=293
editbox_receipt monotonic_ns=578778310075334 received=610 consumed=610 revision=294
editbox_receipt monotonic_ns=578778398642168 received=610 consumed=610 revision=295
editbox_receipt monotonic_ns=578778508451672 received=610 consumed=610 revision=296
editbox_receipt monotonic_ns=578778604924891 received=610 consumed=610 revision=297
editbox_receipt monotonic_ns=578778708210493 received=610 consumed=610 revision=298
editbox_receipt monotonic_ns=578778798599814 received=610 consumed=610 revision=299
editbox_receipt monotonic_ns=578778910015531 received=610 consumed=610 revision=300
editbox_receipt monotonic_ns=578779007411009 received=610 consumed=610 revision=301
editbox_receipt monotonic_ns=578779105246762 received=610 consumed=610 revision=302
editbox_receipt monotonic_ns=578779207136647 received=610 consumed=610 revision=303
suppressed mono_ns=578779291423000 reason=focus-pause-or-neutral
editbox_emit sequence=611 bytes=54 elapsed_us=2854 envelope=@J10000000001000000061112199|JP100000000010000000003R;
editbox_receipt monotonic_ns=578779318836426 received=610 consumed=610 revision=304
editbox_receipt monotonic_ns=578779402251019 received=611 consumed=611 revision=305
suppressed mono_ns=578779411597000 reason=focus-pause-or-neutral
control sequence=3 state=RESUME frame=1213 epoch_ns=578779480189770 read_ns=578779481187716 uncertainty_ns=1100251 timestamp_resolution_ns=1000000
input_armed=true gameplay_armed=true mono_ns=578779481139907
editbox_emit sequence=612 bytes=48 elapsed_us=3315 envelope=@J10000000001000000061261954|ACK1|3|RESUME|1213;
published_frame=1213
editbox_receipt monotonic_ns=578779509458174 received=612 consumed=612 revision=306
published_frame=1214
editbox_emit sequence=613 bytes=39 elapsed_us=2664 envelope=@J10000000001000000061311252|I421zb100;
published_frame=1215
published_frame=1216
editbox_emit sequence=614 bytes=39 elapsed_us=2359 envelope=@J10000000001000000061455796|I421_b100;
published_frame=1217
published_frame=1218
editbox_emit sequence=615 bytes=39 elapsed_us=2514 envelope=@J10000000001000000061525330|I421Xc100;
published_frame=1219
editbox_receipt monotonic_ns=578779606204505 received=615 consumed=612 revision=307
published_frame=1220
editbox_emit sequence=616 bytes=39 elapsed_us=2305 envelope=@J10000000001000000061604353|I421Zc100;
published_frame=1221
published_frame=1222
editbox_emit sequence=617 bytes=39 elapsed_us=2863 envelope=@J10000000001000000061748897|I421bc100;
published_frame=1223
published_frame=1224
editbox_emit sequence=618 bytes=39 elapsed_us=2206 envelope=@J10000000001000000061827920|I421dc100;
published_frame=1225
published_frame=1226
editbox_emit sequence=619 bytes=39 elapsed_us=2531 envelope=@J10000000001000000061906943|I421fc100;
editbox_receipt monotonic_ns=578779718736935 received=618 consumed=618 revision=308
published_frame=1227
published_frame=1228
editbox_emit sequence=620 bytes=39 elapsed_us=4059 envelope=@J10000000001000000062027383|I421hc100;
published_frame=1229
published_frame=1230
editbox_emit sequence=621 bytes=39 elapsed_us=2644 envelope=@J10000000001000000062106406|I421jc100;
published_frame=1231
published_frame=1232
editbox_emit sequence=622 bytes=39 elapsed_us=2486 envelope=@J10000000001000000062250950|I421lc100;
editbox_receipt monotonic_ns=578779821218729 received=621 consumed=621 revision=309
published_frame=1233
published_frame=1234
editbox_emit sequence=623 bytes=39 elapsed_us=2426 envelope=@J10000000001000000062329973|I421nc100;
published_frame=1235
published_frame=1236
editbox_emit sequence=624 bytes=39 elapsed_us=2295 envelope=@J10000000001000000062408996|I421pc100;
published_frame=1237
published_frame=1238
editbox_emit sequence=625 bytes=39 elapsed_us=2370 envelope=@J10000000001000000062553540|I421rc100;
editbox_receipt monotonic_ns=578779917953659 received=624 consumed=624 revision=310
published_frame=1239
published_frame=1240
editbox_emit sequence=626 bytes=39 elapsed_us=2168 envelope=@J10000000001000000062632563|I421tc100;
published_frame=1241
published_frame=1242
editbox_emit sequence=627 bytes=39 elapsed_us=2058 envelope=@J10000000001000000062711586|I421vc100;
published_frame=1243
published_frame=1244
editbox_emit sequence=628 bytes=39 elapsed_us=2453 envelope=@J10000000001000000062856130|I421xc100;
editbox_receipt monotonic_ns=578780019068009 received=627 consumed=627 revision=311
published_frame=1245
published_frame=1246
editbox_emit sequence=629 bytes=39 elapsed_us=2019 envelope=@J10000000001000000062935153|I421zc100;
published_frame=1247
published_frame=1248
editbox_emit sequence=630 bytes=39 elapsed_us=2198 envelope=@J10000000001000000063055593|I421_c100;
published_frame=1249
published_frame=1250
editbox_emit sequence=631 bytes=39 elapsed_us=2064 envelope=@J10000000001000000063125127|I421Xd100;
editbox_receipt monotonic_ns=578780117734390 received=630 consumed=630 revision=312
published_frame=1251
event mono_ns=578780147690000 frame=1253 held=1 pressed=1 released=0
published_frame=1252
editbox_emit sequence=632 bytes=39 elapsed_us=2784 envelope=@J10000000001000000063204150|I421Zd100;
event mono_ns=578780152917000 frame=1253 held=0 pressed=0 released=1
published_frame=1253
published_frame=1254
editbox_emit sequence=633 bytes=50 elapsed_us=3186 envelope=@J10000000001000000063325487|I421bd1o0010011H03_0;
event mono_ns=578780198309000 frame=1256 held=2 pressed=2 released=0
published_frame=1255
event mono_ns=578780203519000 frame=1256 held=0 pressed=0 released=2
published_frame=1256
editbox_emit sequence=634 bytes=50 elapsed_us=3400 envelope=@J10000000001000000063435147|I421dd10o0020022Y07-;
editbox_receipt monotonic_ns=578780219229475 received=633 consumed=633 revision=313
published_frame=1257
event mono_ns=578780248864000 frame=1259 held=4 pressed=4 released=0
published_frame=1258
editbox_emit sequence=635 bytes=39 elapsed_us=3510 envelope=@J10000000001000000063506740|I421fd100;
event mono_ns=578780254254000 frame=1259 held=0 pressed=0 released=4
published_frame=1259
published_frame=1260
editbox_emit sequence=636 bytes=50 elapsed_us=2780 envelope=@J10000000001000000063608422|I421hd1o004004FC0010;
published_frame=1261
event mono_ns=578780299674000 frame=1262 held=24 pressed=24 released=0
event mono_ns=578780304868000 frame=1262 held=0 pressed=0 released=24
published_frame=1262
editbox_emit sequence=637 bytes=50 elapsed_us=2656 envelope=@J10000000001000000063754940|I421jd10o00O00OUO002;
editbox_receipt monotonic_ns=578780319015986 received=636 consumed=636 revision=314
published_frame=1263
published_frame=1264
editbox_emit sequence=638 bytes=39 elapsed_us=2035 envelope=@J10000000001000000063809330|I421ld100;
event mono_ns=578780350071000 frame=1265 held=16 pressed=16 released=0
event mono_ns=578780355327000 frame=1265 held=0 pressed=0 released=16
published_frame=1265
published_frame=1266
editbox_emit sequence=639 bytes=45 elapsed_us=2574 envelope=@J10000000001000000063910544|I421nd1200G00G0;
published_frame=1267
event mono_ns=578780400514000 frame=1268 held=16 pressed=16 released=0
event mono_ns=578780405707000 frame=1268 held=0 pressed=0 released=16
published_frame=1268
editbox_emit sequence=640 bytes=45 elapsed_us=3019 envelope=@J10000000001000000064040146|I421pd10200G00G;
published_frame=1269
published_frame=1270
editbox_emit sequence=641 bytes=39 elapsed_us=2339 envelope=@J10000000001000000064153337|I421rd100;
event mono_ns=578780450930000 frame=1271 held=32 pressed=32 released=0
editbox_receipt monotonic_ns=578780451405828 received=640 consumed=640 revision=315
event mono_ns=578780456075000 frame=1271 held=0 pressed=0 released=32
published_frame=1271
published_frame=1272
editbox_emit sequence=642 bytes=45 elapsed_us=2440 envelope=@J10000000001000000064260255|I421td1200W00W0;
published_frame=1273
event mono_ns=578780501359000 frame=1274 held=64 pressed=64 released=0
event mono_ns=578780506696000 frame=1274 held=0 pressed=0 released=64
published_frame=1274
editbox_emit sequence=643 bytes=45 elapsed_us=2981 envelope=@J10000000001000000064327373|I421vd102010010;
published_frame=1275
published_frame=1276
editbox_emit sequence=644 bytes=39 elapsed_us=2389 envelope=@J10000000001000000064455927|I421xd100;
event mono_ns=578780551937000 frame=1277 held=256 pressed=256 released=0
editbox_receipt monotonic_ns=578780552417647 received=643 consumed=642 revision=316
event mono_ns=578780557327000 frame=1277 held=0 pressed=0 released=256
published_frame=1277
published_frame=1278
editbox_emit sequence=645 bytes=45 elapsed_us=2695 envelope=@J10000000001000000064556139|I421zd120400400;
published_frame=1279
event mono_ns=578780602546000 frame=1280 held=512 pressed=512 released=0
event mono_ns=578780607763000 frame=1280 held=0 pressed=0 released=512
published_frame=1280
editbox_emit sequence=646 bytes=45 elapsed_us=2584 envelope=@J10000000001000000064620735|I421_d102080080;
published_frame=1281
published_frame=1282
editbox_emit sequence=647 bytes=39 elapsed_us=2118 envelope=@J10000000001000000064749028|I421Xe100;
editbox_receipt monotonic_ns=578780651741851 received=646 consumed=645 revision=317
event mono_ns=578780652977000 frame=1283 held=128 pressed=128 released=0
event mono_ns=578780658350000 frame=1283 held=0 pressed=0 released=128
published_frame=1283
published_frame=1284
editbox_emit sequence=648 bytes=45 elapsed_us=2692 envelope=@J10000000001000000064859176|I421Ze120200200;
published_frame=1285
event mono_ns=578780703707000 frame=1286 held=16384 pressed=16384 released=0
event mono_ns=578780708823000 frame=1286 held=0 pressed=0 released=16384
published_frame=1286
editbox_emit sequence=649 bytes=45 elapsed_us=2363 envelope=@J10000000001000000064942896|I421be102400400;
published_frame=1287
published_frame=1288
editbox_emit sequence=650 bytes=39 elapsed_us=2186 envelope=@J10000000001000000065027514|I421de100;
editbox_receipt monotonic_ns=578780751365015 received=649 consumed=648 revision=318
published_frame=1289
published_frame=1290
editbox_emit sequence=651 bytes=39 elapsed_us=2212 envelope=@J10000000001000000065106537|I421fe100;
published_frame=1291
published_frame=1292
editbox_emit sequence=652 bytes=39 elapsed_us=2488 envelope=@J10000000001000000065251081|I421he100;
published_frame=1293
editbox_receipt monotonic_ns=578780839639421 received=652 consumed=652 revision=319
published_frame=1294
editbox_emit sequence=653 bytes=39 elapsed_us=2407 envelope=@J10000000001000000065330104|I421je100;
published_frame=1295
published_frame=1296
editbox_emit sequence=654 bytes=39 elapsed_us=2052 envelope=@J10000000001000000065409127|I421le100;
published_frame=1297
published_frame=1298
editbox_emit sequence=655 bytes=39 elapsed_us=2193 envelope=@J10000000001000000065553671|I421ne100;
published_frame=1299
published_frame=1300
editbox_emit sequence=656 bytes=39 elapsed_us=2080 envelope=@J10000000001000000065632694|I421pe100;
editbox_receipt monotonic_ns=578780951359327 received=655 consumed=654 revision=320
published_frame=1301
published_frame=1302
editbox_emit sequence=657 bytes=39 elapsed_us=3270 envelope=@J10000000001000000065711717|I421re100;
published_frame=1303
published_frame=1304
editbox_emit sequence=658 bytes=39 elapsed_us=3960 envelope=@J10000000001000000065856261|I421te100;
published_frame=1305
editbox_receipt monotonic_ns=578781032568045 received=657 consumed=657 revision=321
published_frame=1306
editbox_emit sequence=659 bytes=39 elapsed_us=2748 envelope=@J10000000001000000065935284|I421ve100;
published_frame=1307
published_frame=1308
editbox_emit sequence=660 bytes=39 elapsed_us=2347 envelope=@J10000000001000000066055724|I421xe100;
published_frame=1309
published_frame=1310
editbox_emit sequence=661 bytes=39 elapsed_us=2478 envelope=@J10000000001000000066134747|I421ze100;
published_frame=1311
editbox_receipt monotonic_ns=578781140409208 received=660 consumed=660 revision=322
published_frame=1312
editbox_emit sequence=662 bytes=39 elapsed_us=2738 envelope=@J10000000001000000066213770|I421_e100;
published_frame=1313
published_frame=1314
editbox_emit sequence=663 bytes=39 elapsed_us=2672 envelope=@J10000000001000000066348825|I421Xf100;
published_frame=1315
published_frame=1316
editbox_emit sequence=664 bytes=39 elapsed_us=2867 envelope=@J10000000001000000066427848|I421Zf100;
published_frame=1317
published_frame=1318
editbox_emit sequence=665 bytes=39 elapsed_us=2243 envelope=@J10000000001000000066506871|I421bf100;
editbox_receipt monotonic_ns=578781253440222 received=663 consumed=663 revision=323
published_frame=1319
published_frame=1320
editbox_emit sequence=666 bytes=39 elapsed_us=2439 envelope=@J10000000001000000066651415|I421df100;
published_frame=1321
published_frame=1322
editbox_emit sequence=667 bytes=39 elapsed_us=2331 envelope=@J10000000001000000066730438|I421ff100;
published_frame=1323
editbox_receipt monotonic_ns=578781339320198 received=666 consumed=666 revision=324
published_frame=1324
editbox_emit sequence=668 bytes=39 elapsed_us=2309 envelope=@J10000000001000000066809461|I421hf100;
published_frame=1325
published_frame=1326
editbox_emit sequence=669 bytes=39 elapsed_us=2054 envelope=@J10000000001000000066954005|I421jf100;
published_frame=1327
published_frame=1328
editbox_emit sequence=670 bytes=39 elapsed_us=2348 envelope=@J10000000001000000067008924|I421lf100;
published_frame=1329
published_frame=1330
editbox_emit sequence=671 bytes=39 elapsed_us=3673 envelope=@J10000000001000000067153468|I421nf100;
event mono_ns=578781454236000 frame=1331 held=1 pressed=1 released=0
published_frame=1331
published_frame=1332
editbox_emit sequence=672 bytes=62 elapsed_us=5937 envelope=@J10000000001000000067240001|I421pf1t001001000Fm31H03_5001Fm3;
published_frame=1333
published_frame=1334
editbox_emit sequence=673 bytes=51 elapsed_us=2885 envelope=@J10000000001000000067356879|I421rf15001Fm35001Fm3;
editbox_receipt monotonic_ns=578781520148343 received=669 consumed=669 revision=325
published_frame=1335
published_frame=1336
editbox_emit sequence=674 bytes=51 elapsed_us=3431 envelope=@J10000000001000000067461010|I421tf15001Fm35001Fm3;
editbox_receipt monotonic_ns=578781552550437 received=672 consumed=672 revision=326
published_frame=1337
published_frame=1338
editbox_emit sequence=675 bytes=51 elapsed_us=3465 envelope=@J10000000001000000067565141|I421vf15001Fm35001Fm3;
published_frame=1339
published_frame=1340
editbox_emit sequence=676 bytes=51 elapsed_us=2780 envelope=@J10000000001000000067603751|I421xf15001Fm35001Fm3;
published_frame=1341
editbox_receipt monotonic_ns=578781631867367 received=675 consumed=675 revision=327
published_frame=1342
editbox_emit sequence=677 bytes=51 elapsed_us=3187 envelope=@J10000000001000000067707882|I421zf15001Fm35001Fm3;
published_frame=1343
published_frame=1344
editbox_emit sequence=678 bytes=51 elapsed_us=2693 envelope=@J10000000001000000067812013|I421_f15001Fm35001Fm3;
published_frame=1345
published_frame=1346
editbox_emit sequence=679 bytes=51 elapsed_us=3617 envelope=@J10000000001000000067933908|I421Xg15001Fm35001Fm3;
published_frame=1347
published_frame=1348
editbox_emit sequence=680 bytes=51 elapsed_us=3009 envelope=@J10000000001000000068046712|I421Zg15001Fm35001Fm3;
published_frame=1349
editbox_receipt monotonic_ns=578781774698147 received=679 consumed=679 revision=328
published_frame=1350
editbox_emit sequence=681 bytes=51 elapsed_us=2807 envelope=@J10000000001000000068150843|I421bg15001Fm35001Fm3;
published_frame=1351
published_frame=1352
editbox_emit sequence=682 bytes=51 elapsed_us=2878 envelope=@J10000000001000000068254974|I421dg15001Fm35001Fm3;
published_frame=1353
published_frame=1354
editbox_emit sequence=683 bytes=51 elapsed_us=3478 envelope=@J10000000001000000068359105|I421fg15001Fm35001Fm3;
published_frame=1355
editbox_receipt monotonic_ns=578781870603149 received=681 consumed=681 revision=329
published_frame=1356
editbox_emit sequence=684 bytes=51 elapsed_us=2633 envelope=@J10000000001000000068463236|I421hg15001Fm35001Fm3;
published_frame=1357
published_frame=1358
editbox_emit sequence=685 bytes=51 elapsed_us=2623 envelope=@J10000000001000000068501846|I421jg15001Fm35001Fm3;
published_frame=1359
published_frame=1360
editbox_emit sequence=686 bytes=51 elapsed_us=3688 envelope=@J10000000001000000068605977|I421lg15001Fm35001Fm3;
published_frame=1361
published_frame=1362
editbox_emit sequence=687 bytes=51 elapsed_us=4426 envelope=@J10000000001000000068710108|I421ng15001Fm35001Fm3;
published_frame=1363
editbox_receipt monotonic_ns=578782011839449 received=686 consumed=685 revision=330
published_frame=1364
editbox_emit sequence=688 bytes=51 elapsed_us=3375 envelope=@J10000000001000000068814239|I421pg15001Fm35001Fm3;
published_frame=1365
published_frame=1366
editbox_emit sequence=689 bytes=51 elapsed_us=3455 envelope=@J10000000001000000068918370|I421rg15001Fm35001Fm3;
published_frame=1367
editbox_receipt monotonic_ns=578782075222583 received=688 consumed=688 revision=331
published_frame=1368
editbox_emit sequence=690 bytes=51 elapsed_us=2676 envelope=@J10000000001000000069031174|I421tg15001Fm35001Fm3;
published_frame=1369
published_frame=1370
editbox_emit sequence=691 bytes=51 elapsed_us=3094 envelope=@J10000000001000000069135305|I421vg15001Fm35001Fm3;
published_frame=1371
published_frame=1372
editbox_emit sequence=692 bytes=51 elapsed_us=2735 envelope=@J10000000001000000069239436|I421xg15001Fm35001Fm3;
published_frame=1373
editbox_receipt monotonic_ns=578782172145074 received=691 consumed=689 revision=332
published_frame=1374
editbox_emit sequence=693 bytes=51 elapsed_us=2646 envelope=@J10000000001000000069343567|I421zg15001Fm35001Fm3;
published_frame=1375
published_frame=1376
editbox_emit sequence=694 bytes=51 elapsed_us=2878 envelope=@J10000000001000000069447698|I421_g15001Fm35001Fm3;
published_frame=1377
published_frame=1378
editbox_emit sequence=695 bytes=51 elapsed_us=3027 envelope=@J10000000001000000069504072|I421Xh15001Fm35001Fm3;
published_frame=1379
editbox_receipt monotonic_ns=578782275595083 received=694 consumed=694 revision=333
published_frame=1380
editbox_emit sequence=696 bytes=51 elapsed_us=2987 envelope=@J10000000001000000069608203|I421Zh15001Fm35001Fm3;
published_frame=1381
published_frame=1382
editbox_emit sequence=697 bytes=51 elapsed_us=2816 envelope=@J10000000001000000069712334|I421bh15001Fm35001Fm3;
published_frame=1383
published_frame=1384
editbox_emit sequence=698 bytes=51 elapsed_us=3553 envelope=@J10000000001000000069816465|I421dh15001Fm35001Fm3;
published_frame=1385
editbox_receipt monotonic_ns=578782374026273 received=696 consumed=696 revision=334
published_frame=1386
editbox_emit sequence=699 bytes=51 elapsed_us=3130 envelope=@J10000000001000000069920596|I421fh15001Fm35001Fm3;
published_frame=1387
published_frame=1388
editbox_emit sequence=700 bytes=51 elapsed_us=2938 envelope=@J10000000001000000070048130|I421hh15001Fm35001Fm3;
published_frame=1389
published_frame=1390
editbox_emit sequence=701 bytes=51 elapsed_us=2553 envelope=@J10000000001000000070152261|I421jh15001Fm35001Fm3;
published_frame=1391
editbox_receipt monotonic_ns=578782473200305 received=700 consumed=700 revision=335
published_frame=1392
editbox_emit sequence=702 bytes=51 elapsed_us=2532 envelope=@J10000000001000000070256392|I421lh15001Fm35001Fm3;
published_frame=1393
published_frame=1394
editbox_emit sequence=703 bytes=51 elapsed_us=2787 envelope=@J10000000001000000070360523|I421nh15001Fm35001Fm3;
published_frame=1395
published_frame=1396
editbox_emit sequence=704 bytes=51 elapsed_us=2566 envelope=@J10000000001000000070464654|I421ph15001Fm35001Fm3;
editbox_receipt monotonic_ns=578782562932935 received=703 consumed=703 revision=336
published_frame=1397
published_frame=1398
editbox_emit sequence=705 bytes=51 elapsed_us=2763 envelope=@J10000000001000000070503264|I421rh15001Fm35001Fm3;
published_frame=1399
published_frame=1400
editbox_emit sequence=706 bytes=51 elapsed_us=2804 envelope=@J10000000001000000070607395|I421th15001Fm35001Fm3;
published_frame=1401
published_frame=1402
editbox_emit sequence=707 bytes=51 elapsed_us=2675 envelope=@J10000000001000000070711526|I421vh15001Fm35001Fm3;
published_frame=1403
published_frame=1404
editbox_emit sequence=708 bytes=51 elapsed_us=2846 envelope=@J10000000001000000070815657|I421xh15001Fm35001Fm3;
published_frame=1405
editbox_receipt monotonic_ns=578782708752247 received=706 consumed=706 revision=337
published_frame=1406
editbox_emit sequence=709 bytes=51 elapsed_us=2698 envelope=@J10000000001000000070919788|I421zh15001Fm35001Fm3;
published_frame=1407
published_frame=1408
editbox_emit sequence=710 bytes=51 elapsed_us=2589 envelope=@J10000000001000000071032592|I421_h15001Fm35001Fm3;
published_frame=1409
editbox_receipt monotonic_ns=578782772129670 received=708 consumed=708 revision=338
published_frame=1410
editbox_emit sequence=711 bytes=51 elapsed_us=3100 envelope=@J10000000001000000071154487|I421Xi15001Fm35001Fm3;
published_frame=1411
published_frame=1412
editbox_emit sequence=712 bytes=51 elapsed_us=3002 envelope=@J10000000001000000071258618|I421Zi15001Fm35001Fm3;
published_frame=1413
published_frame=1414
editbox_emit sequence=713 bytes=51 elapsed_us=2628 envelope=@J10000000001000000071362749|I421bi15001Fm35001Fm3;
published_frame=1415
editbox_receipt monotonic_ns=578782874443039 received=712 consumed=712 revision=339
published_frame=1416
editbox_emit sequence=714 bytes=51 elapsed_us=2877 envelope=@J10000000001000000071401359|I421di15001Fm35001Fm3;
published_frame=1417
published_frame=1418
editbox_emit sequence=715 bytes=51 elapsed_us=2705 envelope=@J10000000001000000071505490|I421fi15001Fm35001Fm3;
published_frame=1419
published_frame=1420
editbox_emit sequence=716 bytes=51 elapsed_us=2804 envelope=@J10000000001000000071609621|I421hi15001Fm35001Fm3;
published_frame=1421
published_frame=1422
editbox_emit sequence=717 bytes=51 elapsed_us=2626 envelope=@J10000000001000000071713752|I421ji15001Fm35001Fm3;
editbox_receipt monotonic_ns=578782985413059 received=716 consumed=716 revision=340
published_frame=1423
published_frame=1424
editbox_emit sequence=718 bytes=51 elapsed_us=2949 envelope=@J10000000001000000071817883|I421li15001Fm35001Fm3;
published_frame=1425
published_frame=1426
editbox_emit sequence=719 bytes=51 elapsed_us=2991 envelope=@J10000000001000000071922014|I421ni15001Fm35001Fm3;
published_frame=1427
published_frame=1428
editbox_emit sequence=720 bytes=51 elapsed_us=3228 envelope=@J10000000001000000072034818|I421pi15001Fm35001Fm3;
match_end epoch=1 frontier=1429 old_rows=drain terminal_rows=discard
input_armed=true gameplay_armed=false mono_ns=578783088534903
editbox_emit sequence=721 bytes=34 elapsed_us=1971 envelope=@J10000000001000000072131007|JE11;
suppressed mono_ns=578783104552000 reason=focus-pause-or-neutral
editbox_receipt monotonic_ns=578783139364900 received=717 consumed=717 revision=341
editbox_receipt monotonic_ns=578783150457599 received=721 consumed=721 revision=342
match_quiescent epoch=1
waiting_for_match build=playable-0042 slot=0 after_epoch=1
menu_emit epoch=1 phase=Some(Result) key=n mono_ns=578811379218000
menu_emit epoch=1 phase=Some(Character) key=n mono_ns=578817667405000
menu_emit epoch=1 phase=Some(Character) key=y mono_ns=578817907963000
menu_emit epoch=1 phase=Some(Stage) key=y mono_ns=578826658982000
match_ready epoch=2 neutral_rearm=required
input_armed=true gameplay_armed=false mono_ns=578826989097633
editbox_receipt monotonic_ns=578826989191759 received=0 consumed=0 revision=1
editbox_emit sequence=1 bytes=34 elapsed_us=2090 envelope=@J10000000002000000000144738|JR12;
editbox_receipt monotonic_ns=578827010308542 received=1 consumed=1 revision=2
editbox_receipt monotonic_ns=578827020712699 received=1 consumed=1 revision=3
editbox_receipt monotonic_ns=578827055051803 received=1 consumed=1 revision=4
match_start epoch=2 epoch_ns=578827167251977 read_ns=578827168598998 uncertainty_ns=1100277
input_armed=true gameplay_armed=true mono_ns=578827168577798
published_frame=1
published_frame=2
editbox_emit sequence=2 bytes=37 elapsed_us=2111 envelope=@J10000000002000000000230575|I422100;
published_frame=3
published_frame=4
editbox_emit sequence=3 bytes=37 elapsed_us=2476 envelope=@J10000000002000000000309341|I422300;
published_frame=5
published_frame=6
editbox_emit sequence=4 bytes=37 elapsed_us=2074 envelope=@J10000000002000000000453628|I422500;
published_frame=7
published_frame=8
editbox_emit sequence=5 bytes=37 elapsed_us=2006 envelope=@J10000000002000000000532394|I422700;
published_frame=9
published_frame=10
editbox_emit sequence=6 bytes=37 elapsed_us=2037 envelope=@J10000000002000000000611160|I422900;
editbox_receipt monotonic_ns=578827349584255 received=2 consumed=2 revision=5
published_frame=11
published_frame=12
editbox_emit sequence=7 bytes=37 elapsed_us=2945 envelope=@J10000000002000000000755447|I422B00;
published_frame=13
published_frame=14
editbox_emit sequence=8 bytes=37 elapsed_us=2326 envelope=@J10000000002000000000834213|I422D00;
editbox_receipt monotonic_ns=578827415927816 received=7 consumed=3 revision=6
published_frame=15
published_frame=16
editbox_emit sequence=9 bytes=37 elapsed_us=2012 envelope=@J10000000002000000000912979|I422F00;
editbox_receipt monotonic_ns=578827438212549 received=7 consumed=7 revision=7
published_frame=17
published_frame=18
editbox_emit sequence=10 bytes=37 elapsed_us=2588 envelope=@J10000000002000000001020251|I422H00;
published_frame=19
editbox_receipt monotonic_ns=578827495892476 received=9 consumed=9 revision=8
published_frame=20
editbox_emit sequence=11 bytes=37 elapsed_us=2479 envelope=@J10000000002000000001164538|I422J00;
published_frame=21
published_frame=22
editbox_emit sequence=12 bytes=37 elapsed_us=1957 envelope=@J10000000002000000001243304|I422L00;
published_frame=23
published_frame=24
editbox_emit sequence=13 bytes=37 elapsed_us=2151 envelope=@J10000000002000000001322070|I422N00;
editbox_receipt monotonic_ns=578827572162888 received=12 consumed=12 revision=9
published_frame=25
published_frame=26
editbox_emit sequence=14 bytes=37 elapsed_us=2263 envelope=@J10000000002000000001400836|I422P00;
published_frame=27
published_frame=28
editbox_emit sequence=15 bytes=37 elapsed_us=2211 envelope=@J10000000002000000001545123|I422R00;
published_frame=29
published_frame=30
editbox_emit sequence=16 bytes=37 elapsed_us=1958 envelope=@J10000000002000000001623889|I422T00;
editbox_receipt monotonic_ns=578827682452756 received=15 consumed=15 revision=10
published_frame=31
published_frame=32
editbox_emit sequence=17 bytes=37 elapsed_us=2173 envelope=@J10000000002000000001702655|I422V00;
published_frame=33
published_frame=34
editbox_emit sequence=18 bytes=38 elapsed_us=2113 envelope=@J10000000002000000001851664|I422X100;
published_frame=35
published_frame=36
editbox_emit sequence=19 bytes=38 elapsed_us=2503 envelope=@J10000000002000000001929131|I422Z100;
editbox_receipt monotonic_ns=578827783494995 received=18 consumed=18 revision=11
published_frame=37
published_frame=38
editbox_emit sequence=20 bytes=38 elapsed_us=2469 envelope=@J10000000002000000002019815|I422b100;
published_frame=39
published_frame=40
editbox_emit sequence=21 bytes=38 elapsed_us=3135 envelope=@J10000000002000000002162803|I422d100;
published_frame=41
published_frame=42
editbox_emit sequence=22 bytes=38 elapsed_us=2280 envelope=@J10000000002000000002240270|I422f100;
editbox_receipt monotonic_ns=578827874923408 received=21 consumed=21 revision=12
published_frame=43
published_frame=44
editbox_emit sequence=23 bytes=38 elapsed_us=2398 envelope=@J10000000002000000002317737|I422h100;
published_frame=45
published_frame=46
editbox_emit sequence=24 bytes=38 elapsed_us=2445 envelope=@J10000000002000000002460725|I422j100;
published_frame=47
published_frame=48
editbox_emit sequence=25 bytes=38 elapsed_us=1946 envelope=@J10000000002000000002538192|I422l100;
editbox_receipt monotonic_ns=578827972364655 received=24 consumed=24 revision=13
published_frame=49
published_frame=50
editbox_emit sequence=26 bytes=38 elapsed_us=2479 envelope=@J10000000002000000002615659|I422n100;
published_frame=51
published_frame=52
editbox_emit sequence=27 bytes=38 elapsed_us=2513 envelope=@J10000000002000000002758647|I422p100;
published_frame=53
published_frame=54
editbox_emit sequence=28 bytes=38 elapsed_us=2107 envelope=@J10000000002000000002836114|I422r100;
editbox_receipt monotonic_ns=578828082875868 received=27 consumed=27 revision=14
published_frame=55
published_frame=56
editbox_emit sequence=29 bytes=38 elapsed_us=2106 envelope=@J10000000002000000002913581|I422t100;
published_frame=57
published_frame=58
editbox_emit sequence=30 bytes=38 elapsed_us=1974 envelope=@J10000000002000000003004265|I422v100;
published_frame=59
published_frame=60
editbox_emit sequence=31 bytes=38 elapsed_us=1934 envelope=@J10000000002000000003147253|I422x100;
published_frame=61
published_frame=62
editbox_emit sequence=32 bytes=38 elapsed_us=2062 envelope=@J10000000002000000003224720|I422z100;
published_frame=63
published_frame=64
editbox_emit sequence=33 bytes=38 elapsed_us=2104 envelope=@J10000000002000000003302187|I422_100;
published_frame=65
published_frame=66
editbox_emit sequence=34 bytes=38 elapsed_us=2179 envelope=@J10000000002000000003437306|I422X200;
editbox_receipt monotonic_ns=578828277089087 received=30 consumed=30 revision=15
published_frame=67
published_frame=68
editbox_emit sequence=35 bytes=38 elapsed_us=2205 envelope=@J10000000002000000003514773|I422Z200;
published_frame=69
published_frame=70
editbox_emit sequence=36 bytes=38 elapsed_us=2199 envelope=@J10000000002000000003657761|I422b200;
published_frame=71
published_frame=72
editbox_emit sequence=37 bytes=38 elapsed_us=2326 envelope=@J10000000002000000003735228|I422d200;
published_frame=73
editbox_receipt monotonic_ns=578828394143507 received=35 consumed=35 revision=16
published_frame=74
editbox_emit sequence=38 bytes=38 elapsed_us=2234 envelope=@J10000000002000000003812695|I422f200;
published_frame=75
published_frame=76
editbox_emit sequence=39 bytes=38 elapsed_us=2368 envelope=@J10000000002000000003955683|I422h200;
published_frame=77
published_frame=78
editbox_emit sequence=40 bytes=38 elapsed_us=2084 envelope=@J10000000002000000004046367|I422j200;
editbox_receipt monotonic_ns=578828482322518 received=39 consumed=36 revision=17
published_frame=79
published_frame=80
editbox_emit sequence=41 bytes=38 elapsed_us=2372 envelope=@J10000000002000000004123834|I422l200;
published_frame=81
editbox_receipt monotonic_ns=578828527950177 received=39 consumed=39 revision=18
published_frame=82
editbox_emit sequence=42 bytes=38 elapsed_us=2185 envelope=@J10000000002000000004201301|I422n200;
published_frame=83
published_frame=84
editbox_emit sequence=43 bytes=38 elapsed_us=2512 envelope=@J10000000002000000004344289|I422p200;
published_frame=85
published_frame=86
editbox_emit sequence=44 bytes=38 elapsed_us=2131 envelope=@J10000000002000000004421756|I422r200;
editbox_receipt monotonic_ns=578828617207590 received=42 consumed=42 revision=19
published_frame=87
published_frame=88
editbox_emit sequence=45 bytes=38 elapsed_us=2192 envelope=@J10000000002000000004564744|I422t200;
published_frame=89
published_frame=90
editbox_emit sequence=46 bytes=38 elapsed_us=2497 envelope=@J10000000002000000004642211|I422v200;
published_frame=91
published_frame=92
editbox_emit sequence=47 bytes=38 elapsed_us=4776 envelope=@J10000000002000000004719678|I422x200;
published_frame=93
editbox_receipt monotonic_ns=578828720013495 received=45 consumed=45 revision=20
published_frame=94
editbox_emit sequence=48 bytes=38 elapsed_us=2962 envelope=@J10000000002000000004862666|I422z200;
published_frame=95
published_frame=96
editbox_emit sequence=49 bytes=38 elapsed_us=2370 envelope=@J10000000002000000004940133|I422_200;
published_frame=97
published_frame=98
editbox_emit sequence=50 bytes=38 elapsed_us=2120 envelope=@J10000000002000000005022948|I422X300;
editbox_receipt monotonic_ns=578828808738069 received=48 consumed=48 revision=21
published_frame=99
published_frame=100
editbox_emit sequence=51 bytes=38 elapsed_us=2319 envelope=@J10000000002000000005100415|I422Z300;
published_frame=101
published_frame=102
editbox_emit sequence=52 bytes=38 elapsed_us=2276 envelope=@J10000000002000000005243403|I422b300;
event mono_ns=578828871547000 frame=103 held=1 pressed=1 released=0
event mono_ns=578828876813000 frame=103 held=0 pressed=0 released=1
published_frame=103
published_frame=104
editbox_emit sequence=53 bytes=49 elapsed_us=3340 envelope=@J10000000002000000005329976|I422d3o0010011H03_0;
published_frame=105
editbox_receipt monotonic_ns=578828927956507 received=51 consumed=51 revision=22
published_frame=106
editbox_emit sequence=54 bytes=38 elapsed_us=2037 envelope=@J10000000002000000005463858|I422f300;
published_frame=107
published_frame=108
editbox_emit sequence=55 bytes=38 elapsed_us=2202 envelope=@J10000000002000000005541325|I422h300;
published_frame=109
published_frame=110
editbox_emit sequence=56 bytes=38 elapsed_us=1943 envelope=@J10000000002000000005618792|I422j300;
editbox_receipt monotonic_ns=578829005638857 received=55 consumed=54 revision=23
published_frame=111
published_frame=112
editbox_emit sequence=57 bytes=38 elapsed_us=2758 envelope=@J10000000002000000005761780|I422l300;
published_frame=113
published_frame=114
editbox_emit sequence=58 bytes=38 elapsed_us=1930 envelope=@J10000000002000000005839247|I422n300;
published_frame=115
published_frame=116
editbox_emit sequence=59 bytes=38 elapsed_us=2086 envelope=@J10000000002000000005916714|I422p300;
editbox_receipt monotonic_ns=578829104569616 received=57 consumed=57 revision=24
published_frame=117
published_frame=118
editbox_emit sequence=60 bytes=38 elapsed_us=2279 envelope=@J10000000002000000006007398|I422r300;
published_frame=119
published_frame=120
editbox_emit sequence=61 bytes=38 elapsed_us=2008 envelope=@J10000000002000000006150386|I422t300;
published_frame=121
published_frame=122
editbox_emit sequence=62 bytes=38 elapsed_us=2566 envelope=@J10000000002000000006227853|I422v300;
published_frame=123
published_frame=124
editbox_emit sequence=63 bytes=38 elapsed_us=2384 envelope=@J10000000002000000006305320|I422x300;
published_frame=125
published_frame=126
editbox_emit sequence=64 bytes=38 elapsed_us=2428 envelope=@J10000000002000000006448308|I422z300;
published_frame=127
published_frame=128
editbox_emit sequence=65 bytes=38 elapsed_us=2104 envelope=@J10000000002000000006525775|I422_300;
editbox_receipt monotonic_ns=578829315452109 received=61 consumed=60 revision=25
published_frame=129
published_frame=130
editbox_emit sequence=66 bytes=38 elapsed_us=2335 envelope=@J10000000002000000006660894|I422X400;
published_frame=131
published_frame=132
editbox_emit sequence=67 bytes=38 elapsed_us=2249 envelope=@J10000000002000000006738361|I422Z400;
published_frame=133
published_frame=134
editbox_emit sequence=68 bytes=38 elapsed_us=2416 envelope=@J10000000002000000006815828|I422b400;
published_frame=135
published_frame=136
editbox_emit sequence=69 bytes=38 elapsed_us=2035 envelope=@J10000000002000000006958816|I422d400;
published_frame=137
published_frame=138
editbox_emit sequence=70 bytes=38 elapsed_us=1895 envelope=@J10000000002000000007049500|I422f400;
editbox_receipt monotonic_ns=578829482553745 received=67 consumed=65 revision=26
published_frame=139
published_frame=140
editbox_emit sequence=71 bytes=38 elapsed_us=2036 envelope=@J10000000002000000007126967|I422h400;
published_frame=141
editbox_receipt monotonic_ns=578829525520475 received=67 consumed=67 revision=27
published_frame=142
editbox_emit sequence=72 bytes=38 elapsed_us=1946 envelope=@J10000000002000000007204434|I422j400;
published_frame=143
published_frame=144
editbox_emit sequence=73 bytes=38 elapsed_us=2065 envelope=@J10000000002000000007347422|I422l400;
published_frame=145
published_frame=146
editbox_emit sequence=74 bytes=38 elapsed_us=2271 envelope=@J10000000002000000007424889|I422n400;
published_frame=147
event mono_ns=578829627116000 frame=148 held=2 pressed=2 released=0
event mono_ns=578829632379000 frame=148 held=0 pressed=0 released=2
published_frame=148
editbox_emit sequence=75 bytes=49 elapsed_us=2593 envelope=@J10000000002000000007509603|I422p40o0020022Y07-;
editbox_receipt monotonic_ns=578829649634673 received=73 consumed=71 revision=28
published_frame=149
published_frame=150
editbox_emit sequence=76 bytes=38 elapsed_us=2235 envelope=@J10000000002000000007645344|I422r400;
published_frame=151
editbox_receipt monotonic_ns=578829693171702 received=73 consumed=73 revision=29
published_frame=152
editbox_emit sequence=77 bytes=38 elapsed_us=2063 envelope=@J10000000002000000007722811|I422t400;
published_frame=153
published_frame=154
editbox_emit sequence=78 bytes=38 elapsed_us=2312 envelope=@J10000000002000000007800278|I422v400;
published_frame=155
published_frame=156
editbox_emit sequence=79 bytes=38 elapsed_us=2168 envelope=@J10000000002000000007943266|I422x400;
published_frame=157
published_frame=158
editbox_emit sequence=80 bytes=38 elapsed_us=2228 envelope=@J10000000002000000008033950|I422z400;
published_frame=159
editbox_receipt monotonic_ns=578829826552724 received=79 consumed=76 revision=30
published_frame=160
editbox_emit sequence=81 bytes=38 elapsed_us=2512 envelope=@J10000000002000000008111417|I422_400;
published_frame=161
editbox_receipt monotonic_ns=578829861410490 received=79 consumed=79 revision=31
published_frame=162
editbox_emit sequence=82 bytes=38 elapsed_us=2718 envelope=@J10000000002000000008246536|I422X500;
published_frame=163
published_frame=164
editbox_emit sequence=83 bytes=38 elapsed_us=2177 envelope=@J10000000002000000008324003|I422Z500;
published_frame=165
published_frame=166
editbox_emit sequence=84 bytes=38 elapsed_us=2031 envelope=@J10000000002000000008401470|I422b500;
published_frame=167
editbox_receipt monotonic_ns=578829959510251 received=83 consumed=82 revision=32
published_frame=168
editbox_emit sequence=85 bytes=38 elapsed_us=2562 envelope=@J10000000002000000008544458|I422d500;
published_frame=169
published_frame=170
editbox_emit sequence=86 bytes=38 elapsed_us=2583 envelope=@J10000000002000000008621925|I422f500;
published_frame=171
published_frame=172
editbox_emit sequence=87 bytes=38 elapsed_us=3659 envelope=@J10000000002000000008764913|I422h500;
published_frame=173
published_frame=174
editbox_emit sequence=88 bytes=38 elapsed_us=2779 envelope=@J10000000002000000008842380|I422j500;
editbox_receipt monotonic_ns=578830083911336 received=87 consumed=84 revision=33
published_frame=175
published_frame=176
editbox_emit sequence=89 bytes=38 elapsed_us=2399 envelope=@J10000000002000000008919847|I422l500;
published_frame=177
editbox_receipt monotonic_ns=578830126381435 received=87 consumed=87 revision=34
published_frame=178
editbox_emit sequence=90 bytes=38 elapsed_us=2960 envelope=@J10000000002000000009010531|I422n500;
published_frame=179
published_frame=180
editbox_emit sequence=91 bytes=38 elapsed_us=2377 envelope=@J10000000002000000009153519|I422p500;
published_frame=181
published_frame=182
editbox_emit sequence=92 bytes=38 elapsed_us=1994 envelope=@J10000000002000000009230986|I422r500;
published_frame=183
published_frame=184
editbox_emit sequence=93 bytes=38 elapsed_us=3161 envelope=@J10000000002000000009308453|I422t500;
published_frame=185
published_frame=186
editbox_emit sequence=94 bytes=38 elapsed_us=2056 envelope=@J10000000002000000009451441|I422v500;
published_frame=187
published_frame=188
editbox_emit sequence=95 bytes=38 elapsed_us=1866 envelope=@J10000000002000000009528908|I422x500;
published_frame=189
published_frame=190
editbox_emit sequence=88 bytes=38 elapsed_us=2123 envelope=@J10000000002000000008842380|I422j500;
published_frame=191
published_frame=192
event mono_ns=578830382716000 frame=193 held=4 pressed=4 released=0
published_frame=193
event mono_ns=578830388102000 frame=194 held=0 pressed=0 released=4
published_frame=194
published_frame=195
editbox_receipt monotonic_ns=578830433965928 received=90 consumed=90 revision=35
editbox_emit sequence=91 bytes=38 elapsed_us=2402 envelope=@J10000000002000000009153519|I422p500;
published_frame=196
published_frame=197
published_frame=198
published_frame=199
editbox_receipt monotonic_ns=578830487916843 received=95 consumed=95 revision=36
editbox_emit sequence=96 bytes=38 elapsed_us=2313 envelope=@J10000000002000000009606375|I422z500;
editbox_emit sequence=97 bytes=38 elapsed_us=2263 envelope=@J10000000002000000009749363|I422_500;
editbox_emit sequence=98 bytes=61 elapsed_us=3865 envelope=@J10000000002000000009839367|I422X6t00400400003zFC0012000004;
editbox_emit sequence=99 bytes=38 elapsed_us=2174 envelope=@J10000000002000000009961949|I422Z600;
published_frame=200
editbox_emit sequence=100 bytes=38 elapsed_us=2086 envelope=@J10000000002000000010028529|I422b600;
editbox_emit sequence=101 bytes=38 elapsed_us=2109 envelope=@J10000000002000000010105996|I422d600;
published_frame=201
editbox_receipt monotonic_ns=578830521336533 received=95 consumed=95 revision=37
published_frame=202
editbox_emit sequence=102 bytes=38 elapsed_us=1922 envelope=@J10000000002000000010248984|I422f600;
published_frame=203
published_frame=204
editbox_emit sequence=103 bytes=38 elapsed_us=2252 envelope=@J10000000002000000010326451|I422h600;
published_frame=205
published_frame=206
editbox_emit sequence=104 bytes=38 elapsed_us=2352 envelope=@J10000000002000000010403918|I422j600;
published_frame=207
published_frame=208
editbox_emit sequence=105 bytes=38 elapsed_us=2693 envelope=@J10000000002000000010546906|I422l600;
published_frame=209
published_frame=210
editbox_emit sequence=106 bytes=38 elapsed_us=2852 envelope=@J10000000002000000010624373|I422n600;
published_frame=211
published_frame=212
editbox_emit sequence=107 bytes=38 elapsed_us=2561 envelope=@J10000000002000000010701840|I422p600;
published_frame=213
published_frame=214
editbox_emit sequence=108 bytes=38 elapsed_us=2989 envelope=@J10000000002000000010844828|I422r600;
editbox_emit sequence=96 bytes=38 elapsed_us=2203 envelope=@J10000000002000000009606375|I422z500;
published_frame=215
published_frame=216
published_frame=217
published_frame=218
published_frame=219
editbox_receipt monotonic_ns=578830824215754 received=108 consumed=96 revision=38
editbox_emit sequence=109 bytes=38 elapsed_us=2084 envelope=@J10000000002000000010922295|I422t600;
editbox_emit sequence=110 bytes=38 elapsed_us=2287 envelope=@J10000000002000000011012979|I422v600;
published_frame=220
editbox_emit sequence=111 bytes=38 elapsed_us=2022 envelope=@J10000000002000000011155967|I422x600;
published_frame=221
published_frame=222
editbox_emit sequence=112 bytes=38 elapsed_us=3442 envelope=@J10000000002000000011233434|I422z600;
editbox_receipt monotonic_ns=578830877708340 received=108 consumed=102 revision=39
published_frame=223
published_frame=224
editbox_emit sequence=113 bytes=38 elapsed_us=2192 envelope=@J10000000002000000011310901|I422_600;
published_frame=225
editbox_receipt monotonic_ns=578830922036382 received=108 consumed=108 revision=40
published_frame=226
editbox_emit sequence=114 bytes=38 elapsed_us=2533 envelope=@J10000000002000000011446020|I422X700;
published_frame=227
editbox_receipt monotonic_ns=578830966087666 received=108 consumed=108 revision=41
published_frame=228
editbox_emit sequence=115 bytes=38 elapsed_us=2414 envelope=@J10000000002000000011523487|I422Z700;
published_frame=229
published_frame=230
editbox_emit sequence=116 bytes=38 elapsed_us=2077 envelope=@J10000000002000000011600954|I422b700;
published_frame=231
published_frame=232
editbox_emit sequence=117 bytes=38 elapsed_us=2044 envelope=@J10000000002000000011743942|I422d700;
published_frame=233
published_frame=234
editbox_emit sequence=118 bytes=38 elapsed_us=2145 envelope=@J10000000002000000011821409|I422f700;
editbox_emit sequence=109 bytes=38 elapsed_us=2488 envelope=@J10000000002000000010922295|I422t600;
published_frame=235
published_frame=236
published_frame=237
published_frame=238
editbox_receipt monotonic_ns=578831136783801 received=117 consumed=113 revision=42
editbox_emit sequence=118 bytes=38 elapsed_us=2183 envelope=@J10000000002000000011821409|I422f700;
event mono_ns=578831138524000 frame=239 held=24 pressed=24 released=0
editbox_emit sequence=119 bytes=38 elapsed_us=2085 envelope=@J10000000002000000011964397|I422h700;
event mono_ns=578831143758000 frame=239 held=0 pressed=0 released=24
editbox_emit sequence=120 bytes=38 elapsed_us=2465 envelope=@J10000000002000000012055081|I422j700;
published_frame=239
published_frame=240
editbox_emit sequence=121 bytes=49 elapsed_us=3064 envelope=@J10000000002000000012104095|I422l7o00O00OUO0020;
published_frame=241
published_frame=242
editbox_emit sequence=122 bytes=38 elapsed_us=1851 envelope=@J10000000002000000012210015|I422n700;
editbox_receipt monotonic_ns=578831204750735 received=117 consumed=117 revision=43
published_frame=243
published_frame=244
editbox_emit sequence=123 bytes=38 elapsed_us=2116 envelope=@J10000000002000000012353003|I422p700;
published_frame=245
published_frame=246
editbox_emit sequence=124 bytes=38 elapsed_us=3686 envelope=@J10000000002000000012430470|I422r700;
published_frame=247
published_frame=248
editbox_emit sequence=125 bytes=38 elapsed_us=2076 envelope=@J10000000002000000012507937|I422t700;
published_frame=249
published_frame=250
editbox_emit sequence=126 bytes=38 elapsed_us=2462 envelope=@J10000000002000000012650925|I422v700;
published_frame=251
published_frame=252
editbox_emit sequence=127 bytes=38 elapsed_us=2318 envelope=@J10000000002000000012728392|I422x700;
published_frame=253
editbox_emit sequence=118 bytes=38 elapsed_us=2118 envelope=@J10000000002000000011821409|I422f700;
published_frame=254
editbox_receipt monotonic_ns=578831414633473 received=117 consumed=117 revision=44
published_frame=255
published_frame=256
published_frame=257
published_frame=258
published_frame=259
published_frame=260
published_frame=261
published_frame=262
published_frame=263
published_frame=264
editbox_receipt monotonic_ns=578831577219001 received=127 consumed=123 revision=45
editbox_emit sequence=128 bytes=38 elapsed_us=2029 envelope=@J10000000002000000012805859|I422z700;
editbox_emit sequence=129 bytes=38 elapsed_us=2282 envelope=@J10000000002000000012948847|I422_700;
published_frame=265
editbox_emit sequence=130 bytes=38 elapsed_us=2020 envelope=@J10000000002000000013031662|I422X800;
editbox_emit sequence=131 bytes=38 elapsed_us=1948 envelope=@J10000000002000000013109129|I422Z800;
editbox_emit sequence=132 bytes=38 elapsed_us=1847 envelope=@J10000000002000000013252117|I422b800;
editbox_emit sequence=133 bytes=38 elapsed_us=1978 envelope=@J10000000002000000013329584|I422d800;
published_frame=266
editbox_emit sequence=134 bytes=38 elapsed_us=1849 envelope=@J10000000002000000013407051|I422f800;
published_frame=267
published_frame=268
editbox_emit sequence=135 bytes=38 elapsed_us=1880 envelope=@J10000000002000000013550039|I422h800;
published_frame=269
published_frame=270
editbox_emit sequence=136 bytes=38 elapsed_us=1883 envelope=@J10000000002000000013627506|I422j800;
published_frame=271
editbox_receipt monotonic_ns=578831684664525 received=127 consumed=127 revision=46
published_frame=272
editbox_emit sequence=137 bytes=38 elapsed_us=2097 envelope=@J10000000002000000013704973|I422l800;
editbox_receipt monotonic_ns=578831716944979 received=127 consumed=127 revision=47
published_frame=273
published_frame=274
editbox_emit sequence=138 bytes=38 elapsed_us=2178 envelope=@J10000000002000000013847961|I422n800;
published_frame=275
published_frame=276
editbox_emit sequence=139 bytes=38 elapsed_us=1968 envelope=@J10000000002000000013925428|I422p800;
published_frame=277
published_frame=278
editbox_emit sequence=140 bytes=38 elapsed_us=1939 envelope=@J10000000002000000014016112|I422r800;
published_frame=279
editbox_emit sequence=128 bytes=38 elapsed_us=2116 envelope=@J10000000002000000012805859|I422z700;
published_frame=280
published_frame=281
published_frame=282
published_frame=283
event mono_ns=578831894105000 frame=284 held=16 pressed=16 released=0
event mono_ns=578831899321000 frame=284 held=0 pressed=0 released=16
published_frame=284
published_frame=285
published_frame=286
published_frame=287
editbox_receipt monotonic_ns=578831951798645 received=140 consumed=130 revision=48
editbox_emit sequence=141 bytes=38 elapsed_us=3299 envelope=@J10000000002000000014159100|I422t800;
editbox_emit sequence=142 bytes=38 elapsed_us=2322 envelope=@J10000000002000000014236567|I422v800;
editbox_emit sequence=143 bytes=44 elapsed_us=2454 envelope=@J10000000002000000014330301|I422x80200G00G;
editbox_emit sequence=144 bytes=38 elapsed_us=2090 envelope=@J10000000002000000014457022|I422z800;
published_frame=288
editbox_emit sequence=145 bytes=38 elapsed_us=2270 envelope=@J10000000002000000014534489|I422_800;
published_frame=289
editbox_receipt monotonic_ns=578831985399345 received=140 consumed=135 revision=49
published_frame=290
editbox_emit sequence=146 bytes=38 elapsed_us=2213 envelope=@J10000000002000000014604087|I422X900;
editbox_receipt monotonic_ns=578832016635851 received=140 consumed=135 revision=50
published_frame=291
published_frame=292
editbox_emit sequence=147 bytes=38 elapsed_us=2065 envelope=@J10000000002000000014747075|I422Z900;
published_frame=293
editbox_receipt monotonic_ns=578832060259292 received=140 consumed=135 revision=51
published_frame=294
editbox_emit sequence=148 bytes=38 elapsed_us=2250 envelope=@J10000000002000000014824542|I422b900;
published_frame=295
published_frame=296
editbox_emit sequence=149 bytes=38 elapsed_us=1995 envelope=@J10000000002000000014902009|I422d900;
published_frame=297
published_frame=298
editbox_emit sequence=150 bytes=38 elapsed_us=2413 envelope=@J10000000002000000015058214|I422f900;
editbox_receipt monotonic_ns=578832139512728 received=140 consumed=140 revision=52
published_frame=299
published_frame=300
editbox_emit sequence=151 bytes=38 elapsed_us=2381 envelope=@J10000000002000000015135681|I422h900;
published_frame=301
published_frame=302
editbox_emit sequence=152 bytes=38 elapsed_us=2007 envelope=@J10000000002000000015213148|I422j900;
editbox_emit sequence=141 bytes=38 elapsed_us=2200 envelope=@J10000000002000000014159100|I422t800;
published_frame=303
published_frame=304
published_frame=305
published_frame=306
published_frame=307
published_frame=308
published_frame=309
published_frame=310
published_frame=311
editbox_receipt monotonic_ns=578832362555590 received=152 consumed=143 revision=53
editbox_emit sequence=153 bytes=38 elapsed_us=2253 envelope=@J10000000002000000015356136|I422l900;
editbox_emit sequence=154 bytes=38 elapsed_us=1989 envelope=@J10000000002000000015433603|I422n900;
published_frame=312
editbox_emit sequence=155 bytes=38 elapsed_us=1905 envelope=@J10000000002000000015511070|I422p900;
editbox_emit sequence=156 bytes=38 elapsed_us=1940 envelope=@J10000000002000000015654058|I422r900;
editbox_emit sequence=157 bytes=38 elapsed_us=1817 envelope=@J10000000002000000015731525|I422t900;
published_frame=313
published_frame=314
editbox_emit sequence=158 bytes=38 elapsed_us=1871 envelope=@J10000000002000000015808992|I422v900;
editbox_receipt monotonic_ns=578832404187126 received=152 consumed=148 revision=54
published_frame=315
published_frame=316
editbox_emit sequence=159 bytes=38 elapsed_us=1940 envelope=@J10000000002000000015951980|I422x900;
published_frame=317
published_frame=318
editbox_emit sequence=160 bytes=38 elapsed_us=1861 envelope=@J10000000002000000016042664|I422z900;
published_frame=319
published_frame=320
editbox_emit sequence=161 bytes=38 elapsed_us=2503 envelope=@J10000000002000000016120131|I422_900;
published_frame=321
published_frame=322
editbox_emit sequence=162 bytes=38 elapsed_us=2423 envelope=@J10000000002000000016255250|I422XA00;
editbox_receipt monotonic_ns=578832538930883 received=152 consumed=148 revision=55
published_frame=323
published_frame=324
editbox_emit sequence=163 bytes=38 elapsed_us=1930 envelope=@J10000000002000000016332717|I422ZA00;
editbox_receipt monotonic_ns=578832570918708 received=152 consumed=148 revision=56
published_frame=325
published_frame=326
editbox_emit sequence=164 bytes=38 elapsed_us=1952 envelope=@J10000000002000000016410184|I422bA00;
editbox_emit sequence=153 bytes=38 elapsed_us=2450 envelope=@J10000000002000000015356136|I422l900;
published_frame=327
published_frame=328
event mono_ns=578832649546000 frame=329 held=16 pressed=16 released=0
published_frame=329
event mono_ns=578832654842000 frame=330 held=0 pressed=0 released=16
published_frame=330
published_frame=331
published_frame=332
published_frame=333
published_frame=334
published_frame=335
published_frame=336
published_frame=337
published_frame=338
published_frame=339
published_frame=340
published_frame=341
editbox_receipt monotonic_ns=578832858868656 received=164 consumed=151 revision=57
editbox_emit sequence=165 bytes=38 elapsed_us=2090 envelope=@J10000000002000000016553172|I422dA00;
editbox_emit sequence=166 bytes=53 elapsed_us=2684 envelope=@J10000000002000000016612701|I422fA300G00G000200000G;
editbox_emit sequence=167 bytes=38 elapsed_us=1987 envelope=@J10000000002000000016708106|I422hA00;
published_frame=342
published_frame=343
published_frame=344
editbox_receipt monotonic_ns=578832913895248 received=164 consumed=157 revision=58
editbox_emit sequence=168 bytes=38 elapsed_us=2007 envelope=@J10000000002000000016851094|I422jA00;
editbox_emit sequence=169 bytes=38 elapsed_us=1892 envelope=@J10000000002000000016928561|I422lA00;
published_frame=345
editbox_emit sequence=170 bytes=38 elapsed_us=1948 envelope=@J10000000002000000017019245|I422nA00;
editbox_emit sequence=171 bytes=38 elapsed_us=2061 envelope=@J10000000002000000017162233|I422pA00;
editbox_emit sequence=172 bytes=38 elapsed_us=2017 envelope=@J10000000002000000017239700|I422rA00;
editbox_emit sequence=173 bytes=38 elapsed_us=2356 envelope=@J10000000002000000017317167|I422tA00;
published_frame=346
published_frame=347
published_frame=348
editbox_receipt monotonic_ns=578832968563317 received=164 consumed=160 revision=59
editbox_emit sequence=174 bytes=38 elapsed_us=2580 envelope=@J10000000002000000017460155|I422vA00;
editbox_emit sequence=175 bytes=38 elapsed_us=1876 envelope=@J10000000002000000017537622|I422xA00;
published_frame=349
editbox_receipt monotonic_ns=578833000203881 received=164 consumed=160 revision=60
published_frame=350
editbox_emit sequence=176 bytes=38 elapsed_us=2018 envelope=@J10000000002000000017615089|I422zA00;
published_frame=351
editbox_receipt monotonic_ns=578833031107814 received=164 consumed=160 revision=61
published_frame=352
published_frame=353
published_frame=354
published_frame=355
published_frame=356
editbox_emit sequence=165 bytes=38 elapsed_us=3239 envelope=@J10000000002000000016553172|I422dA00;
published_frame=357
published_frame=358
published_frame=359
published_frame=360
published_frame=361
published_frame=362
published_frame=363
published_frame=364
published_frame=365
editbox_receipt monotonic_ns=578833252383613 received=176 consumed=160 revision=62
published_frame=366
published_frame=367
published_frame=368
published_frame=369
editbox_receipt monotonic_ns=578833326763280 received=176 consumed=161 revision=63
editbox_emit sequence=177 bytes=38 elapsed_us=2282 envelope=@J10000000002000000017758077|I422_A00;
published_frame=370
published_frame=371
published_frame=372
published_frame=373
published_frame=374
event mono_ns=578833405161000 frame=375 held=32 pressed=32 released=0
event mono_ns=578833410435000 frame=375 held=0 pressed=0 released=32
editbox_receipt monotonic_ns=578833410649371 received=176 consumed=167 revision=64
editbox_emit sequence=178 bytes=38 elapsed_us=2807 envelope=@J10000000002000000017827675|I422XB00;
editbox_emit sequence=179 bytes=38 elapsed_us=2208 envelope=@J10000000002000000017905142|I422ZB00;
published_frame=375
editbox_emit sequence=180 bytes=38 elapsed_us=1917 envelope=@J10000000002000000018061347|I422bB00;
editbox_emit sequence=181 bytes=38 elapsed_us=1873 envelope=@J10000000002000000018138814|I422dB00;
editbox_emit sequence=182 bytes=38 elapsed_us=2070 envelope=@J10000000002000000018216281|I422fB00;
editbox_emit sequence=183 bytes=38 elapsed_us=2089 envelope=@J10000000002000000018359269|I422hB00;
published_frame=376
published_frame=377
published_frame=378
published_frame=379
published_frame=380
published_frame=381
published_frame=382
editbox_receipt monotonic_ns=578833549871414 received=176 consumed=173 revision=65
editbox_emit sequence=184 bytes=38 elapsed_us=1945 envelope=@J10000000002000000018436736|I422jB00;
published_frame=383
editbox_emit sequence=185 bytes=38 elapsed_us=1981 envelope=@J10000000002000000018514203|I422lB00;
editbox_emit sequence=186 bytes=38 elapsed_us=1883 envelope=@J10000000002000000018657191|I422nB00;
editbox_emit sequence=187 bytes=38 elapsed_us=1905 envelope=@J10000000002000000018734658|I422pB00;
editbox_emit sequence=188 bytes=38 elapsed_us=1854 envelope=@J10000000002000000018812125|I422rB00;
editbox_emit sequence=189 bytes=44 elapsed_us=3259 envelope=@J10000000002000000018902575|I422tB200W00W0;
published_frame=384
editbox_emit sequence=177 bytes=38 elapsed_us=2461 envelope=@J10000000002000000017758077|I422_A00;
published_frame=385
published_frame=386
published_frame=387
published_frame=388
published_frame=389
published_frame=390
published_frame=391
published_frame=392
published_frame=393
published_frame=394
published_frame=395
published_frame=396
editbox_receipt monotonic_ns=578833783290841 received=189 consumed=176 revision=66
editbox_emit sequence=190 bytes=38 elapsed_us=2441 envelope=@J10000000002000000019045797|I422vB00;
published_frame=397
editbox_emit sequence=191 bytes=38 elapsed_us=2278 envelope=@J10000000002000000019123264|I422xB00;
editbox_emit sequence=192 bytes=38 elapsed_us=2883 envelope=@J10000000002000000019200731|I422zB00;
published_frame=398
published_frame=399
editbox_receipt monotonic_ns=578833828267850 received=189 consumed=176 revision=67
published_frame=400
published_frame=401
published_frame=402
editbox_receipt monotonic_ns=578833870739441 received=189 consumed=176 revision=68
published_frame=403
published_frame=404
published_frame=405
published_frame=406
published_frame=407
editbox_receipt monotonic_ns=578833956141234 received=189 consumed=180 revision=69
editbox_emit sequence=193 bytes=38 elapsed_us=2000 envelope=@J10000000002000000019343719|I422_B00;
editbox_emit sequence=194 bytes=38 elapsed_us=1890 envelope=@J10000000002000000019413317|I422XC00;
editbox_emit sequence=195 bytes=38 elapsed_us=2155 envelope=@J10000000002000000019556305|I422ZC00;
editbox_emit sequence=196 bytes=38 elapsed_us=2347 envelope=@J10000000002000000019633772|I422bC00;
published_frame=408
published_frame=409
editbox_receipt monotonic_ns=578833998852185 received=189 consumed=186 revision=70
editbox_emit sequence=197 bytes=38 elapsed_us=2044 envelope=@J10000000002000000019711239|I422dC00;
published_frame=410
editbox_emit sequence=198 bytes=38 elapsed_us=1840 envelope=@J10000000002000000019854227|I422fC00;
editbox_emit sequence=199 bytes=38 elapsed_us=1910 envelope=@J10000000002000000019931694|I422hC00;
editbox_emit sequence=200 bytes=38 elapsed_us=1878 envelope=@J10000000002000000020063795|I422jC00;
editbox_emit sequence=201 bytes=38 elapsed_us=1859 envelope=@J10000000002000000020141262|I422lC00;
editbox_emit sequence=202 bytes=38 elapsed_us=1810 envelope=@J10000000002000000020218729|I422nC00;
published_frame=411
published_frame=412
editbox_emit sequence=190 bytes=38 elapsed_us=1926 envelope=@J10000000002000000019045797|I422vB00;
published_frame=413
published_frame=414
published_frame=415
published_frame=416
published_frame=417
published_frame=418
published_frame=419
event mono_ns=578834160727000 frame=420 held=64 pressed=64 released=0
event mono_ns=578834165890000 frame=420 held=0 pressed=0 released=64
published_frame=420
published_frame=421
published_frame=422
published_frame=423
editbox_receipt monotonic_ns=578834230175601 received=202 consumed=191 revision=71
editbox_emit sequence=203 bytes=38 elapsed_us=1942 envelope=@J10000000002000000020361717|I422pC00;
editbox_emit sequence=204 bytes=38 elapsed_us=1934 envelope=@J10000000002000000020439184|I422rC00;
published_frame=424
editbox_emit sequence=205 bytes=38 elapsed_us=1878 envelope=@J10000000002000000020516651|I422tC00;
editbox_emit sequence=206 bytes=38 elapsed_us=1924 envelope=@J10000000002000000020659639|I422vC00;
editbox_emit sequence=207 bytes=38 elapsed_us=1862 envelope=@J10000000002000000020737106|I422xC00;
published_frame=425
published_frame=426
editbox_receipt monotonic_ns=578834274849041 received=202 consumed=192 revision=72
editbox_emit sequence=208 bytes=38 elapsed_us=2056 envelope=@J10000000002000000020814573|I422zC00;
published_frame=427
published_frame=428
editbox_receipt monotonic_ns=578834305271712 received=202 consumed=192 revision=73
published_frame=429
published_frame=430
published_frame=431
editbox_receipt monotonic_ns=578834357571811 received=202 consumed=192 revision=74
published_frame=432
published_frame=433
published_frame=434
published_frame=435
published_frame=436
published_frame=437
published_frame=438
editbox_emit sequence=203 bytes=38 elapsed_us=2785 envelope=@J10000000002000000020361717|I422pC00;
published_frame=439
published_frame=440
published_frame=441
editbox_receipt monotonic_ns=578834530127773 received=202 consumed=198 revision=75
published_frame=442
published_frame=443
published_frame=444
published_frame=445
published_frame=446
published_frame=447
published_frame=448
editbox_receipt monotonic_ns=578834645596359 received=208 consumed=204 revision=76
editbox_emit sequence=209 bytes=38 elapsed_us=2126 envelope=@J10000000002000000020957561|I422_C00;
editbox_emit sequence=210 bytes=38 elapsed_us=2183 envelope=@J10000000002000000021040376|I422XD00;
published_frame=449
editbox_emit sequence=211 bytes=44 elapsed_us=2324 envelope=@J10000000002000000021156406|I422ZD02010010;
editbox_emit sequence=212 bytes=38 elapsed_us=1978 envelope=@J10000000002000000021260831|I422bD00;
editbox_emit sequence=213 bytes=38 elapsed_us=1997 envelope=@J10000000002000000021338298|I422dD00;
editbox_emit sequence=214 bytes=38 elapsed_us=1902 envelope=@J10000000002000000021415765|I422fD00;
editbox_emit sequence=215 bytes=38 elapsed_us=1975 envelope=@J10000000002000000021558753|I422hD00;
published_frame=450
editbox_emit sequence=216 bytes=38 elapsed_us=1801 envelope=@J10000000002000000021636220|I422jD00;
editbox_emit sequence=217 bytes=38 elapsed_us=1876 envelope=@J10000000002000000021713687|I422lD00;
editbox_emit sequence=218 bytes=38 elapsed_us=1886 envelope=@J10000000002000000021856675|I422nD00;
editbox_emit sequence=219 bytes=38 elapsed_us=1870 envelope=@J10000000002000000021934142|I422pD00;
editbox_emit sequence=220 bytes=38 elapsed_us=2259 envelope=@J10000000002000000022024826|I422rD00;
published_frame=451
editbox_receipt monotonic_ns=578834689959367 received=208 consumed=208 revision=77
editbox_emit sequence=221 bytes=38 elapsed_us=2425 envelope=@J10000000002000000022102293|I422tD00;
editbox_emit sequence=222 bytes=38 elapsed_us=2178 envelope=@J10000000002000000022245281|I422vD00;
editbox_emit sequence=223 bytes=38 elapsed_us=2306 envelope=@J10000000002000000022322748|I422xD00;
published_frame=452
editbox_emit sequence=224 bytes=38 elapsed_us=2245 envelope=@J10000000002000000022400215|I422zD00;
published_frame=453
editbox_receipt monotonic_ns=578834721957561 received=208 consumed=208 revision=78
published_frame=454
published_frame=455
editbox_receipt monotonic_ns=578834753352204 received=208 consumed=208 revision=79
published_frame=456
published_frame=457
published_frame=458
published_frame=459
published_frame=460
published_frame=461
published_frame=462
published_frame=463
editbox_emit sequence=209 bytes=38 elapsed_us=2489 envelope=@J10000000002000000020957561|I422_C00;
published_frame=464
event mono_ns=578834916123000 frame=465 held=256 pressed=256 released=0
published_frame=465
event mono_ns=578834921393000 frame=466 held=0 pressed=0 released=256
published_frame=466
published_frame=467
published_frame=468
published_frame=469
published_frame=470
published_frame=471
published_frame=472
published_frame=473
published_frame=474
published_frame=475
published_frame=476
published_frame=477
editbox_receipt monotonic_ns=578835119287009 received=224 consumed=212 revision=80
editbox_emit sequence=225 bytes=38 elapsed_us=2294 envelope=@J10000000002000000022543203|I422_D00;
editbox_emit sequence=226 bytes=38 elapsed_us=2246 envelope=@J10000000002000000022612801|I422XE00;
editbox_emit sequence=227 bytes=38 elapsed_us=2405 envelope=@J10000000002000000022755789|I422ZE00;
editbox_emit sequence=228 bytes=38 elapsed_us=1938 envelope=@J10000000002000000022833256|I422bE00;
published_frame=478
published_frame=479
editbox_receipt monotonic_ns=578835161920143 received=224 consumed=218 revision=81
editbox_emit sequence=229 bytes=38 elapsed_us=2771 envelope=@J10000000002000000022910723|I422dE00;
editbox_emit sequence=230 bytes=38 elapsed_us=2347 envelope=@J10000000002000000023001407|I422fE00;
published_frame=480
editbox_emit sequence=231 bytes=38 elapsed_us=2410 envelope=@J10000000002000000023144395|I422hE00;
editbox_emit sequence=232 bytes=38 elapsed_us=2497 envelope=@J10000000002000000023221862|I422jE00;
editbox_emit sequence=233 bytes=38 elapsed_us=2617 envelope=@J10000000002000000023364850|I422lE00;
editbox_emit sequence=234 bytes=56 elapsed_us=4020 envelope=@J10000000002000000023452198|I422nEB040040000Fy02000040;
published_frame=481
editbox_receipt monotonic_ns=578835198400802 received=224 consumed=221 revision=82
editbox_emit sequence=235 bytes=38 elapsed_us=2480 envelope=@J10000000002000000023519784|I422pE00;
published_frame=482
editbox_emit sequence=236 bytes=38 elapsed_us=2359 envelope=@J10000000002000000023662772|I422rE00;
editbox_emit sequence=237 bytes=38 elapsed_us=2197 envelope=@J10000000002000000023740239|I422tE00;
published_frame=483
editbox_receipt monotonic_ns=578835230945491 received=224 consumed=221 revision=83
published_frame=484
published_frame=485
published_frame=486
published_frame=487
published_frame=488
published_frame=489
published_frame=490
published_frame=491
published_frame=492
editbox_emit sequence=225 bytes=38 elapsed_us=2754 envelope=@J10000000002000000022543203|I422_D00;
published_frame=493
published_frame=494
published_frame=495
published_frame=496
published_frame=497
published_frame=498
editbox_receipt monotonic_ns=578835480560744 received=237 consumed=221 revision=84
published_frame=499
published_frame=500
published_frame=501
published_frame=502
published_frame=503
published_frame=504
published_frame=505
published_frame=506
published_frame=507
editbox_receipt monotonic_ns=578835630837142 received=237 consumed=221 revision=85
published_frame=508
published_frame=509
published_frame=510
event mono_ns=578835671627000 frame=511 held=512 pressed=512 released=0
event mono_ns=578835676840000 frame=511 held=0 pressed=0 released=512
published_frame=511
editbox_receipt monotonic_ns=578835684765324 received=237 consumed=221 revision=86
published_frame=512
published_frame=513
published_frame=514
published_frame=515
published_frame=516
published_frame=517
editbox_receipt monotonic_ns=578835792916130 received=237 consumed=226 revision=87
editbox_emit sequence=238 bytes=38 elapsed_us=2704 envelope=@J10000000002000000023817706|I422vE00;
editbox_emit sequence=239 bytes=38 elapsed_us=2685 envelope=@J10000000002000000023960694|I422xE00;
published_frame=518
editbox_emit sequence=240 bytes=38 elapsed_us=2838 envelope=@J10000000002000000024051378|I422zE00;
editbox_emit sequence=241 bytes=38 elapsed_us=2447 envelope=@J10000000002000000024128845|I422_E00;
editbox_emit sequence=242 bytes=38 elapsed_us=2393 envelope=@J10000000002000000024263964|I422XF00;
published_frame=519
published_frame=520
published_frame=521
published_frame=522
published_frame=523
editbox_receipt monotonic_ns=578835891443332 received=242 consumed=232 revision=88
editbox_emit sequence=243 bytes=38 elapsed_us=2122 envelope=@J10000000002000000024341431|I422ZF00;
editbox_emit sequence=244 bytes=38 elapsed_us=2414 envelope=@J10000000002000000024418898|I422bF00;
editbox_emit sequence=245 bytes=38 elapsed_us=2103 envelope=@J10000000002000000024561886|I422dF00;
published_frame=524
editbox_emit sequence=246 bytes=38 elapsed_us=2080 envelope=@J10000000002000000024639353|I422fF00;
editbox_emit sequence=247 bytes=38 elapsed_us=2226 envelope=@J10000000002000000024716820|I422hF00;
editbox_emit sequence=248 bytes=38 elapsed_us=2426 envelope=@J10000000002000000024859808|I422jF00;
published_frame=525
published_frame=526
editbox_receipt monotonic_ns=578835934952739 received=242 consumed=237 revision=89
editbox_emit sequence=249 bytes=38 elapsed_us=2298 envelope=@J10000000002000000024937275|I422lF00;
editbox_emit sequence=250 bytes=38 elapsed_us=1835 envelope=@J10000000002000000025027959|I422nF00;
editbox_emit sequence=251 bytes=38 elapsed_us=1859 envelope=@J10000000002000000025105426|I422pF00;
editbox_emit sequence=252 bytes=38 elapsed_us=1920 envelope=@J10000000002000000025248414|I422rF00;
editbox_emit sequence=253 bytes=38 elapsed_us=2318 envelope=@J10000000002000000025325881|I422tF00;
published_frame=527
editbox_receipt monotonic_ns=578835966791525 received=242 consumed=237 revision=90
published_frame=528
published_frame=529
published_frame=530
editbox_receipt monotonic_ns=578836000993601 received=242 consumed=237 revision=91
published_frame=531
published_frame=532
published_frame=533
published_frame=534
published_frame=535
published_frame=536
published_frame=537
published_frame=538
editbox_emit sequence=243 bytes=38 elapsed_us=2342 envelope=@J10000000002000000024341431|I422ZF00;
published_frame=539
published_frame=540
published_frame=541
published_frame=542
editbox_receipt monotonic_ns=578836202329262 received=253 consumed=237 revision=92
published_frame=543
published_frame=544
published_frame=545
editbox_receipt monotonic_ns=578836256770186 received=253 consumed=237 revision=93
published_frame=546
published_frame=547
published_frame=548
published_frame=549
published_frame=550
published_frame=551
published_frame=552
published_frame=553
editbox_receipt monotonic_ns=578836387447096 received=253 consumed=242 revision=94
editbox_emit sequence=254 bytes=38 elapsed_us=2055 envelope=@J10000000002000000025403348|I422vF00;
editbox_emit sequence=255 bytes=38 elapsed_us=2129 envelope=@J10000000002000000025546336|I422xF00;
editbox_emit sequence=256 bytes=38 elapsed_us=2122 envelope=@J10000000002000000025623803|I422zF00;
editbox_emit sequence=257 bytes=44 elapsed_us=2289 envelope=@J10000000002000000025751039|I422_F20800800;
published_frame=554
editbox_emit sequence=258 bytes=38 elapsed_us=1878 envelope=@J10000000002000000025836389|I422XG00;
published_frame=555
event mono_ns=578836427128000 frame=556 held=128 pressed=128 released=0
event mono_ns=578836432412000 frame=556 held=0 pressed=0 released=128
published_frame=556
published_frame=557
published_frame=558
published_frame=559
published_frame=560
published_frame=561
published_frame=562
published_frame=563
published_frame=564
editbox_receipt monotonic_ns=578836580851396 received=253 consumed=248 revision=95
editbox_emit sequence=259 bytes=38 elapsed_us=2047 envelope=@J10000000002000000025913856|I422ZG00;
published_frame=565
editbox_emit sequence=260 bytes=38 elapsed_us=2310 envelope=@J10000000002000000026004540|I422bG00;
editbox_emit sequence=261 bytes=38 elapsed_us=1893 envelope=@J10000000002000000026147528|I422dG00;
editbox_emit sequence=262 bytes=38 elapsed_us=2188 envelope=@J10000000002000000026224995|I422fG00;
editbox_emit sequence=263 bytes=38 elapsed_us=1807 envelope=@J10000000002000000026302462|I422hG00;
editbox_emit sequence=264 bytes=38 elapsed_us=1883 envelope=@J10000000002000000026445450|I422jG00;
published_frame=566
published_frame=567
editbox_receipt monotonic_ns=578836622868886 received=258 consumed=253 revision=96
editbox_emit sequence=265 bytes=38 elapsed_us=2054 envelope=@J10000000002000000026522917|I422lG00;
editbox_emit sequence=266 bytes=38 elapsed_us=1965 envelope=@J10000000002000000026600384|I422nG00;
editbox_emit sequence=267 bytes=38 elapsed_us=1854 envelope=@J10000000002000000026743372|I422pG00;
editbox_emit sequence=268 bytes=38 elapsed_us=2123 envelope=@J10000000002000000026820839|I422rG00;
published_frame=568
editbox_emit sequence=269 bytes=38 elapsed_us=1884 envelope=@J10000000002000000026963827|I422tG00;
published_frame=569
editbox_receipt monotonic_ns=578836654591043 received=258 consumed=253 revision=97
published_frame=570
published_frame=571
editbox_receipt monotonic_ns=578836687540161 received=258 consumed=253 revision=98
published_frame=572
published_frame=573
published_frame=574
published_frame=575
published_frame=576
published_frame=577
published_frame=578
published_frame=579
published_frame=580
editbox_receipt monotonic_ns=578836845325067 received=258 consumed=253 revision=99
published_frame=581
published_frame=582
editbox_emit sequence=259 bytes=38 elapsed_us=2236 envelope=@J10000000002000000025913856|I422ZG00;
published_frame=583
published_frame=584
published_frame=585
published_frame=586
editbox_receipt monotonic_ns=578836941542569 received=269 consumed=255 revision=100
editbox_emit sequence=270 bytes=38 elapsed_us=2698 envelope=@J10000000002000000027054511|I422vG00;
editbox_emit sequence=271 bytes=38 elapsed_us=2625 envelope=@J10000000002000000027131978|I422xG00;
published_frame=587
published_frame=588
published_frame=589
published_frame=590
published_frame=591
editbox_receipt monotonic_ns=578837017659803 received=269 consumed=261 revision=101
editbox_emit sequence=272 bytes=38 elapsed_us=2584 envelope=@J10000000002000000027209445|I422zG00;
editbox_emit sequence=273 bytes=38 elapsed_us=2652 envelope=@J10000000002000000027352433|I422_G00;
editbox_emit sequence=274 bytes=38 elapsed_us=2580 envelope=@J10000000002000000027422031|I422XH00;
editbox_emit sequence=275 bytes=38 elapsed_us=2562 envelope=@J10000000002000000027565019|I422ZH00;
editbox_emit sequence=276 bytes=38 elapsed_us=2484 envelope=@J10000000002000000027642486|I422bH00;
published_frame=592
editbox_emit sequence=277 bytes=38 elapsed_us=2498 envelope=@J10000000002000000027719953|I422dH00;
published_frame=593
published_frame=594
published_frame=595
published_frame=596
published_frame=597
published_frame=598
published_frame=599
published_frame=600
editbox_receipt monotonic_ns=578837170215585 received=277 consumed=267 revision=102
editbox_emit sequence=278 bytes=38 elapsed_us=2137 envelope=@J10000000002000000027862941|I422fH00;
editbox_emit sequence=279 bytes=44 elapsed_us=2303 envelope=@J10000000002000000027900744|I422hH02020020;
editbox_emit sequence=280 bytes=38 elapsed_us=1997 envelope=@J10000000002000000028031092|I422jH00;
editbox_emit sequence=281 bytes=38 elapsed_us=1923 envelope=@J10000000002000000028108559|I422lH00;
event mono_ns=578837182693000 frame=601 held=16384 pressed=16384 released=0
published_frame=601
editbox_emit sequence=282 bytes=38 elapsed_us=1932 envelope=@J10000000002000000028251547|I422nH00;
editbox_emit sequence=283 bytes=38 elapsed_us=1914 envelope=@J10000000002000000028329014|I422pH00;
event mono_ns=578837187973000 frame=602 held=0 pressed=0 released=16384
published_frame=602
editbox_receipt monotonic_ns=578837202165469 received=277 consumed=269 revision=103
editbox_emit sequence=284 bytes=38 elapsed_us=2347 envelope=@J10000000002000000028406481|I422rH00;
editbox_emit sequence=285 bytes=38 elapsed_us=2213 envelope=@J10000000002000000028549469|I422tH00;
published_frame=603
editbox_receipt monotonic_ns=578837233438644 received=277 consumed=269 revision=104
published_frame=604
published_frame=605
published_frame=606
published_frame=607
published_frame=608
published_frame=609
published_frame=610
published_frame=611
published_frame=612
published_frame=613
published_frame=614
published_frame=615
editbox_emit sequence=278 bytes=38 elapsed_us=2200 envelope=@J10000000002000000027862941|I422fH00;
published_frame=616
published_frame=617
published_frame=618
editbox_receipt monotonic_ns=578837467806538 received=285 consumed=269 revision=105
published_frame=619
editbox_receipt monotonic_ns=578837499385947 received=285 consumed=269 revision=106
published_frame=620
published_frame=621
published_frame=622
published_frame=623
published_frame=624
published_frame=625
editbox_receipt monotonic_ns=578837587265065 received=285 consumed=269 revision=107
published_frame=626
published_frame=627
published_frame=628
published_frame=629
published_frame=630
editbox_receipt monotonic_ns=578837672259493 received=285 consumed=275 revision=108
editbox_emit sequence=286 bytes=38 elapsed_us=2271 envelope=@J10000000002000000028626936|I422vH00;
editbox_emit sequence=287 bytes=38 elapsed_us=2250 envelope=@J10000000002000000028704403|I422xH00;
editbox_emit sequence=288 bytes=38 elapsed_us=2044 envelope=@J10000000002000000028847391|I422zH00;
editbox_emit sequence=289 bytes=38 elapsed_us=1976 envelope=@J10000000002000000028924858|I422_H00;
published_frame=631
editbox_emit sequence=290 bytes=38 elapsed_us=1852 envelope=@J10000000002000000029007673|I422XI00;
editbox_emit sequence=291 bytes=38 elapsed_us=2003 envelope=@J10000000002000000029150661|I422ZI00;
published_frame=632
published_frame=633
published_frame=634
published_frame=635
published_frame=636
editbox_receipt monotonic_ns=578837779755992 received=291 consumed=281 revision=109
editbox_emit sequence=292 bytes=38 elapsed_us=2808 envelope=@J10000000002000000029228128|I422bI00;
editbox_emit sequence=293 bytes=38 elapsed_us=2340 envelope=@J10000000002000000029305595|I422dI00;
published_frame=637
editbox_emit sequence=294 bytes=38 elapsed_us=2253 envelope=@J10000000002000000029448583|I422fI00;
editbox_emit sequence=295 bytes=38 elapsed_us=2386 envelope=@J10000000002000000029526050|I422hI00;
editbox_emit sequence=296 bytes=38 elapsed_us=2157 envelope=@J10000000002000000029603517|I422jI00;
editbox_emit sequence=297 bytes=38 elapsed_us=2306 envelope=@J10000000002000000029746505|I422lI00;
published_frame=638
editbox_receipt monotonic_ns=578837802697877 received=291 consumed=285 revision=110
editbox_emit sequence=298 bytes=38 elapsed_us=2070 envelope=@J10000000002000000029823972|I422nI00;
editbox_emit sequence=299 bytes=38 elapsed_us=1939 envelope=@J10000000002000000029901439|I422pI00;
editbox_emit sequence=300 bytes=38 elapsed_us=2048 envelope=@J10000000002000000030033540|I422rI00;
editbox_emit sequence=301 bytes=38 elapsed_us=2411 envelope=@J10000000002000000030111007|I422tI00;
published_frame=639
published_frame=640
published_frame=641
published_frame=642
published_frame=643
published_frame=644
published_frame=645
published_frame=646
event mono_ns=578837938316000 frame=647 held=1 pressed=1 released=0
event mono_ns=578837943572000 frame=647 held=0 pressed=0 released=1
published_frame=647
editbox_receipt monotonic_ns=578837966421938 received=301 consumed=285 revision=111
published_frame=648
published_frame=649
event mono_ns=578837988825000 frame=650 held=2 pressed=2 released=0
event mono_ns=578837994054000 frame=650 held=0 pressed=0 released=2
editbox_receipt monotonic_ns=578837998580373 received=301 consumed=285 revision=112
published_frame=650
published_frame=651
published_frame=652
event mono_ns=578838039297000 frame=653 held=4 pressed=4 released=0
editbox_receipt monotonic_ns=578838041300971 received=301 consumed=285 revision=113
event mono_ns=578838044503000 frame=653 held=0 pressed=0 released=4
published_frame=653
published_frame=654
published_frame=655
event mono_ns=578838089742000 frame=656 held=24 pressed=24 released=0
event mono_ns=578838094957000 frame=656 held=0 pressed=0 released=24
published_frame=656
editbox_receipt monotonic_ns=578838107255151 received=301 consumed=285 revision=114
published_frame=657
published_frame=658
event mono_ns=578838140326000 frame=659 held=16 pressed=16 released=0
event mono_ns=578838145671000 frame=659 held=0 pressed=0 released=16
published_frame=659
published_frame=660
published_frame=661
event mono_ns=578838190904000 frame=662 held=16 pressed=16 released=0
event mono_ns=578838196077000 frame=662 held=0 pressed=0 released=16
published_frame=662
published_frame=663
published_frame=664
event mono_ns=578838241272000 frame=665 held=32 pressed=32 released=0
event mono_ns=578838246494000 frame=665 held=0 pressed=0 released=32
published_frame=665
published_frame=666
published_frame=667
event mono_ns=578838291714000 frame=668 held=64 pressed=64 released=0
event mono_ns=578838296914000 frame=668 held=0 pressed=0 released=64
published_frame=668
published_frame=669
published_frame=670
event mono_ns=578838342096000 frame=671 held=256 pressed=256 released=0
event mono_ns=578838347267000 frame=671 held=0 pressed=0 released=256
published_frame=671
editbox_receipt monotonic_ns=578838355562059 received=301 consumed=285 revision=115
published_frame=672
published_frame=673
event mono_ns=578838392489000 frame=674 held=512 pressed=512 released=0
event mono_ns=578838397720000 frame=674 held=0 pressed=0 released=512
published_frame=674
published_frame=675
published_frame=676
event mono_ns=578838442956000 frame=677 held=128 pressed=128 released=0
event mono_ns=578838448179000 frame=677 held=0 pressed=0 released=128
published_frame=677
editbox_receipt monotonic_ns=578838460920239 received=301 consumed=291 revision=116
editbox_emit sequence=302 bytes=53 elapsed_us=3163 envelope=@J10000000002000000030244245|I422vI34004000002000400;
editbox_emit sequence=303 bytes=38 elapsed_us=2336 envelope=@J10000000002000000030331462|I422xI00;
published_frame=678
editbox_emit sequence=304 bytes=38 elapsed_us=2328 envelope=@J10000000002000000030408929|I422zI00;
editbox_emit sequence=305 bytes=38 elapsed_us=2222 envelope=@J10000000002000000030551917|I422_I00;
editbox_emit sequence=306 bytes=38 elapsed_us=2232 envelope=@J10000000002000000030621515|I422XJ00;
editbox_emit sequence=307 bytes=38 elapsed_us=2222 envelope=@J10000000002000000030764503|I422ZJ00;
published_frame=679
event mono_ns=578838493480000 frame=680 held=16384 pressed=16384 released=0
event mono_ns=578838498623000 frame=680 held=0 pressed=0 released=16384
published_frame=680
published_frame=681
published_frame=682
event mono_ns=578838543862000 frame=683 held=32 pressed=32 released=0
event mono_ns=578838543888000 frame=683 held=96 pressed=64 released=0
event mono_ns=578838549168000 frame=683 held=64 pressed=0 released=32
event mono_ns=578838549188000 frame=683 held=0 pressed=0 released=64
published_frame=683
editbox_receipt monotonic_ns=578838562866992 received=307 consumed=297 revision=117
editbox_emit sequence=308 bytes=38 elapsed_us=2551 envelope=@J10000000002000000030841970|I422bJ00;
editbox_emit sequence=309 bytes=38 elapsed_us=2952 envelope=@J10000000002000000030919437|I422dJ00;
published_frame=684
editbox_emit sequence=310 bytes=38 elapsed_us=2330 envelope=@J10000000002000000031010121|I422fJ00;
editbox_emit sequence=311 bytes=38 elapsed_us=2296 envelope=@J10000000002000000031153109|I422hJ00;
editbox_emit sequence=312 bytes=38 elapsed_us=2245 envelope=@J10000000002000000031230576|I422jJ00;
editbox_emit sequence=313 bytes=38 elapsed_us=2519 envelope=@J10000000002000000031308043|I422lJ00;
published_frame=685
event mono_ns=578838594465000 frame=686 held=1 pressed=1 released=0
editbox_receipt monotonic_ns=578838597281276 received=307 consumed=301 revision=118
editbox_emit sequence=314 bytes=38 elapsed_us=2144 envelope=@J10000000002000000031451031|I422nJ00;
event mono_ns=578838599742000 frame=686 held=0 pressed=0 released=1
published_frame=686
editbox_emit sequence=315 bytes=38 elapsed_us=1850 envelope=@J10000000002000000031528498|I422pJ00;
editbox_emit sequence=316 bytes=38 elapsed_us=1796 envelope=@J10000000002000000031605965|I422rJ00;
editbox_emit sequence=317 bytes=38 elapsed_us=1892 envelope=@J10000000002000000031748953|I422tJ00;
published_frame=687
published_frame=688
event mono_ns=578838644951000 frame=689 held=2 pressed=2 released=0
event mono_ns=578838650086000 frame=689 held=0 pressed=0 released=2
published_frame=689
published_frame=690
published_frame=691
event mono_ns=578838695326000 frame=692 held=4 pressed=4 released=0
event mono_ns=578838700523000 frame=692 held=0 pressed=0 released=4
published_frame=692
published_frame=693
published_frame=694
event mono_ns=578838745743000 frame=695 held=24 pressed=24 released=0
event mono_ns=578838750954000 frame=696 held=0 pressed=0 released=24
published_frame=695
published_frame=696
editbox_receipt monotonic_ns=578838769923719 received=317 consumed=301 revision=119
published_frame=697
event mono_ns=578838796285000 frame=698 held=16 pressed=16 released=0
published_frame=698
event mono_ns=578838801573000 frame=699 held=0 pressed=0 released=16
editbox_receipt monotonic_ns=578838813283405 received=317 consumed=301 revision=120
published_frame=699
published_frame=700
event mono_ns=578838846886000 frame=701 held=16 pressed=16 released=0
published_frame=701
event mono_ns=578838852283000 frame=702 held=0 pressed=0 released=16
published_frame=702
published_frame=703
editbox_receipt monotonic_ns=578838891099375 received=317 consumed=301 revision=121
event mono_ns=578838897735000 frame=704 held=32 pressed=32 released=0
published_frame=704
event mono_ns=578838902913000 frame=705 held=0 pressed=0 released=32
published_frame=705
published_frame=706
event mono_ns=578838948234000 frame=707 held=64 pressed=64 released=0
published_frame=707
event mono_ns=578838953433000 frame=708 held=0 pressed=0 released=64
published_frame=708
published_frame=709
event mono_ns=578838998615000 frame=710 held=256 pressed=256 released=0
published_frame=710
event mono_ns=578839003777000 frame=711 held=0 pressed=0 released=256
published_frame=711
editbox_receipt monotonic_ns=578839034078922 received=317 consumed=304 revision=122
editbox_emit sequence=318 bytes=38 elapsed_us=2612 envelope=@J10000000002000000031826420|I422vJ00;
published_frame=712
editbox_emit sequence=319 bytes=38 elapsed_us=2997 envelope=@J10000000002000000031903887|I422xJ00;
editbox_emit sequence=320 bytes=38 elapsed_us=2745 envelope=@J10000000002000000032060092|I422zJ00;
event mono_ns=578839049015000 frame=713 held=512 pressed=512 released=0
published_frame=713
event mono_ns=578839054267000 frame=714 held=0 pressed=0 released=512
published_frame=714
published_frame=715
event mono_ns=578839099521000 frame=716 held=128 pressed=128 released=0
published_frame=716
event mono_ns=578839104638000 frame=717 held=0 pressed=0 released=128
published_frame=717
published_frame=718
editbox_receipt monotonic_ns=578839144353819 received=320 consumed=310 revision=123
editbox_emit sequence=321 bytes=38 elapsed_us=2508 envelope=@J10000000002000000032137559|I422_J00;
editbox_emit sequence=322 bytes=38 elapsed_us=2370 envelope=@J10000000002000000032207157|I422XK00;
event mono_ns=578839149863000 frame=719 held=16384 pressed=16384 released=0
published_frame=719
editbox_emit sequence=323 bytes=38 elapsed_us=2198 envelope=@J10000000002000000032350145|I422ZK00;
event mono_ns=578839155036000 frame=720 held=0 pressed=0 released=16384
editbox_emit sequence=324 bytes=38 elapsed_us=2315 envelope=@J10000000002000000032427612|I422bK00;
editbox_emit sequence=325 bytes=49 elapsed_us=2872 envelope=@J10000000002000000032541286|I422dKo0010011H03_0;
editbox_emit sequence=326 bytes=49 elapsed_us=2907 envelope=@J10000000002000000032663056|I422fK0o0020022Y07-;
published_frame=720
editbox_receipt monotonic_ns=578839179451575 received=320 consumed=316 revision=124
editbox_emit sequence=327 bytes=38 elapsed_us=2659 envelope=@J10000000002000000032725534|I422hK00;
editbox_emit sequence=328 bytes=49 elapsed_us=2859 envelope=@J10000000002000000032860551|I422jKo004004FC0010;
published_frame=721
editbox_emit sequence=329 bytes=49 elapsed_us=3217 envelope=@J10000000002000000032953658|I422lK0o00O00OUO002;
editbox_emit sequence=330 bytes=38 elapsed_us=2403 envelope=@J10000000002000000033036673|I422nK00;
event mono_ns=578839200234000 frame=722 held=32 pressed=32 released=0
event mono_ns=578839200265000 frame=722 held=96 pressed=64 released=0
editbox_emit sequence=331 bytes=44 elapsed_us=2643 envelope=@J10000000002000000033133826|I422pK200G00G0;
published_frame=722
editbox_emit sequence=332 bytes=44 elapsed_us=2820 envelope=@J10000000002000000033228611|I422rK0200G00G;
event mono_ns=578839205744000 frame=723 held=64 pressed=0 released=32
event mono_ns=578839205764000 frame=723 held=0 pressed=0 released=64
published_frame=723
published_frame=724
event mono_ns=578839251030000 frame=726 held=1 pressed=1 released=0
published_frame=725
event mono_ns=578839256233000 frame=726 held=0 pressed=0 released=1
published_frame=726
published_frame=727
published_frame=728
event mono_ns=578839301442000 frame=729 held=2 pressed=2 released=0
event mono_ns=578839306665000 frame=729 held=0 pressed=0 released=2
published_frame=729
published_frame=730
published_frame=731
event mono_ns=578839351944000 frame=732 held=4 pressed=4 released=0
event mono_ns=578839357248000 frame=732 held=0 pressed=0 released=4
published_frame=732
published_frame=733
editbox_emit sequence=321 bytes=38 elapsed_us=2446 envelope=@J10000000002000000032137559|I422_J00;
published_frame=734
event mono_ns=578839402644000 frame=735 held=24 pressed=24 released=0
event mono_ns=578839407795000 frame=735 held=0 pressed=0 released=24
published_frame=735
published_frame=736
published_frame=737
event mono_ns=578839453072000 frame=738 held=16 pressed=16 released=0
event mono_ns=578839458325000 frame=738 held=0 pressed=0 released=16
published_frame=738
published_frame=739
published_frame=740
event mono_ns=578839503582000 frame=741 held=16 pressed=16 released=0
event mono_ns=578839508764000 frame=741 held=0 pressed=0 released=16
published_frame=741
published_frame=742
editbox_receipt monotonic_ns=578839537810142 received=332 consumed=317 revision=125
editbox_emit sequence=333 bytes=38 elapsed_us=2424 envelope=@J10000000002000000033334595|I422tK00;
published_frame=743
event mono_ns=578839554097000 frame=744 held=32 pressed=32 released=0
event mono_ns=578839559346000 frame=744 held=0 pressed=0 released=32
published_frame=744
editbox_receipt monotonic_ns=578839580809964 received=332 consumed=317 revision=126
published_frame=745
published_frame=746
event mono_ns=578839604601000 frame=747 held=64 pressed=64 released=0
event mono_ns=578839609835000 frame=747 held=0 pressed=0 released=64
published_frame=747
published_frame=748
editbox_receipt monotonic_ns=578839636580500 received=333 consumed=317 revision=127
published_frame=749
event mono_ns=578839655074000 frame=750 held=256 pressed=256 released=0
event mono_ns=578839660339000 frame=750 held=0 pressed=0 released=256
published_frame=750
editbox_receipt monotonic_ns=578839680075690 received=333 consumed=317 revision=128
published_frame=751
published_frame=752
event mono_ns=578839705604000 frame=753 held=512 pressed=512 released=0
event mono_ns=578839710842000 frame=753 held=0 pressed=0 released=512
published_frame=753
published_frame=754
published_frame=755
event mono_ns=578839756106000 frame=756 held=128 pressed=128 released=0
event mono_ns=578839761365000 frame=756 held=0 pressed=0 released=128
editbox_receipt monotonic_ns=578839767016198 received=333 consumed=320 revision=129
editbox_emit sequence=334 bytes=44 elapsed_us=2848 envelope=@J10000000002000000033448690|I422vK200W00W0;
published_frame=756
editbox_emit sequence=335 bytes=44 elapsed_us=2800 envelope=@J10000000002000000033515793|I422xK02010010;
editbox_emit sequence=336 bytes=38 elapsed_us=2252 envelope=@J10000000002000000033632517|I422zK00;
published_frame=757
published_frame=758
event mono_ns=578839806583000 frame=759 held=16384 pressed=16384 released=0
event mono_ns=578839811825000 frame=759 held=0 pressed=0 released=16384
published_frame=759
published_frame=760
published_frame=761
event mono_ns=578839857113000 frame=762 held=32 pressed=32 released=0
event mono_ns=578839857243000 frame=762 held=96 pressed=64 released=0
event mono_ns=578839862538000 frame=762 held=64 pressed=0 released=32
event mono_ns=578839862566000 frame=762 held=0 pressed=0 released=64
published_frame=762
editbox_receipt monotonic_ns=578839868585543 received=336 consumed=326 revision=130
editbox_emit sequence=337 bytes=44 elapsed_us=2909 envelope=@J10000000002000000033744529|I422_K20400400;
editbox_emit sequence=338 bytes=44 elapsed_us=2859 envelope=@J10000000002000000033803939|I422XL02080080;
editbox_emit sequence=339 bytes=38 elapsed_us=2441 envelope=@J10000000002000000033922570|I422ZL00;
editbox_emit sequence=340 bytes=44 elapsed_us=2229 envelope=@J10000000002000000034051917|I422bL20200200;
published_frame=763
editbox_emit sequence=341 bytes=44 elapsed_us=2734 envelope=@J10000000002000000034135622|I422dL02400400;
editbox_emit sequence=342 bytes=38 elapsed_us=2206 envelope=@J10000000002000000034233709|I422fL00;
published_frame=764
editbox_receipt monotonic_ns=578839903745596 received=336 consumed=332 revision=131
editbox_emit sequence=343 bytes=44 elapsed_us=2795 envelope=@J10000000002000000034335613|I422hL201W01W0;
event mono_ns=578839907963000 frame=765 held=1 pressed=1 released=0
editbox_emit sequence=344 bytes=49 elapsed_us=3097 envelope=@J10000000002000000034432991|I422jL0o0010011H03_;
editbox_emit sequence=345 bytes=38 elapsed_us=2283 envelope=@J10000000002000000034531631|I422lL00;
event mono_ns=578839913161000 frame=765 held=0 pressed=0 released=1
editbox_emit sequence=346 bytes=49 elapsed_us=2876 envelope=@J10000000002000000034623248|I422nLo0020022Y07-0;
published_frame=765
editbox_emit sequence=347 bytes=49 elapsed_us=3389 envelope=@J10000000002000000034752501|I422pL0o004004FC001;
editbox_emit sequence=348 bytes=38 elapsed_us=2921 envelope=@J10000000002000000034829553|I422rL00;
published_frame=766
published_frame=767
event mono_ns=578839958492000 frame=768 held=2 pressed=2 released=0
event mono_ns=578839963679000 frame=768 held=0 pressed=0 released=2
published_frame=768
published_frame=769
published_frame=770
event mono_ns=578840008898000 frame=771 held=4 pressed=4 released=0
event mono_ns=578840014135000 frame=771 held=0 pressed=0 released=4
published_frame=771
published_frame=772
published_frame=773
event mono_ns=578840059418000 frame=774 held=24 pressed=24 released=0
event mono_ns=578840064657000 frame=774 held=0 pressed=0 released=24
published_frame=774
published_frame=775
published_frame=776
event mono_ns=578840109901000 frame=777 held=16 pressed=16 released=0
event mono_ns=578840115203000 frame=777 held=0 pressed=0 released=16
published_frame=777
editbox_emit sequence=337 bytes=44 elapsed_us=2740 envelope=@J10000000002000000033744529|I422_K20400400;
published_frame=778
editbox_receipt monotonic_ns=578840145829355 received=348 consumed=333 revision=132
editbox_emit sequence=349 bytes=61 elapsed_us=3279 envelope=@J10000000002000000034925756|I422tLt00O00O00003-UO002200000O;
published_frame=779
event mono_ns=578840160406000 frame=780 held=16 pressed=16 released=0
event mono_ns=578840165638000 frame=780 held=0 pressed=0 released=16
published_frame=780
published_frame=781
editbox_receipt monotonic_ns=578840187654986 received=348 consumed=333 revision=133
published_frame=782
event mono_ns=578840210976000 frame=783 held=32 pressed=32 released=0
event mono_ns=578840216225000 frame=783 held=0 pressed=0 released=32
published_frame=783
published_frame=784
published_frame=785
editbox_receipt monotonic_ns=578840252653243 received=348 consumed=333 revision=134
event mono_ns=578840261667000 frame=786 held=64 pressed=64 released=0
event mono_ns=578840266862000 frame=786 held=0 pressed=0 released=64
published_frame=786
published_frame=787
published_frame=788
event mono_ns=578840312143000 frame=789 held=256 pressed=256 released=0
event mono_ns=578840317449000 frame=790 held=0 pressed=0 released=256
published_frame=789
published_frame=790
published_frame=791
event mono_ns=578840362682000 frame=792 held=512 pressed=512 released=0
event mono_ns=578840367929000 frame=793 held=0 pressed=0 released=512
published_frame=792
published_frame=793
editbox_emit sequence=349 bytes=61 elapsed_us=3397 envelope=@J10000000002000000034925756|I422tLt00O00O00003-UO002200000O;
published_frame=794
editbox_receipt monotonic_ns=578840402983100 received=349 consumed=333 revision=135
event mono_ns=578840413270000 frame=795 held=128 pressed=128 released=0
event mono_ns=578840418416000 frame=796 held=0 pressed=0 released=128
published_frame=795
published_frame=796
published_frame=797
editbox_receipt monotonic_ns=578840457650057 received=349 consumed=333 revision=136
event mono_ns=578840463598000 frame=798 held=16384 pressed=16384 released=0
published_frame=798
event mono_ns=578840468799000 frame=799 held=0 pressed=0 released=16384
published_frame=799
published_frame=800
event mono_ns=578840514036000 frame=801 held=32 pressed=32 released=0
event mono_ns=578840514059000 frame=801 held=96 pressed=64 released=0
published_frame=801
event mono_ns=578840519352000 frame=802 held=64 pressed=0 released=32
event mono_ns=578840519417000 frame=802 held=0 pressed=0 released=64
published_frame=802
published_frame=803
event mono_ns=578840564754000 frame=804 held=1 pressed=1 released=0
editbox_receipt monotonic_ns=578840566862252 received=349 consumed=336 revision=137
editbox_emit sequence=350 bytes=47 elapsed_us=3261 envelope=@J10000000002000000035024021|I422vL0300G00G000;
event mono_ns=578840569991000 frame=805 held=0 pressed=0 released=1
published_frame=804
editbox_emit sequence=351 bytes=44 elapsed_us=2898 envelope=@J10000000002000000035110834|I422xL200000G0;
editbox_emit sequence=352 bytes=53 elapsed_us=3535 envelope=@J10000000002000000035249680|I422zL300G00G000200000G;
published_frame=805
published_frame=806
event mono_ns=578840615288000 frame=807 held=2 pressed=2 released=0
published_frame=807
event mono_ns=578840620579000 frame=808 held=0 pressed=0 released=2
published_frame=808
published_frame=809
event mono_ns=578840665858000 frame=810 held=4 pressed=4 released=0
editbox_receipt monotonic_ns=578840667493979 received=352 consumed=342 revision=138
editbox_emit sequence=353 bytes=47 elapsed_us=3630 envelope=@J10000000002000000035362395|I422_L0300W00W000;
event mono_ns=578840671100000 frame=811 held=0 pressed=0 released=4
published_frame=810
editbox_emit sequence=354 bytes=44 elapsed_us=3052 envelope=@J10000000002000000035437198|I422XM200000W0;
editbox_emit sequence=355 bytes=53 elapsed_us=3482 envelope=@J10000000002000000035502156|I422ZM30100100002000010;
editbox_emit sequence=356 bytes=50 elapsed_us=2847 envelope=@J10000000002000000035619750|I422bM0B040040000Fy0;
published_frame=811
editbox_emit sequence=357 bytes=44 elapsed_us=2530 envelope=@J10000000002000000035746605|I422dM20000400;
editbox_emit sequence=358 bytes=56 elapsed_us=3991 envelope=@J10000000002000000035863556|I422fMB08008000003_2000080;
published_frame=812
event mono_ns=578840716281000 frame=813 held=24 pressed=24 released=0
editbox_receipt monotonic_ns=578840717440826 received=352 consumed=348 revision=139
editbox_emit sequence=359 bytes=47 elapsed_us=2698 envelope=@J10000000002000000035929593|I422hM03020020000;
published_frame=813
editbox_emit sequence=360 bytes=44 elapsed_us=2646 envelope=@J10000000002000000036035709|I422jM20000200;
event mono_ns=578840721567000 frame=814 held=0 pressed=0 released=24
editbox_emit sequence=361 bytes=53 elapsed_us=2959 envelope=@J10000000002000000036120553|I422lM34004000002000400;
editbox_emit sequence=362 bytes=47 elapsed_us=3214 envelope=@J10000000002000000036217706|I422nM0301W01W000;
published_frame=814
editbox_emit sequence=363 bytes=44 elapsed_us=3029 envelope=@J10000000002000000036308259|I422pM200001W0;
editbox_emit sequence=364 bytes=49 elapsed_us=2923 envelope=@J10000000002000000036414484|I422rM0o0010011H03_;
published_frame=815
event mono_ns=578840766855000 frame=816 held=16 pressed=16 released=0
published_frame=816
event mono_ns=578840772021000 frame=817 held=0 pressed=0 released=16
published_frame=817
published_frame=818
event mono_ns=578840817298000 frame=820 held=16 pressed=16 released=0
published_frame=819
event mono_ns=578840822417000 frame=820 held=0 pressed=0 released=16
published_frame=820
published_frame=821
published_frame=822
event mono_ns=578840867554000 frame=823 held=32 pressed=32 released=0
event mono_ns=578840872726000 frame=823 held=0 pressed=0 released=32
published_frame=823
published_frame=824
event mono_ns=578840917937000 frame=826 held=64 pressed=64 released=0
published_frame=825
editbox_emit sequence=353 bytes=47 elapsed_us=2955 envelope=@J10000000002000000035362395|I422_L0300W00W000;
event mono_ns=578840923080000 frame=826 held=0 pressed=0 released=64
published_frame=826
published_frame=827
published_frame=828
event mono_ns=578840968223000 frame=829 held=256 pressed=256 released=0
event mono_ns=578840973414000 frame=829 held=0 pressed=0 released=256
published_frame=829
published_frame=830
published_frame=831
editbox_receipt monotonic_ns=578841018602873 received=364 consumed=349 revision=140
editbox_emit sequence=365 bytes=38 elapsed_us=2356 envelope=@J10000000002000000036558183|I422tM00;
event mono_ns=578841018666000 frame=832 held=512 pressed=512 released=0
event mono_ns=578841023832000 frame=832 held=0 pressed=0 released=512
published_frame=832
editbox_receipt monotonic_ns=578841050052669 received=364 consumed=349 revision=141
published_frame=833
published_frame=834
event mono_ns=578841069070000 frame=835 held=128 pressed=128 released=0
event mono_ns=578841074287000 frame=835 held=0 pressed=0 released=128
published_frame=835
published_frame=836
editbox_receipt monotonic_ns=578841105266972 received=365 consumed=349 revision=142
published_frame=837
event mono_ns=578841119538000 frame=838 held=16384 pressed=16384 released=0
event mono_ns=578841124767000 frame=838 held=0 pressed=0 released=16384
published_frame=838
editbox_receipt monotonic_ns=578841147578483 received=365 consumed=349 revision=143
published_frame=839
published_frame=840
event mono_ns=578841170060000 frame=841 held=32 pressed=32 released=0
event mono_ns=578841170131000 frame=841 held=96 pressed=64 released=0
event mono_ns=578841175298000 frame=841 held=64 pressed=0 released=32
event mono_ns=578841175320000 frame=841 held=0 pressed=0 released=64
published_frame=841
editbox_receipt monotonic_ns=578841201088681 received=365 consumed=349 revision=144
published_frame=842
published_frame=843
event mono_ns=578841220496000 frame=844 held=1 pressed=1 released=0
event mono_ns=578841225634000 frame=844 held=0 pressed=0 released=1
published_frame=844
published_frame=845
published_frame=846
event mono_ns=578841270892000 frame=847 held=2 pressed=2 released=0
event mono_ns=578841276159000 frame=847 held=0 pressed=0 released=2
published_frame=847
published_frame=848
published_frame=849
event mono_ns=578841321470000 frame=850 held=4 pressed=4 released=0
event mono_ns=578841327203000 frame=850 held=0 pressed=0 released=4
published_frame=850
published_frame=851
published_frame=852
event mono_ns=578841372652000 frame=853 held=24 pressed=24 released=0
event mono_ns=578841377925000 frame=853 held=0 pressed=0 released=24
published_frame=853
editbox_receipt monotonic_ns=578841385980550 received=365 consumed=349 revision=145
published_frame=854
published_frame=855
event mono_ns=578841423188000 frame=856 held=16 pressed=16 released=0
event mono_ns=578841428447000 frame=856 held=0 pressed=0 released=16
published_frame=856
published_frame=857
published_frame=858
event mono_ns=578841473665000 frame=859 held=16 pressed=16 released=0
event mono_ns=578841479060000 frame=859 held=0 pressed=0 released=16
published_frame=859
published_frame=860
published_frame=861
event mono_ns=578841524341000 frame=862 held=32 pressed=32 released=0
event mono_ns=578841529627000 frame=862 held=0 pressed=0 released=32
published_frame=862
editbox_receipt monotonic_ns=578841535105809 received=365 consumed=354 revision=146
editbox_emit sequence=366 bytes=49 elapsed_us=3135 envelope=@J10000000002000000036604741|I422vMo0020022Y07-0;
editbox_emit sequence=367 bytes=49 elapsed_us=3126 envelope=@J10000000002000000036733994|I422xM0o004004FC001;
editbox_emit sequence=368 bytes=38 elapsed_us=2748 envelope=@J10000000002000000036856105|I422zM00;
editbox_emit sequence=369 bytes=49 elapsed_us=3261 envelope=@J10000000002000000036940929|I422_Mo00O00OUO0020;
published_frame=863
editbox_emit sequence=370 bytes=44 elapsed_us=2261 envelope=@J10000000002000000037056810|I422XN0200G00G;
published_frame=864
event mono_ns=578841575018000 frame=865 held=64 pressed=64 released=0
event mono_ns=578841580282000 frame=865 held=0 pressed=0 released=64
published_frame=865
published_frame=866
published_frame=867
event mono_ns=578841625510000 frame=868 held=256 pressed=256 released=0
event mono_ns=578841630707000 frame=868 held=0 pressed=0 released=256
published_frame=868
editbox_receipt monotonic_ns=578841644996987 received=365 consumed=360 revision=147
editbox_emit sequence=371 bytes=38 elapsed_us=2681 envelope=@J10000000002000000037159375|I422ZN00;
editbox_emit sequence=372 bytes=44 elapsed_us=3063 envelope=@J10000000002000000037224023|I422bN200G00G0;
published_frame=869
editbox_emit sequence=373 bytes=44 elapsed_us=3093 envelope=@J10000000002000000037354259|I422dN0200W00W;
editbox_emit sequence=374 bytes=38 elapsed_us=2837 envelope=@J10000000002000000037457297|I422fN00;
editbox_emit sequence=375 bytes=44 elapsed_us=2639 envelope=@J10000000002000000037517189|I422hN20100100;
editbox_emit sequence=376 bytes=44 elapsed_us=2591 envelope=@J10000000002000000037656853|I422jN02040040;
published_frame=870
event mono_ns=578841675929000 frame=871 held=512 pressed=512 released=0
event mono_ns=578841681209000 frame=871 held=0 pressed=0 released=512
published_frame=871
editbox_receipt monotonic_ns=578841692297993 received=370 consumed=365 revision=148
editbox_emit sequence=377 bytes=38 elapsed_us=2275 envelope=@J10000000002000000037755219|I422lN00;
editbox_emit sequence=378 bytes=44 elapsed_us=2509 envelope=@J10000000002000000037843257|I422nN20800800;
editbox_emit sequence=379 bytes=44 elapsed_us=2501 envelope=@J10000000002000000037928623|I422pN02020020;
published_frame=872
editbox_emit sequence=380 bytes=38 elapsed_us=2206 envelope=@J10000000002000000038000837|I422rN00;
editbox_emit sequence=381 bytes=44 elapsed_us=2770 envelope=@J10000000002000000038154868|I422tN24004000;
published_frame=873
event mono_ns=578841726449000 frame=874 held=128 pressed=128 released=0
event mono_ns=578841731652000 frame=874 held=0 pressed=0 released=128
published_frame=874
published_frame=875
published_frame=876
event mono_ns=578841776867000 frame=877 held=16384 pressed=16384 released=0
event mono_ns=578841782072000 frame=877 held=0 pressed=0 released=16384
published_frame=877
published_frame=878
published_frame=879
event mono_ns=578841827306000 frame=880 held=32 pressed=32 released=0
event mono_ns=578841827382000 frame=880 held=96 pressed=64 released=0
event mono_ns=578841832577000 frame=880 held=64 pressed=0 released=32
event mono_ns=578841832590000 frame=880 held=0 pressed=0 released=64
published_frame=880
published_frame=881
published_frame=882
event mono_ns=578841877900000 frame=883 held=1 pressed=1 released=0
event mono_ns=578841883084000 frame=883 held=0 pressed=0 released=1
editbox_receipt monotonic_ns=578841884295283 received=370 consumed=365 revision=149
published_frame=883
published_frame=884
published_frame=885
editbox_receipt monotonic_ns=578841925707148 received=381 consumed=365 revision=150
event mono_ns=578841928294000 frame=886 held=2 pressed=2 released=0
event mono_ns=578841933559000 frame=886 held=0 pressed=0 released=2
published_frame=886
published_frame=887
published_frame=888
editbox_receipt monotonic_ns=578841968988758 received=381 consumed=365 revision=151
event mono_ns=578841978808000 frame=889 held=4 pressed=4 released=0
event mono_ns=578841984055000 frame=890 held=0 pressed=0 released=4
published_frame=889
published_frame=890
editbox_receipt monotonic_ns=578842011553824 received=381 consumed=365 revision=152
published_frame=891
event mono_ns=578842029335000 frame=892 held=24 pressed=24 released=0
event mono_ns=578842034593000 frame=893 held=0 pressed=0 released=24
published_frame=892
published_frame=893
editbox_receipt monotonic_ns=578842064420505 received=381 consumed=365 revision=153
published_frame=894
event mono_ns=578842079829000 frame=895 held=16 pressed=16 released=0
event mono_ns=578842085064000 frame=896 held=0 pressed=0 released=16
published_frame=895
published_frame=896
published_frame=897
event mono_ns=578842130352000 frame=898 held=16 pressed=16 released=0
published_frame=898
event mono_ns=578842135594000 frame=899 held=0 pressed=0 released=16
published_frame=899
published_frame=900
event mono_ns=578842180879000 frame=901 held=32 pressed=32 released=0
published_frame=901
event mono_ns=578842186356000 frame=902 held=0 pressed=0 released=32
published_frame=902
editbox_receipt monotonic_ns=578842207345920 received=381 consumed=366 revision=154
editbox_emit sequence=382 bytes=44 elapsed_us=2989 envelope=@J10000000002000000038222954|I422vN0201W01W;
published_frame=903
event mono_ns=578842231646000 frame=904 held=64 pressed=64 released=0
published_frame=904
event mono_ns=578842236919000 frame=905 held=0 pressed=0 released=64
published_frame=905
published_frame=906
event mono_ns=578842282190000 frame=907 held=256 pressed=256 released=0
published_frame=907
event mono_ns=578842287492000 frame=908 held=0 pressed=0 released=256
published_frame=908
published_frame=909
event mono_ns=578842332765000 frame=910 held=512 pressed=512 released=0
published_frame=910
event mono_ns=578842338050000 frame=911 held=0 pressed=0 released=512
published_frame=911
published_frame=912
event mono_ns=578842383236000 frame=913 held=128 pressed=128 released=0
published_frame=913
event mono_ns=578842388528000 frame=914 held=0 pressed=0 released=128
published_frame=914
published_frame=915
event mono_ns=578842433774000 frame=916 held=16384 pressed=16384 released=0
published_frame=916
event mono_ns=578842439038000 frame=917 held=0 pressed=0 released=16384
editbox_receipt monotonic_ns=578842446571019 received=382 consumed=372 revision=155
editbox_emit sequence=383 bytes=38 elapsed_us=1968 envelope=@J10000000002000000038364280|I422xN00;
editbox_emit sequence=384 bytes=49 elapsed_us=2875 envelope=@J10000000002000000038409401|I422zNo0010011H03_0;
published_frame=917
editbox_emit sequence=385 bytes=49 elapsed_us=2898 envelope=@J10000000002000000038531171|I422_N0o0020022Y07-;
editbox_emit sequence=386 bytes=38 elapsed_us=3291 envelope=@J10000000002000000038654333|I422XO00;
editbox_emit sequence=387 bytes=49 elapsed_us=2859 envelope=@J10000000002000000038731883|I422ZOo004004FC0010;
published_frame=918
editbox_emit sequence=388 bytes=49 elapsed_us=2473 envelope=@J10000000002000000038824990|I422bO0o00O00OUO002;
editbox_receipt monotonic_ns=578842483384812 received=382 consumed=378 revision=156
editbox_emit sequence=389 bytes=38 elapsed_us=2990 envelope=@J10000000002000000038952255|I422dO00;
event mono_ns=578842484382000 frame=920 held=32 pressed=32 released=0
event mono_ns=578842484465000 frame=920 held=96 pressed=64 released=0
published_frame=919
editbox_emit sequence=390 bytes=44 elapsed_us=2908 envelope=@J10000000002000000039031535|I422fO200G00G0;
event mono_ns=578842489797000 frame=920 held=64 pressed=0 released=32
event mono_ns=578842489872000 frame=920 held=0 pressed=0 released=64
editbox_emit sequence=391 bytes=44 elapsed_us=2353 envelope=@J10000000002000000039126320|I422hO0200G00G;
editbox_emit sequence=392 bytes=38 elapsed_us=1832 envelope=@J10000000002000000039263394|I422jO00;
editbox_emit sequence=393 bytes=44 elapsed_us=2184 envelope=@J10000000002000000039346399|I422lO200W00W0;
published_frame=920
editbox_emit sequence=394 bytes=44 elapsed_us=2129 envelope=@J10000000002000000039413502|I422nO02010010;
published_frame=921
published_frame=922
event mono_ns=578842535110000 frame=923 held=1 pressed=1 released=0
event mono_ns=578842540346000 frame=923 held=0 pressed=0 released=1
published_frame=923
published_frame=924
published_frame=925
event mono_ns=578842585612000 frame=926 held=2 pressed=2 released=0
event mono_ns=578842590830000 frame=926 held=0 pressed=0 released=2
published_frame=926
published_frame=927
published_frame=928
event mono_ns=578842636158000 frame=929 held=4 pressed=4 released=0
event mono_ns=578842641394000 frame=929 held=0 pressed=0 released=4
published_frame=929
published_frame=930
published_frame=931
event mono_ns=578842686681000 frame=932 held=24 pressed=24 released=0
event mono_ns=578842691989000 frame=932 held=0 pressed=0 released=24
editbox_emit sequence=383 bytes=38 elapsed_us=2249 envelope=@J10000000002000000038364280|I422xN00;
published_frame=932
published_frame=933
published_frame=934
editbox_receipt monotonic_ns=578842734557843 received=394 consumed=381 revision=157
editbox_emit sequence=395 bytes=38 elapsed_us=2551 envelope=@J10000000002000000039561316|I422pO00;
event mono_ns=578842737324000 frame=935 held=16 pressed=16 released=0
editbox_emit sequence=396 bytes=56 elapsed_us=3862 envelope=@J10000000002000000039661911|I422rOB040040000Fy02000040;
event mono_ns=578842742579000 frame=935 held=0 pressed=0 released=16
editbox_emit sequence=397 bytes=50 elapsed_us=2986 envelope=@J10000000002000000039757053|I422tO0B08008000003_;
published_frame=935
published_frame=936
published_frame=937
event mono_ns=578842787842000 frame=938 held=16 pressed=16 released=0
event mono_ns=578842793024000 frame=938 held=0 pressed=0 released=16
published_frame=938
published_frame=939
published_frame=940
editbox_receipt monotonic_ns=578842835625557 received=397 consumed=381 revision=158
event mono_ns=578842838354000 frame=941 held=32 pressed=32 released=0
event mono_ns=578842843631000 frame=941 held=0 pressed=0 released=32
published_frame=941
published_frame=942
published_frame=943
event mono_ns=578842888914000 frame=944 held=64 pressed=64 released=0
event mono_ns=578842894135000 frame=944 held=0 pressed=0 released=64
published_frame=944
published_frame=945
published_frame=946
event mono_ns=578842939453000 frame=947 held=256 pressed=256 released=0
event mono_ns=578842944682000 frame=947 held=0 pressed=0 released=256
published_frame=947
published_frame=948
editbox_receipt monotonic_ns=578842976763360 received=397 consumed=384 revision=159
editbox_emit sequence=398 bytes=44 elapsed_us=3027 envelope=@J10000000002000000039831893|I422vO20000800;
editbox_emit sequence=399 bytes=53 elapsed_us=3293 envelope=@J10000000002000000039941359|I422xO30200200002000020;
published_frame=949
editbox_emit sequence=400 bytes=47 elapsed_us=2835 envelope=@J10000000002000000040012515|I422zO03400400000;
event mono_ns=578842989912000 frame=950 held=512 pressed=512 released=0
event mono_ns=578842995172000 frame=950 held=0 pressed=0 released=512
published_frame=950
published_frame=951
editbox_receipt monotonic_ns=578843032791218 received=397 consumed=390 revision=160
editbox_emit sequence=401 bytes=44 elapsed_us=3019 envelope=@J10000000002000000040130637|I422_O20004000;
published_frame=952
editbox_emit sequence=402 bytes=53 elapsed_us=3655 envelope=@J10000000002000000040234216|I422XP301W01W000200001W;
event mono_ns=578843040534000 frame=953 held=128 pressed=128 released=0
editbox_emit sequence=403 bytes=55 elapsed_us=3319 envelope=@J10000000002000000040317173|I422ZP0t001001000Fm31H03_;
event mono_ns=578843045793000 frame=953 held=0 pressed=0 released=128
editbox_emit sequence=404 bytes=44 elapsed_us=2687 envelope=@J10000000002000000040427997|I422bP20000010;
published_frame=953
editbox_emit sequence=405 bytes=61 elapsed_us=3329 envelope=@J10000000002000000040556301|I422dPt002002000Fq22Y07-2000002;
editbox_emit sequence=406 bytes=55 elapsed_us=3238 envelope=@J10000000002000000040614915|I422fP0t00400400003zFC001;
published_frame=954
editbox_receipt monotonic_ns=578843071079827 received=397 consumed=395 revision=161
editbox_emit sequence=407 bytes=44 elapsed_us=2698 envelope=@J10000000002000000040756269|I422hP20000040;
editbox_emit sequence=408 bytes=61 elapsed_us=3682 envelope=@J10000000002000000040856885|I422jPt00O00O00003-UO002200000O;
editbox_emit sequence=409 bytes=47 elapsed_us=2796 envelope=@J10000000002000000040931614|I422lP0300G00G000;
published_frame=955
editbox_emit sequence=410 bytes=44 elapsed_us=2874 envelope=@J10000000002000000041043345|I422nP200000G0;
editbox_emit sequence=411 bytes=44 elapsed_us=2932 envelope=@J10000000002000000041121459|I422pP0200G00G;
event mono_ns=578843091211000 frame=956 held=16384 pressed=16384 released=0
event mono_ns=578843096470000 frame=956 held=0 pressed=0 released=16384
published_frame=956
published_frame=957
published_frame=958
event mono_ns=578843141743000 frame=959 held=32 pressed=32 released=0
event mono_ns=578843141837000 frame=959 held=96 pressed=64 released=0
event mono_ns=578843147076000 frame=959 held=64 pressed=0 released=32
event mono_ns=578843147122000 frame=959 held=0 pressed=0 released=64
published_frame=959
published_frame=960
published_frame=961
event mono_ns=578843192441000 frame=962 held=1 pressed=1 released=0
event mono_ns=578843197656000 frame=962 held=0 pressed=0 released=1
published_frame=962
published_frame=963
editbox_emit sequence=398 bytes=44 elapsed_us=2897 envelope=@J10000000002000000039831893|I422vO20000800;
published_frame=964
event mono_ns=578843242947000 frame=965 held=2 pressed=2 released=0
event mono_ns=578843248184000 frame=965 held=0 pressed=0 released=2
published_frame=965
published_frame=966
published_frame=967
event mono_ns=578843293440000 frame=968 held=4 pressed=4 released=0
event mono_ns=578843298659000 frame=968 held=0 pressed=0 released=4
published_frame=968
published_frame=969
published_frame=970
event mono_ns=578843343880000 frame=971 held=24 pressed=24 released=0
event mono_ns=578843349045000 frame=971 held=0 pressed=0 released=24
published_frame=971
published_frame=972
published_frame=973
event mono_ns=578843394322000 frame=974 held=16 pressed=16 released=0
event mono_ns=578843399566000 frame=974 held=0 pressed=0 released=16
published_frame=974
published_frame=975
published_frame=976
event mono_ns=578843444867000 frame=977 held=16 pressed=16 released=0
editbox_receipt monotonic_ns=578843445180547 received=411 consumed=395 revision=162
event mono_ns=578843450069000 frame=977 held=0 pressed=0 released=16
published_frame=977
published_frame=978
published_frame=979
editbox_receipt monotonic_ns=578843488245601 received=411 consumed=395 revision=163
event mono_ns=578843495425000 frame=980 held=32 pressed=32 released=0
event mono_ns=578843500775000 frame=981 held=0 pressed=0 released=32
published_frame=980
published_frame=981
editbox_receipt monotonic_ns=578843521132552 received=411 consumed=395 revision=164
published_frame=982
event mono_ns=578843546076000 frame=983 held=64 pressed=64 released=0
event mono_ns=578843551295000 frame=984 held=0 pressed=0 released=64
published_frame=983
published_frame=984
published_frame=985
event mono_ns=578843596498000 frame=986 held=256 pressed=256 released=0
published_frame=986
event mono_ns=578843601726000 frame=987 held=0 pressed=0 released=256
published_frame=987
published_frame=988
event mono_ns=578843646961000 frame=989 held=512 pressed=512 released=0
published_frame=989
event mono_ns=578843652167000 frame=990 held=0 pressed=0 released=512
published_frame=990
editbox_receipt monotonic_ns=578843681054563 received=411 consumed=395 revision=165
published_frame=991
event mono_ns=578843697480000 frame=992 held=128 pressed=128 released=0
published_frame=992
event mono_ns=578843702897000 frame=993 held=0 pressed=0 released=128
published_frame=993
published_frame=994
event mono_ns=578843748221000 frame=995 held=16384 pressed=16384 released=0
published_frame=995
event mono_ns=578843753626000 frame=996 held=0 pressed=0 released=16384
published_frame=996
published_frame=997
editbox_receipt monotonic_ns=578843787512875 received=411 consumed=396 revision=166
editbox_emit sequence=412 bytes=38 elapsed_us=2487 envelope=@J10000000002000000041200321|I422rP00;
event mono_ns=578843798891000 frame=998 held=32 pressed=32 released=0
event mono_ns=578843798975000 frame=998 held=96 pressed=64 released=0
published_frame=998
event mono_ns=578843804346000 frame=999 held=64 pressed=0 released=32
event mono_ns=578843804463000 frame=999 held=0 pressed=0 released=64
published_frame=999
published_frame=1000
event mono_ns=578843849835000 frame=1001 held=1 pressed=1 released=0
published_frame=1001
event mono_ns=578843855082000 frame=1002 held=0 pressed=0 released=1
published_frame=1002
editbox_receipt monotonic_ns=578843882123943 received=411 consumed=402 revision=167
editbox_emit sequence=413 bytes=44 elapsed_us=2288 envelope=@J10000000002000000041341538|I422tP200W00W0;
published_frame=1003
editbox_emit sequence=414 bytes=44 elapsed_us=2238 envelope=@J10000000002000000041408641|I422vP02010010;
editbox_emit sequence=415 bytes=38 elapsed_us=2239 envelope=@J10000000002000000041563764|I422xP00;
editbox_emit sequence=416 bytes=44 elapsed_us=2648 envelope=@J10000000002000000041637377|I422zP20400400;
editbox_emit sequence=417 bytes=44 elapsed_us=2626 envelope=@J10000000002000000041701958|I422_P02080080;
event mono_ns=578843900407000 frame=1004 held=2 pressed=2 released=0
published_frame=1004
editbox_emit sequence=418 bytes=38 elapsed_us=3103 envelope=@J10000000002000000041853817|I422XQ00;
event mono_ns=578843905705000 frame=1005 held=0 pressed=0 released=2
published_frame=1005
editbox_receipt monotonic_ns=578843927840709 received=411 consumed=408 revision=168
editbox_emit sequence=419 bytes=44 elapsed_us=2792 envelope=@J10000000002000000041922699|I422ZQ20200200;
editbox_emit sequence=420 bytes=44 elapsed_us=2983 envelope=@J10000000002000000042028470|I422bQ02400400;
published_frame=1006
editbox_emit sequence=421 bytes=38 elapsed_us=2457 envelope=@J10000000002000000042164956|I422dQ00;
editbox_emit sequence=422 bytes=44 elapsed_us=2746 envelope=@J10000000002000000042228461|I422fQ201W01W0;
editbox_emit sequence=423 bytes=49 elapsed_us=2830 envelope=@J10000000002000000042341191|I422hQ0o0010011H03_;
editbox_emit sequence=424 bytes=38 elapsed_us=2167 envelope=@J10000000002000000042462878|I422jQ00;
event mono_ns=578843950973000 frame=1008 held=4 pressed=4 released=0
published_frame=1007
event mono_ns=578843956117000 frame=1008 held=0 pressed=0 released=4
published_frame=1008
published_frame=1009
published_frame=1010
event mono_ns=578844001325000 frame=1011 held=24 pressed=24 released=0
event mono_ns=578844006524000 frame=1011 held=0 pressed=0 released=24
published_frame=1011
published_frame=1012
editbox_emit sequence=412 bytes=38 elapsed_us=3200 envelope=@J10000000002000000041200321|I422rP00;
published_frame=1013
event mono_ns=578844051776000 frame=1014 held=16 pressed=16 released=0
event mono_ns=578844057182000 frame=1014 held=0 pressed=0 released=16
published_frame=1014
published_frame=1015
published_frame=1016
event mono_ns=578844102498000 frame=1017 held=16 pressed=16 released=0
event mono_ns=578844107732000 frame=1017 held=0 pressed=0 released=16
published_frame=1017
published_frame=1018
published_frame=1019
event mono_ns=578844153161000 frame=1020 held=32 pressed=32 released=0
event mono_ns=578844158394000 frame=1020 held=0 pressed=0 released=32
published_frame=1020
published_frame=1021
published_frame=1022
event mono_ns=578844203648000 frame=1023 held=64 pressed=64 released=0
event mono_ns=578844208996000 frame=1023 held=0 pressed=0 released=64
editbox_receipt monotonic_ns=578844213091572 received=424 consumed=408 revision=169
published_frame=1023
published_frame=1024
editbox_receipt monotonic_ns=578844244456579 received=424 consumed=408 revision=170
published_frame=1025
event mono_ns=578844254426000 frame=1026 held=256 pressed=256 released=0
event mono_ns=578844259779000 frame=1026 held=0 pressed=0 released=256
published_frame=1026
published_frame=1027
editbox_receipt monotonic_ns=578844287423449 received=424 consumed=408 revision=171
published_frame=1028
event mono_ns=578844305044000 frame=1029 held=512 pressed=512 released=0
event mono_ns=578844310411000 frame=1029 held=0 pressed=0 released=512
published_frame=1029
published_frame=1030
editbox_receipt monotonic_ns=578844341757401 received=424 consumed=408 revision=172
published_frame=1031
event mono_ns=578844355684000 frame=1032 held=128 pressed=128 released=0
event mono_ns=578844360871000 frame=1032 held=0 pressed=0 released=128
published_frame=1032
published_frame=1033
editbox_receipt monotonic_ns=578844385543917 received=424 consumed=408 revision=173
published_frame=1034
event mono_ns=578844406188000 frame=1035 held=16384 pressed=16384 released=0
event mono_ns=578844411494000 frame=1035 held=0 pressed=0 released=16384
published_frame=1035
editbox_receipt monotonic_ns=578844418168706 received=424 consumed=408 revision=174
published_frame=1036
published_frame=1037
event mono_ns=578844456805000 frame=1038 held=32 pressed=32 released=0
event mono_ns=578844456829000 frame=1038 held=96 pressed=64 released=0
event mono_ns=578844462188000 frame=1038 held=64 pressed=0 released=32
event mono_ns=578844462246000 frame=1038 held=0 pressed=0 released=64
published_frame=1038
published_frame=1039
published_frame=1040
published_frame=1041
published_frame=1042
published_frame=1043
published_frame=1044
published_frame=1045
published_frame=1046
published_frame=1047
published_frame=1048
editbox_receipt monotonic_ns=578844641113120 received=424 consumed=412 revision=175
editbox_emit sequence=425 bytes=49 elapsed_us=3657 envelope=@J10000000002000000042531448|I422lQo0020022Y07-0;
editbox_emit sequence=426 bytes=49 elapsed_us=3333 envelope=@J10000000002000000042660701|I422nQ0o004004FC001;
published_frame=1049
editbox_emit sequence=427 bytes=38 elapsed_us=2682 envelope=@J10000000002000000042760800|I422pQ00;
editbox_emit sequence=428 bytes=49 elapsed_us=3240 envelope=@J10000000002000000042802115|I422rQo00O00OUO0020;
published_frame=1050
editbox_receipt monotonic_ns=578844672142067 received=424 consumed=414 revision=176
editbox_emit sequence=429 bytes=44 elapsed_us=2456 envelope=@J10000000002000000042906905|I422tQ0200G00G;
editbox_emit sequence=430 bytes=38 elapsed_us=2208 envelope=@J10000000002000000043006418|I422vQ00;
published_frame=1051
published_frame=1052
published_frame=1053
published_frame=1054
published_frame=1055
published_frame=1056
published_frame=1057
editbox_receipt monotonic_ns=578844788645021 received=430 consumed=414 revision=177
published_frame=1058
published_frame=1059
editbox_receipt monotonic_ns=578844830900577 received=430 consumed=414 revision=178
published_frame=1060
published_frame=1061
editbox_receipt monotonic_ns=578844863397205 received=430 consumed=414 revision=179
published_frame=1062
published_frame=1063
published_frame=1064
editbox_receipt monotonic_ns=578844920194867 received=430 consumed=414 revision=180
editbox_receipt monotonic_ns=578844953691200 received=430 consumed=414 revision=181
editbox_receipt monotonic_ns=578845021387996 received=430 consumed=414 revision=182
editbox_receipt monotonic_ns=578845194188013 received=430 consumed=419 revision=183
editbox_emit sequence=431 bytes=44 elapsed_us=2419 envelope=@J10000000002000000043161705|I422xQ200G00G0;
published_frame=1065
published_frame=1066
published_frame=1067
published_frame=1068
published_frame=1069
published_frame=1070
published_frame=1071
published_frame=1072
published_frame=1073
published_frame=1074
editbox_emit sequence=432 bytes=44 elapsed_us=2318 envelope=@J10000000002000000043226420|I422zQ0200W00W;
editbox_emit sequence=433 bytes=38 elapsed_us=1975 envelope=@J10000000002000000043304340|I422_Q00;
editbox_emit sequence=434 bytes=44 elapsed_us=2165 envelope=@J10000000002000000043449700|I422XR20100100;
editbox_emit sequence=435 bytes=44 elapsed_us=2263 envelope=@J10000000002000000043523843|I422ZR02040040;
editbox_receipt monotonic_ns=578845225609946 received=430 consumed=425 revision=184
editbox_emit sequence=436 bytes=38 elapsed_us=2027 envelope=@J10000000002000000043659914|I422bR00;
event mono_ns=578845207650000 frame=1083 held=1 pressed=1 released=0
published_frame=1075
published_frame=1076
published_frame=1077
published_frame=1078
published_frame=1079
published_frame=1080
published_frame=1081
published_frame=1082
published_frame=1083
editbox_emit sequence=437 bytes=44 elapsed_us=2094 envelope=@J10000000002000000043710247|I422dR20800800;
editbox_emit sequence=438 bytes=44 elapsed_us=2092 envelope=@J10000000002000000043861134|I422fR02020020;
published_frame=1084
editbox_emit sequence=439 bytes=38 elapsed_us=1910 envelope=@J10000000002000000043957836|I422hR00;
editbox_emit sequence=440 bytes=44 elapsed_us=2185 envelope=@J10000000002000000044021858|I422jR24004000;
editbox_emit sequence=441 bytes=44 elapsed_us=2177 envelope=@J10000000002000000044155465|I422lR0201W01W;
published_frame=1085
published_frame=1086
editbox_emit sequence=431 bytes=44 elapsed_us=2781 envelope=@J10000000002000000043161705|I422xQ200G00G0;
editbox_receipt monotonic_ns=578845545125523 received=430 consumed=430 revision=185
published_frame=1087
published_frame=1088
published_frame=1089
published_frame=1090
published_frame=1091
published_frame=1092
published_frame=1093
published_frame=1094
published_frame=1095
published_frame=1096
editbox_receipt monotonic_ns=578845598487443 received=441 consumed=430 revision=186
editbox_emit sequence=442 bytes=38 elapsed_us=2444 envelope=@J10000000002000000044203454|I422nR00;
editbox_emit sequence=443 bytes=49 elapsed_us=3114 envelope=@J10000000002000000044336108|I422pRo0010011H03_0;
editbox_emit sequence=444 bytes=49 elapsed_us=3772 envelope=@J10000000002000000044457878|I422rR0o0020022Y07-;
editbox_emit sequence=445 bytes=38 elapsed_us=2377 envelope=@J10000000002000000044501376|I422tR00;
editbox_emit sequence=446 bytes=61 elapsed_us=4372 envelope=@J10000000002000000044650768|I422vRt00400400003zFC0012000004;
editbox_receipt monotonic_ns=578845711741846 received=446 consumed=430 revision=187
editbox_receipt monotonic_ns=578845743627378 received=446 consumed=430 revision=188
editbox_receipt monotonic_ns=578845775131967 received=446 consumed=430 revision=189
editbox_receipt monotonic_ns=578845817186496 received=446 consumed=430 revision=190
editbox_receipt monotonic_ns=578845954991410 received=446 consumed=433 revision=191
editbox_emit sequence=447 bytes=55 elapsed_us=3386 envelope=@J10000000002000000044753066|I422xR0t00O00O00003-UO002;
published_frame=1097
published_frame=1098
published_frame=1099
published_frame=1100
published_frame=1101
published_frame=1102
editbox_emit sequence=448 bytes=44 elapsed_us=2353 envelope=@J10000000002000000044856657|I422zR200000O0;
editbox_emit sequence=449 bytes=53 elapsed_us=2826 envelope=@J10000000002000000044912279|I422_R300G00G000200000G;
editbox_receipt monotonic_ns=578846041560560 received=449 consumed=439 revision=192
editbox_emit sequence=450 bytes=47 elapsed_us=2574 envelope=@J10000000002000000045011397|I422XS0300G00G000;
published_frame=1103
published_frame=1104
published_frame=1105
published_frame=1106
published_frame=1107
published_frame=1108
published_frame=1109
published_frame=1110
published_frame=1111
published_frame=1112
published_frame=1113
published_frame=1114
editbox_emit sequence=451 bytes=44 elapsed_us=2880 envelope=@J10000000002000000045133542|I422ZS200000G0;
editbox_emit sequence=452 bytes=53 elapsed_us=3316 envelope=@J10000000002000000045249127|I422bS300W00W000200000W;
editbox_emit sequence=453 bytes=47 elapsed_us=2676 envelope=@J10000000002000000045318696|I422dS03010010000;
editbox_emit sequence=454 bytes=44 elapsed_us=2498 envelope=@J10000000002000000045454525|I422fS20000100;
editbox_emit sequence=455 bytes=56 elapsed_us=3302 envelope=@J10000000002000000045557517|I422hSB040040000Fy02000040;
editbox_receipt monotonic_ns=578846078022313 received=449 consumed=445 revision=193
editbox_emit sequence=456 bytes=50 elapsed_us=3051 envelope=@J10000000002000000045611847|I422jS0B08008000003_;
published_frame=1115
published_frame=1116
published_frame=1117
published_frame=1118
published_frame=1119
published_frame=1120
published_frame=1121
published_frame=1122
published_frame=1123
published_frame=1124
published_frame=1125
published_frame=1126
editbox_emit sequence=457 bytes=44 elapsed_us=2551 envelope=@J10000000002000000045764404|I422lS20000800;
editbox_emit sequence=458 bytes=53 elapsed_us=3062 envelope=@J10000000002000000045848474|I422nS30200200002000020;
editbox_emit sequence=459 bytes=47 elapsed_us=3154 envelope=@J10000000002000000045921820|I422pS03400400000;
editbox_emit sequence=460 bytes=44 elapsed_us=2202 envelope=@J10000000002000000046028346|I422rS20004000;
editbox_emit sequence=461 bytes=44 elapsed_us=2228 envelope=@J10000000002000000046115802|I422tS0201W01W;
editbox_emit sequence=450 bytes=47 elapsed_us=2793 envelope=@J10000000002000000045011397|I422XS0300G00G000;
editbox_receipt monotonic_ns=578846375092716 received=461 consumed=446 revision=194
editbox_emit sequence=462 bytes=38 elapsed_us=2374 envelope=@J10000000002000000046230006|I422vS00;
published_frame=1127
published_frame=1128
editbox_receipt monotonic_ns=578846522246869 received=461 consumed=446 revision=195
editbox_receipt monotonic_ns=578846574662664 received=462 consumed=446 revision=196
editbox_receipt monotonic_ns=578846626584193 received=462 consumed=446 revision=197
editbox_receipt monotonic_ns=578846722949260 received=462 consumed=447 revision=198
editbox_emit sequence=463 bytes=49 elapsed_us=2583 envelope=@J10000000002000000046317601|I422xSo0010011H03_0;
published_frame=1129
published_frame=1130
editbox_receipt monotonic_ns=578846821016147 received=463 consumed=453 revision=199
editbox_emit sequence=464 bytes=49 elapsed_us=2855 envelope=@J10000000002000000046439371|I422zS0o0020022Y07-;
published_frame=1131
published_frame=1132
published_frame=1133
published_frame=1134
published_frame=1135
published_frame=1136
published_frame=1137
published_frame=1138
published_frame=1139
published_frame=1140
published_frame=1141
published_frame=1142
editbox_emit sequence=465 bytes=38 elapsed_us=2060 envelope=@J10000000002000000046527928|I422_S00;
editbox_emit sequence=466 bytes=49 elapsed_us=2631 envelope=@J10000000002000000046640083|I422XTo004004FC0010;
editbox_emit sequence=467 bytes=49 elapsed_us=2649 envelope=@J10000000002000000046733190|I422ZT0o00O00OUO002;
editbox_emit sequence=468 bytes=38 elapsed_us=1914 envelope=@J10000000002000000046817981|I422bT00;
editbox_emit sequence=469 bytes=44 elapsed_us=2450 envelope=@J10000000002000000046902317|I422dT200G00G0;
editbox_receipt monotonic_ns=578846865566506 received=463 consumed=459 revision=200
editbox_emit sequence=470 bytes=44 elapsed_us=2296 envelope=@J10000000002000000047019168|I422fT0200G00G;
published_frame=1143
published_frame=1144
published_frame=1145
published_frame=1146
published_frame=1147
published_frame=1148
published_frame=1149
published_frame=1150
published_frame=1151
published_frame=1152
editbox_emit sequence=471 bytes=38 elapsed_us=2183 envelope=@J10000000002000000047129120|I422hT00;
editbox_emit sequence=472 bytes=44 elapsed_us=2247 envelope=@J10000000002000000047239247|I422jT200W00W0;
editbox_emit sequence=473 bytes=44 elapsed_us=2910 envelope=@J10000000002000000047306350|I422lT02010010;
editbox_emit sequence=474 bytes=38 elapsed_us=2591 envelope=@J10000000002000000047427042|I422nT00;
editbox_emit sequence=475 bytes=44 elapsed_us=2770 envelope=@J10000000002000000047535086|I422pT20400400;
editbox_emit sequence=464 bytes=49 elapsed_us=2532 envelope=@J10000000002000000046439371|I422zS0o0020022Y07-;
editbox_receipt monotonic_ns=578847107457873 received=463 consumed=460 revision=201
published_frame=1153
published_frame=1154
editbox_receipt monotonic_ns=578847159994735 received=475 consumed=460 revision=202
editbox_emit sequence=476 bytes=44 elapsed_us=2669 envelope=@J10000000002000000047665188|I422rT02080080;
editbox_receipt monotonic_ns=578847202458742 received=475 consumed=460 revision=203
editbox_receipt monotonic_ns=578847266012239 received=475 consumed=460 revision=204
editbox_emit sequence=476 bytes=44 elapsed_us=2795 envelope=@J10000000002000000047665188|I422rT02080080;
editbox_receipt monotonic_ns=578847417651902 received=476 consumed=460 revision=205
editbox_receipt monotonic_ns=578847495384764 received=476 consumed=460 revision=206
editbox_receipt monotonic_ns=578847627239391 received=476 consumed=465 revision=207
editbox_emit sequence=477 bytes=38 elapsed_us=2123 envelope=@J10000000002000000047724964|I422tT00;
published_frame=1155
published_frame=1156
published_frame=1157
published_frame=1158
published_frame=1159
published_frame=1160
editbox_emit sequence=478 bytes=44 elapsed_us=2757 envelope=@J10000000002000000047825579|I422vT20200200;
editbox_emit sequence=479 bytes=44 elapsed_us=3144 envelope=@J10000000002000000047909284|I422xT02400400;
editbox_emit sequence=480 bytes=38 elapsed_us=1876 envelope=@J10000000002000000048036103|I422zT00;
editbox_emit sequence=481 bytes=44 elapsed_us=2219 envelope=@J10000000002000000048131341|I422_T201W01W0;
editbox_receipt monotonic_ns=578847661346660 received=476 consumed=471 revision=208
editbox_emit sequence=482 bytes=49 elapsed_us=2479 envelope=@J10000000002000000048212523|I422XU0o0010011H03_;
published_frame=1161
published_frame=1162
published_frame=1163
published_frame=1164
published_frame=1165
published_frame=1166
published_frame=1167
published_frame=1168
editbox_emit sequence=483 bytes=38 elapsed_us=1938 envelope=@J10000000002000000048326156|I422ZU00;
editbox_emit sequence=484 bytes=49 elapsed_us=2321 envelope=@J10000000002000000048402780|I422bUo0020022Y07-0;
editbox_emit sequence=485 bytes=49 elapsed_us=2387 envelope=@J10000000002000000048532033|I422dU0o004004FC001;
editbox_emit sequence=486 bytes=38 elapsed_us=1811 envelope=@J10000000002000000048624078|I422fU00;
editbox_emit sequence=487 bytes=49 elapsed_us=2514 envelope=@J10000000002000000048738968|I422hUo00O00OUO0020;
editbox_emit sequence=477 bytes=38 elapsed_us=2743 envelope=@J10000000002000000047724964|I422tT00;
editbox_receipt monotonic_ns=578847883704773 received=487 consumed=473 revision=209
editbox_emit sequence=488 bytes=44 elapsed_us=3668 envelope=@J10000000002000000048804614|I422jU0200G00G;
published_frame=1169
published_frame=1170
published_frame=1171
published_frame=1172
editbox_emit sequence=489 bytes=38 elapsed_us=3017 envelope=@J10000000002000000048922000|I422lU00;
editbox_receipt monotonic_ns=578847926440118 received=487 consumed=473 revision=210
editbox_receipt monotonic_ns=578847959604599 received=487 consumed=473 revision=211
editbox_receipt monotonic_ns=578848036178930 received=489 consumed=473 revision=212
editbox_receipt monotonic_ns=578848090872225 received=489 consumed=473 revision=213
editbox_receipt monotonic_ns=578848169394909 received=489 consumed=473 revision=214
editbox_receipt monotonic_ns=578848264862914 received=489 consumed=473 revision=215
editbox_receipt monotonic_ns=578848434212630 received=489 consumed=477 revision=216
editbox_emit sequence=490 bytes=44 elapsed_us=2394 envelope=@J10000000002000000049059414|I422nU200G00G0;
published_frame=1173
published_frame=1174
published_frame=1175
published_frame=1176
editbox_emit sequence=491 bytes=47 elapsed_us=2444 envelope=@J10000000002000000049154395|I422pU0300W00W000;
editbox_emit sequence=492 bytes=44 elapsed_us=2299 envelope=@J10000000002000000049232926|I422rU200000W0;
editbox_emit sequence=493 bytes=53 elapsed_us=2433 envelope=@J10000000002000000049365025|I422tU30100100002000010;
editbox_receipt monotonic_ns=578848527943007 received=493 consumed=483 revision=217
editbox_emit sequence=494 bytes=50 elapsed_us=2605 envelope=@J10000000002000000049437226|I422vU0B040040000Fy0;
published_frame=1177
published_frame=1178
published_frame=1179
published_frame=1180
published_frame=1181
published_frame=1182
published_frame=1183
published_frame=1184
editbox_emit sequence=495 bytes=44 elapsed_us=2210 envelope=@J10000000002000000049542333|I422xU20000400;
editbox_emit sequence=496 bytes=56 elapsed_us=2703 envelope=@J10000000002000000049637954|I422zUB08008000003_2000080;
editbox_emit sequence=497 bytes=47 elapsed_us=2252 envelope=@J10000000002000000049703472|I422_U03020020000;
editbox_emit sequence=498 bytes=44 elapsed_us=2100 envelope=@J10000000002000000049804200|I422XV20000200;
editbox_emit sequence=499 bytes=53 elapsed_us=2620 envelope=@J10000000002000000049940931|I422ZV34004000002000400;
editbox_receipt monotonic_ns=578848658355119 received=499 consumed=489 revision=218
editbox_emit sequence=500 bytes=47 elapsed_us=3484 envelope=@J10000000002000000050007994|I422bV0301W01W000;
published_frame=1185
published_frame=1186
published_frame=1187
published_frame=1188
published_frame=1189
published_frame=1190
published_frame=1191
published_frame=1192
editbox_emit sequence=501 bytes=44 elapsed_us=2844 envelope=@J10000000002000000050133618|I422dV200001W0;
editbox_emit sequence=502 bytes=61 elapsed_us=3701 envelope=@J10000000002000000050265337|I422fVt001001000Fm31H03_2000001;
editbox_emit sequence=503 bytes=55 elapsed_us=3121 envelope=@J10000000002000000050303531|I422hV0t002002000Fq22Y07-;
editbox_emit sequence=504 bytes=44 elapsed_us=3361 envelope=@J10000000002000000050456127|I422jV20000020;
editbox_emit sequence=505 bytes=49 elapsed_us=3158 envelope=@J10000000002000000050503380|I422lV0o004004FC001;
editbox_receipt monotonic_ns=578848811720116 received=505 consumed=489 revision=219
editbox_receipt monotonic_ns=578848866370090 received=505 consumed=489 revision=220
editbox_receipt monotonic_ns=578848934100158 received=505 consumed=489 revision=221
editbox_receipt monotonic_ns=578848987884971 received=505 consumed=489 revision=222
editbox_receipt monotonic_ns=578849167439110 received=505 consumed=492 revision=223
editbox_emit sequence=506 bytes=38 elapsed_us=2275 envelope=@J10000000002000000050626526|I422nV00;
published_frame=1193
published_frame=1194
published_frame=1195
published_frame=1196
editbox_emit sequence=507 bytes=49 elapsed_us=2785 envelope=@J10000000002000000050710315|I422pVo00O00OUO0020;
editbox_emit sequence=508 bytes=44 elapsed_us=2356 envelope=@J10000000002000000050865274|I422rV0200G00G;
editbox_receipt monotonic_ns=578849265347740 received=508 consumed=498 revision=224
editbox_emit sequence=509 bytes=38 elapsed_us=2065 envelope=@J10000000002000000050924448|I422tV00;
published_frame=1197
published_frame=1198
published_frame=1199
published_frame=1200
published_frame=1201
published_frame=1202
published_frame=1203
published_frame=1204
published_frame=1205
published_frame=1206
published_frame=1207
published_frame=1208
editbox_emit sequence=510 bytes=44 elapsed_us=2441 envelope=@J10000000002000000051054553|I422vV200G00G0;
editbox_emit sequence=511 bytes=44 elapsed_us=2506 envelope=@J10000000002000000051119268|I422xV0200W00W;
editbox_emit sequence=512 bytes=38 elapsed_us=2223 envelope=@J10000000002000000051235587|I422zV00;
editbox_emit sequence=513 bytes=44 elapsed_us=2558 envelope=@J10000000002000000051347719|I422_V20100100;
editbox_emit sequence=514 bytes=45 elapsed_us=2341 envelope=@J10000000002000000051420377|I422XW102040040;
editbox_receipt monotonic_ns=578849373724237 received=514 consumed=504 revision=225
editbox_emit sequence=515 bytes=39 elapsed_us=2723 envelope=@J10000000002000000051512063|I422ZW100;
published_frame=1209
published_frame=1210
published_frame=1211
published_frame=1212
published_frame=1213
published_frame=1214
published_frame=1215
published_frame=1216
published_frame=1217
published_frame=1218
published_frame=1219
published_frame=1220
editbox_emit sequence=516 bytes=45 elapsed_us=2751 envelope=@J10000000002000000051606811|I422bW120800800;
editbox_emit sequence=517 bytes=45 elapsed_us=2645 envelope=@J10000000002000000051757713|I422dW102020020;
editbox_emit sequence=518 bytes=39 elapsed_us=2378 envelope=@J10000000002000000051814653|I422fW100;
editbox_emit sequence=519 bytes=45 elapsed_us=2683 envelope=@J10000000002000000051961922|I422hW124004000;
editbox_emit sequence=520 bytes=45 elapsed_us=2651 envelope=@J10000000002000000052064825|I422jW10201W01W;
editbox_receipt monotonic_ns=578849493477264 received=514 consumed=505 revision=226
editbox_emit sequence=521 bytes=39 elapsed_us=3967 envelope=@J10000000002000000052158660|I422lW100;
editbox_receipt monotonic_ns=578849536382057 received=520 consumed=505 revision=227
editbox_receipt monotonic_ns=578849610876017 received=521 consumed=505 revision=228
editbox_receipt monotonic_ns=578849695134114 received=521 consumed=505 revision=229
editbox_receipt monotonic_ns=578849802176640 received=521 consumed=505 revision=230
editbox_receipt monotonic_ns=578849941058802 received=521 consumed=510 revision=231
editbox_emit sequence=522 bytes=39 elapsed_us=2135 envelope=@J10000000002000000052237683|I422nW100;
published_frame=1221
published_frame=1222
published_frame=1223
published_frame=1224
published_frame=1225
published_frame=1226
published_frame=1227
published_frame=1228
editbox_emit sequence=523 bytes=39 elapsed_us=2072 envelope=@J10000000002000000052316706|I422pW100;
editbox_emit sequence=524 bytes=39 elapsed_us=2084 envelope=@J10000000002000000052461250|I422rW100;
editbox_emit sequence=525 bytes=39 elapsed_us=2073 envelope=@J10000000002000000052540273|I422tW100;
editbox_emit sequence=526 bytes=39 elapsed_us=2103 envelope=@J10000000002000000052619296|I422vW100;
editbox_receipt monotonic_ns=578850036561973 received=526 consumed=516 revision=232
editbox_emit sequence=527 bytes=39 elapsed_us=2077 envelope=@J10000000002000000052763840|I422xW100;
published_frame=1229
published_frame=1230
published_frame=1231
published_frame=1232
published_frame=1233
published_frame=1234
editbox_emit sequence=528 bytes=39 elapsed_us=1966 envelope=@J10000000002000000052842863|I422zW100;
editbox_emit sequence=529 bytes=39 elapsed_us=2208 envelope=@J10000000002000000052921886|I422_W100;
editbox_emit sequence=530 bytes=39 elapsed_us=2089 envelope=@J10000000002000000053032837|I422XX100;
editbox_emit sequence=531 bytes=39 elapsed_us=2262 envelope=@J10000000002000000053111860|I422ZX100;
editbox_emit sequence=532 bytes=39 elapsed_us=2841 envelope=@J10000000002000000053256404|I422bX100;
editbox_receipt monotonic_ns=578850134007635 received=532 consumed=521 revision=233
editbox_emit sequence=533 bytes=39 elapsed_us=2562 envelope=@J10000000002000000053335427|I422dX100;
published_frame=1235
published_frame=1236
published_frame=1237
published_frame=1238
published_frame=1239
published_frame=1240
editbox_emit sequence=534 bytes=39 elapsed_us=2457 envelope=@J10000000002000000053414450|I422fX100;
editbox_emit sequence=535 bytes=39 elapsed_us=2600 envelope=@J10000000002000000053558994|I422hX100;
editbox_emit sequence=536 bytes=39 elapsed_us=2476 envelope=@J10000000002000000053638017|I422jX100;
editbox_emit sequence=537 bytes=39 elapsed_us=2607 envelope=@J10000000002000000053717040|I422lX100;
editbox_receipt monotonic_ns=578850234191672 received=537 consumed=521 revision=234
editbox_receipt monotonic_ns=578850288243053 received=537 consumed=521 revision=235
editbox_receipt monotonic_ns=578850383603075 received=537 consumed=521 revision=236
editbox_receipt monotonic_ns=578850478881054 received=537 consumed=521 revision=237
editbox_receipt monotonic_ns=578850594265550 received=537 consumed=521 revision=238
editbox_receipt monotonic_ns=578850741986364 received=537 consumed=526 revision=239
editbox_emit sequence=538 bytes=39 elapsed_us=2730 envelope=@J10000000002000000053861584|I422nX100;
published_frame=1241
published_frame=1242
published_frame=1243
published_frame=1244
published_frame=1245
published_frame=1246
editbox_emit sequence=539 bytes=39 elapsed_us=2279 envelope=@J10000000002000000053940607|I422pX100;
editbox_emit sequence=540 bytes=39 elapsed_us=2032 envelope=@J10000000002000000054061047|I422rX100;
editbox_emit sequence=541 bytes=39 elapsed_us=2362 envelope=@J10000000002000000054140070|I422tX100;
editbox_emit sequence=542 bytes=39 elapsed_us=2298 envelope=@J10000000002000000054219093|I422vX100;
editbox_receipt monotonic_ns=578850849054347 received=542 consumed=532 revision=240
editbox_emit sequence=543 bytes=62 elapsed_us=3459 envelope=@J10000000002000000054351702|I422xX1t001001000Fm31H03_5001Fm3;
published_frame=1247
published_frame=1248
published_frame=1249
published_frame=1250
editbox_emit sequence=544 bytes=51 elapsed_us=3625 envelope=@J10000000002000000054457464|I422zX15001Fm35001Fm3;
editbox_emit sequence=545 bytes=51 elapsed_us=2705 envelope=@J10000000002000000054561595|I422_X15001Fm35001Fm3;
editbox_emit sequence=546 bytes=51 elapsed_us=2746 envelope=@J10000000002000000054617969|I422XY15001Fm35001Fm3;
editbox_emit sequence=547 bytes=51 elapsed_us=3039 envelope=@J10000000002000000054722100|I422ZY15001Fm35001Fm3;
editbox_emit sequence=548 bytes=51 elapsed_us=2882 envelope=@J10000000002000000054826231|I422bY15001Fm35001Fm3;
editbox_receipt monotonic_ns=578851001693022 received=548 consumed=537 revision=241
editbox_emit sequence=549 bytes=51 elapsed_us=2983 envelope=@J10000000002000000054930362|I422dY15001Fm35001Fm3;
published_frame=1251
published_frame=1252
published_frame=1253
published_frame=1254
published_frame=1255
published_frame=1256
editbox_emit sequence=550 bytes=51 elapsed_us=3403 envelope=@J10000000002000000055043166|I422fY15001Fm35001Fm3;
editbox_emit sequence=551 bytes=51 elapsed_us=2576 envelope=@J10000000002000000055147297|I422hY15001Fm35001Fm3;
editbox_emit sequence=552 bytes=51 elapsed_us=2660 envelope=@J10000000002000000055251428|I422jY15001Fm35001Fm3;
editbox_emit sequence=553 bytes=51 elapsed_us=2560 envelope=@J10000000002000000055355559|I422lY15001Fm35001Fm3;
editbox_receipt monotonic_ns=578851110345075 received=548 consumed=537 revision=242
editbox_receipt monotonic_ns=578851165031057 received=553 consumed=537 revision=243
editbox_receipt monotonic_ns=578851220123290 received=553 consumed=537 revision=244
editbox_receipt monotonic_ns=578851307399165 received=553 consumed=537 revision=245
editbox_receipt monotonic_ns=578851474090787 received=553 consumed=542 revision=246
editbox_emit sequence=554 bytes=51 elapsed_us=4286 envelope=@J10000000002000000055459690|I422nY15001Fm35001Fm3;
published_frame=1257
published_frame=1258
published_frame=1259
published_frame=1260
editbox_emit sequence=555 bytes=51 elapsed_us=2811 envelope=@J10000000002000000055563821|I422pY15001Fm35001Fm3;
editbox_emit sequence=556 bytes=51 elapsed_us=3292 envelope=@J10000000002000000055602431|I422rY15001Fm35001Fm3;
editbox_emit sequence=557 bytes=51 elapsed_us=3254 envelope=@J10000000002000000055706562|I422tY15001Fm35001Fm3;
editbox_emit sequence=558 bytes=51 elapsed_us=2977 envelope=@J10000000002000000055810693|I422vY15001Fm35001Fm3;
editbox_receipt monotonic_ns=578851616841843 received=558 consumed=548 revision=247
editbox_emit sequence=559 bytes=51 elapsed_us=3784 envelope=@J10000000002000000055914824|I422xY15001Fm35001Fm3;
published_frame=1261
published_frame=1262
published_frame=1263
published_frame=1264
published_frame=1265
published_frame=1266
published_frame=1267
published_frame=1268
published_frame=1269
published_frame=1270
published_frame=1271
published_frame=1272
editbox_emit sequence=560 bytes=51 elapsed_us=3556 envelope=@J10000000002000000056027628|I422zY15001Fm35001Fm3;
editbox_emit sequence=561 bytes=51 elapsed_us=3207 envelope=@J10000000002000000056131759|I422_Y15001Fm35001Fm3;
editbox_emit sequence=562 bytes=51 elapsed_us=2498 envelope=@J10000000002000000056253654|I422XZ15001Fm35001Fm3;
editbox_emit sequence=563 bytes=51 elapsed_us=2744 envelope=@J10000000002000000056357785|I422ZZ15001Fm35001Fm3;
editbox_emit sequence=564 bytes=51 elapsed_us=2490 envelope=@J10000000002000000056461916|I422bZ15001Fm35001Fm3;
editbox_receipt monotonic_ns=578851662415800 received=558 consumed=553 revision=248
editbox_emit sequence=565 bytes=51 elapsed_us=2813 envelope=@J10000000002000000056500526|I422dZ15001Fm35001Fm3;
published_frame=1273
published_frame=1274
published_frame=1275
published_frame=1276
published_frame=1277
published_frame=1278
published_frame=1279
published_frame=1280
published_frame=1281
published_frame=1282
editbox_emit sequence=566 bytes=51 elapsed_us=2718 envelope=@J10000000002000000056604657|I422fZ15001Fm35001Fm3;
editbox_emit sequence=567 bytes=51 elapsed_us=2830 envelope=@J10000000002000000056708788|I422hZ15001Fm35001Fm3;
editbox_emit sequence=568 bytes=51 elapsed_us=2831 envelope=@J10000000002000000056812919|I422jZ15001Fm35001Fm3;
editbox_emit sequence=569 bytes=51 elapsed_us=3536 envelope=@J10000000002000000056917050|I422lZ15001Fm35001Fm3;
editbox_emit sequence=559 bytes=51 elapsed_us=2678 envelope=@J10000000002000000055914824|I422xY15001Fm35001Fm3;
editbox_receipt monotonic_ns=578851920367047 received=569 consumed=553 revision=249
editbox_receipt monotonic_ns=578851952278759 received=569 consumed=553 revision=250
editbox_receipt monotonic_ns=578851983824955 received=569 consumed=553 revision=251
editbox_receipt monotonic_ns=578852060370972 received=569 consumed=553 revision=252
editbox_receipt monotonic_ns=578852149822987 received=569 consumed=555 revision=253
editbox_emit sequence=570 bytes=51 elapsed_us=3154 envelope=@J10000000002000000057029854|I422nZ15001Fm35001Fm3;
published_frame=1283
published_frame=1284
published_frame=1285
published_frame=1286
editbox_emit sequence=571 bytes=51 elapsed_us=3058 envelope=@J10000000002000000057133985|I422pZ15001Fm35001Fm3;
editbox_receipt monotonic_ns=578852257181555 received=571 consumed=561 revision=254
editbox_emit sequence=572 bytes=51 elapsed_us=3981 envelope=@J10000000002000000057238116|I422rZ15001Fm35001Fm3;
published_frame=1287
published_frame=1288
published_frame=1289
published_frame=1290
published_frame=1291
published_frame=1292
published_frame=1293
published_frame=1294
published_frame=1295
published_frame=1296
published_frame=1297
published_frame=1298
editbox_emit sequence=573 bytes=51 elapsed_us=3548 envelope=@J10000000002000000057342247|I422tZ15001Fm35001Fm3;
editbox_emit sequence=574 bytes=51 elapsed_us=3151 envelope=@J10000000002000000057446378|I422vZ15001Fm35001Fm3;
editbox_emit sequence=575 bytes=51 elapsed_us=2732 envelope=@J10000000002000000057550509|I422xZ15001Fm35001Fm3;
editbox_emit sequence=576 bytes=51 elapsed_us=3157 envelope=@J10000000002000000057654640|I422zZ15001Fm35001Fm3;
editbox_emit sequence=577 bytes=51 elapsed_us=2950 envelope=@J10000000002000000057758771|I422_Z15001Fm35001Fm3;
editbox_receipt monotonic_ns=578852399516060 received=577 consumed=567 revision=255
editbox_emit sequence=578 bytes=51 elapsed_us=2719 envelope=@J10000000002000000057815145|I422Xa15001Fm35001Fm3;
published_frame=1299
published_frame=1300
published_frame=1301
published_frame=1302
published_frame=1303
published_frame=1304
published_frame=1305
published_frame=1306
published_frame=1307
published_frame=1308
published_frame=1309
published_frame=1310
editbox_emit sequence=579 bytes=51 elapsed_us=2831 envelope=@J10000000002000000057919276|I422Za15001Fm35001Fm3;
editbox_emit sequence=580 bytes=51 elapsed_us=2904 envelope=@J10000000002000000058032080|I422ba15001Fm35001Fm3;
editbox_emit sequence=581 bytes=51 elapsed_us=2606 envelope=@J10000000002000000058136211|I422da15001Fm35001Fm3;
editbox_emit sequence=582 bytes=51 elapsed_us=3537 envelope=@J10000000002000000058240342|I422fa15001Fm35001Fm3;
editbox_emit sequence=583 bytes=51 elapsed_us=2940 envelope=@J10000000002000000058344473|I422ha15001Fm35001Fm3;
editbox_receipt monotonic_ns=578852448248118 received=577 consumed=569 revision=256
editbox_emit sequence=584 bytes=51 elapsed_us=3224 envelope=@J10000000002000000058448604|I422ja15001Fm35001Fm3;
published_frame=1311
published_frame=1312
published_frame=1313
published_frame=1314
editbox_emit sequence=585 bytes=51 elapsed_us=2792 envelope=@J10000000002000000058552735|I422la15001Fm35001Fm3;
editbox_receipt monotonic_ns=578852631831150 received=585 consumed=569 revision=257
editbox_receipt monotonic_ns=578852663193091 received=585 consumed=569 revision=258
editbox_receipt monotonic_ns=578852726220692 received=585 consumed=569 revision=259
editbox_receipt monotonic_ns=578852875463870 received=585 consumed=572 revision=260
editbox_emit sequence=586 bytes=51 elapsed_us=3665 envelope=@J10000000002000000058656866|I422na15001Fm35001Fm3;
published_frame=1315
published_frame=1316
published_frame=1317
published_frame=1318
published_frame=1319
published_frame=1320
editbox_emit sequence=587 bytes=51 elapsed_us=2693 envelope=@J10000000002000000058760997|I422pa15001Fm35001Fm3;
editbox_emit sequence=588 bytes=51 elapsed_us=2470 envelope=@J10000000002000000058865128|I422ra15001Fm35001Fm3;
editbox_receipt monotonic_ns=578852973096503 received=588 consumed=578 revision=261
editbox_emit sequence=589 bytes=51 elapsed_us=3241 envelope=@J10000000002000000058903738|I422ta15001Fm35001Fm3;
published_frame=1321
published_frame=1322
published_frame=1323
published_frame=1324
published_frame=1325
published_frame=1326
published_frame=1327
published_frame=1328
published_frame=1329
published_frame=1330
published_frame=1331
published_frame=1332
editbox_emit sequence=590 bytes=51 elapsed_us=3153 envelope=@J10000000002000000059016542|I422va15001Fm35001Fm3;
editbox_emit sequence=591 bytes=51 elapsed_us=3304 envelope=@J10000000002000000059120673|I422xa15001Fm35001Fm3;
editbox_emit sequence=592 bytes=51 elapsed_us=3265 envelope=@J10000000002000000059224804|I422za15001Fm35001Fm3;
editbox_emit sequence=593 bytes=51 elapsed_us=3360 envelope=@J10000000002000000059328935|I422_a15001Fm35001Fm3;
editbox_emit sequence=594 bytes=51 elapsed_us=3083 envelope=@J10000000002000000059450830|I422Xb15001Fm35001Fm3;
editbox_receipt monotonic_ns=578853130627790 received=594 consumed=584 revision=262
editbox_emit sequence=595 bytes=51 elapsed_us=3131 envelope=@J10000000002000000059554961|I422Zb15001Fm35001Fm3;
published_frame=1333
published_frame=1334
published_frame=1335
published_frame=1336
published_frame=1337
published_frame=1338
published_frame=1339
published_frame=1340
published_frame=1341
published_frame=1342
published_frame=1343
published_frame=1344
editbox_emit sequence=596 bytes=51 elapsed_us=2798 envelope=@J10000000002000000059659092|I422bb15001Fm35001Fm3;
editbox_emit sequence=597 bytes=51 elapsed_us=2770 envelope=@J10000000002000000059763223|I422db15001Fm35001Fm3;
editbox_emit sequence=598 bytes=51 elapsed_us=2984 envelope=@J10000000002000000059801833|I422fb15001Fm35001Fm3;
editbox_emit sequence=599 bytes=51 elapsed_us=2605 envelope=@J10000000002000000059905964|I422hb15001Fm35001Fm3;
editbox_emit sequence=600 bytes=51 elapsed_us=2593 envelope=@J10000000002000000060033498|I422jb15001Fm35001Fm3;
editbox_receipt monotonic_ns=578853167161067 received=594 consumed=585 revision=263
editbox_emit sequence=601 bytes=51 elapsed_us=2500 envelope=@J10000000002000000060137629|I422lb15001Fm35001Fm3;
published_frame=1345
published_frame=1346
editbox_receipt monotonic_ns=578853315461347 received=601 consumed=585 revision=264
editbox_receipt monotonic_ns=578853357709689 received=601 consumed=585 revision=265
editbox_receipt monotonic_ns=578853399816746 received=601 consumed=585 revision=266
editbox_receipt monotonic_ns=578853474430500 received=601 consumed=585 revision=267
editbox_receipt monotonic_ns=578853617656186 received=601 consumed=585 revision=268
editbox_receipt monotonic_ns=578853756834042 received=601 consumed=591 revision=269
editbox_emit sequence=602 bytes=51 elapsed_us=3142 envelope=@J10000000002000000060241760|I422nb15001Fm35001Fm3;
published_frame=1347
published_frame=1348
published_frame=1349
published_frame=1350
published_frame=1351
published_frame=1352
published_frame=1353
published_frame=1354
published_frame=1355
published_frame=1356
published_frame=1357
published_frame=1358
editbox_emit sequence=603 bytes=51 elapsed_us=2488 envelope=@J10000000002000000060345891|I422pb15001Fm35001Fm3;
editbox_emit sequence=604 bytes=51 elapsed_us=2561 envelope=@J10000000002000000060450022|I422rb15001Fm35001Fm3;
editbox_emit sequence=605 bytes=51 elapsed_us=2399 envelope=@J10000000002000000060554153|I422tb15001Fm35001Fm3;
editbox_emit sequence=606 bytes=51 elapsed_us=2503 envelope=@J10000000002000000060658284|I422vb15001Fm35001Fm3;
editbox_emit sequence=607 bytes=51 elapsed_us=2481 envelope=@J10000000002000000060762415|I422xb15001Fm35001Fm3;
editbox_receipt monotonic_ns=578853896121093 received=607 consumed=597 revision=270
editbox_emit sequence=608 bytes=51 elapsed_us=3043 envelope=@J10000000002000000060801025|I422zb15001Fm35001Fm3;
published_frame=1359
published_frame=1360
published_frame=1361
published_frame=1362
published_frame=1363
published_frame=1364
published_frame=1365
published_frame=1366
published_frame=1367
published_frame=1368
published_frame=1369
published_frame=1370
editbox_emit sequence=609 bytes=51 elapsed_us=3583 envelope=@J10000000002000000060905156|I422_b15001Fm35001Fm3;
editbox_emit sequence=610 bytes=51 elapsed_us=4470 envelope=@J10000000002000000061035724|I422Xc15001Fm35001Fm3;
editbox_emit sequence=611 bytes=51 elapsed_us=2486 envelope=@J10000000002000000061139855|I422Zc15001Fm35001Fm3;
editbox_emit sequence=612 bytes=51 elapsed_us=2561 envelope=@J10000000002000000061243986|I422bc15001Fm35001Fm3;
editbox_emit sequence=613 bytes=51 elapsed_us=2591 envelope=@J10000000002000000061348117|I422dc15001Fm35001Fm3;
editbox_receipt monotonic_ns=578853941192137 received=607 consumed=601 revision=271
editbox_emit sequence=614 bytes=51 elapsed_us=2470 envelope=@J10000000002000000061452248|I422fc15001Fm35001Fm3;
published_frame=1371
published_frame=1372
published_frame=1373
published_frame=1374
published_frame=1375
published_frame=1376
published_frame=1377
published_frame=1378
editbox_emit sequence=615 bytes=51 elapsed_us=2700 envelope=@J10000000002000000061556379|I422hc15001Fm35001Fm3;
editbox_emit sequence=616 bytes=51 elapsed_us=3845 envelope=@J10000000002000000061660510|I422jc15001Fm35001Fm3;
editbox_emit sequence=617 bytes=51 elapsed_us=2673 envelope=@J10000000002000000061764641|I422lc15001Fm35001Fm3;
editbox_emit sequence=608 bytes=51 elapsed_us=3680 envelope=@J10000000002000000060801025|I422zb15001Fm35001Fm3;
editbox_receipt monotonic_ns=578854183633312 received=617 consumed=601 revision=272
editbox_receipt monotonic_ns=578854225753584 received=617 consumed=601 revision=273
editbox_receipt monotonic_ns=578854293427607 received=617 consumed=601 revision=274
editbox_receipt monotonic_ns=578854345099747 received=617 consumed=601 revision=275
editbox_receipt monotonic_ns=578854407813129 received=617 consumed=601 revision=276
editbox_receipt monotonic_ns=578854506346230 received=617 consumed=601 revision=277
editbox_receipt monotonic_ns=578854654635098 received=617 consumed=604 revision=278
editbox_emit sequence=618 bytes=51 elapsed_us=2607 envelope=@J10000000002000000061803251|I422nc15001Fm35001Fm3;
published_frame=1379
published_frame=1380
published_frame=1381
published_frame=1382
published_frame=1383
published_frame=1384
editbox_emit sequence=619 bytes=51 elapsed_us=2595 envelope=@J10000000002000000061907382|I422pc15001Fm35001Fm3;
editbox_emit sequence=620 bytes=51 elapsed_us=3195 envelope=@J10000000002000000062020186|I422rc15001Fm35001Fm3;
editbox_receipt monotonic_ns=578854762456113 received=620 consumed=610 revision=279
editbox_emit sequence=621 bytes=51 elapsed_us=2829 envelope=@J10000000002000000062124317|I422tc15001Fm35001Fm3;
published_frame=1385
published_frame=1386
published_frame=1387
published_frame=1388
published_frame=1389
published_frame=1390
published_frame=1391
published_frame=1392
published_frame=1393
published_frame=1394
published_frame=1395
published_frame=1396
editbox_emit sequence=622 bytes=51 elapsed_us=2853 envelope=@J10000000002000000062228448|I422vc15001Fm35001Fm3;
editbox_emit sequence=623 bytes=51 elapsed_us=2711 envelope=@J10000000002000000062332579|I422xc15001Fm35001Fm3;
editbox_emit sequence=624 bytes=51 elapsed_us=2555 envelope=@J10000000002000000062436710|I422zc15001Fm35001Fm3;
editbox_emit sequence=625 bytes=51 elapsed_us=2729 envelope=@J10000000002000000062540841|I422_c15001Fm35001Fm3;
editbox_emit sequence=626 bytes=51 elapsed_us=2755 envelope=@J10000000002000000062662736|I422Xd15001Fm35001Fm3;
editbox_receipt monotonic_ns=578854904716689 received=626 consumed=616 revision=280
editbox_emit sequence=627 bytes=51 elapsed_us=2623 envelope=@J10000000002000000062701346|I422Zd15001Fm35001Fm3;
published_frame=1397
published_frame=1398
published_frame=1399
published_frame=1400
published_frame=1401
published_frame=1402
published_frame=1403
published_frame=1404
published_frame=1405
published_frame=1406
published_frame=1407
published_frame=1408
editbox_emit sequence=628 bytes=51 elapsed_us=2690 envelope=@J10000000002000000062805477|I422bd15001Fm35001Fm3;
editbox_emit sequence=629 bytes=51 elapsed_us=3126 envelope=@J10000000002000000062909608|I422dd15001Fm35001Fm3;
editbox_emit sequence=630 bytes=51 elapsed_us=2520 envelope=@J10000000002000000063022412|I422fd15001Fm35001Fm3;
editbox_emit sequence=631 bytes=51 elapsed_us=2672 envelope=@J10000000002000000063126543|I422hd15001Fm35001Fm3;
editbox_emit sequence=632 bytes=51 elapsed_us=2648 envelope=@J10000000002000000063230674|I422jd15001Fm35001Fm3;
editbox_receipt monotonic_ns=578855037186037 received=626 consumed=617 revision=281
editbox_emit sequence=633 bytes=51 elapsed_us=2541 envelope=@J10000000002000000063334805|I422ld15001Fm35001Fm3;
published_frame=1409
published_frame=1410
editbox_receipt monotonic_ns=578855088591528 received=632 consumed=617 revision=282
editbox_receipt monotonic_ns=578855142545196 received=633 consumed=617 revision=283
editbox_receipt monotonic_ns=578855209167928 received=633 consumed=617 revision=284
editbox_receipt monotonic_ns=578855305810333 received=633 consumed=617 revision=285
editbox_receipt monotonic_ns=578855392691337 received=633 consumed=617 revision=286
editbox_receipt monotonic_ns=578855541535957 received=633 consumed=620 revision=287
editbox_emit sequence=634 bytes=51 elapsed_us=2677 envelope=@J10000000002000000063438936|I422nd15001Fm35001Fm3;
published_frame=1411
published_frame=1412
published_frame=1413
published_frame=1414
published_frame=1415
published_frame=1416
editbox_emit sequence=635 bytes=51 elapsed_us=2576 envelope=@J10000000002000000063543067|I422pd15001Fm35001Fm3;
editbox_emit sequence=636 bytes=51 elapsed_us=2529 envelope=@J10000000002000000063647198|I422rd15001Fm35001Fm3;
editbox_receipt monotonic_ns=578855639279217 received=636 consumed=626 revision=288
editbox_emit sequence=637 bytes=51 elapsed_us=3450 envelope=@J10000000002000000063751329|I422td15001Fm35001Fm3;
published_frame=1417
published_frame=1418
published_frame=1419
published_frame=1420
published_frame=1421
published_frame=1422
published_frame=1423
published_frame=1424
published_frame=1425
published_frame=1426
published_frame=1427
published_frame=1428
editbox_emit sequence=638 bytes=51 elapsed_us=3008 envelope=@J10000000002000000063855460|I422vd15001Fm35001Fm3;
editbox_emit sequence=639 bytes=51 elapsed_us=3052 envelope=@J10000000002000000063959591|I422xd15001Fm35001Fm3;
editbox_emit sequence=640 bytes=51 elapsed_us=3033 envelope=@J10000000002000000064006874|I422zd15001Fm35001Fm3;
editbox_emit sequence=641 bytes=51 elapsed_us=3047 envelope=@J10000000002000000064111005|I422_d15001Fm35001Fm3;
editbox_emit sequence=642 bytes=51 elapsed_us=2671 envelope=@J10000000002000000064232900|I422Xe15001Fm35001Fm3;
editbox_receipt monotonic_ns=578855783417383 received=642 consumed=632 revision=289
editbox_emit sequence=643 bytes=51 elapsed_us=2845 envelope=@J10000000002000000064337031|I422Ze15001Fm35001Fm3;
published_frame=1429
published_frame=1430
published_frame=1431
published_frame=1432
published_frame=1433
published_frame=1434
published_frame=1435
published_frame=1436
published_frame=1437
published_frame=1438
published_frame=1439
published_frame=1440
editbox_emit sequence=644 bytes=51 elapsed_us=3180 envelope=@J10000000002000000064441162|I422be15001Fm35001Fm3;
editbox_emit sequence=645 bytes=51 elapsed_us=2924 envelope=@J10000000002000000064545293|I422de15001Fm35001Fm3;
editbox_emit sequence=646 bytes=51 elapsed_us=3045 envelope=@J10000000002000000064649424|I422fe15001Fm35001Fm3;
editbox_emit sequence=647 bytes=51 elapsed_us=2878 envelope=@J10000000002000000064753555|I422he15001Fm35001Fm3;
editbox_emit sequence=648 bytes=51 elapsed_us=3168 envelope=@J10000000002000000064857686|I422je15001Fm35001Fm3;
editbox_receipt monotonic_ns=578855918392820 received=648 consumed=633 revision=290
editbox_emit sequence=649 bytes=51 elapsed_us=3296 envelope=@J10000000002000000064961817|I422le15001Fm35001Fm3;
published_frame=1441
published_frame=1442
editbox_receipt monotonic_ns=578855983331554 received=648 consumed=633 revision=291
editbox_receipt monotonic_ns=578856038209325 received=649 consumed=633 revision=292
editbox_receipt monotonic_ns=578856124546649 received=649 consumed=633 revision=293
editbox_receipt monotonic_ns=578856232997024 received=649 consumed=633 revision=294
editbox_receipt monotonic_ns=578856350901043 received=649 consumed=638 revision=295
editbox_emit sequence=650 bytes=51 elapsed_us=3688 envelope=@J10000000002000000065009100|I422ne15001Fm35001Fm3;
published_frame=1443
published_frame=1444
published_frame=1445
published_frame=1446
published_frame=1447
published_frame=1448
published_frame=1449
published_frame=1450
published_frame=1451
published_frame=1452
editbox_emit sequence=651 bytes=51 elapsed_us=3527 envelope=@J10000000002000000065113231|I422pe15001Fm35001Fm3;
editbox_emit sequence=652 bytes=51 elapsed_us=2943 envelope=@J10000000002000000065217362|I422re15001Fm35001Fm3;
editbox_emit sequence=653 bytes=51 elapsed_us=2783 envelope=@J10000000002000000065321493|I422te15001Fm35001Fm3;
editbox_emit sequence=654 bytes=51 elapsed_us=2628 envelope=@J10000000002000000065425624|I422ve15001Fm35001Fm3;
editbox_receipt monotonic_ns=578856482472006 received=654 consumed=644 revision=296
editbox_emit sequence=655 bytes=51 elapsed_us=3818 envelope=@J10000000002000000065529755|I422xe15001Fm35001Fm3;
published_frame=1453
published_frame=1454
published_frame=1455
published_frame=1456
published_frame=1457
published_frame=1458
published_frame=1459
published_frame=1460
published_frame=1461
published_frame=1462
published_frame=1463
published_frame=1464
editbox_emit sequence=656 bytes=51 elapsed_us=2791 envelope=@J10000000002000000065633886|I422ze15001Fm35001Fm3;
editbox_emit sequence=657 bytes=51 elapsed_us=3072 envelope=@J10000000002000000065738017|I422_e15001Fm35001Fm3;
editbox_emit sequence=658 bytes=51 elapsed_us=3028 envelope=@J10000000002000000065859912|I422Xf15001Fm35001Fm3;
editbox_emit sequence=659 bytes=51 elapsed_us=3321 envelope=@J10000000002000000065964043|I422Zf15001Fm35001Fm3;
editbox_emit sequence=660 bytes=51 elapsed_us=3138 envelope=@J10000000002000000066011326|I422bf15001Fm35001Fm3;
editbox_receipt monotonic_ns=578856628253824 received=660 consumed=649 revision=297
editbox_emit sequence=661 bytes=51 elapsed_us=2804 envelope=@J10000000002000000066115457|I422df15001Fm35001Fm3;
published_frame=1465
published_frame=1466
published_frame=1467
published_frame=1468
published_frame=1469
published_frame=1470
published_frame=1471
published_frame=1472
published_frame=1473
published_frame=1474
editbox_emit sequence=662 bytes=51 elapsed_us=2924 envelope=@J10000000002000000066219588|I422ff15001Fm35001Fm3;
editbox_emit sequence=663 bytes=51 elapsed_us=2496 envelope=@J10000000002000000066323719|I422hf15001Fm35001Fm3;
editbox_emit sequence=664 bytes=51 elapsed_us=2696 envelope=@J10000000002000000066427850|I422jf15001Fm35001Fm3;
editbox_emit sequence=665 bytes=51 elapsed_us=2468 envelope=@J10000000002000000066531981|I422lf15001Fm35001Fm3;
editbox_receipt monotonic_ns=578856661581580 received=660 consumed=649 revision=298
editbox_receipt monotonic_ns=578856791257711 received=665 consumed=649 revision=299
editbox_receipt monotonic_ns=578856844241601 received=665 consumed=649 revision=300
editbox_receipt monotonic_ns=578856910064974 received=665 consumed=649 revision=301
editbox_receipt monotonic_ns=578857006066007 received=665 consumed=649 revision=302
editbox_receipt monotonic_ns=578857101389079 received=665 consumed=649 revision=303
editbox_receipt monotonic_ns=578857238687019 received=665 consumed=653 revision=304
editbox_emit sequence=666 bytes=51 elapsed_us=3611 envelope=@J10000000002000000066636112|I422nf15001Fm35001Fm3;
published_frame=1475
published_frame=1476
published_frame=1477
published_frame=1478
published_frame=1479
published_frame=1480
published_frame=1481
published_frame=1482
editbox_emit sequence=667 bytes=51 elapsed_us=3244 envelope=@J10000000002000000066740243|I422pf15001Fm35001Fm3;
editbox_emit sequence=668 bytes=51 elapsed_us=3080 envelope=@J10000000002000000066844374|I422rf15001Fm35001Fm3;
editbox_emit sequence=669 bytes=51 elapsed_us=2947 envelope=@J10000000002000000066948505|I422tf15001Fm35001Fm3;
editbox_receipt monotonic_ns=578857347135891 received=669 consumed=659 revision=305
editbox_emit sequence=670 bytes=51 elapsed_us=2927 envelope=@J10000000002000000067061309|I422vf15001Fm35001Fm3;
published_frame=1483
published_frame=1484
published_frame=1485
published_frame=1486
published_frame=1487
published_frame=1488
published_frame=1489
published_frame=1490
published_frame=1491
published_frame=1492
published_frame=1493
published_frame=1494
editbox_emit sequence=671 bytes=51 elapsed_us=2719 envelope=@J10000000002000000067165440|I422xf15001Fm35001Fm3;
editbox_emit sequence=672 bytes=51 elapsed_us=2543 envelope=@J10000000002000000067204050|I422zf15001Fm35001Fm3;
editbox_emit sequence=673 bytes=51 elapsed_us=2539 envelope=@J10000000002000000067308181|I422_f15001Fm35001Fm3;
editbox_emit sequence=674 bytes=51 elapsed_us=2773 envelope=@J10000000002000000067430076|I422Xg15001Fm35001Fm3;
editbox_emit sequence=675 bytes=51 elapsed_us=2829 envelope=@J10000000002000000067534207|I422Zg15001Fm35001Fm3;
editbox_receipt monotonic_ns=578857490222685 received=675 consumed=665 revision=306
editbox_emit sequence=676 bytes=51 elapsed_us=3479 envelope=@J10000000002000000067638338|I422bg15001Fm35001Fm3;
published_frame=1495
published_frame=1496
published_frame=1497
published_frame=1498
published_frame=1499
published_frame=1500
published_frame=1501
published_frame=1502
published_frame=1503
published_frame=1504
published_frame=1505
published_frame=1506
editbox_emit sequence=677 bytes=51 elapsed_us=3194 envelope=@J10000000002000000067742469|I422dg15001Fm35001Fm3;
editbox_emit sequence=678 bytes=51 elapsed_us=3161 envelope=@J10000000002000000067846600|I422fg15001Fm35001Fm3;
editbox_emit sequence=679 bytes=51 elapsed_us=2864 envelope=@J10000000002000000067950731|I422hg15001Fm35001Fm3;
editbox_emit sequence=680 bytes=51 elapsed_us=3032 envelope=@J10000000002000000068063535|I422jg15001Fm35001Fm3;
editbox_emit sequence=681 bytes=51 elapsed_us=3532 envelope=@J10000000002000000068102145|I422lg15001Fm35001Fm3;
editbox_receipt monotonic_ns=578857625496792 received=681 consumed=665 revision=307
editbox_receipt monotonic_ns=578857656776849 received=681 consumed=665 revision=308
editbox_receipt monotonic_ns=578857724069957 received=681 consumed=665 revision=309
editbox_receipt monotonic_ns=578857801057802 received=681 consumed=665 revision=310
editbox_receipt monotonic_ns=578857907165434 received=681 consumed=665 revision=311
editbox_receipt monotonic_ns=578858004713678 received=681 consumed=665 revision=312
editbox_receipt monotonic_ns=578858144009093 received=681 consumed=668 revision=313
editbox_emit sequence=682 bytes=51 elapsed_us=3573 envelope=@J10000000002000000068206276|I422ng15001Fm35001Fm3;
published_frame=1507
published_frame=1508
published_frame=1509
published_frame=1510
published_frame=1511
published_frame=1512
editbox_emit sequence=683 bytes=51 elapsed_us=3202 envelope=@J10000000002000000068310407|I422pg15001Fm35001Fm3;
editbox_emit sequence=684 bytes=51 elapsed_us=3407 envelope=@J10000000002000000068414538|I422rg15001Fm35001Fm3;
editbox_receipt monotonic_ns=578858236884216 received=684 consumed=674 revision=314
editbox_emit sequence=685 bytes=51 elapsed_us=2595 envelope=@J10000000002000000068518669|I422tg15001Fm35001Fm3;
published_frame=1513
published_frame=1514
published_frame=1515
published_frame=1516
published_frame=1517
published_frame=1518
published_frame=1519
published_frame=1520
published_frame=1521
published_frame=1522
published_frame=1523
published_frame=1524
editbox_emit sequence=686 bytes=51 elapsed_us=2745 envelope=@J10000000002000000068622800|I422vg15001Fm35001Fm3;
editbox_emit sequence=687 bytes=51 elapsed_us=2944 envelope=@J10000000002000000068726931|I422xg15001Fm35001Fm3;
editbox_emit sequence=688 bytes=51 elapsed_us=4019 envelope=@J10000000002000000068831062|I422zg15001Fm35001Fm3;
editbox_emit sequence=689 bytes=51 elapsed_us=3083 envelope=@J10000000002000000068935193|I422_g15001Fm35001Fm3;
editbox_emit sequence=690 bytes=51 elapsed_us=3877 envelope=@J10000000002000000069000240|I422Xh15001Fm35001Fm3;
editbox_receipt monotonic_ns=578858377900618 received=690 consumed=680 revision=315
editbox_emit sequence=691 bytes=51 elapsed_us=3878 envelope=@J10000000002000000069104371|I422Zh15001Fm35001Fm3;
published_frame=1525
published_frame=1526
published_frame=1527
published_frame=1528
published_frame=1529
published_frame=1530
published_frame=1531
published_frame=1532
published_frame=1533
published_frame=1534
published_frame=1535
published_frame=1536
editbox_emit sequence=692 bytes=51 elapsed_us=3547 envelope=@J10000000002000000069208502|I422bh15001Fm35001Fm3;
editbox_emit sequence=693 bytes=51 elapsed_us=3412 envelope=@J10000000002000000069312633|I422dh15001Fm35001Fm3;
editbox_emit sequence=694 bytes=51 elapsed_us=3852 envelope=@J10000000002000000069416764|I422fh15001Fm35001Fm3;
editbox_emit sequence=695 bytes=51 elapsed_us=3864 envelope=@J10000000002000000069520895|I422hh15001Fm35001Fm3;
editbox_emit sequence=696 bytes=51 elapsed_us=3343 envelope=@J10000000002000000069625026|I422jh15001Fm35001Fm3;
editbox_receipt monotonic_ns=578858521904752 received=696 consumed=681 revision=316
editbox_emit sequence=697 bytes=51 elapsed_us=2770 envelope=@J10000000002000000069729157|I422lh15001Fm35001Fm3;
published_frame=1537
published_frame=1538
editbox_receipt monotonic_ns=578858584648290 received=697 consumed=681 revision=317
editbox_receipt monotonic_ns=578858626359966 received=697 consumed=681 revision=318
editbox_receipt monotonic_ns=578858701278381 received=697 consumed=681 revision=319
editbox_receipt monotonic_ns=578858799030737 received=697 consumed=681 revision=320
editbox_receipt monotonic_ns=578858906800685 received=697 consumed=681 revision=321
editbox_receipt monotonic_ns=578859045752827 received=697 consumed=682 revision=322
editbox_emit sequence=698 bytes=51 elapsed_us=2801 envelope=@J10000000002000000069833288|I422nh15001Fm35001Fm3;
published_frame=1539
published_frame=1540
editbox_receipt monotonic_ns=578859130345050 received=698 consumed=688 revision=323
editbox_emit sequence=699 bytes=51 elapsed_us=2700 envelope=@J10000000002000000069937419|I422ph15001Fm35001Fm3;
published_frame=1541
published_frame=1542
published_frame=1543
published_frame=1544
published_frame=1545
published_frame=1546
published_frame=1547
published_frame=1548
published_frame=1549
published_frame=1550
published_frame=1551
published_frame=1552
editbox_emit sequence=700 bytes=51 elapsed_us=2763 envelope=@J10000000002000000070064953|I422rh15001Fm35001Fm3;
editbox_emit sequence=701 bytes=51 elapsed_us=2561 envelope=@J10000000002000000070103563|I422th15001Fm35001Fm3;
editbox_emit sequence=702 bytes=51 elapsed_us=2622 envelope=@J10000000002000000070207694|I422vh15001Fm35001Fm3;
editbox_emit sequence=703 bytes=51 elapsed_us=3217 envelope=@J10000000002000000070311825|I422xh15001Fm35001Fm3;
editbox_emit sequence=704 bytes=51 elapsed_us=3181 envelope=@J10000000002000000070415956|I422zh15001Fm35001Fm3;
editbox_receipt monotonic_ns=578859271607533 received=704 consumed=694 revision=324
editbox_emit sequence=705 bytes=51 elapsed_us=2818 envelope=@J10000000002000000070520087|I422_h15001Fm35001Fm3;
published_frame=1553
published_frame=1554
published_frame=1555
published_frame=1556
published_frame=1557
published_frame=1558
published_frame=1559
published_frame=1560
published_frame=1561
published_frame=1562
published_frame=1563
published_frame=1564
editbox_emit sequence=706 bytes=51 elapsed_us=3425 envelope=@J10000000002000000070641982|I422Xi15001Fm35001Fm3;
editbox_emit sequence=707 bytes=51 elapsed_us=2640 envelope=@J10000000002000000070746113|I422Zi15001Fm35001Fm3;
editbox_emit sequence=708 bytes=51 elapsed_us=2383 envelope=@J10000000002000000070850244|I422bi15001Fm35001Fm3;
editbox_emit sequence=709 bytes=51 elapsed_us=2677 envelope=@J10000000002000000070954375|I422di15001Fm35001Fm3;
editbox_emit sequence=710 bytes=51 elapsed_us=3394 envelope=@J10000000002000000071001658|I422fi15001Fm35001Fm3;
editbox_receipt monotonic_ns=578859403837141 received=710 consumed=697 revision=325
editbox_emit sequence=711 bytes=51 elapsed_us=3182 envelope=@J10000000002000000071105789|I422hi15001Fm35001Fm3;
published_frame=1565
published_frame=1566
published_frame=1567
published_frame=1568
published_frame=1569
published_frame=1570
editbox_emit sequence=712 bytes=51 elapsed_us=2550 envelope=@J10000000002000000071209920|I422ji15001Fm35001Fm3;
editbox_emit sequence=713 bytes=51 elapsed_us=2520 envelope=@J10000000002000000071314051|I422li15001Fm35001Fm3;
editbox_receipt monotonic_ns=578859479131721 received=713 consumed=697 revision=326
editbox_receipt monotonic_ns=578859531790562 received=713 consumed=697 revision=327
editbox_receipt monotonic_ns=578859632759859 received=713 consumed=697 revision=328
editbox_receipt monotonic_ns=578859743667440 received=713 consumed=697 revision=329
editbox_receipt monotonic_ns=578859830418701 received=713 consumed=697 revision=330
editbox_receipt monotonic_ns=578859958029799 received=713 consumed=697 revision=331
match_end epoch=2 frontier=1571 old_rows=drain terminal_rows=discard
input_armed=true gameplay_armed=false mono_ns=578860064266493
editbox_receipt monotonic_ns=578860076485442 received=713 consumed=713 revision=332
editbox_emit sequence=714 bytes=51 elapsed_us=2757 envelope=@J10000000002000000071418182|I422ni15001Fm35001Fm3;
editbox_emit sequence=715 bytes=51 elapsed_us=3093 envelope=@J10000000002000000071522313|I422pi15001Fm35001Fm3;
editbox_emit sequence=716 bytes=51 elapsed_us=2609 envelope=@J10000000002000000071626444|I422ri15001Fm35001Fm3;
editbox_emit sequence=717 bytes=51 elapsed_us=4009 envelope=@J10000000002000000071730575|I422ti15001Fm35001Fm3;
editbox_emit sequence=718 bytes=51 elapsed_us=2783 envelope=@J10000000002000000071834706|I422vi15001Fm35001Fm3;
editbox_emit sequence=719 bytes=51 elapsed_us=2773 envelope=@J10000000002000000071938837|I422xi15001Fm35001Fm3;
editbox_emit sequence=720 bytes=51 elapsed_us=2749 envelope=@J10000000002000000072051641|I422zi15001Fm35001Fm3;
editbox_emit sequence=721 bytes=51 elapsed_us=2730 envelope=@J10000000002000000072155772|I422_i15001Fm35001Fm3;
editbox_emit sequence=722 bytes=51 elapsed_us=2652 envelope=@J10000000002000000072212146|I422Xj15001Fm35001Fm3;
editbox_emit sequence=723 bytes=51 elapsed_us=2966 envelope=@J10000000002000000072316277|I422Zj15001Fm35001Fm3;
editbox_emit sequence=724 bytes=51 elapsed_us=2559 envelope=@J10000000002000000072420408|I422bj15001Fm35001Fm3;
editbox_emit sequence=725 bytes=51 elapsed_us=3017 envelope=@J10000000002000000072524539|I422dj15001Fm35001Fm3;
editbox_emit sequence=726 bytes=51 elapsed_us=2525 envelope=@J10000000002000000072628670|I422fj15001Fm35001Fm3;
editbox_emit sequence=727 bytes=51 elapsed_us=2487 envelope=@J10000000002000000072732801|I422hj15001Fm35001Fm3;
editbox_emit sequence=728 bytes=51 elapsed_us=3295 envelope=@J10000000002000000072836932|I422jj15001Fm35001Fm3;
editbox_emit sequence=729 bytes=51 elapsed_us=2498 envelope=@J10000000002000000072941063|I422lj15001Fm35001Fm3;
editbox_emit sequence=714 bytes=51 elapsed_us=2925 envelope=@J10000000002000000071418182|I422ni15001Fm35001Fm3;
editbox_receipt monotonic_ns=578860533873350 received=729 consumed=729 revision=334
editbox_emit sequence=730 bytes=51 elapsed_us=2688 envelope=@J10000000002000000073053867|I422nj15001Fm35001Fm3;
editbox_emit sequence=731 bytes=51 elapsed_us=3246 envelope=@J10000000002000000073157998|I422pj15001Fm35001Fm3;
editbox_emit sequence=732 bytes=51 elapsed_us=2467 envelope=@J10000000002000000073262129|I422rj15001Fm35001Fm3;
editbox_receipt monotonic_ns=578860546613416 received=729 consumed=729 revision=336
editbox_emit sequence=733 bytes=51 elapsed_us=2418 envelope=@J10000000002000000073300739|I422tj15001Fm35001Fm3;
editbox_emit sequence=734 bytes=51 elapsed_us=2578 envelope=@J10000000002000000073404870|I422vj15001Fm35001Fm3;
editbox_emit sequence=735 bytes=51 elapsed_us=2675 envelope=@J10000000002000000073509001|I422xj15001Fm35001Fm3;
editbox_emit sequence=736 bytes=51 elapsed_us=2691 envelope=@J10000000002000000073613132|I422zj15001Fm35001Fm3;
editbox_emit sequence=737 bytes=51 elapsed_us=2523 envelope=@J10000000002000000073717263|I422_j15001Fm35001Fm3;
editbox_emit sequence=738 bytes=51 elapsed_us=2650 envelope=@J10000000002000000073839158|I422Xk15001Fm35001Fm3;
editbox_emit sequence=739 bytes=51 elapsed_us=2535 envelope=@J10000000002000000073943289|I422Zk15001Fm35001Fm3;
editbox_emit sequence=740 bytes=51 elapsed_us=2429 envelope=@J10000000002000000074056093|I422bk15001Fm35001Fm3;
editbox_emit sequence=741 bytes=51 elapsed_us=3250 envelope=@J10000000002000000074160224|I422dk15001Fm35001Fm3;
editbox_emit sequence=742 bytes=51 elapsed_us=3406 envelope=@J10000000002000000074264355|I422fk15001Fm35001Fm3;
editbox_emit sequence=743 bytes=51 elapsed_us=3375 envelope=@J10000000002000000074302965|I422hk15001Fm35001Fm3;
editbox_emit sequence=744 bytes=51 elapsed_us=3188 envelope=@J10000000002000000074407096|I422jk15001Fm35001Fm3;
editbox_emit sequence=745 bytes=51 elapsed_us=3366 envelope=@J10000000002000000074511227|I422lk15001Fm35001Fm3;
suppressed mono_ns=578860727793000 reason=focus-pause-or-neutral
editbox_emit sequence=730 bytes=51 elapsed_us=2968 envelope=@J10000000002000000073053867|I422nj15001Fm35001Fm3;
editbox_receipt monotonic_ns=578861018286557 received=745 consumed=745 revision=337
editbox_emit sequence=746 bytes=51 elapsed_us=3303 envelope=@J10000000002000000074615358|I422nk15001Fm35001Fm3;
editbox_emit sequence=747 bytes=51 elapsed_us=3603 envelope=@J10000000002000000074719489|I422pk15001Fm35001Fm3;
editbox_receipt monotonic_ns=578861028594694 received=745 consumed=745 revision=339
editbox_emit sequence=748 bytes=51 elapsed_us=2702 envelope=@J10000000002000000074823620|I422rk15001Fm35001Fm3;
editbox_emit sequence=749 bytes=51 elapsed_us=2378 envelope=@J10000000002000000074927751|I422tk15001Fm35001Fm3;
editbox_emit sequence=750 bytes=51 elapsed_us=2997 envelope=@J10000000002000000075040555|I422vk15001Fm35001Fm3;
editbox_receipt monotonic_ns=578861041099019 received=745 consumed=745 revision=340
editbox_emit sequence=751 bytes=51 elapsed_us=2984 envelope=@J10000000002000000075144686|I422xk15001Fm35001Fm3;
editbox_emit sequence=752 bytes=51 elapsed_us=3528 envelope=@J10000000002000000075248817|I422zk15001Fm35001Fm3;
editbox_emit sequence=753 bytes=51 elapsed_us=3431 envelope=@J10000000002000000075352948|I422_k15001Fm35001Fm3;
editbox_receipt monotonic_ns=578861055676750 received=745 consumed=745 revision=341
editbox_emit sequence=754 bytes=51 elapsed_us=4882 envelope=@J10000000002000000075409322|I422Xl15001Fm35001Fm3;
editbox_emit sequence=755 bytes=51 elapsed_us=4166 envelope=@J10000000002000000075513453|I422Zl15001Fm35001Fm3;
editbox_emit sequence=756 bytes=51 elapsed_us=2869 envelope=@J10000000002000000075617584|I422bl15001Fm35001Fm3;
editbox_emit sequence=757 bytes=51 elapsed_us=2550 envelope=@J10000000002000000075721715|I422dl15001Fm35001Fm3;
editbox_emit sequence=758 bytes=51 elapsed_us=2783 envelope=@J10000000002000000075825846|I422fl15001Fm35001Fm3;
editbox_emit sequence=759 bytes=51 elapsed_us=3264 envelope=@J10000000002000000075929977|I422hl15001Fm35001Fm3;
editbox_emit sequence=760 bytes=51 elapsed_us=3039 envelope=@J10000000002000000076042781|I422jl15001Fm35001Fm3;
editbox_emit sequence=761 bytes=51 elapsed_us=3458 envelope=@J10000000002000000076146912|I422ll15001Fm35001Fm3;
editbox_emit sequence=746 bytes=51 elapsed_us=3155 envelope=@J10000000002000000074615358|I422nk15001Fm35001Fm3;
editbox_receipt monotonic_ns=578861495890979 received=761 consumed=761 revision=342
editbox_emit sequence=762 bytes=51 elapsed_us=2545 envelope=@J10000000002000000076251043|I422nl15001Fm35001Fm3;
editbox_emit sequence=763 bytes=51 elapsed_us=2743 envelope=@J10000000002000000076355174|I422pl15001Fm35001Fm3;
editbox_emit sequence=764 bytes=51 elapsed_us=2526 envelope=@J10000000002000000076459305|I422rl15001Fm35001Fm3;
editbox_receipt monotonic_ns=578861508077607 received=761 consumed=761 revision=343
editbox_emit sequence=765 bytes=51 elapsed_us=2698 envelope=@J10000000002000000076563436|I422tl15001Fm35001Fm3;
editbox_emit sequence=766 bytes=51 elapsed_us=2584 envelope=@J10000000002000000076602046|I422vl15001Fm35001Fm3;
editbox_emit sequence=767 bytes=51 elapsed_us=3030 envelope=@J10000000002000000076706177|I422xl15001Fm35001Fm3;
editbox_receipt monotonic_ns=578861520915928 received=761 consumed=761 revision=345
editbox_emit sequence=768 bytes=51 elapsed_us=2509 envelope=@J10000000002000000076810308|I422zl15001Fm35001Fm3;
editbox_emit sequence=769 bytes=51 elapsed_us=2576 envelope=@J10000000002000000076914439|I422_l15001Fm35001Fm3;
editbox_emit sequence=770 bytes=51 elapsed_us=2747 envelope=@J10000000002000000077045007|I422Xm15001Fm35001Fm3;
editbox_receipt monotonic_ns=578861532996268 received=761 consumed=761 revision=346
editbox_emit sequence=771 bytes=51 elapsed_us=2649 envelope=@J10000000002000000077149138|I422Zm15001Fm35001Fm3;
editbox_emit sequence=772 bytes=51 elapsed_us=2558 envelope=@J10000000002000000077253269|I422bm15001Fm35001Fm3;
editbox_emit sequence=773 bytes=51 elapsed_us=2503 envelope=@J10000000002000000077357400|I422dm15001Fm35001Fm3;
editbox_emit sequence=774 bytes=51 elapsed_us=3633 envelope=@J10000000002000000077461531|I422fm15001Fm35001Fm3;
editbox_emit sequence=775 bytes=51 elapsed_us=3018 envelope=@J10000000002000000077500141|I422hm15001Fm35001Fm3;
editbox_emit sequence=776 bytes=51 elapsed_us=2498 envelope=@J10000000002000000077604272|I422jm15001Fm35001Fm3;
editbox_emit sequence=777 bytes=51 elapsed_us=2302 envelope=@J10000000002000000077708403|I422lm15001Fm35001Fm3;
editbox_emit sequence=762 bytes=51 elapsed_us=3068 envelope=@J10000000002000000076251043|I422nl15001Fm35001Fm3;
editbox_receipt monotonic_ns=578861994633512 received=777 consumed=777 revision=347
editbox_emit sequence=778 bytes=51 elapsed_us=3327 envelope=@J10000000002000000077812534|I422nm15001Fm35001Fm3;
editbox_emit sequence=779 bytes=51 elapsed_us=2510 envelope=@J10000000002000000077916665|I422pm15001Fm35001Fm3;
editbox_emit sequence=780 bytes=51 elapsed_us=2821 envelope=@J10000000002000000078029469|I422rm15001Fm35001Fm3;
editbox_receipt monotonic_ns=578862007603139 received=777 consumed=777 revision=350
editbox_emit sequence=781 bytes=51 elapsed_us=3004 envelope=@J10000000002000000078133600|I422tm15001Fm35001Fm3;
editbox_emit sequence=782 bytes=51 elapsed_us=2878 envelope=@J10000000002000000078237731|I422vm15001Fm35001Fm3;
editbox_emit sequence=783 bytes=51 elapsed_us=2907 envelope=@J10000000002000000078341862|I422xm15001Fm35001Fm3;
editbox_receipt monotonic_ns=578862020463480 received=777 consumed=777 revision=351
editbox_emit sequence=784 bytes=51 elapsed_us=2936 envelope=@J10000000002000000078445993|I422zm15001Fm35001Fm3;
editbox_emit sequence=785 bytes=51 elapsed_us=2908 envelope=@J10000000002000000078550124|I422_m15001Fm35001Fm3;
editbox_emit sequence=786 bytes=51 elapsed_us=3545 envelope=@J10000000002000000078606498|I422Xn15001Fm35001Fm3;
editbox_emit sequence=787 bytes=34 elapsed_us=2165 envelope=@J10000000002000000078703655|JE12;
editbox_receipt monotonic_ns=578862204729060 received=787 consumed=787 revision=352
match_quiescent epoch=2
waiting_for_match build=playable-0042 slot=0 after_epoch=2
shutdown signal=SIGINT mailbox_release=begin
