source=/dev/input/event3 name=Some("Smashcraft Event Retention Virtual Gamepad") clock=CLOCK_MONOTONIC epoch_ns=0 frame_rule=segment_frame+floor((t-segment_epoch)*60/1e9) first=1 delay=0 pause_policy=sequenced-map-control
controller_identity=DeviceIdentity { id: InputId { bus_type: BUS_USB, vendor: 0x45e, product: 0x28e, version: 0x114 }, name: Some("Smashcraft Event Retention Virtual Gamepad"), phys: None, uniq: None } automatic_reconnect=false
waiting_for_match build=playable-0042 slot=1 start_before=final-match-confirmation
input_armed=true gameplay_armed=false mono_ns=578733185894872
menu_emit epoch=0 phase=Some(Character) key=n mono_ns=578735377458000
match_ready epoch=1 neutral_rearm=required
input_armed=true gameplay_armed=false mono_ns=578749089074775
editbox_receipt monotonic_ns=578749089195772 received=0 consumed=0 revision=1
editbox_emit sequence=1 bytes=34 elapsed_us=2063 envelope=@J10000000001000000000130780|JR11;
editbox_receipt monotonic_ns=578749110427452 received=1 consumed=1 revision=2
editbox_receipt monotonic_ns=578749120806624 received=1 consumed=1 revision=3
editbox_receipt monotonic_ns=578749162744660 received=1 consumed=1 revision=4
editbox_receipt monotonic_ns=578749279058405 received=1 consumed=1 revision=5
match_start epoch=1 epoch_ns=578749357392581 read_ns=578749358500213 uncertainty_ns=1100422
input_armed=true gameplay_armed=true mono_ns=578749358474595
published_frame=1
published_frame=2
editbox_emit sequence=2 bytes=37 elapsed_us=1975 envelope=@J10000000001000000000252069|I421100;
published_frame=3
published_frame=4
editbox_emit sequence=3 bytes=37 elapsed_us=2073 envelope=@J10000000001000000000330835|I421300;
published_frame=5
published_frame=6
editbox_emit sequence=4 bytes=37 elapsed_us=1949 envelope=@J10000000001000000000409601|I421500;
published_frame=7
published_frame=8
editbox_emit sequence=5 bytes=37 elapsed_us=1894 envelope=@J10000000001000000000553888|I421700;
published_frame=9
editbox_receipt monotonic_ns=578749512129027 received=2 consumed=2 revision=6
published_frame=10
editbox_emit sequence=6 bytes=37 elapsed_us=2753 envelope=@J10000000001000000000632654|I421900;
published_frame=11
published_frame=12
editbox_emit sequence=7 bytes=37 elapsed_us=2198 envelope=@J10000000001000000000711420|I421B00;
editbox_receipt monotonic_ns=578749565241876 received=6 consumed=4 revision=7
published_frame=13
published_frame=14
editbox_emit sequence=8 bytes=37 elapsed_us=1928 envelope=@J10000000001000000000855707|I421D00;
editbox_receipt monotonic_ns=578749607527084 received=7 consumed=7 revision=8
published_frame=15
published_frame=16
editbox_emit sequence=9 bytes=37 elapsed_us=2080 envelope=@J10000000001000000000934473|I421F00;
published_frame=17
published_frame=18
editbox_emit sequence=10 bytes=37 elapsed_us=2486 envelope=@J10000000001000000001041745|I421H00;
published_frame=19
editbox_receipt monotonic_ns=578749685033924 received=10 consumed=10 revision=9
published_frame=20
editbox_emit sequence=11 bytes=37 elapsed_us=2007 envelope=@J10000000001000000001120511|I421J00;
published_frame=21
published_frame=22
editbox_emit sequence=12 bytes=37 elapsed_us=2500 envelope=@J10000000001000000001264798|I421L00;
published_frame=23
published_frame=24
editbox_emit sequence=13 bytes=37 elapsed_us=1927 envelope=@J10000000001000000001343564|I421N00;
published_frame=25
editbox_receipt monotonic_ns=578749785125561 received=13 consumed=13 revision=10
published_frame=26
editbox_emit sequence=14 bytes=37 elapsed_us=2693 envelope=@J10000000001000000001422330|I421P00;
published_frame=27
published_frame=28
editbox_emit sequence=15 bytes=37 elapsed_us=2281 envelope=@J10000000001000000001501096|I421R00;
published_frame=29
published_frame=30
editbox_emit sequence=16 bytes=37 elapsed_us=2252 envelope=@J10000000001000000001645383|I421T00;
editbox_receipt monotonic_ns=578749864543755 received=15 consumed=15 revision=11
published_frame=31
published_frame=32
editbox_emit sequence=17 bytes=37 elapsed_us=1938 envelope=@J10000000001000000001724149|I421V00;
published_frame=33
published_frame=34
editbox_emit sequence=18 bytes=38 elapsed_us=2335 envelope=@J10000000001000000001808415|I421X100;
published_frame=35
published_frame=36
editbox_emit sequence=19 bytes=38 elapsed_us=2013 envelope=@J10000000001000000001951403|I421Z100;
editbox_receipt monotonic_ns=578749962390614 received=18 consumed=18 revision=12
published_frame=37
published_frame=38
editbox_emit sequence=20 bytes=38 elapsed_us=2193 envelope=@J10000000001000000002042087|I421b100;
published_frame=39
published_frame=40
editbox_emit sequence=21 bytes=38 elapsed_us=2535 envelope=@J10000000001000000002119554|I421d100;
published_frame=41
published_frame=42
editbox_emit sequence=22 bytes=38 elapsed_us=2029 envelope=@J10000000001000000002262542|I421f100;
editbox_receipt monotonic_ns=578750062233455 received=21 consumed=21 revision=13
published_frame=43
published_frame=44
editbox_emit sequence=23 bytes=38 elapsed_us=2545 envelope=@J10000000001000000002340009|I421h100;
published_frame=45
published_frame=46
editbox_emit sequence=24 bytes=38 elapsed_us=1994 envelope=@J10000000001000000002417476|I421j100;
published_frame=47
published_frame=48
editbox_emit sequence=25 bytes=38 elapsed_us=2547 envelope=@J10000000001000000002560464|I421l100;
editbox_receipt monotonic_ns=578750162774586 received=24 consumed=24 revision=14
published_frame=49
published_frame=50
editbox_emit sequence=26 bytes=38 elapsed_us=2574 envelope=@J10000000001000000002637931|I421n100;
published_frame=51
published_frame=52
editbox_emit sequence=27 bytes=38 elapsed_us=2656 envelope=@J10000000001000000002715398|I421p100;
published_frame=53
published_frame=54
editbox_emit sequence=28 bytes=38 elapsed_us=3062 envelope=@J10000000001000000002858386|I421r100;
editbox_receipt monotonic_ns=578750274323877 received=27 consumed=27 revision=15
published_frame=55
published_frame=56
editbox_emit sequence=29 bytes=38 elapsed_us=1969 envelope=@J10000000001000000002935853|I421t100;
published_frame=57
published_frame=58
editbox_emit sequence=30 bytes=38 elapsed_us=2349 envelope=@J10000000001000000003026537|I421v100;
published_frame=59
published_frame=60
editbox_emit sequence=31 bytes=38 elapsed_us=2219 envelope=@J10000000001000000003104004|I421x100;
published_frame=61
published_frame=62
editbox_emit sequence=32 bytes=38 elapsed_us=3605 envelope=@J10000000001000000003246992|I421z100;
published_frame=63
published_frame=64
editbox_emit sequence=33 bytes=38 elapsed_us=2943 envelope=@J10000000001000000003324459|I421_100;
published_frame=65
published_frame=66
editbox_emit sequence=34 bytes=38 elapsed_us=2611 envelope=@J10000000001000000003459578|I421X200;
published_frame=67
editbox_receipt monotonic_ns=578750475662028 received=33 consumed=30 revision=16
published_frame=68
editbox_emit sequence=35 bytes=38 elapsed_us=3191 envelope=@J10000000001000000003537045|I421Z200;
published_frame=69
published_frame=70
editbox_emit sequence=36 bytes=38 elapsed_us=2119 envelope=@J10000000001000000003614512|I421b200;
published_frame=71
editbox_receipt monotonic_ns=578750549849373 received=33 consumed=33 revision=17
published_frame=72
editbox_emit sequence=37 bytes=38 elapsed_us=2191 envelope=@J10000000001000000003757500|I421d200;
published_frame=73
published_frame=74
editbox_emit sequence=38 bytes=38 elapsed_us=2341 envelope=@J10000000001000000003834967|I421f200;
published_frame=75
editbox_receipt monotonic_ns=578750613066088 received=36 consumed=36 revision=18
published_frame=76
editbox_emit sequence=39 bytes=38 elapsed_us=2672 envelope=@J10000000001000000003912434|I421h200;
published_frame=77
published_frame=78
editbox_emit sequence=40 bytes=38 elapsed_us=3125 envelope=@J10000000001000000004003118|I421j200;
published_frame=79
published_frame=80
editbox_emit sequence=41 bytes=38 elapsed_us=1931 envelope=@J10000000001000000004146106|I421l200;
editbox_receipt monotonic_ns=578750701864961 received=39 consumed=39 revision=19
published_frame=81
published_frame=82
editbox_emit sequence=42 bytes=38 elapsed_us=2475 envelope=@J10000000001000000004223573|I421n200;
published_frame=83
published_frame=84
editbox_emit sequence=43 bytes=38 elapsed_us=1903 envelope=@J10000000001000000004301040|I421p200;
published_frame=85
editbox_receipt monotonic_ns=578750787766311 received=42 consumed=42 revision=20
published_frame=86
editbox_emit sequence=44 bytes=38 elapsed_us=1943 envelope=@J10000000001000000004444028|I421r200;
published_frame=87
published_frame=88
editbox_emit sequence=45 bytes=38 elapsed_us=2046 envelope=@J10000000001000000004521495|I421t200;
published_frame=89
published_frame=90
editbox_emit sequence=46 bytes=38 elapsed_us=2187 envelope=@J10000000001000000004664483|I421v200;
published_frame=91
published_frame=92
editbox_emit sequence=47 bytes=38 elapsed_us=2831 envelope=@J10000000001000000004741950|I421x200;
editbox_receipt monotonic_ns=578750895547908 received=46 consumed=46 revision=21
published_frame=93
published_frame=94
editbox_emit sequence=48 bytes=38 elapsed_us=2065 envelope=@J10000000001000000004819417|I421z200;
published_frame=95
published_frame=96
editbox_emit sequence=49 bytes=38 elapsed_us=2134 envelope=@J10000000001000000004962405|I421_200;
published_frame=97
editbox_receipt monotonic_ns=578750983820194 received=49 consumed=49 revision=22
published_frame=98
editbox_emit sequence=50 bytes=38 elapsed_us=2129 envelope=@J10000000001000000005045220|I421X300;
published_frame=99
published_frame=100
editbox_emit sequence=51 bytes=38 elapsed_us=2032 envelope=@J10000000001000000005122687|I421Z300;
published_frame=101
published_frame=102
editbox_emit sequence=52 bytes=38 elapsed_us=2069 envelope=@J10000000001000000005200154|I421b300;
event mono_ns=578751074182000 frame=104 held=1 pressed=1 released=0
published_frame=103
event mono_ns=578751079554000 frame=104 held=0 pressed=0 released=1
editbox_receipt monotonic_ns=578751081909497 received=51 consumed=51 revision=23
published_frame=104
editbox_emit sequence=53 bytes=49 elapsed_us=2946 envelope=@J10000000001000000005364200|I421d30o0010011H03_;
published_frame=105
published_frame=106
editbox_emit sequence=54 bytes=38 elapsed_us=3136 envelope=@J10000000001000000005420609|I421f300;
published_frame=107
published_frame=108
editbox_emit sequence=55 bytes=38 elapsed_us=2963 envelope=@J10000000001000000005563597|I421h300;
published_frame=109
editbox_receipt monotonic_ns=578751190094169 received=55 consumed=55 revision=24
published_frame=110
editbox_emit sequence=56 bytes=38 elapsed_us=2715 envelope=@J10000000001000000005641064|I421j300;
published_frame=111
published_frame=112
editbox_emit sequence=57 bytes=38 elapsed_us=2300 envelope=@J10000000001000000005718531|I421l300;
published_frame=113
published_frame=114
editbox_emit sequence=58 bytes=38 elapsed_us=2177 envelope=@J10000000001000000005861519|I421n300;
published_frame=115
published_frame=116
editbox_emit sequence=59 bytes=38 elapsed_us=2323 envelope=@J10000000001000000005938986|I421p300;
editbox_receipt monotonic_ns=578751296895668 received=57 consumed=57 revision=25
published_frame=117
published_frame=118
editbox_emit sequence=60 bytes=38 elapsed_us=4393 envelope=@J10000000001000000006029670|I421r300;
published_frame=119
published_frame=120
editbox_emit sequence=61 bytes=38 elapsed_us=2052 envelope=@J10000000001000000006107137|I421t300;
published_frame=121
published_frame=122
editbox_emit sequence=62 bytes=38 elapsed_us=1908 envelope=@J10000000001000000006250125|I421v300;
published_frame=123
published_frame=124
editbox_emit sequence=63 bytes=38 elapsed_us=1983 envelope=@J10000000001000000006327592|I421x300;
published_frame=125
published_frame=126
editbox_emit sequence=64 bytes=38 elapsed_us=2070 envelope=@J10000000001000000006405059|I421z300;
editbox_receipt monotonic_ns=578751472027560 received=63 consumed=61 revision=26
published_frame=127
published_frame=128
editbox_emit sequence=65 bytes=38 elapsed_us=2030 envelope=@J10000000001000000006548047|I421_300;
published_frame=129
published_frame=130
editbox_emit sequence=66 bytes=38 elapsed_us=2285 envelope=@J10000000001000000006617645|I421X400;
published_frame=131
editbox_receipt monotonic_ns=578751548232870 received=63 consumed=63 revision=27
published_frame=132
editbox_emit sequence=67 bytes=38 elapsed_us=2159 envelope=@J10000000001000000006760633|I421Z400;
published_frame=133
published_frame=134
editbox_emit sequence=68 bytes=38 elapsed_us=2076 envelope=@J10000000001000000006838100|I421b400;
editbox_receipt monotonic_ns=578751602982288 received=67 consumed=67 revision=28
published_frame=135
published_frame=136
editbox_emit sequence=69 bytes=38 elapsed_us=2227 envelope=@J10000000001000000006915567|I421d400;
published_frame=137
published_frame=138
editbox_emit sequence=70 bytes=38 elapsed_us=1966 envelope=@J10000000001000000007006251|I421f400;
published_frame=139
editbox_receipt monotonic_ns=578751690182183 received=70 consumed=69 revision=29
published_frame=140
editbox_emit sequence=71 bytes=38 elapsed_us=2135 envelope=@J10000000001000000007149239|I421h400;
published_frame=141
published_frame=142
editbox_emit sequence=72 bytes=38 elapsed_us=1965 envelope=@J10000000001000000007226706|I421j400;
published_frame=143
published_frame=144
editbox_emit sequence=73 bytes=38 elapsed_us=2092 envelope=@J10000000001000000007304173|I421l400;
published_frame=145
editbox_receipt monotonic_ns=578751789331944 received=72 consumed=72 revision=30
published_frame=146
editbox_emit sequence=74 bytes=38 elapsed_us=1891 envelope=@J10000000001000000007447161|I421n400;
published_frame=147
published_frame=148
editbox_emit sequence=75 bytes=38 elapsed_us=2178 envelope=@J10000000001000000007524628|I421p400;
event mono_ns=578751829770000 frame=149 held=2 pressed=2 released=0
event mono_ns=578751834950000 frame=149 held=0 pressed=0 released=2
published_frame=149
published_frame=150
editbox_emit sequence=76 bytes=49 elapsed_us=2550 envelope=@J10000000001000000007612314|I421r4o0020022Y07-0;
published_frame=151
editbox_receipt monotonic_ns=578751886291979 received=76 consumed=76 revision=31
published_frame=152
editbox_emit sequence=77 bytes=38 elapsed_us=2321 envelope=@J10000000001000000007745083|I421t400;
published_frame=153
published_frame=154
editbox_emit sequence=78 bytes=38 elapsed_us=2120 envelope=@J10000000001000000007822550|I421v400;
published_frame=155
published_frame=156
editbox_emit sequence=79 bytes=38 elapsed_us=2120 envelope=@J10000000001000000007900017|I421x400;
published_frame=157
published_frame=158
editbox_emit sequence=80 bytes=38 elapsed_us=3085 envelope=@J10000000001000000008056222|I421z400;
editbox_receipt monotonic_ns=578751997360199 received=78 consumed=78 revision=32
published_frame=159
published_frame=160
editbox_emit sequence=81 bytes=38 elapsed_us=2403 envelope=@J10000000001000000008133689|I421_400;
published_frame=161
published_frame=162
editbox_emit sequence=82 bytes=38 elapsed_us=2536 envelope=@J10000000001000000008203287|I421X500;
published_frame=163
published_frame=164
editbox_emit sequence=83 bytes=38 elapsed_us=2838 envelope=@J10000000001000000008346275|I421Z500;
editbox_receipt monotonic_ns=578752095576710 received=82 consumed=82 revision=33
published_frame=165
published_frame=166
editbox_emit sequence=84 bytes=38 elapsed_us=2193 envelope=@J10000000001000000008423742|I421b500;
published_frame=167
published_frame=168
editbox_emit sequence=85 bytes=38 elapsed_us=2339 envelope=@J10000000001000000008501209|I421d500;
published_frame=169
published_frame=170
editbox_emit sequence=86 bytes=38 elapsed_us=1919 envelope=@J10000000001000000008644197|I421f500;
editbox_receipt monotonic_ns=578752195362313 received=84 consumed=84 revision=34
published_frame=171
published_frame=172
editbox_emit sequence=87 bytes=38 elapsed_us=2334 envelope=@J10000000001000000008721664|I421h500;
published_frame=173
published_frame=174
editbox_emit sequence=88 bytes=38 elapsed_us=2724 envelope=@J10000000001000000008864652|I421j500;
published_frame=175
published_frame=176
editbox_emit sequence=89 bytes=38 elapsed_us=2060 envelope=@J10000000001000000008942119|I421l500;
editbox_receipt monotonic_ns=578752295598933 received=87 consumed=87 revision=35
published_frame=177
published_frame=178
editbox_emit sequence=90 bytes=38 elapsed_us=2283 envelope=@J10000000001000000009032803|I421n500;
published_frame=179
published_frame=180
editbox_emit sequence=91 bytes=38 elapsed_us=2114 envelope=@J10000000001000000009110270|I421p500;
published_frame=181
published_frame=182
editbox_emit sequence=92 bytes=38 elapsed_us=2067 envelope=@J10000000001000000009253258|I421r500;
published_frame=183
published_frame=184
editbox_emit sequence=93 bytes=38 elapsed_us=1897 envelope=@J10000000001000000009330725|I421t500;
published_frame=185
published_frame=186
editbox_emit sequence=94 bytes=38 elapsed_us=2172 envelope=@J10000000001000000009408192|I421v500;
editbox_receipt monotonic_ns=578752461852207 received=90 consumed=90 revision=36
published_frame=187
published_frame=188
editbox_emit sequence=95 bytes=38 elapsed_us=2058 envelope=@J10000000001000000009551180|I421x500;
published_frame=189
published_frame=190
editbox_receipt monotonic_ns=578752525076927 received=93 consumed=93 revision=37
editbox_emit sequence=96 bytes=38 elapsed_us=2045 envelope=@J10000000001000000009628647|I421z500;
published_frame=191
published_frame=192
editbox_emit sequence=97 bytes=38 elapsed_us=2057 envelope=@J10000000001000000009706114|I421_500;
published_frame=193
event mono_ns=578752585319000 frame=194 held=4 pressed=4 released=0
editbox_receipt monotonic_ns=578752588285456 received=96 consumed=96 revision=38
event mono_ns=578752590432000 frame=194 held=0 pressed=0 released=4
published_frame=194
editbox_emit sequence=98 bytes=49 elapsed_us=2611 envelope=@J10000000001000000009802641|I421X60o004004FC001;
published_frame=195
published_frame=196
editbox_emit sequence=99 bytes=38 elapsed_us=2011 envelope=@J10000000001000000009918700|I421Z600;
published_frame=197
published_frame=198
editbox_emit sequence=100 bytes=38 elapsed_us=2169 envelope=@J10000000001000000010050801|I421b600;
published_frame=199
published_frame=200
editbox_emit sequence=101 bytes=38 elapsed_us=1975 envelope=@J10000000001000000010128268|I421d600;
editbox_receipt monotonic_ns=578752700194932 received=99 consumed=99 revision=39
published_frame=201
published_frame=202
editbox_emit sequence=102 bytes=38 elapsed_us=2111 envelope=@J10000000001000000010205735|I421f600;
published_frame=203
published_frame=204
editbox_emit sequence=103 bytes=38 elapsed_us=2286 envelope=@J10000000001000000010348723|I421h600;
published_frame=205
published_frame=206
editbox_emit sequence=104 bytes=38 elapsed_us=1962 envelope=@J10000000001000000010426190|I421j600;
editbox_receipt monotonic_ns=578752795906527 received=102 consumed=102 revision=40
published_frame=207
published_frame=208
editbox_emit sequence=105 bytes=38 elapsed_us=2068 envelope=@J10000000001000000010503657|I421l600;
published_frame=209
published_frame=210
editbox_emit sequence=106 bytes=38 elapsed_us=2056 envelope=@J10000000001000000010646645|I421n600;
published_frame=211
editbox_receipt monotonic_ns=578752882215351 received=105 consumed=105 revision=41
published_frame=212
editbox_emit sequence=107 bytes=38 elapsed_us=2088 envelope=@J10000000001000000010724112|I421p600;
published_frame=213
published_frame=214
editbox_emit sequence=108 bytes=38 elapsed_us=2115 envelope=@J10000000001000000010801579|I421r600;
published_frame=215
published_frame=216
editbox_emit sequence=109 bytes=38 elapsed_us=1910 envelope=@J10000000001000000010944567|I421t600;
published_frame=217
published_frame=218
editbox_receipt monotonic_ns=578752991288048 received=108 consumed=108 revision=42
editbox_emit sequence=110 bytes=38 elapsed_us=2727 envelope=@J10000000001000000011035251|I421v600;
published_frame=219
published_frame=220
editbox_emit sequence=111 bytes=38 elapsed_us=6124 envelope=@J10000000001000000011112718|I421x600;
published_frame=221
published_frame=222
editbox_emit sequence=112 bytes=38 elapsed_us=2618 envelope=@J10000000001000000011255706|I421z600;
published_frame=223
editbox_receipt monotonic_ns=578753087386307 received=111 consumed=111 revision=43
published_frame=224
editbox_emit sequence=113 bytes=38 elapsed_us=2457 envelope=@J10000000001000000011333173|I421_600;
published_frame=225
published_frame=226
editbox_emit sequence=114 bytes=38 elapsed_us=2831 envelope=@J10000000001000000011402771|I421X700;
published_frame=227
published_frame=228
editbox_emit sequence=115 bytes=38 elapsed_us=2435 envelope=@J10000000001000000011545759|I421Z700;
published_frame=229
published_frame=230
editbox_emit sequence=116 bytes=38 elapsed_us=2064 envelope=@J10000000001000000011623226|I421b700;
editbox_receipt monotonic_ns=578753197708718 received=114 consumed=114 revision=44
published_frame=231
published_frame=232
editbox_emit sequence=117 bytes=38 elapsed_us=1921 envelope=@J10000000001000000011700693|I421d700;
published_frame=233
published_frame=234
editbox_emit sequence=118 bytes=38 elapsed_us=1926 envelope=@J10000000001000000011843681|I421f700;
published_frame=235
published_frame=236
editbox_emit sequence=119 bytes=38 elapsed_us=2478 envelope=@J10000000001000000011921148|I421h700;
editbox_receipt monotonic_ns=578753296465101 received=117 consumed=117 revision=45
published_frame=237
published_frame=238
editbox_emit sequence=120 bytes=38 elapsed_us=2069 envelope=@J10000000001000000012011832|I421j700;
event mono_ns=578753340890000 frame=240 held=24 pressed=24 released=0
published_frame=239
event mono_ns=578753346120000 frame=240 held=0 pressed=0 released=24
published_frame=240
editbox_emit sequence=121 bytes=49 elapsed_us=2816 envelope=@J10000000001000000012127458|I421l70o00O00OUO002;
published_frame=241
published_frame=242
editbox_emit sequence=122 bytes=38 elapsed_us=2000 envelope=@J10000000001000000012232287|I421n700;
published_frame=243
published_frame=244
editbox_emit sequence=123 bytes=38 elapsed_us=1967 envelope=@J10000000001000000012309754|I421p700;
published_frame=245
published_frame=246
editbox_emit sequence=124 bytes=38 elapsed_us=2269 envelope=@J10000000001000000012452742|I421r700;
published_frame=247
editbox_receipt monotonic_ns=578753481988127 received=120 consumed=120 revision=46
published_frame=248
editbox_emit sequence=125 bytes=38 elapsed_us=1904 envelope=@J10000000001000000012530209|I421t700;
published_frame=249
editbox_receipt monotonic_ns=578753515076640 received=124 consumed=124 revision=47
published_frame=250
editbox_emit sequence=126 bytes=38 elapsed_us=2440 envelope=@J10000000001000000012607676|I421v700;
published_frame=251
published_frame=252
editbox_emit sequence=127 bytes=38 elapsed_us=2011 envelope=@J10000000001000000012750664|I421x700;
published_frame=253
editbox_receipt monotonic_ns=578753588363506 received=127 consumed=127 revision=48
published_frame=254
editbox_emit sequence=128 bytes=38 elapsed_us=2416 envelope=@J10000000001000000012828131|I421z700;
published_frame=255
published_frame=256
editbox_emit sequence=129 bytes=38 elapsed_us=2071 envelope=@J10000000001000000012905598|I421_700;
published_frame=257
published_frame=258
editbox_emit sequence=130 bytes=38 elapsed_us=2328 envelope=@J10000000001000000013053934|I421X800;
published_frame=259
published_frame=260
editbox_emit sequence=131 bytes=38 elapsed_us=2205 envelope=@J10000000001000000013131401|I421Z800;
editbox_receipt monotonic_ns=578753705100394 received=130 consumed=130 revision=49
published_frame=261
published_frame=262
editbox_emit sequence=132 bytes=38 elapsed_us=2133 envelope=@J10000000001000000013208868|I421b800;
published_frame=263
published_frame=264
editbox_emit sequence=133 bytes=38 elapsed_us=2101 envelope=@J10000000001000000013351856|I421d800;
published_frame=265
editbox_receipt monotonic_ns=578753782055960 received=133 consumed=133 revision=50
published_frame=266
editbox_emit sequence=134 bytes=38 elapsed_us=4106 envelope=@J10000000001000000013429323|I421f800;
published_frame=267
published_frame=268
editbox_emit sequence=135 bytes=38 elapsed_us=2074 envelope=@J10000000001000000013506790|I421h800;
published_frame=269
published_frame=270
editbox_emit sequence=136 bytes=38 elapsed_us=2110 envelope=@J10000000001000000013649778|I421j800;
published_frame=271
editbox_receipt monotonic_ns=578753891025905 received=136 consumed=136 revision=51
published_frame=272
editbox_emit sequence=137 bytes=38 elapsed_us=2047 envelope=@J10000000001000000013727245|I421l800;
published_frame=273
published_frame=274
editbox_emit sequence=138 bytes=38 elapsed_us=2099 envelope=@J10000000001000000013804712|I421n800;
published_frame=275
published_frame=276
editbox_emit sequence=139 bytes=38 elapsed_us=1983 envelope=@J10000000001000000013947700|I421p800;
published_frame=277
editbox_receipt monotonic_ns=578753977577954 received=139 consumed=139 revision=52
published_frame=278
editbox_emit sequence=140 bytes=38 elapsed_us=2307 envelope=@J10000000001000000014038384|I421r800;
published_frame=279
published_frame=280
editbox_emit sequence=141 bytes=38 elapsed_us=1952 envelope=@J10000000001000000014115851|I421t800;
published_frame=281
published_frame=282
editbox_emit sequence=142 bytes=38 elapsed_us=1995 envelope=@J10000000001000000014258839|I421v800;
published_frame=283
editbox_receipt monotonic_ns=578754085924039 received=142 consumed=142 revision=53
published_frame=284
editbox_emit sequence=143 bytes=38 elapsed_us=2732 envelope=@J10000000001000000014336306|I421x800;
event mono_ns=578754096430000 frame=285 held=16 pressed=16 released=0
event mono_ns=578754101575000 frame=285 held=0 pressed=0 released=16
published_frame=285
published_frame=286
editbox_emit sequence=144 bytes=44 elapsed_us=2754 envelope=@J10000000001000000014458456|I421z8200G00G0;
published_frame=287
published_frame=288
editbox_emit sequence=145 bytes=38 elapsed_us=2514 envelope=@J10000000001000000014556761|I421_800;
published_frame=289
editbox_receipt monotonic_ns=578754184154867 received=145 consumed=145 revision=54
published_frame=290
editbox_emit sequence=146 bytes=38 elapsed_us=2237 envelope=@J10000000001000000014626359|I421X900;
published_frame=291
published_frame=292
editbox_emit sequence=147 bytes=38 elapsed_us=2116 envelope=@J10000000001000000014703826|I421Z900;
published_frame=293
published_frame=294
editbox_emit sequence=148 bytes=38 elapsed_us=2554 envelope=@J10000000001000000014846814|I421b900;
published_frame=295
published_frame=296
editbox_emit sequence=149 bytes=38 elapsed_us=2796 envelope=@J10000000001000000014924281|I421d900;
editbox_receipt monotonic_ns=578754296050818 received=148 consumed=148 revision=55
published_frame=297
published_frame=298
editbox_emit sequence=150 bytes=38 elapsed_us=2330 envelope=@J10000000001000000015014965|I421f900;
published_frame=299
published_frame=300
editbox_emit sequence=151 bytes=38 elapsed_us=2023 envelope=@J10000000001000000015157953|I421h900;
published_frame=301
published_frame=302
editbox_emit sequence=152 bytes=38 elapsed_us=1923 envelope=@J10000000001000000015235420|I421j900;
published_frame=303
published_frame=304
editbox_emit sequence=153 bytes=38 elapsed_us=1899 envelope=@J10000000001000000015312887|I421l900;
published_frame=305
published_frame=306
editbox_emit sequence=154 bytes=38 elapsed_us=2001 envelope=@J10000000001000000015455875|I421n900;
editbox_receipt monotonic_ns=578754467907167 received=153 consumed=151 revision=56
published_frame=307
published_frame=308
editbox_emit sequence=155 bytes=38 elapsed_us=1912 envelope=@J10000000001000000015533342|I421p900;
published_frame=309
published_frame=310
editbox_emit sequence=156 bytes=38 elapsed_us=2027 envelope=@J10000000001000000015610809|I421r900;
editbox_receipt monotonic_ns=578754530818008 received=155 consumed=154 revision=57
published_frame=311
published_frame=312
editbox_emit sequence=157 bytes=38 elapsed_us=1926 envelope=@J10000000001000000015753797|I421t900;
published_frame=313
published_frame=314
editbox_emit sequence=158 bytes=38 elapsed_us=1997 envelope=@J10000000001000000015831264|I421v900;
editbox_receipt monotonic_ns=578754595383472 received=157 consumed=157 revision=58
published_frame=315
published_frame=316
editbox_emit sequence=159 bytes=38 elapsed_us=1992 envelope=@J10000000001000000015908731|I421x900;
published_frame=317
published_frame=318
editbox_emit sequence=160 bytes=38 elapsed_us=2120 envelope=@J10000000001000000016064936|I421z900;
published_frame=319
published_frame=320
editbox_emit sequence=161 bytes=38 elapsed_us=2071 envelope=@J10000000001000000016142403|I421_900;
editbox_receipt monotonic_ns=578754695218397 received=160 consumed=160 revision=59
published_frame=321
published_frame=322
editbox_emit sequence=162 bytes=38 elapsed_us=2233 envelope=@J10000000001000000016212001|I421XA00;
published_frame=323
published_frame=324
editbox_emit sequence=163 bytes=38 elapsed_us=2166 envelope=@J10000000001000000016354989|I421ZA00;
published_frame=325
published_frame=326
editbox_receipt monotonic_ns=578754791737596 received=163 consumed=163 revision=60
editbox_emit sequence=164 bytes=38 elapsed_us=2192 envelope=@J10000000001000000016432456|I421bA00;
published_frame=327
published_frame=328
editbox_emit sequence=165 bytes=38 elapsed_us=2413 envelope=@J10000000001000000016509923|I421dA00;
published_frame=329
event mono_ns=578754851803000 frame=330 held=16 pressed=16 released=0
event mono_ns=578754857042000 frame=330 held=0 pressed=0 released=16
published_frame=330
editbox_emit sequence=166 bytes=44 elapsed_us=2850 envelope=@J10000000001000000016617580|I421fA0200G00G;
published_frame=331
published_frame=332
editbox_emit sequence=167 bytes=38 elapsed_us=2073 envelope=@J10000000001000000016730378|I421hA00;
editbox_receipt monotonic_ns=578754898059715 received=166 consumed=166 revision=61
published_frame=333
published_frame=334
editbox_emit sequence=168 bytes=38 elapsed_us=2091 envelope=@J10000000001000000016807845|I421jA00;
published_frame=335
published_frame=336
editbox_emit sequence=169 bytes=38 elapsed_us=2158 envelope=@J10000000001000000016950833|I421lA00;
published_frame=337
published_frame=338
editbox_emit sequence=170 bytes=38 elapsed_us=3074 envelope=@J10000000001000000017041517|I421nA00;
editbox_receipt monotonic_ns=578754998594603 received=169 consumed=169 revision=62
published_frame=339
published_frame=340
editbox_emit sequence=171 bytes=38 elapsed_us=2225 envelope=@J10000000001000000017118984|I421pA00;
published_frame=341
published_frame=342
editbox_emit sequence=172 bytes=38 elapsed_us=2272 envelope=@J10000000001000000017261972|I421rA00;
published_frame=343
published_frame=344
editbox_emit sequence=173 bytes=38 elapsed_us=2124 envelope=@J10000000001000000017339439|I421tA00;
editbox_receipt monotonic_ns=578755094808139 received=172 consumed=172 revision=63
published_frame=345
published_frame=346
editbox_emit sequence=174 bytes=38 elapsed_us=2212 envelope=@J10000000001000000017416906|I421vA00;
published_frame=347
published_frame=348
editbox_emit sequence=175 bytes=38 elapsed_us=2101 envelope=@J10000000001000000017559894|I421xA00;
published_frame=349
editbox_receipt monotonic_ns=578755182655206 received=175 consumed=175 revision=64
published_frame=350
editbox_emit sequence=176 bytes=38 elapsed_us=2035 envelope=@J10000000001000000017637361|I421zA00;
published_frame=351
published_frame=352
editbox_emit sequence=177 bytes=38 elapsed_us=2264 envelope=@J10000000001000000017714828|I421_A00;
published_frame=353
published_frame=354
editbox_emit sequence=178 bytes=38 elapsed_us=2218 envelope=@J10000000001000000017849947|I421XB00;
published_frame=355
published_frame=356
editbox_emit sequence=179 bytes=38 elapsed_us=2059 envelope=@J10000000001000000017927414|I421ZB00;
editbox_receipt monotonic_ns=578755295202759 received=178 consumed=178 revision=65
published_frame=357
published_frame=358
editbox_emit sequence=180 bytes=38 elapsed_us=2126 envelope=@J10000000001000000018018098|I421bB00;
published_frame=359
published_frame=360
editbox_emit sequence=181 bytes=38 elapsed_us=2218 envelope=@J10000000001000000018161086|I421dB00;
published_frame=361
published_frame=362
editbox_emit sequence=182 bytes=38 elapsed_us=2193 envelope=@J10000000001000000018238553|I421fB00;
published_frame=363
published_frame=364
editbox_emit sequence=183 bytes=38 elapsed_us=2220 envelope=@J10000000001000000018316020|I421hB00;
published_frame=365
published_frame=366
editbox_emit sequence=184 bytes=38 elapsed_us=2431 envelope=@J10000000001000000018459008|I421jB00;
published_frame=367
editbox_receipt monotonic_ns=578755474454495 received=183 consumed=181 revision=66
published_frame=368
editbox_emit sequence=185 bytes=38 elapsed_us=2077 envelope=@J10000000001000000018536475|I421lB00;
published_frame=369
published_frame=370
editbox_emit sequence=186 bytes=38 elapsed_us=2038 envelope=@J10000000001000000018613942|I421nB00;
editbox_receipt monotonic_ns=578755528511354 received=185 consumed=184 revision=67
published_frame=371
published_frame=372
editbox_emit sequence=187 bytes=38 elapsed_us=2105 envelope=@J10000000001000000018756930|I421pB00;
published_frame=373
published_frame=374
editbox_emit sequence=188 bytes=38 elapsed_us=2130 envelope=@J10000000001000000018834397|I421rB00;
event mono_ns=578755607509000 frame=376 held=32 pressed=32 released=0
published_frame=375
event mono_ns=578755612845000 frame=376 held=0 pressed=0 released=32
editbox_receipt monotonic_ns=578755618989746 received=187 consumed=187 revision=68
published_frame=376
editbox_emit sequence=189 bytes=44 elapsed_us=2491 envelope=@J10000000001000000018940887|I421tB0200W00W;
published_frame=377
published_frame=378
editbox_emit sequence=190 bytes=38 elapsed_us=1973 envelope=@J10000000001000000019002548|I421vB00;
published_frame=379
published_frame=380
editbox_emit sequence=191 bytes=38 elapsed_us=2368 envelope=@J10000000001000000019145536|I421xB00;
published_frame=381
editbox_receipt monotonic_ns=578755711018715 received=190 consumed=190 revision=69
published_frame=382
editbox_emit sequence=192 bytes=38 elapsed_us=2795 envelope=@J10000000001000000019223003|I421zB00;
published_frame=383
published_frame=384
editbox_emit sequence=193 bytes=38 elapsed_us=2134 envelope=@J10000000001000000019300470|I421_B00;
published_frame=385
published_frame=386
editbox_emit sequence=194 bytes=38 elapsed_us=2507 envelope=@J10000000001000000019435589|I421XC00;
published_frame=387
editbox_receipt monotonic_ns=578755808323676 received=193 consumed=193 revision=70
published_frame=388
editbox_emit sequence=195 bytes=38 elapsed_us=2249 envelope=@J10000000001000000019513056|I421ZC00;
published_frame=389
published_frame=390
editbox_emit sequence=196 bytes=38 elapsed_us=2139 envelope=@J10000000001000000019656044|I421bC00;
published_frame=391
published_frame=392
editbox_emit sequence=197 bytes=38 elapsed_us=2634 envelope=@J10000000001000000019733511|I421dC00;
editbox_receipt monotonic_ns=578755897582251 received=196 consumed=196 revision=71
published_frame=393
published_frame=394
editbox_emit sequence=198 bytes=38 elapsed_us=2135 envelope=@J10000000001000000019810978|I421fC00;
published_frame=395
published_frame=396
editbox_emit sequence=199 bytes=38 elapsed_us=2051 envelope=@J10000000001000000019953966|I421hC00;
published_frame=397
published_frame=398
editbox_emit sequence=200 bytes=38 elapsed_us=2089 envelope=@J10000000001000000020020546|I421jC00;
editbox_receipt monotonic_ns=578756006541605 received=199 consumed=199 revision=72
published_frame=399
published_frame=400
editbox_emit sequence=201 bytes=38 elapsed_us=2146 envelope=@J10000000001000000020163534|I421lC00;
published_frame=401
published_frame=402
editbox_emit sequence=202 bytes=38 elapsed_us=2017 envelope=@J10000000001000000020241001|I421nC00;
published_frame=403
published_frame=404
editbox_emit sequence=203 bytes=38 elapsed_us=2789 envelope=@J10000000001000000020318468|I421pC00;
editbox_receipt monotonic_ns=578756095955510 received=202 consumed=202 revision=73
published_frame=405
published_frame=406
editbox_emit sequence=204 bytes=38 elapsed_us=2160 envelope=@J10000000001000000020461456|I421rC00;
published_frame=407
published_frame=408
editbox_emit sequence=205 bytes=38 elapsed_us=1997 envelope=@J10000000001000000020538923|I421tC00;
published_frame=409
published_frame=410
editbox_emit sequence=206 bytes=38 elapsed_us=2120 envelope=@J10000000001000000020616390|I421vC00;
editbox_receipt monotonic_ns=578756206115746 received=205 consumed=205 revision=74
published_frame=411
published_frame=412
editbox_emit sequence=207 bytes=38 elapsed_us=2668 envelope=@J10000000001000000020759378|I421xC00;
published_frame=413
published_frame=414
editbox_emit sequence=208 bytes=38 elapsed_us=2777 envelope=@J10000000001000000020836845|I421zC00;
published_frame=415
published_frame=416
editbox_emit sequence=209 bytes=38 elapsed_us=2824 envelope=@J10000000001000000020914312|I421_C00;
editbox_receipt monotonic_ns=578756297642784 received=208 consumed=208 revision=75
published_frame=417
published_frame=418
editbox_emit sequence=210 bytes=38 elapsed_us=2749 envelope=@J10000000001000000021062648|I421XD00;
published_frame=419
published_frame=420
editbox_emit sequence=211 bytes=38 elapsed_us=2638 envelope=@J10000000001000000021140115|I421ZD00;
event mono_ns=578756363143000 frame=421 held=64 pressed=64 released=0
event mono_ns=578756368298000 frame=421 held=0 pressed=0 released=64
published_frame=421
published_frame=422
editbox_emit sequence=212 bytes=44 elapsed_us=2469 envelope=@J10000000001000000021225024|I421bD20100100;
published_frame=423
published_frame=424
editbox_emit sequence=213 bytes=38 elapsed_us=2111 envelope=@J10000000001000000021360570|I421dD00;
published_frame=425
published_frame=426
editbox_emit sequence=214 bytes=38 elapsed_us=2160 envelope=@J10000000001000000021438037|I421fD00;
published_frame=427
editbox_receipt monotonic_ns=578756483385881 received=213 consumed=211 revision=76
published_frame=428
editbox_emit sequence=215 bytes=38 elapsed_us=2143 envelope=@J10000000001000000021515504|I421hD00;
published_frame=429
published_frame=430
editbox_emit sequence=216 bytes=38 elapsed_us=2021 envelope=@J10000000001000000021658492|I421jD00;
editbox_receipt monotonic_ns=578756538594610 received=215 consumed=214 revision=77
published_frame=431
published_frame=432
editbox_emit sequence=217 bytes=38 elapsed_us=2684 envelope=@J10000000001000000021735959|I421lD00;
published_frame=433
published_frame=434
editbox_emit sequence=218 bytes=38 elapsed_us=2147 envelope=@J10000000001000000021813426|I421nD00;
published_frame=435
editbox_receipt monotonic_ns=578756616617336 received=217 consumed=217 revision=78
published_frame=436
editbox_emit sequence=219 bytes=38 elapsed_us=2024 envelope=@J10000000001000000021956414|I421pD00;
published_frame=437
published_frame=438
editbox_emit sequence=220 bytes=38 elapsed_us=2499 envelope=@J10000000001000000022047098|I421rD00;
published_frame=439
published_frame=440
editbox_emit sequence=221 bytes=38 elapsed_us=2176 envelope=@J10000000001000000022124565|I421tD00;
published_frame=441
editbox_receipt monotonic_ns=578756722440059 received=220 consumed=220 revision=79
published_frame=442
editbox_emit sequence=222 bytes=38 elapsed_us=2252 envelope=@J10000000001000000022202032|I421vD00;
published_frame=443
published_frame=444
editbox_emit sequence=223 bytes=38 elapsed_us=2316 envelope=@J10000000001000000022345020|I421xD00;
published_frame=445
published_frame=446
editbox_emit sequence=224 bytes=38 elapsed_us=2373 envelope=@J10000000001000000022422487|I421zD00;
published_frame=447
published_frame=448
editbox_emit sequence=225 bytes=38 elapsed_us=2317 envelope=@J10000000001000000022565475|I421_D00;
editbox_receipt monotonic_ns=578756828738344 received=223 consumed=223 revision=80
published_frame=449
published_frame=450
editbox_emit sequence=226 bytes=38 elapsed_us=2452 envelope=@J10000000001000000022635073|I421XE00;
published_frame=451
published_frame=452
editbox_emit sequence=227 bytes=38 elapsed_us=2164 envelope=@J10000000001000000022712540|I421ZE00;
published_frame=453
editbox_receipt monotonic_ns=578756917402574 received=226 consumed=226 revision=81
published_frame=454
editbox_emit sequence=228 bytes=38 elapsed_us=2158 envelope=@J10000000001000000022855528|I421bE00;
published_frame=455
published_frame=456
editbox_emit sequence=229 bytes=38 elapsed_us=2203 envelope=@J10000000001000000022932995|I421dE00;
published_frame=457
published_frame=458
editbox_emit sequence=230 bytes=38 elapsed_us=1921 envelope=@J10000000001000000023023679|I421fE00;
published_frame=459
editbox_receipt monotonic_ns=578757023337116 received=229 consumed=229 revision=82
published_frame=460
editbox_emit sequence=231 bytes=38 elapsed_us=1960 envelope=@J10000000001000000023101146|I421hE00;
published_frame=461
published_frame=462
editbox_emit sequence=232 bytes=38 elapsed_us=1971 envelope=@J10000000001000000023244134|I421jE00;
published_frame=463
published_frame=464
editbox_emit sequence=233 bytes=38 elapsed_us=2008 envelope=@J10000000001000000023321601|I421lE00;
published_frame=465
editbox_receipt monotonic_ns=578757109716812 received=232 consumed=232 revision=83
event mono_ns=578757118556000 frame=466 held=256 pressed=256 released=0
event mono_ns=578757123885000 frame=466 held=0 pressed=0 released=256
published_frame=466
editbox_emit sequence=234 bytes=44 elapsed_us=2317 envelope=@J10000000001000000023434198|I421nE02040040;
published_frame=467
published_frame=468
editbox_emit sequence=235 bytes=38 elapsed_us=3359 envelope=@J10000000001000000023542056|I421pE00;
published_frame=469
published_frame=470
editbox_emit sequence=236 bytes=38 elapsed_us=2155 envelope=@J10000000001000000023619523|I421rE00;
editbox_receipt monotonic_ns=578757207293773 received=235 consumed=235 revision=84
published_frame=471
published_frame=472
editbox_emit sequence=237 bytes=38 elapsed_us=1989 envelope=@J10000000001000000023762511|I421tE00;
published_frame=473
published_frame=474
editbox_emit sequence=238 bytes=38 elapsed_us=2041 envelope=@J10000000001000000023839978|I421vE00;
published_frame=475
published_frame=476
editbox_emit sequence=239 bytes=38 elapsed_us=1992 envelope=@J10000000001000000023917445|I421xE00;
editbox_receipt monotonic_ns=578757306223992 received=238 consumed=238 revision=85
published_frame=477
published_frame=478
editbox_emit sequence=240 bytes=38 elapsed_us=1993 envelope=@J10000000001000000024008129|I421zE00;
published_frame=479
published_frame=480
editbox_emit sequence=241 bytes=38 elapsed_us=2540 envelope=@J10000000001000000024151117|I421_E00;
published_frame=481
published_frame=482
editbox_emit sequence=242 bytes=38 elapsed_us=2326 envelope=@J10000000001000000024220715|I421XF00;
published_frame=483
published_frame=484
editbox_emit sequence=243 bytes=38 elapsed_us=2359 envelope=@J10000000001000000024363703|I421ZF00;
published_frame=485
published_frame=486
editbox_emit sequence=244 bytes=38 elapsed_us=2668 envelope=@J10000000001000000024441170|I421bF00;
published_frame=487
editbox_receipt monotonic_ns=578757486807054 received=241 consumed=241 revision=86
published_frame=488
editbox_emit sequence=245 bytes=38 elapsed_us=1964 envelope=@J10000000001000000024518637|I421dF00;
published_frame=489
published_frame=490
editbox_emit sequence=246 bytes=38 elapsed_us=2168 envelope=@J10000000001000000024661625|I421fF00;
published_frame=491
editbox_receipt monotonic_ns=578757553744064 received=244 consumed=244 revision=87
published_frame=492
editbox_emit sequence=247 bytes=38 elapsed_us=1988 envelope=@J10000000001000000024739092|I421hF00;
published_frame=493
published_frame=494
editbox_emit sequence=248 bytes=38 elapsed_us=2228 envelope=@J10000000001000000024816559|I421jF00;
published_frame=495
editbox_receipt monotonic_ns=578757618467173 received=247 consumed=247 revision=88
published_frame=496
editbox_emit sequence=249 bytes=38 elapsed_us=2584 envelope=@J10000000001000000024959547|I421lF00;
published_frame=497
published_frame=498
editbox_emit sequence=250 bytes=38 elapsed_us=1975 envelope=@J10000000001000000025050231|I421nF00;
published_frame=499
published_frame=500
editbox_emit sequence=251 bytes=38 elapsed_us=2179 envelope=@J10000000001000000025127698|I421pF00;
published_frame=501
editbox_receipt monotonic_ns=578757715505554 received=250 consumed=250 revision=89
published_frame=502
editbox_emit sequence=252 bytes=38 elapsed_us=2055 envelope=@J10000000001000000025205165|I421rF00;
published_frame=503
published_frame=504
editbox_emit sequence=253 bytes=38 elapsed_us=2999 envelope=@J10000000001000000025348153|I421tF00;
published_frame=505
published_frame=506
editbox_emit sequence=254 bytes=38 elapsed_us=2147 envelope=@J10000000001000000025425620|I421vF00;
published_frame=507
editbox_receipt monotonic_ns=578757816122296 received=253 consumed=253 revision=90
published_frame=508
editbox_emit sequence=255 bytes=38 elapsed_us=2343 envelope=@J10000000001000000025503087|I421xF00;
published_frame=509
published_frame=510
editbox_emit sequence=256 bytes=38 elapsed_us=2661 envelope=@J10000000001000000025646075|I421zF00;
event mono_ns=578757874223000 frame=512 held=512 pressed=512 released=0
published_frame=511
event mono_ns=578757879371000 frame=512 held=0 pressed=0 released=512
published_frame=512
editbox_emit sequence=257 bytes=44 elapsed_us=2342 envelope=@J10000000001000000025702510|I421_F02080080;
editbox_receipt monotonic_ns=578757907371302 received=256 consumed=256 revision=91
published_frame=513
published_frame=514
editbox_emit sequence=258 bytes=38 elapsed_us=2234 envelope=@J10000000001000000025858661|I421XG00;
published_frame=515
published_frame=516
editbox_emit sequence=259 bytes=38 elapsed_us=2032 envelope=@J10000000001000000025936128|I421ZG00;
published_frame=517
published_frame=518
editbox_emit sequence=260 bytes=38 elapsed_us=2006 envelope=@J10000000001000000026026812|I421bG00;
published_frame=519
editbox_receipt monotonic_ns=578758015553468 received=259 consumed=259 revision=92
published_frame=520
editbox_emit sequence=261 bytes=38 elapsed_us=2004 envelope=@J10000000001000000026104279|I421dG00;
published_frame=521
published_frame=522
editbox_emit sequence=262 bytes=38 elapsed_us=2019 envelope=@J10000000001000000026247267|I421fG00;
published_frame=523
published_frame=524
editbox_emit sequence=263 bytes=38 elapsed_us=2071 envelope=@J10000000001000000026324734|I421hG00;
published_frame=525
editbox_receipt monotonic_ns=578758115763998 received=262 consumed=262 revision=93
published_frame=526
editbox_emit sequence=264 bytes=38 elapsed_us=2069 envelope=@J10000000001000000026402201|I421jG00;
published_frame=527
published_frame=528
editbox_emit sequence=265 bytes=38 elapsed_us=2079 envelope=@J10000000001000000026545189|I421lG00;
published_frame=529
published_frame=530
editbox_emit sequence=266 bytes=38 elapsed_us=1996 envelope=@J10000000001000000026622656|I421nG00;
published_frame=531
editbox_receipt monotonic_ns=578758216560997 received=265 consumed=265 revision=94
published_frame=532
editbox_emit sequence=267 bytes=38 elapsed_us=2843 envelope=@J10000000001000000026700123|I421pG00;
published_frame=533
published_frame=534
editbox_emit sequence=268 bytes=38 elapsed_us=2242 envelope=@J10000000001000000026843111|I421rG00;
published_frame=535
published_frame=536
editbox_emit sequence=269 bytes=38 elapsed_us=3310 envelope=@J10000000001000000026920578|I421tG00;
published_frame=537
editbox_receipt monotonic_ns=578758308195165 received=268 consumed=268 revision=95
published_frame=538
editbox_emit sequence=270 bytes=38 elapsed_us=2152 envelope=@J10000000001000000027011262|I421vG00;
published_frame=539
published_frame=540
editbox_emit sequence=271 bytes=38 elapsed_us=2235 envelope=@J10000000001000000027154250|I421xG00;
published_frame=541
published_frame=542
editbox_emit sequence=272 bytes=38 elapsed_us=2415 envelope=@J10000000001000000027231717|I421zG00;
published_frame=543
published_frame=544
editbox_emit sequence=273 bytes=38 elapsed_us=2254 envelope=@J10000000001000000027309184|I421_G00;
published_frame=545
published_frame=546
editbox_emit sequence=274 bytes=38 elapsed_us=2198 envelope=@J10000000001000000027444303|I421XH00;
published_frame=547
published_frame=548
editbox_emit sequence=275 bytes=38 elapsed_us=2153 envelope=@J10000000001000000027521770|I421ZH00;
editbox_receipt monotonic_ns=578758495579489 received=271 consumed=271 revision=96
published_frame=549
published_frame=550
editbox_emit sequence=276 bytes=38 elapsed_us=2016 envelope=@J10000000001000000027664758|I421bH00;
published_frame=551
published_frame=552
editbox_emit sequence=277 bytes=38 elapsed_us=1949 envelope=@J10000000001000000027742225|I421dH00;
editbox_receipt monotonic_ns=578758561184251 received=274 consumed=274 revision=97
published_frame=553
published_frame=554
editbox_emit sequence=278 bytes=38 elapsed_us=2155 envelope=@J10000000001000000027819692|I421fH00;
published_frame=555
editbox_receipt monotonic_ns=578758614906042 received=277 consumed=277 revision=98
published_frame=556
editbox_emit sequence=279 bytes=38 elapsed_us=2164 envelope=@J10000000001000000027962680|I421hH00;
event mono_ns=578758629574000 frame=557 held=128 pressed=128 released=0
event mono_ns=578758634825000 frame=557 held=0 pressed=0 released=128
published_frame=557
published_frame=558
editbox_emit sequence=280 bytes=44 elapsed_us=2359 envelope=@J10000000001000000028014827|I421jH20200200;
published_frame=559
published_frame=560
editbox_emit sequence=281 bytes=38 elapsed_us=2192 envelope=@J10000000001000000028130831|I421lH00;
published_frame=561
published_frame=562
editbox_emit sequence=282 bytes=38 elapsed_us=2168 envelope=@J10000000001000000028208298|I421nH00;
editbox_receipt monotonic_ns=578758731943522 received=280 consumed=280 revision=99
published_frame=563
published_frame=564
editbox_emit sequence=283 bytes=38 elapsed_us=2343 envelope=@J10000000001000000028351286|I421pH00;
published_frame=565
published_frame=566
editbox_emit sequence=284 bytes=38 elapsed_us=2071 envelope=@J10000000001000000028428753|I421rH00;
published_frame=567
published_frame=568
editbox_emit sequence=285 bytes=38 elapsed_us=2056 envelope=@J10000000001000000028506220|I421tH00;
editbox_receipt monotonic_ns=578758828777280 received=283 consumed=283 revision=100
published_frame=569
published_frame=570
editbox_emit sequence=286 bytes=38 elapsed_us=2161 envelope=@J10000000001000000028649208|I421vH00;
published_frame=571
published_frame=572
editbox_emit sequence=287 bytes=38 elapsed_us=2070 envelope=@J10000000001000000028726675|I421xH00;
published_frame=573
editbox_receipt monotonic_ns=578758917992472 received=287 consumed=287 revision=101
published_frame=574
editbox_emit sequence=288 bytes=38 elapsed_us=2117 envelope=@J10000000001000000028804142|I421zH00;
published_frame=575
published_frame=576
editbox_emit sequence=289 bytes=38 elapsed_us=2021 envelope=@J10000000001000000028947130|I421_H00;
published_frame=577
published_frame=578
editbox_emit sequence=290 bytes=38 elapsed_us=2229 envelope=@J10000000001000000029029945|I421XI00;
published_frame=579
editbox_receipt monotonic_ns=578759019414914 received=290 consumed=290 revision=102
published_frame=580
editbox_emit sequence=291 bytes=38 elapsed_us=2072 envelope=@J10000000001000000029107412|I421ZI00;
published_frame=581
published_frame=582
editbox_emit sequence=292 bytes=38 elapsed_us=1990 envelope=@J10000000001000000029250400|I421bI00;
published_frame=583
published_frame=584
editbox_emit sequence=293 bytes=38 elapsed_us=2284 envelope=@J10000000001000000029327867|I421dI00;
published_frame=585
editbox_receipt monotonic_ns=578759118856301 received=293 consumed=293 revision=103
published_frame=586
editbox_emit sequence=294 bytes=38 elapsed_us=2531 envelope=@J10000000001000000029405334|I421fI00;
published_frame=587
published_frame=588
editbox_emit sequence=295 bytes=38 elapsed_us=2171 envelope=@J10000000001000000029548322|I421hI00;
published_frame=589
published_frame=590
editbox_emit sequence=296 bytes=38 elapsed_us=2328 envelope=@J10000000001000000029625789|I421jI00;
published_frame=591
published_frame=592
editbox_emit sequence=297 bytes=38 elapsed_us=2640 envelope=@J10000000001000000029703256|I421lI00;
editbox_receipt monotonic_ns=578759229491167 received=296 consumed=296 revision=104
published_frame=593
published_frame=594
editbox_emit sequence=298 bytes=38 elapsed_us=2246 envelope=@J10000000001000000029846244|I421nI00;
published_frame=595
published_frame=596
editbox_emit sequence=299 bytes=38 elapsed_us=2372 envelope=@J10000000001000000029923711|I421pI00;
published_frame=597
published_frame=598
editbox_emit sequence=300 bytes=38 elapsed_us=2333 envelope=@J10000000001000000030055812|I421rI00;
editbox_receipt monotonic_ns=578759329174668 received=299 consumed=299 revision=105
published_frame=599
published_frame=600
editbox_emit sequence=301 bytes=38 elapsed_us=2294 envelope=@J10000000001000000030133279|I421tI00;
published_frame=601
event mono_ns=578759385055000 frame=602 held=16384 pressed=16384 released=0
event mono_ns=578759390314000 frame=602 held=0 pressed=0 released=16384
published_frame=602
editbox_emit sequence=302 bytes=44 elapsed_us=2388 envelope=@J10000000001000000030202844|I421vI02400400;
published_frame=603
published_frame=604
editbox_emit sequence=303 bytes=38 elapsed_us=2263 envelope=@J10000000001000000030353734|I421xI00;
published_frame=605
published_frame=606
editbox_emit sequence=304 bytes=38 elapsed_us=1948 envelope=@J10000000001000000030431201|I421zI00;
published_frame=607
published_frame=608
editbox_emit sequence=305 bytes=38 elapsed_us=2782 envelope=@J10000000001000000030508668|I421_I00;
published_frame=609
editbox_receipt monotonic_ns=578759510808469 received=304 consumed=302 revision=106
published_frame=610
editbox_emit sequence=306 bytes=38 elapsed_us=2435 envelope=@J10000000001000000030643787|I421XJ00;
published_frame=611
published_frame=612
editbox_emit sequence=307 bytes=38 elapsed_us=2346 envelope=@J10000000001000000030721254|I421ZJ00;
published_frame=613
editbox_receipt monotonic_ns=578759575936587 received=306 consumed=305 revision=107
published_frame=614
editbox_emit sequence=308 bytes=38 elapsed_us=2253 envelope=@J10000000001000000030864242|I421bJ00;
published_frame=615
published_frame=616
editbox_emit sequence=309 bytes=38 elapsed_us=2078 envelope=@J10000000001000000030941709|I421dJ00;
editbox_receipt monotonic_ns=578759629471748 received=308 consumed=308 revision=108
published_frame=617
published_frame=618
editbox_emit sequence=310 bytes=38 elapsed_us=2920 envelope=@J10000000001000000031032393|I421fJ00;
published_frame=619
published_frame=620
editbox_emit sequence=311 bytes=38 elapsed_us=2265 envelope=@J10000000001000000031109860|I421hJ00;
published_frame=621
editbox_receipt monotonic_ns=578759715799155 received=310 consumed=310 revision=109
published_frame=622
editbox_emit sequence=312 bytes=38 elapsed_us=2003 envelope=@J10000000001000000031252848|I421jJ00;
published_frame=623
published_frame=624
editbox_emit sequence=313 bytes=38 elapsed_us=2274 envelope=@J10000000001000000031330315|I421lJ00;
published_frame=625
published_frame=626
editbox_emit sequence=314 bytes=38 elapsed_us=2142 envelope=@J10000000001000000031407782|I421nJ00;
editbox_receipt monotonic_ns=578759807546987 received=313 consumed=313 revision=110
published_frame=627
published_frame=628
editbox_emit sequence=315 bytes=38 elapsed_us=2071 envelope=@J10000000001000000031550770|I421pJ00;
published_frame=629
published_frame=630
editbox_emit sequence=316 bytes=38 elapsed_us=1975 envelope=@J10000000001000000031628237|I421rJ00;
published_frame=631
published_frame=632
editbox_emit sequence=317 bytes=38 elapsed_us=1994 envelope=@J10000000001000000031705704|I421tJ00;
published_frame=633
editbox_receipt monotonic_ns=578759915827177 received=317 consumed=317 revision=111
published_frame=634
editbox_emit sequence=318 bytes=38 elapsed_us=2609 envelope=@J10000000001000000031848692|I421vJ00;
published_frame=635
published_frame=636
editbox_emit sequence=319 bytes=38 elapsed_us=2037 envelope=@J10000000001000000031926159|I421xJ00;
published_frame=637
published_frame=638
editbox_emit sequence=320 bytes=38 elapsed_us=2999 envelope=@J10000000001000000032016843|I421zJ00;
published_frame=639
editbox_receipt monotonic_ns=578760017899337 received=320 consumed=320 revision=112
published_frame=640
editbox_emit sequence=321 bytes=38 elapsed_us=2833 envelope=@J10000000001000000032159831|I421_J00;
published_frame=641
published_frame=642
editbox_emit sequence=322 bytes=38 elapsed_us=2636 envelope=@J10000000001000000032229429|I421XK00;
published_frame=643
published_frame=644
editbox_emit sequence=323 bytes=38 elapsed_us=2290 envelope=@J10000000001000000032306896|I421ZK00;
published_frame=645
published_frame=646
editbox_emit sequence=324 bytes=38 elapsed_us=2496 envelope=@J10000000001000000032449884|I421bK00;
editbox_receipt monotonic_ns=578760128674254 received=323 consumed=323 revision=113
event mono_ns=578760140549000 frame=647 held=1 pressed=1 released=0
published_frame=647
event mono_ns=578760145678000 frame=648 held=0 pressed=0 released=1
published_frame=648
editbox_emit sequence=325 bytes=61 elapsed_us=4146 envelope=@J10000000001000000032546194|I421dKt001001000Fm31H03_2000001;
published_frame=649
event mono_ns=578760191142000 frame=651 held=2 pressed=2 released=0
published_frame=650
editbox_emit sequence=326 bytes=38 elapsed_us=2112 envelope=@J10000000001000000032604818|I421fK00;
event mono_ns=578760196364000 frame=651 held=0 pressed=0 released=2
published_frame=651
editbox_receipt monotonic_ns=578760216725474 received=326 consumed=326 revision=114
published_frame=652
editbox_emit sequence=327 bytes=49 elapsed_us=2752 envelope=@J10000000001000000032700246|I421hKo0020022Y07-0;
published_frame=653
event mono_ns=578760241604000 frame=654 held=4 pressed=4 released=0
event mono_ns=578760246905000 frame=654 held=0 pressed=0 released=4
published_frame=654
editbox_emit sequence=328 bytes=49 elapsed_us=3397 envelope=@J10000000001000000032829499|I421jK0o004004FC001;
published_frame=655
published_frame=656
editbox_emit sequence=329 bytes=38 elapsed_us=3063 envelope=@J10000000001000000032902740|I421lK00;
event mono_ns=578760292286000 frame=657 held=24 pressed=24 released=0
event mono_ns=578760297405000 frame=657 held=0 pressed=0 released=24
published_frame=657
published_frame=658
editbox_emit sequence=330 bytes=49 elapsed_us=2653 envelope=@J10000000001000000033065369|I421nKo00O00OUO0020;
editbox_receipt monotonic_ns=578760328722634 received=329 consumed=329 revision=115
published_frame=659
event mono_ns=578760342784000 frame=660 held=16 pressed=16 released=0
event mono_ns=578760348012000 frame=660 held=0 pressed=0 released=16
published_frame=660
editbox_emit sequence=331 bytes=44 elapsed_us=2932 envelope=@J10000000001000000033124032|I421pK0200G00G;
published_frame=661
published_frame=662
editbox_emit sequence=332 bytes=38 elapsed_us=2145 envelope=@J10000000001000000033213879|I421rK00;
event mono_ns=578760393204000 frame=663 held=16 pressed=16 released=0
event mono_ns=578760398401000 frame=663 held=0 pressed=0 released=16
published_frame=663
published_frame=664
editbox_emit sequence=333 bytes=44 elapsed_us=2337 envelope=@J10000000001000000033356766|I421tK200G00G0;
published_frame=665
event mono_ns=578760443525000 frame=666 held=32 pressed=32 released=0
event mono_ns=578760448768000 frame=666 held=0 pressed=0 released=32
published_frame=666
editbox_emit sequence=334 bytes=44 elapsed_us=2517 envelope=@J10000000001000000033421481|I421vK0200W00W;
published_frame=667
published_frame=668
editbox_emit sequence=335 bytes=38 elapsed_us=1890 envelope=@J10000000001000000033511801|I421xK00;
event mono_ns=578760493976000 frame=669 held=64 pressed=64 released=0
editbox_receipt monotonic_ns=578760494257598 received=331 consumed=331 revision=116
event mono_ns=578760499097000 frame=669 held=0 pressed=0 released=64
published_frame=669
published_frame=670
editbox_emit sequence=336 bytes=44 elapsed_us=2372 envelope=@J10000000001000000033649932|I421zK20100100;
published_frame=671
event mono_ns=578760544350000 frame=672 held=256 pressed=256 released=0
event mono_ns=578760549623000 frame=672 held=0 pressed=0 released=256
published_frame=672
editbox_emit sequence=337 bytes=44 elapsed_us=2376 envelope=@J10000000001000000033724075|I421_K02040040;
published_frame=673
published_frame=674
editbox_emit sequence=338 bytes=38 elapsed_us=2026 envelope=@J10000000001000000033801854|I421XL00;
editbox_receipt monotonic_ns=578760594730029 received=336 consumed=336 revision=117
event mono_ns=578760594901000 frame=675 held=512 pressed=512 released=0
event mono_ns=578760600141000 frame=675 held=0 pressed=0 released=512
published_frame=675
published_frame=676
editbox_emit sequence=339 bytes=44 elapsed_us=2879 envelope=@J10000000001000000033905308|I421ZL20800800;
published_frame=677
event mono_ns=578760645332000 frame=678 held=128 pressed=128 released=0
editbox_receipt monotonic_ns=578760649970397 received=338 consumed=338 revision=118
event mono_ns=578760650495000 frame=678 held=0 pressed=0 released=128
published_frame=678
editbox_emit sequence=340 bytes=44 elapsed_us=2389 envelope=@J10000000001000000034012740|I421bL02020020;
published_frame=679
published_frame=680
editbox_emit sequence=341 bytes=38 elapsed_us=2272 envelope=@J10000000001000000034112993|I421dL00;
event mono_ns=578760695726000 frame=681 held=16384 pressed=16384 released=0
event mono_ns=578760700929000 frame=681 held=0 pressed=0 released=16384
published_frame=681
published_frame=682
editbox_emit sequence=342 bytes=44 elapsed_us=2266 envelope=@J10000000001000000034216919|I421fL24004000;
published_frame=683
event mono_ns=578760746209000 frame=684 held=32 pressed=32 released=0
event mono_ns=578760746274000 frame=684 held=96 pressed=64 released=0
event mono_ns=578760751507000 frame=684 held=64 pressed=0 released=32
event mono_ns=578760751521000 frame=684 held=0 pressed=0 released=64
editbox_receipt monotonic_ns=578760751984888 received=341 consumed=341 revision=119
published_frame=684
editbox_emit sequence=343 bytes=44 elapsed_us=3090 envelope=@J10000000001000000034350526|I421hL0201W01W;
published_frame=685
published_frame=686
editbox_emit sequence=344 bytes=38 elapsed_us=2132 envelope=@J10000000001000000034410915|I421jL00;
event mono_ns=578760796706000 frame=687 held=1 pressed=1 released=0
event mono_ns=578760801830000 frame=687 held=0 pressed=0 released=1
published_frame=687
published_frame=688
editbox_emit sequence=345 bytes=49 elapsed_us=2821 envelope=@J10000000001000000034504906|I421lLo0010011H03_0;
published_frame=689
event mono_ns=578760847058000 frame=690 held=2 pressed=2 released=0
event mono_ns=578760852242000 frame=690 held=0 pressed=0 released=2
editbox_receipt monotonic_ns=578760854871124 received=345 consumed=344 revision=120
published_frame=690
editbox_emit sequence=346 bytes=49 elapsed_us=2693 envelope=@J10000000001000000034626676|I421nL0o0020022Y07-;
published_frame=691
published_frame=692
editbox_emit sequence=347 bytes=38 elapsed_us=2336 envelope=@J10000000001000000034708837|I421pL00;
event mono_ns=578760897544000 frame=693 held=4 pressed=4 released=0
event mono_ns=578760902774000 frame=693 held=0 pressed=0 released=4
published_frame=693
published_frame=694
editbox_emit sequence=348 bytes=49 elapsed_us=3073 envelope=@J10000000001000000034824171|I421rLo004004FC0010;
published_frame=695
event mono_ns=578760947947000 frame=696 held=24 pressed=24 released=0
event mono_ns=578760953187000 frame=696 held=0 pressed=0 released=24
editbox_receipt monotonic_ns=578760953982052 received=346 consumed=346 revision=121
published_frame=696
editbox_emit sequence=349 bytes=49 elapsed_us=3158 envelope=@J10000000001000000034917278|I421tL0o00O00OUO002;
published_frame=697
published_frame=698
editbox_emit sequence=350 bytes=38 elapsed_us=2342 envelope=@J10000000001000000035019976|I421vL00;
event mono_ns=578760998388000 frame=699 held=16 pressed=16 released=0
event mono_ns=578761003548000 frame=699 held=0 pressed=0 released=16
published_frame=699
published_frame=700
editbox_emit sequence=351 bytes=44 elapsed_us=2520 envelope=@J10000000001000000035164278|I421xL200G00G0;
published_frame=701
event mono_ns=578761048754000 frame=702 held=16 pressed=16 released=0
event mono_ns=578761053897000 frame=702 held=0 pressed=0 released=16
published_frame=702
editbox_emit sequence=352 bytes=44 elapsed_us=2615 envelope=@J10000000001000000035259063|I421zL0200G00G;
published_frame=703
editbox_receipt monotonic_ns=578761081433148 received=350 consumed=350 revision=122
published_frame=704
editbox_emit sequence=353 bytes=38 elapsed_us=2006 envelope=@J10000000001000000035317898|I421_L00;
event mono_ns=578761099105000 frame=705 held=32 pressed=32 released=0
event mono_ns=578761104312000 frame=705 held=0 pressed=0 released=32
published_frame=705
published_frame=706
editbox_emit sequence=354 bytes=44 elapsed_us=2560 envelope=@J10000000001000000035408450|I421XM200W00W0;
published_frame=707
event mono_ns=578761149575000 frame=708 held=64 pressed=64 released=0
event mono_ns=578761154844000 frame=708 held=0 pressed=0 released=64
published_frame=708
editbox_emit sequence=355 bytes=44 elapsed_us=2956 envelope=@J10000000001000000035541074|I421ZM02010010;
editbox_receipt monotonic_ns=578761169130674 received=354 consumed=353 revision=123
published_frame=709
published_frame=710
editbox_emit sequence=356 bytes=38 elapsed_us=2405 envelope=@J10000000001000000035607951|I421bM00;
event mono_ns=578761200161000 frame=711 held=256 pressed=256 released=0
event mono_ns=578761205286000 frame=711 held=0 pressed=0 released=256
published_frame=711
published_frame=712
editbox_emit sequence=357 bytes=44 elapsed_us=2852 envelope=@J10000000001000000035704289|I421dM20400400;
published_frame=713
event mono_ns=578761250502000 frame=714 held=512 pressed=512 released=0
event mono_ns=578761255794000 frame=714 held=0 pressed=0 released=512
published_frame=714
editbox_emit sequence=358 bytes=44 elapsed_us=3299 envelope=@J10000000001000000035834391|I421fM02080080;
editbox_receipt monotonic_ns=578761267703212 received=356 consumed=356 revision=124
published_frame=715
published_frame=716
editbox_emit sequence=359 bytes=38 elapsed_us=2644 envelope=@J10000000001000000035905873|I421hM00;
event mono_ns=578761301080000 frame=717 held=128 pressed=128 released=0
event mono_ns=578761306229000 frame=717 held=0 pressed=0 released=128
published_frame=717
published_frame=718
editbox_emit sequence=360 bytes=44 elapsed_us=3706 envelope=@J10000000001000000036016848|I421jM20200200;
published_frame=719
event mono_ns=578761351467000 frame=720 held=16384 pressed=16384 released=0
editbox_receipt monotonic_ns=578761352916450 received=359 consumed=359 revision=125
event mono_ns=578761356683000 frame=720 held=0 pressed=0 released=16384
published_frame=720
editbox_emit sequence=361 bytes=44 elapsed_us=2810 envelope=@J10000000001000000036100553|I421lM02400400;
published_frame=721
published_frame=722
editbox_emit sequence=362 bytes=38 elapsed_us=2146 envelope=@J10000000001000000036217012|I421nM00;
event mono_ns=578761401855000 frame=723 held=32 pressed=32 released=0
event mono_ns=578761401918000 frame=723 held=96 pressed=64 released=0
event mono_ns=578761407085000 frame=723 held=64 pressed=0 released=32
event mono_ns=578761407143000 frame=723 held=0 pressed=0 released=64
published_frame=723
published_frame=724
editbox_emit sequence=363 bytes=44 elapsed_us=2474 envelope=@J10000000001000000036300544|I421pM201W01W0;
published_frame=725
event mono_ns=578761452315000 frame=726 held=1 pressed=1 released=0
event mono_ns=578761457508000 frame=727 held=0 pressed=0 released=1
published_frame=726
editbox_emit sequence=364 bytes=55 elapsed_us=3368 envelope=@J10000000001000000036410038|I421rM0t001001000Fm31H03_;
published_frame=727
published_frame=728
editbox_emit sequence=365 bytes=44 elapsed_us=2330 envelope=@J10000000001000000036525938|I421tM20000010;
event mono_ns=578761502682000 frame=729 held=2 pressed=2 released=0
published_frame=729
event mono_ns=578761507861000 frame=730 held=0 pressed=0 released=2
published_frame=730
editbox_emit sequence=366 bytes=61 elapsed_us=3162 envelope=@J10000000001000000036601870|I421vMt002002000Fq22Y07-2000002;
published_frame=731
editbox_receipt monotonic_ns=578761549927404 received=365 consumed=362 revision=126
event mono_ns=578761553088000 frame=732 held=4 pressed=4 released=0
published_frame=732
editbox_emit sequence=367 bytes=55 elapsed_us=3127 envelope=@J10000000001000000036707780|I421xM0t00400400003zFC001;
event mono_ns=578761558186000 frame=733 held=0 pressed=0 released=4
published_frame=733
published_frame=734
editbox_emit sequence=368 bytes=44 elapsed_us=2198 envelope=@J10000000001000000036854210|I421zM20000040;
editbox_receipt monotonic_ns=578761595139648 received=365 consumed=365 revision=127
event mono_ns=578761603431000 frame=735 held=24 pressed=24 released=0
published_frame=735
event mono_ns=578761608574000 frame=736 held=0 pressed=0 released=24
published_frame=736
editbox_emit sequence=369 bytes=61 elapsed_us=3662 envelope=@J10000000001000000036902454|I421_Mt00O00O00003-UO002200000O;
published_frame=737
event mono_ns=578761653834000 frame=738 held=16 pressed=16 released=0
published_frame=738
editbox_emit sequence=370 bytes=47 elapsed_us=2664 envelope=@J10000000001000000037013556|I421XN0300G00G000;
event mono_ns=578761659036000 frame=739 held=0 pressed=0 released=16
published_frame=739
published_frame=740
editbox_emit sequence=371 bytes=44 elapsed_us=2791 envelope=@J10000000001000000037136115|I421ZN200000G0;
event mono_ns=578761704249000 frame=741 held=16 pressed=16 released=0
published_frame=741
event mono_ns=578761709425000 frame=742 held=0 pressed=0 released=16
editbox_receipt monotonic_ns=578761716468375 received=369 consumed=369 revision=128
published_frame=742
editbox_emit sequence=372 bytes=53 elapsed_us=2823 envelope=@J10000000001000000037253411|I421bN300G00G000200000G;
published_frame=743
event mono_ns=578761754619000 frame=744 held=32 pressed=32 released=0
published_frame=744
editbox_emit sequence=373 bytes=47 elapsed_us=2995 envelope=@J10000000001000000037351930|I421dN0300W00W000;
event mono_ns=578761759826000 frame=745 held=0 pressed=0 released=32
published_frame=745
published_frame=746
editbox_emit sequence=374 bytes=44 elapsed_us=2919 envelope=@J10000000001000000037402129|I421fN200000W0;
event mono_ns=578761804990000 frame=747 held=64 pressed=64 released=0
published_frame=747
event mono_ns=578761810232000 frame=748 held=0 pressed=0 released=64
editbox_receipt monotonic_ns=578761816688702 received=373 consumed=372 revision=129
published_frame=748
editbox_emit sequence=375 bytes=53 elapsed_us=2672 envelope=@J10000000001000000037520324|I421hN30100100002000010;
published_frame=749
event mono_ns=578761855442000 frame=750 held=256 pressed=256 released=0
event mono_ns=578761860630000 frame=751 held=0 pressed=0 released=256
published_frame=750
editbox_emit sequence=376 bytes=50 elapsed_us=2728 envelope=@J10000000001000000037661310|I421jN0B040040000Fy0;
published_frame=751
published_frame=752
editbox_emit sequence=377 bytes=44 elapsed_us=2225 envelope=@J10000000001000000037711536|I421lN20000400;
event mono_ns=578761905777000 frame=753 held=512 pressed=512 released=0
published_frame=753
event mono_ns=578761910898000 frame=754 held=0 pressed=0 released=512
editbox_receipt monotonic_ns=578761916049698 received=376 consumed=374 revision=130
published_frame=754
editbox_emit sequence=378 bytes=56 elapsed_us=2858 envelope=@J10000000001000000037837344|I421nNB08008000003_2000080;
published_frame=755
event mono_ns=578761956081000 frame=756 held=128 pressed=128 released=0
published_frame=756
editbox_emit sequence=379 bytes=47 elapsed_us=2954 envelope=@J10000000001000000037901007|I421pN03020020000;
event mono_ns=578761961314000 frame=757 held=0 pressed=0 released=128
published_frame=757
published_frame=758
editbox_emit sequence=380 bytes=44 elapsed_us=2516 envelope=@J10000000001000000038000640|I421rN20000200;
event mono_ns=578762006480000 frame=759 held=16384 pressed=16384 released=0
published_frame=759
event mono_ns=578762011751000 frame=760 held=0 pressed=0 released=16384
published_frame=760
editbox_emit sequence=381 bytes=53 elapsed_us=2825 envelope=@J10000000001000000038138721|I421tN34004000002000400;
editbox_receipt monotonic_ns=578762029553622 received=380 consumed=377 revision=131
published_frame=761
event mono_ns=578762057090000 frame=762 held=32 pressed=32 released=0
event mono_ns=578762057172000 frame=762 held=96 pressed=64 released=0
published_frame=762
editbox_emit sequence=382 bytes=47 elapsed_us=2845 envelope=@J10000000001000000038254641|I421vN0301W01W000;
event mono_ns=578762062391000 frame=763 held=64 pressed=0 released=32
event mono_ns=578762062410000 frame=763 held=0 pressed=0 released=64
published_frame=763
published_frame=764
editbox_emit sequence=383 bytes=44 elapsed_us=2307 envelope=@J10000000001000000038338711|I421xN200001W0;
event mono_ns=578762107700000 frame=766 held=1 pressed=1 released=0
published_frame=765
event mono_ns=578762112849000 frame=766 held=0 pressed=0 released=1
published_frame=766
editbox_emit sequence=384 bytes=49 elapsed_us=3068 envelope=@J10000000001000000038443625|I421zN0o0010011H03_;
editbox_receipt monotonic_ns=578762129890147 received=380 consumed=380 revision=132
published_frame=767
event mono_ns=578762158069000 frame=769 held=2 pressed=2 released=0
published_frame=768
editbox_emit sequence=385 bytes=38 elapsed_us=2739 envelope=@J10000000001000000038541486|I421_N00;
event mono_ns=578762163239000 frame=769 held=0 pressed=0 released=2
published_frame=769
published_frame=770
editbox_emit sequence=386 bytes=49 elapsed_us=2822 envelope=@J10000000001000000038637099|I421XOo0020022Y07-0;
editbox_receipt monotonic_ns=578762206678438 received=383 consumed=383 revision=133
published_frame=771
event mono_ns=578762208539000 frame=772 held=4 pressed=4 released=0
event mono_ns=578762213693000 frame=772 held=0 pressed=0 released=4
published_frame=772
editbox_emit sequence=387 bytes=49 elapsed_us=3402 envelope=@J10000000001000000038700831|I421ZO0o004004FC001;
published_frame=773
published_frame=774
editbox_emit sequence=388 bytes=38 elapsed_us=2667 envelope=@J10000000001000000038831539|I421bO00;
event mono_ns=578762258935000 frame=775 held=24 pressed=24 released=0
event mono_ns=578762264127000 frame=775 held=0 pressed=0 released=24
published_frame=775
published_frame=776
editbox_emit sequence=389 bytes=49 elapsed_us=3257 envelope=@J10000000001000000038907766|I421dOo00O00OUO0020;
published_frame=777
event mono_ns=578762309325000 frame=778 held=16 pressed=16 released=0
event mono_ns=578762314491000 frame=778 held=0 pressed=0 released=16
editbox_receipt monotonic_ns=578762318007936 received=387 consumed=387 revision=134
published_frame=778
editbox_emit sequence=390 bytes=44 elapsed_us=2831 envelope=@J10000000001000000039021741|I421fO0200G00G;
published_frame=779
published_frame=780
editbox_emit sequence=391 bytes=38 elapsed_us=2536 envelope=@J10000000001000000039142678|I421hO00;
event mono_ns=578762359771000 frame=781 held=16 pressed=16 released=0
event mono_ns=578762364959000 frame=781 held=0 pressed=0 released=16
published_frame=781
published_frame=782
editbox_emit sequence=392 bytes=44 elapsed_us=2679 envelope=@J10000000001000000039254475|I421jO200G00G0;
editbox_receipt monotonic_ns=578762405990246 received=391 consumed=390 revision=135
published_frame=783
event mono_ns=578762410115000 frame=784 held=32 pressed=32 released=0
event mono_ns=578762415340000 frame=784 held=0 pressed=0 released=32
published_frame=784
editbox_emit sequence=393 bytes=44 elapsed_us=2451 envelope=@J10000000001000000039319190|I421lO0200W00W;
published_frame=785
published_frame=786
editbox_emit sequence=394 bytes=38 elapsed_us=2078 envelope=@J10000000001000000039440600|I421nO00;
event mono_ns=578762460629000 frame=787 held=64 pressed=64 released=0
event mono_ns=578762465743000 frame=787 held=0 pressed=0 released=64
published_frame=787
published_frame=788
editbox_emit sequence=395 bytes=44 elapsed_us=2215 envelope=@J10000000001000000039547641|I421pO20100100;
published_frame=789
event mono_ns=578762511090000 frame=790 held=256 pressed=256 released=0
event mono_ns=578762516286000 frame=790 held=0 pressed=0 released=256
published_frame=790
editbox_emit sequence=396 bytes=44 elapsed_us=2477 envelope=@J10000000001000000039621784|I421rO02040040;
published_frame=791
published_frame=792
editbox_emit sequence=397 bytes=38 elapsed_us=2202 envelope=@J10000000001000000039738522|I421tO00;
event mono_ns=578762561471000 frame=793 held=512 pressed=512 released=0
editbox_receipt monotonic_ns=578762561785187 received=394 consumed=393 revision=136
event mono_ns=578762566611000 frame=793 held=0 pressed=0 released=512
published_frame=793
published_frame=794
editbox_emit sequence=398 bytes=44 elapsed_us=2184 envelope=@J10000000001000000039808188|I421vO20800800;
event mono_ns=578762611827000 frame=796 held=128 pressed=128 released=0
published_frame=795
event mono_ns=578762617101000 frame=796 held=0 pressed=0 released=128
published_frame=796
editbox_emit sequence=399 bytes=44 elapsed_us=2485 envelope=@J10000000001000000039959075|I421xO02020020;
published_frame=797
published_frame=798
editbox_emit sequence=400 bytes=38 elapsed_us=2244 envelope=@J10000000001000000040025557|I421zO00;
event mono_ns=578762662274000 frame=799 held=16384 pressed=16384 released=0
event mono_ns=578762667371000 frame=799 held=0 pressed=0 released=16384
editbox_receipt monotonic_ns=578762672652638 received=399 consumed=396 revision=137
published_frame=799
published_frame=800
editbox_emit sequence=401 bytes=44 elapsed_us=2485 envelope=@J10000000001000000040154601|I421_O24004000;
published_frame=801
event mono_ns=578762712775000 frame=802 held=32 pressed=32 released=0
event mono_ns=578762712796000 frame=802 held=96 pressed=64 released=0
editbox_receipt monotonic_ns=578762715929314 received=399 consumed=399 revision=138
event mono_ns=578762717925000 frame=802 held=64 pressed=0 released=32
event mono_ns=578762717956000 frame=802 held=0 pressed=0 released=64
published_frame=802
editbox_emit sequence=402 bytes=44 elapsed_us=2553 envelope=@J10000000001000000040217516|I421XP0201W01W;
published_frame=803
published_frame=804
editbox_emit sequence=403 bytes=38 elapsed_us=2320 envelope=@J10000000001000000040315610|I421ZP00;
event mono_ns=578762763366000 frame=805 held=32 pressed=32 released=0
event mono_ns=578762768562000 frame=805 held=0 pressed=0 released=32
published_frame=805
published_frame=806
editbox_emit sequence=404 bytes=44 elapsed_us=2464 envelope=@J10000000001000000040407030|I421bP200W00W0;
editbox_receipt monotonic_ns=578762806870602 received=403 consumed=402 revision=139
published_frame=807
event mono_ns=578762813761000 frame=808 held=32 pressed=32 released=0
event mono_ns=578762818994000 frame=808 held=0 pressed=0 released=32
published_frame=808
editbox_emit sequence=405 bytes=44 elapsed_us=5490 envelope=@J10000000001000000040549921|I421dP0200W00W;
published_frame=809
published_frame=810
editbox_emit sequence=406 bytes=38 elapsed_us=2600 envelope=@J10000000001000000040613532|I421fP00;
event mono_ns=578762864349000 frame=811 held=32 pressed=32 released=0
event mono_ns=578762869573000 frame=811 held=0 pressed=0 released=32
published_frame=811
published_frame=812
editbox_emit sequence=407 bytes=44 elapsed_us=2739 envelope=@J10000000001000000040734549|I421hP200W00W0;
published_frame=813
event mono_ns=578762914920000 frame=814 held=32 pressed=32 released=0
event mono_ns=578762920056000 frame=814 held=0 pressed=0 released=32
published_frame=814
editbox_emit sequence=408 bytes=44 elapsed_us=4892 envelope=@J10000000001000000040811919|I421jP0200W00W;
published_frame=815
editbox_receipt monotonic_ns=578762943340769 received=407 consumed=405 revision=140
published_frame=816
editbox_emit sequence=409 bytes=38 elapsed_us=2333 envelope=@J10000000001000000040911454|I421lP00;
published_frame=817
published_frame=818
editbox_emit sequence=410 bytes=38 elapsed_us=2192 envelope=@J10000000001000000041002138|I421nP00;
published_frame=819
published_frame=820
editbox_emit sequence=411 bytes=38 elapsed_us=2607 envelope=@J10000000001000000041145126|I421pP00;
published_frame=821
editbox_receipt monotonic_ns=578763044226203 received=407 consumed=407 revision=141
published_frame=822
editbox_emit sequence=412 bytes=38 elapsed_us=2070 envelope=@J10000000001000000041222593|I421rP00;
published_frame=823
published_frame=824
editbox_emit sequence=413 bytes=38 elapsed_us=1959 envelope=@J10000000001000000041300060|I421tP00;
editbox_receipt monotonic_ns=578763098401294 received=411 consumed=411 revision=142
published_frame=825
published_frame=826
editbox_emit sequence=414 bytes=38 elapsed_us=2484 envelope=@J10000000001000000041443048|I421vP00;
published_frame=827
published_frame=828
editbox_emit sequence=415 bytes=38 elapsed_us=2928 envelope=@J10000000001000000041520515|I421xP00;
editbox_receipt monotonic_ns=578763162545827 received=413 consumed=413 revision=143
published_frame=829
published_frame=830
editbox_emit sequence=416 bytes=38 elapsed_us=2141 envelope=@J10000000001000000041663503|I421zP00;
published_frame=831
published_frame=832
editbox_emit sequence=417 bytes=38 elapsed_us=2069 envelope=@J10000000001000000041740970|I421_P00;
published_frame=833
editbox_receipt monotonic_ns=578763241831351 received=416 consumed=416 revision=144
published_frame=834
editbox_emit sequence=418 bytes=38 elapsed_us=2744 envelope=@J10000000001000000041810568|I421XQ00;
published_frame=835
published_frame=836
editbox_emit sequence=419 bytes=38 elapsed_us=2623 envelope=@J10000000001000000041953556|I421ZQ00;
published_frame=837
published_frame=838
editbox_emit sequence=420 bytes=38 elapsed_us=2549 envelope=@J10000000001000000042044240|I421bQ00;
published_frame=839
editbox_receipt monotonic_ns=578763349127695 received=419 consumed=419 revision=145
published_frame=840
editbox_emit sequence=421 bytes=38 elapsed_us=2347 envelope=@J10000000001000000042121707|I421dQ00;
published_frame=841
published_frame=842
editbox_emit sequence=422 bytes=38 elapsed_us=2240 envelope=@J10000000001000000042264695|I421fQ00;
published_frame=843
published_frame=844
editbox_emit sequence=423 bytes=38 elapsed_us=2246 envelope=@J10000000001000000042342162|I421hQ00;
published_frame=845
published_frame=846
editbox_emit sequence=424 bytes=38 elapsed_us=2099 envelope=@J10000000001000000042419629|I421jQ00;
published_frame=847
published_frame=848
editbox_emit sequence=425 bytes=38 elapsed_us=2157 envelope=@J10000000001000000042562617|I421lQ00;
published_frame=849
published_frame=850
editbox_emit sequence=426 bytes=38 elapsed_us=2455 envelope=@J10000000001000000042640084|I421nQ00;
editbox_receipt monotonic_ns=578763539811685 received=423 consumed=423 revision=146
published_frame=851
published_frame=852
editbox_emit sequence=427 bytes=38 elapsed_us=2532 envelope=@J10000000001000000042717551|I421pQ00;
published_frame=853
published_frame=854
editbox_emit sequence=428 bytes=38 elapsed_us=2049 envelope=@J10000000001000000042860539|I421rQ00;
published_frame=855
event mono_ns=578763613666000 frame=856 held=1 pressed=1 released=0
event mono_ns=578763618905000 frame=856 held=0 pressed=0 released=1
published_frame=856
editbox_emit sequence=429 bytes=49 elapsed_us=2610 envelope=@J10000000001000000042912544|I421tQ0o0010011H03_;
editbox_receipt monotonic_ns=578763638821612 received=427 consumed=427 revision=147
published_frame=857
published_frame=858
editbox_emit sequence=430 bytes=38 elapsed_us=2738 envelope=@J10000000001000000043028690|I421vQ00;
event mono_ns=578763664178000 frame=859 held=2 pressed=2 released=0
event mono_ns=578763669301000 frame=859 held=0 pressed=0 released=2
published_frame=859
published_frame=860
editbox_emit sequence=431 bytes=49 elapsed_us=2483 envelope=@J10000000001000000043131736|I421xQo0020022Y07-0;
editbox_receipt monotonic_ns=578763705956994 received=430 consumed=429 revision=148
published_frame=861
event mono_ns=578763714576000 frame=862 held=4 pressed=4 released=0
event mono_ns=578763719899000 frame=862 held=0 pressed=0 released=4
published_frame=862
editbox_emit sequence=432 bytes=49 elapsed_us=3095 envelope=@J10000000001000000043260989|I421zQ0o004004FC001;
published_frame=863
published_frame=864
editbox_emit sequence=433 bytes=38 elapsed_us=2366 envelope=@J10000000001000000043326612|I421_Q00;
event mono_ns=578763765111000 frame=865 held=24 pressed=24 released=0
event mono_ns=578763770325000 frame=865 held=0 pressed=0 released=24
published_frame=865
editbox_receipt monotonic_ns=578763784375822 received=432 consumed=432 revision=149
published_frame=866
editbox_emit sequence=434 bytes=49 elapsed_us=2981 envelope=@J10000000001000000043405620|I421XRo00O00OUO0020;
published_frame=867
event mono_ns=578763815588000 frame=868 held=16 pressed=16 released=0
event mono_ns=578763820888000 frame=868 held=0 pressed=0 released=16
published_frame=868
editbox_emit sequence=435 bytes=44 elapsed_us=2818 envelope=@J10000000001000000043517911|I421ZR0200G00G;
published_frame=869
published_frame=870
editbox_emit sequence=436 bytes=38 elapsed_us=2214 envelope=@J10000000001000000043616665|I421bR00;
editbox_receipt monotonic_ns=578763861731126 received=434 consumed=434 revision=150
event mono_ns=578763866214000 frame=871 held=16 pressed=16 released=0
event mono_ns=578763871396000 frame=871 held=0 pressed=0 released=16
published_frame=871
published_frame=872
editbox_emit sequence=437 bytes=44 elapsed_us=2412 envelope=@J10000000001000000043750645|I421dR200G00G0;
published_frame=873
event mono_ns=578763916593000 frame=874 held=32 pressed=32 released=0
event mono_ns=578763921824000 frame=874 held=0 pressed=0 released=32
published_frame=874
editbox_emit sequence=438 bytes=44 elapsed_us=2486 envelope=@J10000000001000000043815360|I421fR0200W00W;
published_frame=875
published_frame=876
editbox_emit sequence=439 bytes=38 elapsed_us=2170 envelope=@J10000000001000000043914587|I421hR00;
event mono_ns=578763967089000 frame=877 held=64 pressed=64 released=0
event mono_ns=578763972279000 frame=877 held=0 pressed=0 released=64
editbox_receipt monotonic_ns=578763972679699 received=437 consumed=437 revision=151
published_frame=877
published_frame=878
editbox_emit sequence=440 bytes=44 elapsed_us=2263 envelope=@J10000000001000000044000356|I421jR20100100;
published_frame=879
event mono_ns=578764017557000 frame=880 held=256 pressed=256 released=0
event mono_ns=578764022813000 frame=880 held=0 pressed=0 released=256
published_frame=880
editbox_emit sequence=441 bytes=44 elapsed_us=2320 envelope=@J10000000001000000044140020|I421lR02040040;
published_frame=881
published_frame=882
editbox_emit sequence=442 bytes=38 elapsed_us=2088 envelope=@J10000000001000000044225726|I421nR00;
event mono_ns=578764068021000 frame=883 held=512 pressed=512 released=0
event mono_ns=578764073163000 frame=883 held=0 pressed=0 released=512
published_frame=883
published_frame=884
editbox_receipt monotonic_ns=578764091598025 received=442 consumed=440 revision=152
editbox_emit sequence=443 bytes=44 elapsed_us=3003 envelope=@J10000000001000000044326424|I421pR20800800;
published_frame=885
event mono_ns=578764118385000 frame=886 held=128 pressed=128 released=0
event mono_ns=578764123705000 frame=886 held=0 pressed=0 released=128
published_frame=886
editbox_emit sequence=444 bytes=44 elapsed_us=3381 envelope=@J10000000001000000044411790|I421rR02020020;
published_frame=887
published_frame=888
editbox_emit sequence=445 bytes=38 elapsed_us=2221 envelope=@J10000000001000000044523648|I421tR00;
event mono_ns=578764168900000 frame=889 held=16384 pressed=16384 released=0
event mono_ns=578764174085000 frame=890 held=0 pressed=0 released=16384
published_frame=889
editbox_receipt monotonic_ns=578764189167021 received=445 consumed=445 revision=153
published_frame=890
editbox_emit sequence=446 bytes=53 elapsed_us=2842 envelope=@J10000000001000000044626629|I421vR34004000002000400;
published_frame=891
event mono_ns=578764219406000 frame=892 held=32 pressed=32 released=0
event mono_ns=578764219498000 frame=892 held=96 pressed=64 released=0
published_frame=892
editbox_emit sequence=447 bytes=47 elapsed_us=2980 envelope=@J10000000001000000044710252|I421xR0301W01W000;
event mono_ns=578764224661000 frame=893 held=64 pressed=0 released=32
event mono_ns=578764224697000 frame=893 held=0 pressed=0 released=64
published_frame=893
published_frame=894
editbox_emit sequence=448 bytes=44 elapsed_us=3343 envelope=@J10000000001000000044860739|I421zR200001W0;
event mono_ns=578764269876000 frame=895 held=1 pressed=1 released=0
published_frame=895
event mono_ns=578764275096000 frame=896 held=0 pressed=0 released=1
editbox_receipt monotonic_ns=578764275957356 received=447 consumed=447 revision=154
published_frame=896
editbox_emit sequence=449 bytes=61 elapsed_us=4311 envelope=@J10000000001000000044950716|I421_Rt001001000Fm31H03_2000001;
published_frame=897
event mono_ns=578764320293000 frame=898 held=2 pressed=2 released=0
published_frame=898
editbox_emit sequence=450 bytes=55 elapsed_us=3717 envelope=@J10000000001000000045016361|I421XS0t002002000Fq22Y07-;
event mono_ns=578764325510000 frame=899 held=0 pressed=0 released=2
published_frame=899
published_frame=900
editbox_emit sequence=451 bytes=44 elapsed_us=3403 envelope=@J10000000001000000045134622|I421ZS20000020;
event mono_ns=578764370745000 frame=901 held=4 pressed=4 released=0
published_frame=901
event mono_ns=578764375867000 frame=902 held=0 pressed=0 released=4
published_frame=902
editbox_emit sequence=452 bytes=61 elapsed_us=3195 envelope=@J10000000001000000045231743|I421bSt00400400003zFC0012000004;
editbox_receipt monotonic_ns=578764396694282 received=450 consumed=449 revision=155
published_frame=903
event mono_ns=578764421138000 frame=904 held=24 pressed=24 released=0
published_frame=904
editbox_emit sequence=453 bytes=55 elapsed_us=3758 envelope=@J10000000001000000045323329|I421dS0t00O00O00003-UO002;
event mono_ns=578764426236000 frame=905 held=0 pressed=0 released=24
published_frame=905
published_frame=906
editbox_emit sequence=454 bytes=44 elapsed_us=2658 envelope=@J10000000001000000045402142|I421fS200000O0;
event mono_ns=578764471530000 frame=907 held=16 pressed=16 released=0
published_frame=907
event mono_ns=578764476742000 frame=908 held=0 pressed=0 released=16
published_frame=908
editbox_emit sequence=455 bytes=53 elapsed_us=3042 envelope=@J10000000001000000045525369|I421hS300G00G000200000G;
published_frame=909
event mono_ns=578764521987000 frame=910 held=16 pressed=16 released=0
published_frame=910
editbox_emit sequence=456 bytes=47 elapsed_us=2845 envelope=@J10000000001000000045652827|I421jS0300G00G000;
event mono_ns=578764527064000 frame=911 held=0 pressed=0 released=16
published_frame=911
published_frame=912
editbox_emit sequence=457 bytes=44 elapsed_us=2144 envelope=@J10000000001000000045727653|I421lS200000G0;
editbox_receipt monotonic_ns=578764561417454 received=453 consumed=453 revision=156
event mono_ns=578764572303000 frame=913 held=32 pressed=32 released=0
published_frame=913
event mono_ns=578764577538000 frame=914 held=0 pressed=0 released=32
published_frame=914
editbox_emit sequence=458 bytes=53 elapsed_us=2992 envelope=@J10000000001000000045848600|I421nS300W00W000200000W;
published_frame=915
event mono_ns=578764622760000 frame=916 held=64 pressed=64 released=0
published_frame=916
editbox_emit sequence=459 bytes=47 elapsed_us=2420 envelope=@J10000000001000000045960126|I421pS03010010000;
event mono_ns=578764627946000 frame=917 held=0 pressed=0 released=64
published_frame=917
published_frame=918
editbox_emit sequence=460 bytes=44 elapsed_us=2570 envelope=@J10000000001000000046005181|I421rS20000100;
event mono_ns=578764673155000 frame=919 held=256 pressed=256 released=0
published_frame=919
event mono_ns=578764678264000 frame=920 held=0 pressed=0 released=256
published_frame=920
editbox_emit sequence=461 bytes=56 elapsed_us=3441 envelope=@J10000000001000000046133454|I421tSB040040000Fy02000040;
editbox_receipt monotonic_ns=578764696896792 received=458 consumed=458 revision=157
published_frame=921
event mono_ns=578764723574000 frame=922 held=512 pressed=512 released=0
published_frame=922
editbox_emit sequence=462 bytes=50 elapsed_us=2475 envelope=@J10000000001000000046218614|I421vS0B08008000003_;
event mono_ns=578764728715000 frame=923 held=0 pressed=0 released=512
published_frame=923
published_frame=924
editbox_emit sequence=463 bytes=44 elapsed_us=2408 envelope=@J10000000001000000046315060|I421xS20000800;
event mono_ns=578764773942000 frame=925 held=128 pressed=128 released=0
published_frame=925
event mono_ns=578764779168000 frame=926 held=0 pressed=0 released=128
published_frame=926
editbox_emit sequence=464 bytes=53 elapsed_us=2647 envelope=@J10000000001000000046410480|I421zS30200200002000020;
published_frame=927
event mono_ns=578764824326000 frame=929 held=16384 pressed=16384 released=0
published_frame=928
editbox_emit sequence=465 bytes=38 elapsed_us=2158 envelope=@J10000000001000000046550200|I421_S00;
event mono_ns=578764829434000 frame=929 held=0 pressed=0 released=16384
editbox_receipt monotonic_ns=578764839261421 received=464 consumed=459 revision=158
published_frame=929
published_frame=930
editbox_emit sequence=466 bytes=44 elapsed_us=2319 envelope=@J10000000001000000046636656|I421XT24004000;
published_frame=931
event mono_ns=578764874631000 frame=932 held=32 pressed=32 released=0
event mono_ns=578764874665000 frame=932 held=96 pressed=64 released=0
event mono_ns=578764879890000 frame=932 held=64 pressed=0 released=32
event mono_ns=578764879949000 frame=932 held=0 pressed=0 released=64
published_frame=932
editbox_emit sequence=467 bytes=44 elapsed_us=2591 envelope=@J10000000001000000046704742|I421ZT0201W01W;
editbox_receipt monotonic_ns=578764906371024 received=464 consumed=464 revision=159
published_frame=933
published_frame=934
editbox_emit sequence=468 bytes=38 elapsed_us=2164 envelope=@J10000000001000000046840253|I421bT00;
event mono_ns=578764925231000 frame=935 held=1 pressed=1 released=0
event mono_ns=578764930516000 frame=935 held=0 pressed=0 released=1
published_frame=935
published_frame=936
editbox_emit sequence=469 bytes=49 elapsed_us=2616 envelope=@J10000000001000000046957692|I421dTo0010011H03_0;
published_frame=937
event mono_ns=578764975733000 frame=938 held=2 pressed=2 released=0
event mono_ns=578764980962000 frame=938 held=0 pressed=0 released=2
published_frame=938
editbox_emit sequence=470 bytes=49 elapsed_us=2735 envelope=@J10000000001000000047042876|I421fT0o0020022Y07-;
editbox_receipt monotonic_ns=578764996105740 received=469 consumed=465 revision=160
published_frame=939
published_frame=940
editbox_emit sequence=471 bytes=38 elapsed_us=2166 envelope=@J10000000001000000047151392|I421hT00;
event mono_ns=578765026224000 frame=941 held=4 pressed=4 released=0
event mono_ns=578765031370000 frame=941 held=0 pressed=0 released=4
published_frame=941
published_frame=942
editbox_emit sequence=472 bytes=49 elapsed_us=2617 envelope=@J10000000001000000047240371|I421jTo004004FC0010;
editbox_receipt monotonic_ns=578765062602223 received=469 consumed=469 revision=161
published_frame=943
event mono_ns=578765076592000 frame=944 held=24 pressed=24 released=0
event mono_ns=578765081802000 frame=944 held=0 pressed=0 released=24
published_frame=944
editbox_emit sequence=473 bytes=49 elapsed_us=4037 envelope=@J10000000001000000047333478|I421lT0o00O00OUO002;
published_frame=945
published_frame=946
editbox_emit sequence=474 bytes=38 elapsed_us=1972 envelope=@J10000000001000000047449314|I421nT00;
event mono_ns=578765127109000 frame=947 held=16 pressed=16 released=0
event mono_ns=578765132272000 frame=947 held=0 pressed=0 released=16
published_frame=947
published_frame=948
editbox_emit sequence=475 bytes=44 elapsed_us=2450 envelope=@J10000000001000000047518494|I421pT200G00G0;
published_frame=949
event mono_ns=578765177497000 frame=950 held=16 pressed=16 released=0
editbox_receipt monotonic_ns=578765182777416 received=474 consumed=471 revision=162
event mono_ns=578765182734000 frame=950 held=0 pressed=0 released=16
published_frame=950
editbox_emit sequence=476 bytes=44 elapsed_us=2423 envelope=@J10000000001000000047613279|I421rT0200G00G;
published_frame=951
published_frame=952
editbox_emit sequence=477 bytes=38 elapsed_us=2051 envelope=@J10000000001000000047747236|I421tT00;
event mono_ns=578765227906000 frame=953 held=32 pressed=32 released=0
event mono_ns=578765233047000 frame=953 held=0 pressed=0 released=32
editbox_receipt monotonic_ns=578765239435732 received=474 consumed=474 revision=163
published_frame=953
published_frame=954
editbox_emit sequence=478 bytes=44 elapsed_us=3033 envelope=@J10000000001000000047833358|I421vT200W00W0;
published_frame=955
event mono_ns=578765278303000 frame=956 held=64 pressed=64 released=0
event mono_ns=578765283444000 frame=956 held=0 pressed=0 released=64
published_frame=956
editbox_emit sequence=479 bytes=44 elapsed_us=2354 envelope=@J10000000001000000047900461|I421xT02010010;
published_frame=957
published_frame=958
editbox_emit sequence=480 bytes=38 elapsed_us=2322 envelope=@J10000000001000000048058375|I421zT00;
event mono_ns=578765328640000 frame=959 held=256 pressed=256 released=0
event mono_ns=578765333756000 frame=959 held=0 pressed=0 released=256
published_frame=959
editbox_receipt monotonic_ns=578765350299366 received=478 consumed=478 revision=164
published_frame=960
editbox_emit sequence=481 bytes=44 elapsed_us=2462 envelope=@J10000000001000000048151263|I421_T20400400;
published_frame=961
event mono_ns=578765379022000 frame=962 held=512 pressed=512 released=0
event mono_ns=578765384159000 frame=962 held=0 pressed=0 released=512
published_frame=962
editbox_emit sequence=482 bytes=44 elapsed_us=2240 envelope=@J10000000001000000048210673|I421XU02080080;
published_frame=963
published_frame=964
editbox_emit sequence=483 bytes=38 elapsed_us=2409 envelope=@J10000000001000000048348428|I421ZU00;
event mono_ns=578765429349000 frame=965 held=128 pressed=128 released=0
event mono_ns=578765434714000 frame=965 held=0 pressed=0 released=128
published_frame=965
published_frame=966
editbox_emit sequence=484 bytes=44 elapsed_us=2386 envelope=@J10000000001000000048436585|I421bU20200200;
editbox_receipt monotonic_ns=578765462016729 received=483 consumed=480 revision=165
published_frame=967
event mono_ns=578765479872000 frame=968 held=16384 pressed=16384 released=0
event mono_ns=578765485068000 frame=968 held=0 pressed=0 released=16384
published_frame=968
editbox_emit sequence=485 bytes=44 elapsed_us=2789 envelope=@J10000000001000000048520290|I421dU02400400;
published_frame=969
published_frame=970
editbox_emit sequence=486 bytes=38 elapsed_us=2292 envelope=@J10000000001000000048646350|I421fU00;
event mono_ns=578765530335000 frame=971 held=32 pressed=32 released=0
event mono_ns=578765530411000 frame=971 held=96 pressed=64 released=0
event mono_ns=578765535579000 frame=971 held=64 pressed=0 released=32
event mono_ns=578765535592000 frame=971 held=0 pressed=0 released=64
published_frame=971
published_frame=972
editbox_emit sequence=487 bytes=44 elapsed_us=2484 envelope=@J10000000001000000048720281|I421hU201W01W0;
published_frame=973
event mono_ns=578765586421000 frame=974 held=32 pressed=32 released=0
published_frame=974
editbox_emit sequence=488 bytes=47 elapsed_us=2860 envelope=@J10000000001000000048825785|I421jU0300W00W000;
event mono_ns=578765591569000 frame=975 held=0 pressed=0 released=32
published_frame=975
published_frame=976
editbox_emit sequence=489 bytes=44 elapsed_us=2168 envelope=@J10000000001000000048953456|I421lU200000W0;
event mono_ns=578765636783000 frame=977 held=32 pressed=32 released=0
published_frame=977
event mono_ns=578765641969000 frame=978 held=0 pressed=0 released=32
published_frame=978
editbox_emit sequence=490 bytes=53 elapsed_us=3675 envelope=@J10000000001000000049051345|I421nU300W00W000200000W;
published_frame=979
event mono_ns=578765687133000 frame=980 held=32 pressed=32 released=0
published_frame=980
editbox_emit sequence=491 bytes=47 elapsed_us=2839 envelope=@J10000000001000000049148344|I421pU0300W00W000;
event mono_ns=578765692333000 frame=981 held=0 pressed=0 released=32
published_frame=981
editbox_emit sequence=484 bytes=44 elapsed_us=2701 envelope=@J10000000001000000048436585|I421bU20200200;
published_frame=982
event mono_ns=578765737579000 frame=983 held=32 pressed=32 released=0
published_frame=983
event mono_ns=578765742840000 frame=984 held=0 pressed=0 released=32
published_frame=984
published_frame=985
published_frame=986
published_frame=987
published_frame=988
published_frame=989
editbox_receipt monotonic_ns=578765846084450 received=483 consumed=483 revision=166
published_frame=990
published_frame=991
published_frame=992
published_frame=993
published_frame=994
published_frame=995
published_frame=996
editbox_emit sequence=484 bytes=44 elapsed_us=2459 envelope=@J10000000001000000048436585|I421bU20200200;
published_frame=997
published_frame=998
published_frame=999
published_frame=1000
published_frame=1001
published_frame=1002
editbox_receipt monotonic_ns=578766065867561 received=491 consumed=488 revision=167
editbox_emit sequence=492 bytes=44 elapsed_us=2580 envelope=@J10000000001000000049237520|I421rU200000W0;
editbox_emit sequence=493 bytes=53 elapsed_us=2849 envelope=@J10000000001000000049308981|I421tU300W00W000200000W;
editbox_emit sequence=494 bytes=38 elapsed_us=2177 envelope=@J10000000001000000049410345|I421vU00;
published_frame=1003
editbox_emit sequence=495 bytes=38 elapsed_us=2039 envelope=@J10000000001000000049553333|I421xU00;
editbox_emit sequence=496 bytes=38 elapsed_us=2017 envelope=@J10000000001000000049630800|I421zU00;
editbox_emit sequence=497 bytes=38 elapsed_us=1891 envelope=@J10000000001000000049708267|I421_U00;
editbox_emit sequence=498 bytes=38 elapsed_us=1919 envelope=@J10000000001000000049843386|I421XV00;
published_frame=1004
editbox_emit sequence=499 bytes=38 elapsed_us=2732 envelope=@J10000000001000000049920853|I421ZV00;
editbox_emit sequence=500 bytes=38 elapsed_us=2378 envelope=@J10000000001000000050052954|I421bV00;
editbox_receipt monotonic_ns=578766099769328 received=491 consumed=491 revision=168
editbox_emit sequence=501 bytes=38 elapsed_us=2484 envelope=@J10000000001000000050130421|I421dV00;
editbox_emit sequence=502 bytes=38 elapsed_us=2486 envelope=@J10000000001000000050207888|I421fV00;
published_frame=1005
editbox_emit sequence=503 bytes=38 elapsed_us=2885 envelope=@J10000000001000000050350876|I421hV00;
published_frame=1006
editbox_emit sequence=504 bytes=38 elapsed_us=2298 envelope=@J10000000001000000050428343|I421jV00;
published_frame=1007
editbox_receipt monotonic_ns=578766144487977 received=491 consumed=491 revision=169
published_frame=1008
editbox_emit sequence=505 bytes=38 elapsed_us=2815 envelope=@J10000000001000000050505810|I421lV00;
published_frame=1009
editbox_receipt monotonic_ns=578766187239076 received=491 consumed=491 revision=170
published_frame=1010
editbox_emit sequence=506 bytes=38 elapsed_us=2387 envelope=@J10000000001000000050648798|I421nV00;
published_frame=1011
published_frame=1012
editbox_emit sequence=507 bytes=38 elapsed_us=2059 envelope=@J10000000001000000050726265|I421pV00;
editbox_receipt monotonic_ns=578766228886587 received=491 consumed=491 revision=171
published_frame=1013
published_frame=1014
published_frame=1015
published_frame=1016
published_frame=1017
editbox_emit sequence=492 bytes=44 elapsed_us=2943 envelope=@J10000000001000000049237520|I421rU200000W0;
published_frame=1018
published_frame=1019
published_frame=1020
published_frame=1021
published_frame=1022
published_frame=1023
published_frame=1024
event mono_ns=578766437109000 frame=1025 held=1 pressed=1 released=0
published_frame=1025
event mono_ns=578766442267000 frame=1026 held=0 pressed=0 released=1
published_frame=1026
published_frame=1027
event mono_ns=578766487440000 frame=1028 held=2 pressed=2 released=0
published_frame=1028
event mono_ns=578766492608000 frame=1029 held=0 pressed=0 released=2
published_frame=1029
published_frame=1030
event mono_ns=578766537806000 frame=1031 held=4 pressed=4 released=0
editbox_receipt monotonic_ns=578766540732528 received=507 consumed=494 revision=172
editbox_emit sequence=508 bytes=38 elapsed_us=3177 envelope=@J10000000001000000050803732|I421rV00;
event mono_ns=578766542984000 frame=1032 held=0 pressed=0 released=4
published_frame=1031
editbox_emit sequence=509 bytes=38 elapsed_us=2178 envelope=@J10000000001000000050946720|I421tV00;
editbox_emit sequence=510 bytes=38 elapsed_us=2328 envelope=@J10000000001000000051037404|I421vV00;
published_frame=1032
published_frame=1033
event mono_ns=578766588225000 frame=1034 held=24 pressed=24 released=0
published_frame=1034
event mono_ns=578766593390000 frame=1035 held=0 pressed=0 released=24
editbox_receipt monotonic_ns=578766595525186 received=507 consumed=500 revision=173
editbox_emit sequence=511 bytes=38 elapsed_us=2139 envelope=@J10000000001000000051114871|I421xV00;
editbox_emit sequence=512 bytes=38 elapsed_us=2027 envelope=@J10000000001000000051257859|I421zV00;
editbox_emit sequence=513 bytes=38 elapsed_us=1991 envelope=@J10000000001000000051335326|I421_V00;
editbox_emit sequence=514 bytes=62 elapsed_us=2955 envelope=@J10000000001000000051455471|I421XW1t001001000Fm31H03_2000001;
published_frame=1035
editbox_emit sequence=515 bytes=56 elapsed_us=2628 envelope=@J10000000001000000051531422|I421ZW10t002002000Fq22Y07-;
editbox_emit sequence=516 bytes=45 elapsed_us=2221 envelope=@J10000000001000000051629488|I421bW120000020;
editbox_receipt monotonic_ns=578766617977706 received=507 consumed=506 revision=174
editbox_emit sequence=517 bytes=62 elapsed_us=2810 envelope=@J10000000001000000051707986|I421dW1t00400400003zFC0012000004;
editbox_emit sequence=518 bytes=56 elapsed_us=2999 envelope=@J10000000001000000051834250|I421fW10t00O00O00003-UO002;
published_frame=1036
editbox_emit sequence=519 bytes=45 elapsed_us=2478 envelope=@J10000000001000000051962574|I421hW1200000O0;
event mono_ns=578766638586000 frame=1037 held=16 pressed=16 released=0
editbox_receipt monotonic_ns=578766640619660 received=507 consumed=507 revision=175
published_frame=1037
event mono_ns=578766643753000 frame=1038 held=0 pressed=0 released=16
published_frame=1038
editbox_emit sequence=520 bytes=54 elapsed_us=2899 envelope=@J10000000001000000052006278|I421jW1300G00G000200000G;
published_frame=1039
event mono_ns=578766688980000 frame=1040 held=16 pressed=16 released=0
published_frame=1040
editbox_emit sequence=521 bytes=48 elapsed_us=2557 envelope=@J10000000001000000052155197|I421lW10300G00G000;
event mono_ns=578766694078000 frame=1041 held=0 pressed=0 released=16
published_frame=1041
published_frame=1042
editbox_emit sequence=522 bytes=45 elapsed_us=3032 envelope=@J10000000001000000052257411|I421nW1200000G0;
event mono_ns=578766739246000 frame=1043 held=32 pressed=32 released=0
editbox_receipt monotonic_ns=578766740047711 received=507 consumed=507 revision=176
published_frame=1043
event mono_ns=578766744372000 frame=1044 held=0 pressed=0 released=32
published_frame=1044
editbox_emit sequence=523 bytes=54 elapsed_us=3149 envelope=@J10000000001000000052352911|I421pW1300W00W000200000W;
published_frame=1045
event mono_ns=578766789577000 frame=1046 held=64 pressed=64 released=0
published_frame=1046
editbox_emit sequence=508 bytes=38 elapsed_us=2089 envelope=@J10000000001000000050803732|I421rV00;
event mono_ns=578766794755000 frame=1047 held=0 pressed=0 released=64
published_frame=1047
published_frame=1048
event mono_ns=578766839929000 frame=1049 held=256 pressed=256 released=0
published_frame=1049
event mono_ns=578766845197000 frame=1050 held=0 pressed=0 released=256
published_frame=1050
published_frame=1051
event mono_ns=578766890446000 frame=1052 held=512 pressed=512 released=0
published_frame=1052
event mono_ns=578766895653000 frame=1053 held=0 pressed=0 released=512
published_frame=1053
published_frame=1054
event mono_ns=578766940836000 frame=1056 held=128 pressed=128 released=0
published_frame=1055
event mono_ns=578766946056000 frame=1056 held=0 pressed=0 released=128
published_frame=1056
published_frame=1057
event mono_ns=578766991228000 frame=1059 held=16384 pressed=16384 released=0
published_frame=1058
event mono_ns=578766996316000 frame=1059 held=0 pressed=0 released=16384
published_frame=1059
published_frame=1060
event mono_ns=578767041806000 frame=1062 held=32 pressed=32 released=0
published_frame=1061
event mono_ns=578767042210000 frame=1062 held=96 pressed=64 released=0
event mono_ns=578767047462000 frame=1062 held=64 pressed=0 released=32
event mono_ns=578767047602000 frame=1062 held=0 pressed=0 released=64
published_frame=1062
published_frame=1063
published_frame=1064
event mono_ns=578767092831000 frame=1065 held=1 pressed=1 released=0
event mono_ns=578767098158000 frame=1065 held=0 pressed=0 released=1
published_frame=1065
published_frame=1066
editbox_receipt monotonic_ns=578767129346639 received=523 consumed=510 revision=177
editbox_emit sequence=524 bytes=48 elapsed_us=3105 envelope=@J10000000001000000052435210|I421rW103010010000;
editbox_emit sequence=525 bytes=45 elapsed_us=3239 envelope=@J10000000001000000052512918|I421tW120000100;
editbox_emit sequence=526 bytes=57 elapsed_us=3720 envelope=@J10000000001000000052627642|I421vW1B040040000Fy02000040;
event mono_ns=578767143375000 frame=1068 held=2 pressed=2 released=0
published_frame=1067
event mono_ns=578767148660000 frame=1068 held=0 pressed=0 released=2
published_frame=1068
published_frame=1069
published_frame=1070
event mono_ns=578767193917000 frame=1071 held=4 pressed=4 released=0
editbox_receipt monotonic_ns=578767197648668 received=523 consumed=516 revision=178
editbox_emit sequence=527 bytes=51 elapsed_us=3204 envelope=@J10000000001000000052754018|I421xW10B08008000003_;
event mono_ns=578767199279000 frame=1071 held=0 pressed=0 released=4
editbox_emit sequence=528 bytes=45 elapsed_us=3225 envelope=@J10000000001000000052822842|I421zW120000800;
editbox_emit sequence=529 bytes=45 elapsed_us=3192 envelope=@J10000000001000000052945445|I421_W102020020;
published_frame=1071
editbox_emit sequence=530 bytes=39 elapsed_us=2650 envelope=@J10000000001000000053053824|I421XX100;
editbox_emit sequence=531 bytes=45 elapsed_us=2594 envelope=@J10000000001000000053131434|I421ZX124004000;
editbox_emit sequence=532 bytes=45 elapsed_us=2940 envelope=@J10000000001000000053265056|I421bX10201W01W;
published_frame=1072
published_frame=1073
event mono_ns=578767244513000 frame=1074 held=24 pressed=24 released=0
editbox_receipt monotonic_ns=578767247015913 received=523 consumed=522 revision=179
editbox_emit sequence=533 bytes=39 elapsed_us=2586 envelope=@J10000000001000000053356414|I421dX100;
event mono_ns=578767249759000 frame=1074 held=0 pressed=0 released=24
editbox_emit sequence=534 bytes=50 elapsed_us=2941 envelope=@J10000000001000000053400232|I421fX1o0010011H03_0;
editbox_emit sequence=535 bytes=50 elapsed_us=3055 envelope=@J10000000001000000053509892|I421hX10o0020022Y07-;
published_frame=1074
editbox_emit sequence=536 bytes=39 elapsed_us=2494 envelope=@J10000000001000000053659004|I421jX100;
editbox_emit sequence=537 bytes=50 elapsed_us=3082 envelope=@J10000000001000000053748688|I421lX1o004004FC0010;
editbox_emit sequence=538 bytes=50 elapsed_us=3103 envelope=@J10000000001000000053829685|I421nX10o00O00OUO002;
published_frame=1075
editbox_receipt monotonic_ns=578767283443195 received=523 consumed=523 revision=180
published_frame=1076
editbox_emit sequence=539 bytes=39 elapsed_us=2686 envelope=@J10000000001000000053961594|I421pX100;
event mono_ns=578767295138000 frame=1077 held=16 pressed=16 released=0
event mono_ns=578767300435000 frame=1077 held=0 pressed=0 released=16
editbox_receipt monotonic_ns=578767306924113 received=523 consumed=523 revision=181
published_frame=1077
published_frame=1078
editbox_receipt monotonic_ns=578767339191625 received=523 consumed=523 revision=182
published_frame=1079
event mono_ns=578767345794000 frame=1080 held=16 pressed=16 released=0
event mono_ns=578767350957000 frame=1080 held=0 pressed=0 released=16
published_frame=1080
published_frame=1081
editbox_emit sequence=524 bytes=48 elapsed_us=2790 envelope=@J10000000001000000052435210|I421rW103010010000;
published_frame=1082
event mono_ns=578767396383000 frame=1083 held=32 pressed=32 released=0
event mono_ns=578767401633000 frame=1083 held=0 pressed=0 released=32
published_frame=1083
published_frame=1084
published_frame=1085
event mono_ns=578767446990000 frame=1086 held=64 pressed=64 released=0
event mono_ns=578767452240000 frame=1086 held=0 pressed=0 released=64
published_frame=1086
published_frame=1087
published_frame=1088
event mono_ns=578767497613000 frame=1089 held=256 pressed=256 released=0
event mono_ns=578767502860000 frame=1089 held=0 pressed=0 released=256
published_frame=1089
published_frame=1090
published_frame=1091
event mono_ns=578767548221000 frame=1092 held=512 pressed=512 released=0
event mono_ns=578767553399000 frame=1092 held=0 pressed=0 released=512
published_frame=1092
published_frame=1093
published_frame=1094
event mono_ns=578767598620000 frame=1095 held=128 pressed=128 released=0
event mono_ns=578767603907000 frame=1095 held=0 pressed=0 released=128
published_frame=1095
published_frame=1096
published_frame=1097
event mono_ns=578767649132000 frame=1098 held=16384 pressed=16384 released=0
event mono_ns=578767654412000 frame=1098 held=0 pressed=0 released=16384
published_frame=1098
published_frame=1099
published_frame=1100
event mono_ns=578767699673000 frame=1101 held=32 pressed=32 released=0
event mono_ns=578767699704000 frame=1101 held=96 pressed=64 released=0
event mono_ns=578767704983000 frame=1101 held=64 pressed=0 released=32
event mono_ns=578767705095000 frame=1101 held=0 pressed=0 released=64
published_frame=1101
published_frame=1102
published_frame=1103
event mono_ns=578767750431000 frame=1104 held=1 pressed=1 released=0
event mono_ns=578767755678000 frame=1104 held=0 pressed=0 released=1
published_frame=1104
editbox_receipt monotonic_ns=578767759581079 received=539 consumed=523 revision=183
published_frame=1105
published_frame=1106
event mono_ns=578767801049000 frame=1107 held=2 pressed=2 released=0
event mono_ns=578767806210000 frame=1107 held=0 pressed=0 released=2
published_frame=1107
published_frame=1108
editbox_receipt monotonic_ns=578767835053793 received=539 consumed=526 revision=184
editbox_emit sequence=540 bytes=45 elapsed_us=3461 envelope=@J10000000001000000054026143|I421rX1200G00G0;
editbox_emit sequence=541 bytes=45 elapsed_us=2318 envelope=@J10000000001000000054120943|I421tX10200G00G;
published_frame=1109
editbox_emit sequence=542 bytes=39 elapsed_us=2532 envelope=@J10000000001000000054240080|I421vX100;
event mono_ns=578767851470000 frame=1110 held=4 pressed=4 released=0
event mono_ns=578767856692000 frame=1110 held=0 pressed=0 released=4
published_frame=1110
published_frame=1111
editbox_receipt monotonic_ns=578767879315966 received=539 consumed=532 revision=185
editbox_emit sequence=543 bytes=45 elapsed_us=2585 envelope=@J10000000001000000054341052|I421xX1200W00W0;
editbox_emit sequence=544 bytes=45 elapsed_us=2362 envelope=@J10000000001000000054408170|I421zX102010010;
editbox_emit sequence=545 bytes=39 elapsed_us=1944 envelope=@J10000000001000000054542670|I421_X100;
editbox_emit sequence=546 bytes=45 elapsed_us=2421 envelope=@J10000000001000000054649435|I421XY120400400;
published_frame=1112
editbox_emit sequence=547 bytes=45 elapsed_us=2307 envelope=@J10000000001000000054714031|I421ZY102080080;
editbox_emit sequence=548 bytes=39 elapsed_us=2161 envelope=@J10000000001000000054835771|I421bY100;
event mono_ns=578767901892000 frame=1113 held=24 pressed=24 released=0
event mono_ns=578767907226000 frame=1113 held=0 pressed=0 released=24
published_frame=1113
published_frame=1114
published_frame=1115
event mono_ns=578767952526000 frame=1116 held=16 pressed=16 released=0
event mono_ns=578767957646000 frame=1117 held=0 pressed=0 released=16
published_frame=1116
published_frame=1117
editbox_receipt monotonic_ns=578767986737164 received=539 consumed=538 revision=186
editbox_emit sequence=549 bytes=45 elapsed_us=2710 envelope=@J10000000001000000054939973|I421dY120200200;
published_frame=1118
editbox_emit sequence=550 bytes=45 elapsed_us=2302 envelope=@J10000000001000000055058495|I421fY102400400;
editbox_emit sequence=551 bytes=39 elapsed_us=2363 envelope=@J10000000001000000055114257|I421hY100;
editbox_emit sequence=552 bytes=45 elapsed_us=2854 envelope=@J10000000001000000055258516|I421jY1201W01W0;
event mono_ns=578768003039000 frame=1119 held=16 pressed=16 released=0
editbox_emit sequence=553 bytes=50 elapsed_us=2511 envelope=@J10000000001000000055329288|I421lY10o0010011H03_;
editbox_emit sequence=554 bytes=39 elapsed_us=2291 envelope=@J10000000001000000055416847|I421nY100;
event mono_ns=578768008342000 frame=1120 held=0 pressed=0 released=16
published_frame=1119
editbox_receipt monotonic_ns=578768022316426 received=539 consumed=539 revision=187
editbox_emit sequence=555 bytes=50 elapsed_us=2781 envelope=@J10000000001000000055560846|I421pY1o0020022Y07-0;
published_frame=1120
published_frame=1121
editbox_receipt monotonic_ns=578768053325970 received=539 consumed=539 revision=188
event mono_ns=578768053603000 frame=1122 held=32 pressed=32 released=0
published_frame=1122
event mono_ns=578768058734000 frame=1123 held=0 pressed=0 released=32
published_frame=1123
editbox_emit sequence=540 bytes=45 elapsed_us=2649 envelope=@J10000000001000000054026143|I421rX1200G00G0;
published_frame=1124
event mono_ns=578768103985000 frame=1125 held=64 pressed=64 released=0
published_frame=1125
event mono_ns=578768109146000 frame=1126 held=0 pressed=0 released=64
published_frame=1126
published_frame=1127
event mono_ns=578768154346000 frame=1128 held=256 pressed=256 released=0
published_frame=1128
event mono_ns=578768159560000 frame=1129 held=0 pressed=0 released=256
published_frame=1129
published_frame=1130
event mono_ns=578768204797000 frame=1131 held=512 pressed=512 released=0
published_frame=1131
event mono_ns=578768209936000 frame=1132 held=0 pressed=0 released=512
published_frame=1132
published_frame=1133
event mono_ns=578768255151000 frame=1134 held=128 pressed=128 released=0
published_frame=1134
event mono_ns=578768260360000 frame=1135 held=0 pressed=0 released=128
published_frame=1135
published_frame=1136
event mono_ns=578768305562000 frame=1137 held=16384 pressed=16384 released=0
published_frame=1137
event mono_ns=578768310781000 frame=1138 held=0 pressed=0 released=16384
published_frame=1138
published_frame=1139
event mono_ns=578768356036000 frame=1140 held=32 pressed=32 released=0
event mono_ns=578768356305000 frame=1140 held=96 pressed=64 released=0
published_frame=1140
event mono_ns=578768361528000 frame=1141 held=64 pressed=0 released=32
event mono_ns=578768361607000 frame=1141 held=0 pressed=0 released=64
published_frame=1141
published_frame=1142
published_frame=1143
editbox_receipt monotonic_ns=578768413910196 received=555 consumed=539 revision=189
published_frame=1144
published_frame=1145
published_frame=1146
published_frame=1147
editbox_receipt monotonic_ns=578768488768889 received=555 consumed=541 revision=190
editbox_emit sequence=556 bytes=50 elapsed_us=2745 envelope=@J10000000001000000055612468|I421rY10o004004FC001;
published_frame=1148
editbox_emit sequence=557 bytes=39 elapsed_us=3240 envelope=@J10000000001000000055719437|I421tY100;
published_frame=1149
published_frame=1150
published_frame=1151
editbox_receipt monotonic_ns=578768552252863 received=555 consumed=547 revision=191
editbox_emit sequence=558 bytes=50 elapsed_us=3759 envelope=@J10000000001000000055860704|I421vY1o00O00OUO0020;
editbox_emit sequence=559 bytes=48 elapsed_us=3120 envelope=@J10000000001000000055938155|I421xY10300G00G000;
published_frame=1152
editbox_emit sequence=560 bytes=45 elapsed_us=2824 envelope=@J10000000001000000056046593|I421zY1200000G0;
editbox_emit sequence=561 bytes=54 elapsed_us=3442 envelope=@J10000000001000000056148698|I421_Y1300G00G000200000G;
editbox_emit sequence=562 bytes=48 elapsed_us=3183 envelope=@J10000000001000000056209432|I421XZ10300W00W000;
published_frame=1153
editbox_emit sequence=563 bytes=45 elapsed_us=2730 envelope=@J10000000001000000056325151|I421ZZ1200000W0;
editbox_receipt monotonic_ns=578768587677375 received=555 consumed=553 revision=192
editbox_emit sequence=564 bytes=54 elapsed_us=3304 envelope=@J10000000001000000056418981|I421bZ130100100002000010;
published_frame=1154
editbox_emit sequence=565 bytes=51 elapsed_us=3495 envelope=@J10000000001000000056542836|I421dZ10B040040000Fy0;
editbox_emit sequence=566 bytes=45 elapsed_us=4011 envelope=@J10000000001000000056634603|I421fZ120000400;
editbox_emit sequence=567 bytes=57 elapsed_us=3551 envelope=@J10000000001000000056741135|I421hZ1B08008000003_2000080;
published_frame=1155
editbox_emit sequence=568 bytes=48 elapsed_us=3147 envelope=@J10000000001000000056834979|I421jZ103020020000;
editbox_emit sequence=569 bytes=45 elapsed_us=2687 envelope=@J10000000001000000056901686|I421lZ120000200;
published_frame=1156
editbox_receipt monotonic_ns=578768630162105 received=555 consumed=555 revision=193
editbox_emit sequence=570 bytes=54 elapsed_us=3223 envelope=@J10000000001000000057021414|I421nZ134004000002000400;
editbox_emit sequence=571 bytes=48 elapsed_us=3627 envelope=@J10000000001000000057128036|I421pZ10301W01W000;
published_frame=1157
published_frame=1158
editbox_receipt monotonic_ns=578768662082557 received=555 consumed=555 revision=194
published_frame=1159
published_frame=1160
editbox_receipt monotonic_ns=578768694117053 received=555 consumed=555 revision=195
published_frame=1161
published_frame=1162
editbox_emit sequence=556 bytes=50 elapsed_us=3222 envelope=@J10000000001000000055612468|I421rY10o004004FC001;
published_frame=1163
published_frame=1164
published_frame=1165
published_frame=1166
published_frame=1167
published_frame=1168
published_frame=1169
published_frame=1170
published_frame=1171
published_frame=1172
published_frame=1173
published_frame=1174
published_frame=1175
published_frame=1176
published_frame=1177
published_frame=1178
published_frame=1179
published_frame=1180
published_frame=1181
published_frame=1182
published_frame=1183
published_frame=1184
published_frame=1185
published_frame=1186
published_frame=1187
published_frame=1188
published_frame=1189
published_frame=1190
published_frame=1191
published_frame=1192
published_frame=1193
editbox_receipt monotonic_ns=578769251790858 received=571 consumed=555 revision=196
published_frame=1194
published_frame=1195
published_frame=1196
published_frame=1197
published_frame=1198
published_frame=1199
editbox_receipt monotonic_ns=578769346097555 received=571 consumed=559 revision=197
editbox_emit sequence=572 bytes=45 elapsed_us=2369 envelope=@J10000000001000000057209083|I421rZ1200001W0;
editbox_emit sequence=573 bytes=39 elapsed_us=2260 envelope=@J10000000001000000057319234|I421tZ100;
editbox_emit sequence=574 bytes=39 elapsed_us=2006 envelope=@J10000000001000000057463778|I421vZ100;
editbox_emit sequence=575 bytes=39 elapsed_us=2081 envelope=@J10000000001000000057542801|I421xZ100;
published_frame=1200
published_frame=1201
editbox_receipt monotonic_ns=578769377900657 received=571 consumed=565 revision=198
editbox_emit sequence=576 bytes=39 elapsed_us=2157 envelope=@J10000000001000000057621824|I421zZ100;
editbox_emit sequence=577 bytes=39 elapsed_us=2216 envelope=@J10000000001000000057700847|I421_Z100;
editbox_emit sequence=578 bytes=39 elapsed_us=2957 envelope=@J10000000001000000057835902|I421Xa100;
editbox_emit sequence=579 bytes=39 elapsed_us=2236 envelope=@J10000000001000000057914925|I421Za100;
published_frame=1202
editbox_emit sequence=580 bytes=39 elapsed_us=2071 envelope=@J10000000001000000058035365|I421ba100;
editbox_emit sequence=581 bytes=39 elapsed_us=2045 envelope=@J10000000001000000058114388|I421da100;
published_frame=1203
editbox_receipt monotonic_ns=578769421940443 received=571 consumed=571 revision=199
editbox_emit sequence=582 bytes=39 elapsed_us=1802 envelope=@J10000000001000000058258932|I421fa100;
published_frame=1204
editbox_emit sequence=583 bytes=39 elapsed_us=1747 envelope=@J10000000001000000058337955|I421ha100;
editbox_emit sequence=584 bytes=39 elapsed_us=1944 envelope=@J10000000001000000058416978|I421ja100;
editbox_emit sequence=585 bytes=39 elapsed_us=1931 envelope=@J10000000001000000058561522|I421la100;
editbox_emit sequence=586 bytes=39 elapsed_us=2140 envelope=@J10000000001000000058640545|I421na100;
editbox_emit sequence=587 bytes=39 elapsed_us=1813 envelope=@J10000000001000000058719568|I421pa100;
published_frame=1205
editbox_receipt monotonic_ns=578769455808466 received=571 consumed=571 revision=200
published_frame=1206
published_frame=1207
editbox_receipt monotonic_ns=578769486575706 received=571 consumed=571 revision=201
published_frame=1208
published_frame=1209
editbox_receipt monotonic_ns=578769507966725 received=571 consumed=571 revision=202
published_frame=1210
published_frame=1211
published_frame=1212
control sequence=1 state=PREPARE frame=1213 epoch_ns=578769561834418
input_armed=true gameplay_armed=false mono_ns=578769563658218
editbox_emit sequence=572 bytes=45 elapsed_us=3332 envelope=@J10000000001000000057209083|I421rZ1200001W0;
editbox_receipt monotonic_ns=578769892597619 received=587 consumed=571 revision=203
editbox_receipt monotonic_ns=578769957187607 received=587 consumed=572 revision=204
editbox_emit sequence=588 bytes=39 elapsed_us=2908 envelope=@J10000000001000000058864112|I421ra100;
editbox_receipt monotonic_ns=578770020970421 received=587 consumed=578 revision=205
editbox_emit sequence=589 bytes=39 elapsed_us=2250 envelope=@J10000000001000000058943135|I421ta100;
editbox_emit sequence=590 bytes=39 elapsed_us=1976 envelope=@J10000000001000000059063575|I421va100;
editbox_emit sequence=591 bytes=39 elapsed_us=2152 envelope=@J10000000001000000059142598|I421xa100;
editbox_emit sequence=592 bytes=39 elapsed_us=2408 envelope=@J10000000001000000059221621|I421za100;
editbox_emit sequence=593 bytes=39 elapsed_us=2704 envelope=@J10000000001000000059300644|I421_a100;
editbox_emit sequence=594 bytes=39 elapsed_us=2817 envelope=@J10000000001000000059435699|I421Xb100;
editbox_receipt monotonic_ns=578770173071285 received=587 consumed=584 revision=206
editbox_emit sequence=595 bytes=39 elapsed_us=2131 envelope=@J10000000001000000059514722|I421Zb100;
editbox_emit sequence=596 bytes=39 elapsed_us=1909 envelope=@J10000000001000000059659266|I421bb100;
editbox_emit sequence=597 bytes=39 elapsed_us=1906 envelope=@J10000000001000000059738289|I421db100;
editbox_emit sequence=598 bytes=39 elapsed_us=1812 envelope=@J10000000001000000059817312|I421fb100;
editbox_emit sequence=599 bytes=39 elapsed_us=2042 envelope=@J10000000001000000059961856|I421hb100;
editbox_emit sequence=600 bytes=39 elapsed_us=1948 envelope=@J10000000001000000060060124|I421jb100;
editbox_emit sequence=588 bytes=39 elapsed_us=1865 envelope=@J10000000001000000058864112|I421ra100;
editbox_receipt monotonic_ns=578770215182845 received=587 consumed=587 revision=207
editbox_receipt monotonic_ns=578770258076401 received=587 consumed=587 revision=208
editbox_receipt monotonic_ns=578770300415909 received=587 consumed=587 revision=209
editbox_receipt monotonic_ns=578770321624165 received=587 consumed=587 revision=210
editbox_emit sequence=588 bytes=39 elapsed_us=2516 envelope=@J10000000001000000058864112|I421ra100;
editbox_receipt monotonic_ns=578770623980692 received=600 consumed=587 revision=211
editbox_emit sequence=601 bytes=39 elapsed_us=2682 envelope=@J10000000001000000060139147|I421lb100;
editbox_emit sequence=602 bytes=39 elapsed_us=2549 envelope=@J10000000001000000060218170|I421nb100;
editbox_emit sequence=603 bytes=39 elapsed_us=1889 envelope=@J10000000001000000060362714|I421pb100;
editbox_receipt monotonic_ns=578770701713623 received=600 consumed=593 revision=212
editbox_emit sequence=604 bytes=39 elapsed_us=2227 envelope=@J10000000001000000060441737|I421rb100;
editbox_emit sequence=605 bytes=39 elapsed_us=1783 envelope=@J10000000001000000060520760|I421tb100;
editbox_emit sequence=606 bytes=39 elapsed_us=1760 envelope=@J10000000001000000060665304|I421vb100;
editbox_emit sequence=607 bytes=39 elapsed_us=1827 envelope=@J10000000001000000060744327|I421xb100;
editbox_emit sequence=608 bytes=49 elapsed_us=3421 envelope=@J10000000001000000060831267|ACK1|1|PREPARE|1213;
editbox_receipt monotonic_ns=578770733087430 received=600 consumed=599 revision=213
editbox_receipt monotonic_ns=578770775770462 received=600 consumed=600 revision=214
editbox_receipt monotonic_ns=578770808347846 received=600 consumed=600 revision=215
editbox_receipt monotonic_ns=578770829374822 received=600 consumed=600 revision=216
editbox_emit sequence=601 bytes=39 elapsed_us=2183 envelope=@J10000000001000000060139147|I421lb100;
editbox_receipt monotonic_ns=578770968306212 received=608 consumed=601 revision=217
editbox_receipt monotonic_ns=578771033494071 received=608 consumed=604 revision=218
editbox_receipt monotonic_ns=578771086770756 received=608 consumed=608 revision=219
editbox_receipt monotonic_ns=578771118554451 received=608 consumed=608 revision=220
editbox_receipt monotonic_ns=578771162409771 received=608 consumed=608 revision=221
editbox_receipt monotonic_ns=578771227727363 received=608 consumed=608 revision=222
editbox_receipt monotonic_ns=578771280654212 received=608 consumed=608 revision=223
control sequence=2 state=PAUSE_COMMIT target=1213 frontier=1213 epoch_ns=578771359723159
input_armed=true gameplay_armed=true mono_ns=578771359900030
control sequence=2 state=PAUSE frame=1213 epoch_ns=578771359723159
editbox_emit sequence=609 bytes=47 elapsed_us=6040 envelope=@J10000000001000000060934921|ACK1|2|PAUSE|1213;
input_armed=true gameplay_armed=false mono_ns=578771367817466
editbox_receipt monotonic_ns=578771389759157 received=608 consumed=608 revision=224
editbox_receipt monotonic_ns=578771421965966 received=609 consumed=609 revision=225
editbox_receipt monotonic_ns=578771498419307 received=609 consumed=609 revision=226
editbox_receipt monotonic_ns=578771584437504 received=609 consumed=609 revision=227
editbox_receipt monotonic_ns=578771689202481 received=609 consumed=609 revision=228
editbox_receipt monotonic_ns=578771788420317 received=609 consumed=609 revision=229
editbox_receipt monotonic_ns=578771885942493 received=609 consumed=609 revision=230
editbox_receipt monotonic_ns=578771983467045 received=609 consumed=609 revision=231
editbox_receipt monotonic_ns=578772080161309 received=609 consumed=609 revision=232
editbox_receipt monotonic_ns=578772177053734 received=609 consumed=609 revision=233
editbox_receipt monotonic_ns=578772275454188 received=609 consumed=609 revision=234
editbox_receipt monotonic_ns=578772376008199 received=609 consumed=609 revision=235
editbox_receipt monotonic_ns=578772484373707 received=609 consumed=609 revision=236
editbox_receipt monotonic_ns=578772581472760 received=609 consumed=609 revision=237
editbox_receipt monotonic_ns=578772688766107 received=609 consumed=609 revision=238
editbox_receipt monotonic_ns=578772789828792 received=609 consumed=609 revision=239
editbox_receipt monotonic_ns=578772898854639 received=609 consumed=609 revision=240
editbox_receipt monotonic_ns=578772977502114 received=609 consumed=609 revision=241
editbox_receipt monotonic_ns=578773073648030 received=609 consumed=609 revision=242
editbox_receipt monotonic_ns=578773173450482 received=609 consumed=609 revision=243
editbox_receipt monotonic_ns=578773282213746 received=609 consumed=609 revision=244
editbox_receipt monotonic_ns=578773380528308 received=609 consumed=609 revision=245
editbox_receipt monotonic_ns=578773477362063 received=609 consumed=609 revision=246
editbox_receipt monotonic_ns=578773577314206 received=609 consumed=609 revision=247
editbox_receipt monotonic_ns=578773686082870 received=609 consumed=609 revision=248
editbox_receipt monotonic_ns=578773784251037 received=609 consumed=609 revision=249
editbox_receipt monotonic_ns=578773880124312 received=609 consumed=609 revision=250
editbox_receipt monotonic_ns=578773976398268 received=609 consumed=609 revision=251
editbox_receipt monotonic_ns=578774076230545 received=609 consumed=609 revision=252
editbox_receipt monotonic_ns=578774183285315 received=609 consumed=609 revision=253
editbox_receipt monotonic_ns=578774281488208 received=609 consumed=609 revision=254
editbox_receipt monotonic_ns=578774380534341 received=609 consumed=609 revision=255
editbox_receipt monotonic_ns=578774479700450 received=609 consumed=609 revision=256
editbox_receipt monotonic_ns=578774587256089 received=609 consumed=609 revision=257
editbox_receipt monotonic_ns=578774687363833 received=609 consumed=609 revision=258
editbox_receipt monotonic_ns=578774783570924 received=609 consumed=609 revision=259
editbox_receipt monotonic_ns=578774881657638 received=609 consumed=609 revision=260
editbox_receipt monotonic_ns=578774976188796 received=609 consumed=609 revision=261
editbox_receipt monotonic_ns=578775084536270 received=609 consumed=609 revision=262
editbox_receipt monotonic_ns=578775182508470 received=609 consumed=609 revision=263
editbox_receipt monotonic_ns=578775298006250 received=609 consumed=609 revision=264
editbox_receipt monotonic_ns=578775384550933 received=609 consumed=609 revision=265
editbox_receipt monotonic_ns=578775499604942 received=609 consumed=609 revision=266
editbox_receipt monotonic_ns=578775577920114 received=609 consumed=609 revision=267
editbox_receipt monotonic_ns=578775686563493 received=609 consumed=609 revision=268
editbox_receipt monotonic_ns=578775783069564 received=609 consumed=609 revision=269
editbox_receipt monotonic_ns=578775882037470 received=609 consumed=609 revision=270
editbox_receipt monotonic_ns=578776001841906 received=609 consumed=609 revision=271
editbox_receipt monotonic_ns=578776098740192 received=609 consumed=609 revision=272
editbox_receipt monotonic_ns=578776197266281 received=609 consumed=609 revision=273
editbox_receipt monotonic_ns=578776314129481 received=609 consumed=609 revision=274
editbox_receipt monotonic_ns=578776400866595 received=609 consumed=609 revision=275
editbox_receipt monotonic_ns=578776511269602 received=609 consumed=609 revision=276
editbox_receipt monotonic_ns=578776607533389 received=609 consumed=609 revision=277
editbox_receipt monotonic_ns=578776706410525 received=609 consumed=609 revision=278
editbox_receipt monotonic_ns=578776806952964 received=609 consumed=609 revision=279
editbox_receipt monotonic_ns=578776903808069 received=609 consumed=609 revision=280
editbox_receipt monotonic_ns=578777013397982 received=609 consumed=609 revision=281
editbox_receipt monotonic_ns=578777111173914 received=609 consumed=609 revision=282
editbox_receipt monotonic_ns=578777207109805 received=609 consumed=609 revision=283
editbox_receipt monotonic_ns=578777304613095 received=609 consumed=609 revision=284
editbox_receipt monotonic_ns=578777411240514 received=609 consumed=609 revision=285
editbox_receipt monotonic_ns=578777500022852 received=609 consumed=609 revision=286
editbox_receipt monotonic_ns=578777609677076 received=609 consumed=609 revision=287
editbox_receipt monotonic_ns=578777707171449 received=609 consumed=609 revision=288
editbox_receipt monotonic_ns=578777822771852 received=609 consumed=609 revision=289
editbox_receipt monotonic_ns=578777916878013 received=609 consumed=609 revision=290
editbox_receipt monotonic_ns=578778000554147 received=609 consumed=609 revision=291
editbox_receipt monotonic_ns=578778109896796 received=609 consumed=609 revision=292
editbox_receipt monotonic_ns=578778208429787 received=609 consumed=609 revision=293
editbox_receipt monotonic_ns=578778307569355 received=609 consumed=609 revision=294
editbox_receipt monotonic_ns=578778403811520 received=609 consumed=609 revision=295
editbox_receipt monotonic_ns=578778502512867 received=609 consumed=609 revision=296
editbox_receipt monotonic_ns=578778599871626 received=609 consumed=609 revision=297
editbox_receipt monotonic_ns=578778698029083 received=609 consumed=609 revision=298
editbox_receipt monotonic_ns=578778796183143 received=609 consumed=609 revision=299
editbox_receipt monotonic_ns=578778903268239 received=609 consumed=609 revision=300
editbox_receipt monotonic_ns=578779000459965 received=609 consumed=609 revision=301
editbox_receipt monotonic_ns=578779105962494 received=609 consumed=609 revision=302
editbox_receipt monotonic_ns=578779205714731 received=609 consumed=609 revision=303
editbox_receipt monotonic_ns=578779304663832 received=609 consumed=609 revision=304
editbox_receipt monotonic_ns=578779412205674 received=609 consumed=609 revision=305
control sequence=3 state=RESUME frame=1213 epoch_ns=578779476261003 read_ns=578779477315436 uncertainty_ns=1100422 timestamp_resolution_ns=1000000
input_armed=true gameplay_armed=true mono_ns=578779477287423
editbox_emit sequence=610 bytes=48 elapsed_us=3892 envelope=@J10000000001000000061030703|ACK1|3|RESUME|1213;
published_frame=1213
published_frame=1214
editbox_receipt monotonic_ns=578779510871714 received=610 consumed=610 revision=306
editbox_emit sequence=611 bytes=39 elapsed_us=2759 envelope=@J10000000001000000061132658|I421zb100;
published_frame=1215
published_frame=1216
editbox_emit sequence=612 bytes=39 elapsed_us=2988 envelope=@J10000000001000000061211681|I421_b100;
published_frame=1217
published_frame=1218
editbox_emit sequence=613 bytes=39 elapsed_us=2579 envelope=@J10000000001000000061346736|I421Xc100;
published_frame=1219
published_frame=1220
editbox_emit sequence=614 bytes=39 elapsed_us=2441 envelope=@J10000000001000000061425759|I421Zc100;
editbox_receipt monotonic_ns=578779616917873 received=613 consumed=610 revision=307
published_frame=1221
published_frame=1222
editbox_emit sequence=615 bytes=39 elapsed_us=2308 envelope=@J10000000001000000061504782|I421bc100;
published_frame=1223
published_frame=1224
editbox_emit sequence=616 bytes=39 elapsed_us=2433 envelope=@J10000000001000000061649326|I421dc100;
published_frame=1225
published_frame=1226
editbox_emit sequence=617 bytes=39 elapsed_us=2251 envelope=@J10000000001000000061728349|I421fc100;
editbox_receipt monotonic_ns=578779725510715 received=616 consumed=616 revision=308
published_frame=1227
published_frame=1228
editbox_emit sequence=618 bytes=39 elapsed_us=2132 envelope=@J10000000001000000061807372|I421hc100;
published_frame=1229
published_frame=1230
editbox_emit sequence=619 bytes=39 elapsed_us=2479 envelope=@J10000000001000000061951916|I421jc100;
published_frame=1231
published_frame=1232
editbox_emit sequence=620 bytes=39 elapsed_us=2074 envelope=@J10000000001000000062006835|I421lc100;
editbox_receipt monotonic_ns=578779825840114 received=619 consumed=619 revision=309
published_frame=1233
published_frame=1234
editbox_emit sequence=621 bytes=39 elapsed_us=2015 envelope=@J10000000001000000062151379|I421nc100;
published_frame=1235
published_frame=1236
editbox_emit sequence=622 bytes=39 elapsed_us=2140 envelope=@J10000000001000000062230402|I421pc100;
published_frame=1237
published_frame=1238
editbox_emit sequence=623 bytes=39 elapsed_us=2031 envelope=@J10000000001000000062309425|I421rc100;
editbox_receipt monotonic_ns=578779916147051 received=622 consumed=622 revision=310
published_frame=1239
published_frame=1240
editbox_emit sequence=624 bytes=39 elapsed_us=1927 envelope=@J10000000001000000062453969|I421tc100;
published_frame=1241
published_frame=1242
editbox_emit sequence=625 bytes=39 elapsed_us=1951 envelope=@J10000000001000000062532992|I421vc100;
published_frame=1243
published_frame=1244
editbox_emit sequence=626 bytes=39 elapsed_us=2617 envelope=@J10000000001000000062612015|I421xc100;
published_frame=1245
editbox_receipt monotonic_ns=578780035993665 received=626 consumed=626 revision=311
published_frame=1246
editbox_emit sequence=627 bytes=39 elapsed_us=2168 envelope=@J10000000001000000062756559|I421zc100;
published_frame=1247
published_frame=1248
editbox_emit sequence=628 bytes=39 elapsed_us=2167 envelope=@J10000000001000000062835582|I421_c100;
published_frame=1249
published_frame=1250
editbox_emit sequence=629 bytes=39 elapsed_us=2038 envelope=@J10000000001000000062905116|I421Xd100;
editbox_receipt monotonic_ns=578780113968820 received=628 consumed=628 revision=312
published_frame=1251
published_frame=1252
editbox_emit sequence=630 bytes=39 elapsed_us=2005 envelope=@J10000000001000000063025556|I421Zd100;
event mono_ns=578780147722000 frame=1253 held=1 pressed=1 released=0
event mono_ns=578780153088000 frame=1253 held=0 pressed=0 released=1
published_frame=1253
published_frame=1254
editbox_emit sequence=631 bytes=50 elapsed_us=2709 envelope=@J10000000001000000063121765|I421bd1o0010011H03_0;
published_frame=1255
event mono_ns=578780198355000 frame=1256 held=2 pressed=2 released=0
event mono_ns=578780203688000 frame=1256 held=0 pressed=0 released=2
published_frame=1256
editbox_emit sequence=632 bytes=50 elapsed_us=2589 envelope=@J10000000001000000063231425|I421dd10o0020022Y07-;
published_frame=1257
editbox_receipt monotonic_ns=578780236711454 received=632 consumed=632 revision=313
published_frame=1258
editbox_emit sequence=633 bytes=39 elapsed_us=2064 envelope=@J10000000001000000063328146|I421fd100;
event mono_ns=578780248888000 frame=1259 held=4 pressed=4 released=0
event mono_ns=578780254270000 frame=1259 held=0 pressed=0 released=4
published_frame=1259
published_frame=1260
editbox_emit sequence=634 bytes=50 elapsed_us=3221 envelope=@J10000000001000000063404700|I421hd1o004004FC0010;
published_frame=1261
event mono_ns=578780299758000 frame=1262 held=24 pressed=24 released=0
event mono_ns=578780304927000 frame=1262 held=0 pressed=0 released=24
published_frame=1262
editbox_emit sequence=635 bytes=50 elapsed_us=3083 envelope=@J10000000001000000063551218|I421jd10o00O00OUO002;
editbox_receipt monotonic_ns=578780320901120 received=634 consumed=634 revision=314
published_frame=1263
published_frame=1264
editbox_emit sequence=636 bytes=39 elapsed_us=2115 envelope=@J10000000001000000063630736|I421ld100;
event mono_ns=578780350155000 frame=1265 held=16 pressed=16 released=0
event mono_ns=578780355342000 frame=1265 held=0 pressed=0 released=16
published_frame=1265
published_frame=1266
editbox_emit sequence=637 bytes=45 elapsed_us=2584 envelope=@J10000000001000000063714877|I421nd1200G00G0;
published_frame=1267
event mono_ns=578780400610000 frame=1268 held=16 pressed=16 released=0
event mono_ns=578780405758000 frame=1268 held=0 pressed=0 released=16
published_frame=1268
editbox_emit sequence=638 bytes=45 elapsed_us=3147 envelope=@J10000000001000000063809677|I421pd10200G00G;
published_frame=1269
editbox_receipt monotonic_ns=578780439667819 received=638 consumed=637 revision=315
published_frame=1270
editbox_emit sequence=639 bytes=39 elapsed_us=2482 envelope=@J10000000001000000063933326|I421rd100;
event mono_ns=578780450956000 frame=1271 held=32 pressed=32 released=0
event mono_ns=578780456098000 frame=1271 held=0 pressed=0 released=32
published_frame=1271
published_frame=1272
editbox_emit sequence=640 bytes=45 elapsed_us=2491 envelope=@J10000000001000000064064588|I421td1200W00W0;
published_frame=1273
event mono_ns=578780501450000 frame=1274 held=64 pressed=64 released=0
event mono_ns=578780506731000 frame=1274 held=0 pressed=0 released=64
published_frame=1274
editbox_emit sequence=641 bytes=45 elapsed_us=3267 envelope=@J10000000001000000064131706|I421vd102010010;
published_frame=1275
published_frame=1276
editbox_emit sequence=642 bytes=39 elapsed_us=2009 envelope=@J10000000001000000064211812|I421xd100;
editbox_receipt monotonic_ns=578780550133263 received=641 consumed=640 revision=316
event mono_ns=578780552041000 frame=1277 held=256 pressed=256 released=0
event mono_ns=578780557355000 frame=1277 held=0 pressed=0 released=256
published_frame=1277
published_frame=1278
editbox_emit sequence=643 bytes=45 elapsed_us=2714 envelope=@J10000000001000000064360472|I421zd120400400;
published_frame=1279
event mono_ns=578780602636000 frame=1280 held=512 pressed=512 released=0
event mono_ns=578780607785000 frame=1280 held=0 pressed=0 released=512
published_frame=1280
editbox_emit sequence=644 bytes=45 elapsed_us=2537 envelope=@J10000000001000000064425068|I421_d102080080;
published_frame=1281
published_frame=1282
editbox_emit sequence=645 bytes=39 elapsed_us=2106 envelope=@J10000000001000000064504913|I421Xe100;
editbox_receipt monotonic_ns=578780647051015 received=643 consumed=643 revision=317
event mono_ns=578780653080000 frame=1283 held=128 pressed=128 released=0
event mono_ns=578780658425000 frame=1283 held=0 pressed=0 released=128
published_frame=1283
published_frame=1284
editbox_emit sequence=646 bytes=45 elapsed_us=2479 envelope=@J10000000001000000064663509|I421Ze120200200;
published_frame=1285
event mono_ns=578780703730000 frame=1286 held=16384 pressed=16384 released=0
event mono_ns=578780708838000 frame=1286 held=0 pressed=0 released=16384
published_frame=1286
editbox_emit sequence=647 bytes=45 elapsed_us=2167 envelope=@J10000000001000000064747229|I421be102400400;
published_frame=1287
published_frame=1288
editbox_emit sequence=648 bytes=39 elapsed_us=2097 envelope=@J10000000001000000064807503|I421de100;
editbox_receipt monotonic_ns=578780757298160 received=647 consumed=646 revision=318
published_frame=1289
published_frame=1290
editbox_emit sequence=649 bytes=39 elapsed_us=2205 envelope=@J10000000001000000064952047|I421fe100;
published_frame=1291
published_frame=1292
editbox_emit sequence=650 bytes=39 elapsed_us=1928 envelope=@J10000000001000000065006966|I421he100;
published_frame=1293
published_frame=1294
editbox_emit sequence=651 bytes=39 elapsed_us=2077 envelope=@J10000000001000000065151510|I421je100;
editbox_receipt monotonic_ns=578780852109232 received=650 consumed=649 revision=319
published_frame=1295
published_frame=1296
editbox_emit sequence=652 bytes=39 elapsed_us=2052 envelope=@J10000000001000000065230533|I421le100;
published_frame=1297
published_frame=1298
editbox_emit sequence=653 bytes=39 elapsed_us=2107 envelope=@J10000000001000000065309556|I421ne100;
published_frame=1299
published_frame=1300
editbox_emit sequence=654 bytes=39 elapsed_us=2050 envelope=@J10000000001000000065454100|I421pe100;
editbox_receipt monotonic_ns=578780946952805 received=653 consumed=652 revision=320
published_frame=1301
published_frame=1302
editbox_emit sequence=655 bytes=39 elapsed_us=2807 envelope=@J10000000001000000065533123|I421re100;
published_frame=1303
published_frame=1304
editbox_emit sequence=656 bytes=39 elapsed_us=3087 envelope=@J10000000001000000065612146|I421te100;
published_frame=1305
published_frame=1306
editbox_emit sequence=657 bytes=39 elapsed_us=2852 envelope=@J10000000001000000065756690|I421ve100;
editbox_receipt monotonic_ns=578781047891917 received=656 consumed=655 revision=321
published_frame=1307
published_frame=1308
editbox_emit sequence=658 bytes=39 elapsed_us=2320 envelope=@J10000000001000000065835713|I421xe100;
published_frame=1309
published_frame=1310
editbox_emit sequence=659 bytes=39 elapsed_us=2539 envelope=@J10000000001000000065914736|I421ze100;
published_frame=1311
published_frame=1312
editbox_emit sequence=660 bytes=39 elapsed_us=2721 envelope=@J10000000001000000066035176|I421_e100;
editbox_receipt monotonic_ns=578781147776682 received=659 consumed=658 revision=322
published_frame=1313
published_frame=1314
editbox_emit sequence=661 bytes=39 elapsed_us=2082 envelope=@J10000000001000000066104710|I421Xf100;
published_frame=1315
published_frame=1316
editbox_emit sequence=662 bytes=39 elapsed_us=2897 envelope=@J10000000001000000066249254|I421Zf100;
published_frame=1317
editbox_receipt monotonic_ns=578781242894118 received=661 consumed=661 revision=323
published_frame=1318
editbox_emit sequence=663 bytes=39 elapsed_us=3090 envelope=@J10000000001000000066328277|I421bf100;
published_frame=1319
published_frame=1320
editbox_emit sequence=664 bytes=39 elapsed_us=2643 envelope=@J10000000001000000066407300|I421df100;
published_frame=1321
published_frame=1322
editbox_emit sequence=665 bytes=39 elapsed_us=2807 envelope=@J10000000001000000066551844|I421ff100;
published_frame=1323
published_frame=1324
editbox_emit sequence=666 bytes=39 elapsed_us=2773 envelope=@J10000000001000000066630867|I421hf100;
editbox_receipt monotonic_ns=578781349011650 received=665 consumed=664 revision=324
published_frame=1325
published_frame=1326
editbox_emit sequence=667 bytes=39 elapsed_us=2017 envelope=@J10000000001000000066709890|I421jf100;
published_frame=1327
published_frame=1328
editbox_emit sequence=668 bytes=39 elapsed_us=2581 envelope=@J10000000001000000066854434|I421lf100;
published_frame=1329
published_frame=1330
editbox_emit sequence=669 bytes=39 elapsed_us=2309 envelope=@J10000000001000000066933457|I421nf100;
published_frame=1331
published_frame=1332
editbox_emit sequence=670 bytes=39 elapsed_us=2386 envelope=@J10000000001000000067053897|I421pf100;
published_frame=1333
published_frame=1334
editbox_emit sequence=671 bytes=39 elapsed_us=2623 envelope=@J10000000001000000067132920|I421rf100;
editbox_receipt monotonic_ns=578781517231514 received=668 consumed=667 revision=325
published_frame=1335
published_frame=1336
editbox_emit sequence=672 bytes=39 elapsed_us=2857 envelope=@J10000000001000000067211943|I421tf100;
published_frame=1337
published_frame=1338
editbox_emit sequence=673 bytes=39 elapsed_us=2221 envelope=@J10000000001000000067356487|I421vf100;
editbox_receipt monotonic_ns=578781582531532 received=672 consumed=672 revision=326
published_frame=1339
published_frame=1340
editbox_emit sequence=674 bytes=39 elapsed_us=2569 envelope=@J10000000001000000067435510|I421xf100;
published_frame=1341
published_frame=1342
editbox_emit sequence=675 bytes=39 elapsed_us=2306 envelope=@J10000000001000000067514533|I421zf100;
editbox_receipt monotonic_ns=578781647291598 received=674 consumed=673 revision=327
published_frame=1343
published_frame=1344
editbox_emit sequence=676 bytes=39 elapsed_us=2186 envelope=@J10000000001000000067659077|I421_f100;
published_frame=1345
published_frame=1346
editbox_emit sequence=677 bytes=39 elapsed_us=2107 envelope=@J10000000001000000067728611|I421Xg100;
published_frame=1347
published_frame=1348
editbox_emit sequence=678 bytes=39 elapsed_us=2186 envelope=@J10000000001000000067807634|I421Zg100;
published_frame=1349
published_frame=1350
editbox_emit sequence=679 bytes=39 elapsed_us=2155 envelope=@J10000000001000000067952178|I421bg100;
published_frame=1351
editbox_receipt monotonic_ns=578781802368739 received=677 consumed=677 revision=328
published_frame=1352
editbox_emit sequence=680 bytes=39 elapsed_us=1982 envelope=@J10000000001000000068007097|I421dg100;
published_frame=1353
published_frame=1354
editbox_emit sequence=681 bytes=39 elapsed_us=2793 envelope=@J10000000001000000068151641|I421fg100;
editbox_receipt monotonic_ns=578781855832845 received=679 consumed=679 revision=329
published_frame=1355
published_frame=1356
editbox_emit sequence=682 bytes=39 elapsed_us=2193 envelope=@J10000000001000000068230664|I421hg100;
published_frame=1357
published_frame=1358
editbox_emit sequence=683 bytes=39 elapsed_us=2062 envelope=@J10000000001000000068309687|I421jg100;
published_frame=1359
published_frame=1360
editbox_emit sequence=684 bytes=39 elapsed_us=2163 envelope=@J10000000001000000068454231|I421lg100;
published_frame=1361
published_frame=1362
editbox_emit sequence=685 bytes=39 elapsed_us=2161 envelope=@J10000000001000000068533254|I421ng100;
published_frame=1363
editbox_receipt monotonic_ns=578781997782432 received=684 consumed=683 revision=330
published_frame=1364
editbox_emit sequence=686 bytes=39 elapsed_us=1953 envelope=@J10000000001000000068612277|I421pg100;
published_frame=1365
published_frame=1366
editbox_emit sequence=687 bytes=39 elapsed_us=2101 envelope=@J10000000001000000068756821|I421rg100;
published_frame=1367
editbox_receipt monotonic_ns=578782073612564 received=686 consumed=686 revision=331
published_frame=1368
editbox_emit sequence=688 bytes=39 elapsed_us=2024 envelope=@J10000000001000000068835844|I421tg100;
published_frame=1369
published_frame=1370
editbox_emit sequence=689 bytes=39 elapsed_us=2154 envelope=@J10000000001000000068914867|I421vg100;
published_frame=1371
published_frame=1372
editbox_emit sequence=690 bytes=39 elapsed_us=2404 envelope=@J10000000001000000069035307|I421xg100;
editbox_receipt monotonic_ns=578782158595097 received=689 consumed=688 revision=332
published_frame=1373
published_frame=1374
editbox_emit sequence=691 bytes=39 elapsed_us=2917 envelope=@J10000000001000000069114330|I421zg100;
published_frame=1375
published_frame=1376
editbox_emit sequence=692 bytes=39 elapsed_us=2750 envelope=@J10000000001000000069258874|I421_g100;
published_frame=1377
published_frame=1378
editbox_emit sequence=693 bytes=39 elapsed_us=2313 envelope=@J10000000001000000069328408|I421Xh100;
published_frame=1379
editbox_receipt monotonic_ns=578782260984579 received=692 consumed=692 revision=333
published_frame=1380
editbox_emit sequence=694 bytes=39 elapsed_us=2566 envelope=@J10000000001000000069407431|I421Zh100;
published_frame=1381
published_frame=1382
editbox_emit sequence=695 bytes=39 elapsed_us=2380 envelope=@J10000000001000000069551975|I421bh100;
published_frame=1383
published_frame=1384
editbox_emit sequence=696 bytes=39 elapsed_us=2711 envelope=@J10000000001000000069630998|I421dh100;
editbox_receipt monotonic_ns=578782358618984 received=695 consumed=695 revision=334
published_frame=1385
published_frame=1386
editbox_emit sequence=697 bytes=39 elapsed_us=2197 envelope=@J10000000001000000069710021|I421fh100;
published_frame=1387
published_frame=1388
editbox_emit sequence=698 bytes=39 elapsed_us=2010 envelope=@J10000000001000000069854565|I421hh100;
published_frame=1389
published_frame=1390
editbox_emit sequence=699 bytes=39 elapsed_us=2434 envelope=@J10000000001000000069933588|I421jh100;
published_frame=1391
published_frame=1392
editbox_emit sequence=700 bytes=39 elapsed_us=2405 envelope=@J10000000001000000070031856|I421lh100;
editbox_receipt monotonic_ns=578782481539651 received=698 consumed=698 revision=335
published_frame=1393
published_frame=1394
editbox_emit sequence=701 bytes=39 elapsed_us=1987 envelope=@J10000000001000000070110879|I421nh100;
published_frame=1395
published_frame=1396
editbox_emit sequence=702 bytes=39 elapsed_us=1922 envelope=@J10000000001000000070255423|I421ph100;
editbox_receipt monotonic_ns=578782547466044 received=700 consumed=700 revision=336
published_frame=1397
published_frame=1398
editbox_emit sequence=703 bytes=39 elapsed_us=1991 envelope=@J10000000001000000070334446|I421rh100;
published_frame=1399
published_frame=1400
editbox_emit sequence=704 bytes=39 elapsed_us=2174 envelope=@J10000000001000000070413469|I421th100;
published_frame=1401
published_frame=1402
editbox_emit sequence=705 bytes=39 elapsed_us=2147 envelope=@J10000000001000000070558013|I421vh100;
published_frame=1403
published_frame=1404
editbox_emit sequence=706 bytes=39 elapsed_us=2218 envelope=@J10000000001000000070637036|I421xh100;
published_frame=1405
editbox_receipt monotonic_ns=578782704080958 received=704 consumed=703 revision=337
published_frame=1406
editbox_emit sequence=707 bytes=39 elapsed_us=2058 envelope=@J10000000001000000070716059|I421zh100;
published_frame=1407
published_frame=1408
editbox_emit sequence=708 bytes=39 elapsed_us=2751 envelope=@J10000000001000000070860603|I421_h100;
editbox_receipt monotonic_ns=578782757545755 received=707 consumed=707 revision=338
published_frame=1409
published_frame=1410
editbox_emit sequence=709 bytes=39 elapsed_us=2040 envelope=@J10000000001000000070930137|I421Xi100;
published_frame=1411
published_frame=1412
editbox_emit sequence=710 bytes=39 elapsed_us=2210 envelope=@J10000000001000000071050577|I421Zi100;
published_frame=1413
published_frame=1414
editbox_emit sequence=711 bytes=39 elapsed_us=2136 envelope=@J10000000001000000071129600|I421bi100;
published_frame=1415
published_frame=1416
editbox_emit sequence=712 bytes=39 elapsed_us=2045 envelope=@J10000000001000000071208623|I421di100;
editbox_receipt monotonic_ns=578782880011089 received=710 consumed=710 revision=339
published_frame=1417
published_frame=1418
editbox_emit sequence=713 bytes=39 elapsed_us=2094 envelope=@J10000000001000000071353167|I421fi100;
published_frame=1419
published_frame=1420
editbox_emit sequence=714 bytes=39 elapsed_us=2339 envelope=@J10000000001000000071432190|I421hi100;
published_frame=1421
editbox_receipt monotonic_ns=578782968725349 received=713 consumed=713 revision=340
published_frame=1422
editbox_emit sequence=715 bytes=39 elapsed_us=2139 envelope=@J10000000001000000071511213|I421ji100;
published_frame=1423
published_frame=1424
editbox_emit sequence=716 bytes=39 elapsed_us=2056 envelope=@J10000000001000000071655757|I421li100;
published_frame=1425
published_frame=1426
editbox_emit sequence=717 bytes=39 elapsed_us=2265 envelope=@J10000000001000000071734780|I421ni100;
published_frame=1427
published_frame=1428
editbox_emit sequence=718 bytes=39 elapsed_us=2586 envelope=@J10000000001000000071813803|I421pi100;
match_end epoch=1 frontier=1429 old_rows=drain terminal_rows=discard
input_armed=true gameplay_armed=false mono_ns=578783085134507
editbox_emit sequence=719 bytes=34 elapsed_us=2253 envelope=@J10000000001000000071930626|JE11;
editbox_receipt monotonic_ns=578783126947407 received=715 consumed=715 revision=341
editbox_receipt monotonic_ns=578783138026791 received=719 consumed=719 revision=342
match_quiescent epoch=1
waiting_for_match build=playable-0042 slot=1 after_epoch=1
menu_emit epoch=1 phase=Some(Result) key=y mono_ns=578811384419000
menu_emit epoch=1 phase=Some(Character) key=n mono_ns=578817787625000
match_ready epoch=2 neutral_rearm=required
input_armed=true gameplay_armed=false mono_ns=578826981681859
editbox_receipt monotonic_ns=578826981800471 received=0 consumed=0 revision=1
editbox_emit sequence=1 bytes=34 elapsed_us=2414 envelope=@J10000000002000000000144738|JR12;
editbox_receipt monotonic_ns=578827013538187 received=1 consumed=1 revision=2
editbox_receipt monotonic_ns=578827023576308 received=1 consumed=1 revision=3
editbox_receipt monotonic_ns=578827055390378 received=1 consumed=1 revision=4
match_start epoch=2 epoch_ns=578827171197865 read_ns=578827171642504 uncertainty_ns=1100471
input_armed=true gameplay_armed=true mono_ns=578827171614402
published_frame=1
published_frame=2
editbox_emit sequence=2 bytes=37 elapsed_us=2367 envelope=@J10000000002000000000230575|I422100;
published_frame=3
published_frame=4
editbox_emit sequence=3 bytes=37 elapsed_us=3011 envelope=@J10000000002000000000309341|I422300;
published_frame=5
published_frame=6
editbox_emit sequence=4 bytes=37 elapsed_us=3132 envelope=@J10000000002000000000453628|I422500;
published_frame=7
published_frame=8
editbox_emit sequence=5 bytes=37 elapsed_us=1914 envelope=@J10000000002000000000532394|I422700;
published_frame=9
published_frame=10
editbox_emit sequence=6 bytes=37 elapsed_us=2217 envelope=@J10000000002000000000611160|I422900;
published_frame=11
editbox_receipt monotonic_ns=578827360200190 received=3 consumed=2 revision=5
editbox_receipt monotonic_ns=578827371442779 received=3 consumed=3 revision=6
published_frame=12
editbox_emit sequence=7 bytes=37 elapsed_us=2496 envelope=@J10000000002000000000755447|I422B00;
published_frame=13
published_frame=14
editbox_emit sequence=8 bytes=37 elapsed_us=2548 envelope=@J10000000002000000000834213|I422D00;
published_frame=15
published_frame=16
editbox_emit sequence=9 bytes=37 elapsed_us=1984 envelope=@J10000000002000000000912979|I422F00;
published_frame=17
editbox_receipt monotonic_ns=578827457370950 received=8 consumed=8 revision=7
published_frame=18
editbox_emit sequence=10 bytes=37 elapsed_us=2258 envelope=@J10000000002000000001020251|I422H00;
published_frame=19
published_frame=20
editbox_emit sequence=11 bytes=37 elapsed_us=2013 envelope=@J10000000002000000001164538|I422J00;
editbox_receipt monotonic_ns=578827511614984 received=10 consumed=10 revision=8
published_frame=21
published_frame=22
editbox_emit sequence=12 bytes=37 elapsed_us=1967 envelope=@J10000000002000000001243304|I422L00;
published_frame=23
published_frame=24
editbox_emit sequence=13 bytes=37 elapsed_us=1986 envelope=@J10000000002000000001322070|I422N00;
editbox_receipt monotonic_ns=578827586278875 received=12 consumed=12 revision=9
published_frame=25
published_frame=26
editbox_emit sequence=14 bytes=37 elapsed_us=2432 envelope=@J10000000002000000001400836|I422P00;
published_frame=27
published_frame=28
editbox_emit sequence=15 bytes=37 elapsed_us=2569 envelope=@J10000000002000000001545123|I422R00;
published_frame=29
published_frame=30
editbox_emit sequence=16 bytes=37 elapsed_us=1940 envelope=@J10000000002000000001623889|I422T00;
published_frame=31
editbox_receipt monotonic_ns=578827696723343 received=15 consumed=15 revision=10
published_frame=32
editbox_emit sequence=17 bytes=37 elapsed_us=2234 envelope=@J10000000002000000001702655|I422V00;
published_frame=33
published_frame=34
editbox_emit sequence=18 bytes=38 elapsed_us=2140 envelope=@J10000000002000000001851664|I422X100;
published_frame=35
published_frame=36
editbox_emit sequence=19 bytes=38 elapsed_us=2005 envelope=@J10000000002000000001929131|I422Z100;
editbox_receipt monotonic_ns=578827776844756 received=18 consumed=18 revision=11
published_frame=37
published_frame=38
editbox_emit sequence=20 bytes=38 elapsed_us=2140 envelope=@J10000000002000000002019815|I422b100;
published_frame=39
published_frame=40
editbox_emit sequence=21 bytes=38 elapsed_us=2390 envelope=@J10000000002000000002162803|I422d100;
published_frame=41
published_frame=42
editbox_emit sequence=22 bytes=38 elapsed_us=2139 envelope=@J10000000002000000002240270|I422f100;
editbox_receipt monotonic_ns=578827875242787 received=21 consumed=21 revision=12
published_frame=43
published_frame=44
editbox_emit sequence=23 bytes=38 elapsed_us=1911 envelope=@J10000000002000000002317737|I422h100;
published_frame=45
published_frame=46
editbox_emit sequence=24 bytes=38 elapsed_us=2096 envelope=@J10000000002000000002460725|I422j100;
published_frame=47
published_frame=48
editbox_emit sequence=25 bytes=38 elapsed_us=1969 envelope=@J10000000002000000002538192|I422l100;
editbox_receipt monotonic_ns=578827978674886 received=24 consumed=24 revision=13
published_frame=49
published_frame=50
editbox_emit sequence=26 bytes=38 elapsed_us=1961 envelope=@J10000000002000000002615659|I422n100;
published_frame=51
published_frame=52
editbox_emit sequence=27 bytes=38 elapsed_us=1900 envelope=@J10000000002000000002758647|I422p100;
published_frame=53
published_frame=54
editbox_emit sequence=28 bytes=38 elapsed_us=1908 envelope=@J10000000002000000002836114|I422r100;
published_frame=55
editbox_receipt monotonic_ns=578828088207274 received=27 consumed=27 revision=14
published_frame=56
editbox_emit sequence=29 bytes=38 elapsed_us=2418 envelope=@J10000000002000000002913581|I422t100;
published_frame=57
published_frame=58
editbox_emit sequence=30 bytes=38 elapsed_us=1945 envelope=@J10000000002000000003004265|I422v100;
published_frame=59
published_frame=60
editbox_emit sequence=31 bytes=38 elapsed_us=1967 envelope=@J10000000002000000003147253|I422x100;
published_frame=61
published_frame=62
editbox_emit sequence=32 bytes=38 elapsed_us=1934 envelope=@J10000000002000000003224720|I422z100;
published_frame=63
published_frame=64
editbox_emit sequence=33 bytes=38 elapsed_us=2256 envelope=@J10000000002000000003302187|I422_100;
published_frame=65
published_frame=66
editbox_emit sequence=34 bytes=38 elapsed_us=3310 envelope=@J10000000002000000003437306|I422X200;
editbox_receipt monotonic_ns=578828287654626 received=30 consumed=30 revision=15
published_frame=67
published_frame=68
editbox_emit sequence=35 bytes=38 elapsed_us=3501 envelope=@J10000000002000000003514773|I422Z200;
published_frame=69
published_frame=70
editbox_emit sequence=36 bytes=38 elapsed_us=2028 envelope=@J10000000002000000003657761|I422b200;
published_frame=71
published_frame=72
editbox_emit sequence=37 bytes=38 elapsed_us=2141 envelope=@J10000000002000000003735228|I422d200;
published_frame=73
editbox_receipt monotonic_ns=578828397031061 received=35 consumed=35 revision=16
published_frame=74
editbox_emit sequence=38 bytes=38 elapsed_us=2220 envelope=@J10000000002000000003812695|I422f200;
published_frame=75
published_frame=76
editbox_emit sequence=39 bytes=38 elapsed_us=2543 envelope=@J10000000002000000003955683|I422h200;
published_frame=77
published_frame=78
editbox_emit sequence=40 bytes=38 elapsed_us=2049 envelope=@J10000000002000000004046367|I422j200;
editbox_receipt monotonic_ns=578828486217551 received=39 consumed=36 revision=17
published_frame=79
published_frame=80
editbox_emit sequence=41 bytes=38 elapsed_us=2567 envelope=@J10000000002000000004123834|I422l200;
published_frame=81
published_frame=82
editbox_emit sequence=42 bytes=38 elapsed_us=2474 envelope=@J10000000002000000004201301|I422n200;
editbox_receipt monotonic_ns=578828543556809 received=39 consumed=39 revision=18
published_frame=83
published_frame=84
editbox_emit sequence=43 bytes=38 elapsed_us=2439 envelope=@J10000000002000000004344289|I422p200;
published_frame=85
published_frame=86
editbox_emit sequence=44 bytes=38 elapsed_us=2385 envelope=@J10000000002000000004421756|I422r200;
published_frame=87
published_frame=88
editbox_emit sequence=45 bytes=38 elapsed_us=2328 envelope=@J10000000002000000004564744|I422t200;
editbox_receipt monotonic_ns=578828642936590 received=43 consumed=43 revision=19
published_frame=89
published_frame=90
editbox_emit sequence=46 bytes=38 elapsed_us=2101 envelope=@J10000000002000000004642211|I422v200;
published_frame=91
published_frame=92
editbox_emit sequence=47 bytes=38 elapsed_us=4592 envelope=@J10000000002000000004719678|I422x200;
published_frame=93
published_frame=94
editbox_emit sequence=48 bytes=38 elapsed_us=4121 envelope=@J10000000002000000004862666|I422z200;
published_frame=95
published_frame=96
editbox_emit sequence=49 bytes=38 elapsed_us=2449 envelope=@J10000000002000000004940133|I422_200;
editbox_receipt monotonic_ns=578828787857248 received=47 consumed=47 revision=20
published_frame=97
published_frame=98
editbox_emit sequence=50 bytes=38 elapsed_us=2561 envelope=@J10000000002000000005022948|I422X300;
published_frame=99
published_frame=100
editbox_emit sequence=51 bytes=38 elapsed_us=2549 envelope=@J10000000002000000005100415|I422Z300;
published_frame=101
event mono_ns=578828871574000 frame=103 held=1 pressed=1 released=0
published_frame=102
editbox_emit sequence=52 bytes=38 elapsed_us=2162 envelope=@J10000000002000000005243403|I422b300;
event mono_ns=578828876904000 frame=103 held=0 pressed=0 released=1
published_frame=103
published_frame=104
editbox_emit sequence=53 bytes=49 elapsed_us=2715 envelope=@J10000000002000000005329976|I422d3o0010011H03_0;
editbox_receipt monotonic_ns=578828910101069 received=52 consumed=48 revision=21
published_frame=105
published_frame=106
editbox_emit sequence=54 bytes=38 elapsed_us=2147 envelope=@J10000000002000000005463858|I422f300;
published_frame=107
published_frame=108
editbox_emit sequence=55 bytes=38 elapsed_us=2661 envelope=@J10000000002000000005541325|I422h300;
editbox_receipt monotonic_ns=578828987830487 received=52 consumed=52 revision=22
published_frame=109
published_frame=110
editbox_emit sequence=56 bytes=38 elapsed_us=2169 envelope=@J10000000002000000005618792|I422j300;
published_frame=111
published_frame=112
editbox_emit sequence=57 bytes=38 elapsed_us=2058 envelope=@J10000000002000000005761780|I422l300;
published_frame=113
published_frame=114
editbox_emit sequence=58 bytes=38 elapsed_us=2092 envelope=@J10000000002000000005839247|I422n300;
editbox_receipt monotonic_ns=578829087046983 received=56 consumed=56 revision=23
published_frame=115
published_frame=116
editbox_emit sequence=59 bytes=38 elapsed_us=1897 envelope=@J10000000002000000005916714|I422p300;
published_frame=117
published_frame=118
editbox_emit sequence=60 bytes=38 elapsed_us=2053 envelope=@J10000000002000000006007398|I422r300;
published_frame=119
published_frame=120
editbox_emit sequence=61 bytes=38 elapsed_us=2561 envelope=@J10000000002000000006150386|I422t300;
editbox_receipt monotonic_ns=578829187528610 received=60 consumed=57 revision=24
published_frame=121
published_frame=122
editbox_emit sequence=62 bytes=38 elapsed_us=1979 envelope=@J10000000002000000006227853|I422v300;
published_frame=123
published_frame=124
editbox_emit sequence=63 bytes=38 elapsed_us=2162 envelope=@J10000000002000000006305320|I422x300;
published_frame=125
published_frame=126
editbox_emit sequence=64 bytes=38 elapsed_us=1911 envelope=@J10000000002000000006448308|I422z300;
published_frame=127
published_frame=128
editbox_emit sequence=65 bytes=38 elapsed_us=2246 envelope=@J10000000002000000006525775|I422_300;
published_frame=129
published_frame=130
editbox_emit sequence=66 bytes=38 elapsed_us=2803 envelope=@J10000000002000000006660894|I422X400;
published_frame=131
published_frame=132
editbox_emit sequence=67 bytes=38 elapsed_us=4315 envelope=@J10000000002000000006738361|I422Z400;
editbox_receipt monotonic_ns=578829377434713 received=60 consumed=60 revision=25
published_frame=133
published_frame=134
editbox_emit sequence=68 bytes=38 elapsed_us=2587 envelope=@J10000000002000000006815828|I422b400;
published_frame=135
published_frame=136
editbox_emit sequence=61 bytes=38 elapsed_us=2252 envelope=@J10000000002000000006150386|I422t300;
published_frame=137
published_frame=138
published_frame=139
published_frame=140
published_frame=141
published_frame=142
editbox_receipt monotonic_ns=578829539631032 received=68 consumed=64 revision=26
editbox_emit sequence=69 bytes=38 elapsed_us=3029 envelope=@J10000000002000000006958816|I422d400;
editbox_emit sequence=70 bytes=38 elapsed_us=2491 envelope=@J10000000002000000007049500|I422f400;
editbox_emit sequence=71 bytes=38 elapsed_us=2407 envelope=@J10000000002000000007126967|I422h400;
editbox_emit sequence=72 bytes=38 elapsed_us=3253 envelope=@J10000000002000000007204434|I422j400;
published_frame=143
published_frame=144
editbox_emit sequence=73 bytes=38 elapsed_us=2481 envelope=@J10000000002000000007347422|I422l400;
published_frame=145
editbox_receipt monotonic_ns=578829598486733 received=68 consumed=68 revision=27
published_frame=146
editbox_emit sequence=74 bytes=38 elapsed_us=2732 envelope=@J10000000002000000007424889|I422n400;
published_frame=147
event mono_ns=578829627146000 frame=148 held=2 pressed=2 released=0
event mono_ns=578829632462000 frame=148 held=0 pressed=0 released=2
published_frame=148
editbox_emit sequence=75 bytes=49 elapsed_us=3003 envelope=@J10000000002000000007509603|I422p40o0020022Y07-;
published_frame=149
editbox_receipt monotonic_ns=578829654903511 received=68 consumed=68 revision=28
published_frame=150
editbox_emit sequence=76 bytes=38 elapsed_us=2412 envelope=@J10000000002000000007645344|I422r400;
published_frame=151
published_frame=152
editbox_emit sequence=77 bytes=38 elapsed_us=2180 envelope=@J10000000002000000007722811|I422t400;
published_frame=153
published_frame=154
editbox_emit sequence=78 bytes=38 elapsed_us=2397 envelope=@J10000000002000000007800278|I422v400;
published_frame=155
published_frame=156
editbox_emit sequence=79 bytes=38 elapsed_us=2545 envelope=@J10000000002000000007943266|I422x400;
published_frame=157
editbox_emit sequence=69 bytes=38 elapsed_us=2484 envelope=@J10000000002000000006958816|I422d400;
published_frame=158
published_frame=159
published_frame=160
editbox_receipt monotonic_ns=578829838706652 received=79 consumed=72 revision=29
editbox_emit sequence=80 bytes=38 elapsed_us=2118 envelope=@J10000000002000000008033950|I422z400;
editbox_emit sequence=81 bytes=38 elapsed_us=2664 envelope=@J10000000002000000008111417|I422_400;
published_frame=161
published_frame=162
editbox_emit sequence=82 bytes=38 elapsed_us=2177 envelope=@J10000000002000000008246536|I422X500;
published_frame=163
published_frame=164
editbox_emit sequence=83 bytes=38 elapsed_us=1905 envelope=@J10000000002000000008324003|I422Z500;
editbox_receipt monotonic_ns=578829912051729 received=79 consumed=78 revision=30
published_frame=165
published_frame=166
editbox_emit sequence=84 bytes=38 elapsed_us=2388 envelope=@J10000000002000000008401470|I422b500;
published_frame=167
editbox_receipt monotonic_ns=578829954924213 received=79 consumed=79 revision=31
published_frame=168
editbox_emit sequence=85 bytes=38 elapsed_us=2753 envelope=@J10000000002000000008544458|I422d500;
published_frame=169
published_frame=170
editbox_emit sequence=86 bytes=38 elapsed_us=2141 envelope=@J10000000002000000008621925|I422f500;
published_frame=171
published_frame=172
editbox_emit sequence=87 bytes=38 elapsed_us=2585 envelope=@J10000000002000000008764913|I422h500;
published_frame=173
published_frame=174
editbox_emit sequence=88 bytes=38 elapsed_us=2052 envelope=@J10000000002000000008842380|I422j500;
editbox_receipt monotonic_ns=578830075050984 received=86 consumed=83 revision=32
published_frame=175
published_frame=176
editbox_emit sequence=89 bytes=38 elapsed_us=2450 envelope=@J10000000002000000008919847|I422l500;
published_frame=177
published_frame=178
editbox_emit sequence=90 bytes=38 elapsed_us=2164 envelope=@J10000000002000000009010531|I422n500;
published_frame=179
published_frame=180
editbox_emit sequence=91 bytes=38 elapsed_us=1934 envelope=@J10000000002000000009153519|I422p500;
editbox_receipt monotonic_ns=578830176248704 received=86 consumed=86 revision=33
published_frame=181
published_frame=182
editbox_emit sequence=92 bytes=38 elapsed_us=2024 envelope=@J10000000002000000009230986|I422r500;
published_frame=183
published_frame=184
editbox_emit sequence=93 bytes=38 elapsed_us=2005 envelope=@J10000000002000000009308453|I422t500;
published_frame=185
published_frame=186
editbox_emit sequence=94 bytes=38 elapsed_us=2318 envelope=@J10000000002000000009451441|I422v500;
published_frame=187
published_frame=188
editbox_emit sequence=95 bytes=38 elapsed_us=2320 envelope=@J10000000002000000009528908|I422x500;
published_frame=189
editbox_emit sequence=87 bytes=38 elapsed_us=2021 envelope=@J10000000002000000008764913|I422h500;
published_frame=190
editbox_receipt monotonic_ns=578830342154407 received=95 consumed=87 revision=34
editbox_emit sequence=96 bytes=38 elapsed_us=1928 envelope=@J10000000002000000009606375|I422z500;
published_frame=191
published_frame=192
editbox_emit sequence=97 bytes=38 elapsed_us=2252 envelope=@J10000000002000000009749363|I422_500;
event mono_ns=578830382942000 frame=193 held=4 pressed=4 released=0
event mono_ns=578830388133000 frame=194 held=0 pressed=0 released=4
published_frame=193
published_frame=194
editbox_emit sequence=98 bytes=61 elapsed_us=3967 envelope=@J10000000002000000009839367|I422X6t00400400003zFC0012000004;
published_frame=195
published_frame=196
editbox_emit sequence=99 bytes=38 elapsed_us=2411 envelope=@J10000000002000000009961949|I422Z600;
published_frame=197
published_frame=198
editbox_emit sequence=100 bytes=38 elapsed_us=1933 envelope=@J10000000002000000010028529|I422b600;
published_frame=199
published_frame=200
editbox_emit sequence=101 bytes=38 elapsed_us=1845 envelope=@J10000000002000000010105996|I422d600;
published_frame=201
published_frame=202
editbox_emit sequence=102 bytes=38 elapsed_us=1781 envelope=@J10000000002000000010248984|I422f600;
editbox_receipt monotonic_ns=578830542083472 received=95 consumed=93 revision=35
published_frame=203
published_frame=204
editbox_emit sequence=103 bytes=38 elapsed_us=2002 envelope=@J10000000002000000010326451|I422h600;
editbox_receipt monotonic_ns=578830586394593 received=95 consumed=95 revision=36
published_frame=205
editbox_emit sequence=96 bytes=38 elapsed_us=1894 envelope=@J10000000002000000009606375|I422z500;
published_frame=206
published_frame=207
published_frame=208
published_frame=209
published_frame=210
published_frame=211
published_frame=212
published_frame=213
published_frame=214
published_frame=215
editbox_receipt monotonic_ns=578830757893674 received=103 consumed=98 revision=37
editbox_emit sequence=104 bytes=38 elapsed_us=3376 envelope=@J10000000002000000010403918|I422j600;
editbox_emit sequence=105 bytes=38 elapsed_us=2044 envelope=@J10000000002000000010546906|I422l600;
editbox_emit sequence=106 bytes=38 elapsed_us=1864 envelope=@J10000000002000000010624373|I422n600;
editbox_emit sequence=107 bytes=38 elapsed_us=2034 envelope=@J10000000002000000010701840|I422p600;
published_frame=216
editbox_emit sequence=108 bytes=38 elapsed_us=1758 envelope=@J10000000002000000010844828|I422r600;
editbox_emit sequence=109 bytes=38 elapsed_us=1929 envelope=@J10000000002000000010922295|I422t600;
published_frame=217
published_frame=218
editbox_emit sequence=110 bytes=38 elapsed_us=1960 envelope=@J10000000002000000011012979|I422v600;
published_frame=219
published_frame=220
editbox_emit sequence=111 bytes=38 elapsed_us=2140 envelope=@J10000000002000000011155967|I422x600;
editbox_receipt monotonic_ns=578830845134956 received=103 consumed=103 revision=38
published_frame=221
published_frame=222
editbox_emit sequence=112 bytes=38 elapsed_us=2310 envelope=@J10000000002000000011233434|I422z600;
editbox_receipt monotonic_ns=578830887388610 received=103 consumed=103 revision=39
published_frame=223
published_frame=224
editbox_emit sequence=113 bytes=38 elapsed_us=2082 envelope=@J10000000002000000011310901|I422_600;
published_frame=225
editbox_receipt monotonic_ns=578830930405624 received=103 consumed=103 revision=40
published_frame=226
editbox_emit sequence=114 bytes=38 elapsed_us=2003 envelope=@J10000000002000000011446020|I422X700;
published_frame=227
published_frame=228
editbox_emit sequence=115 bytes=38 elapsed_us=2284 envelope=@J10000000002000000011523487|I422Z700;
published_frame=229
published_frame=230
editbox_emit sequence=116 bytes=38 elapsed_us=2426 envelope=@J10000000002000000011600954|I422b700;
editbox_emit sequence=104 bytes=38 elapsed_us=1913 envelope=@J10000000002000000010403918|I422j600;
published_frame=231
published_frame=232
published_frame=233
published_frame=234
published_frame=235
published_frame=236
published_frame=237
event mono_ns=578831138554000 frame=239 held=24 pressed=24 released=0
published_frame=238
event mono_ns=578831143842000 frame=239 held=0 pressed=0 released=24
published_frame=239
published_frame=240
editbox_receipt monotonic_ns=578831180174255 received=116 consumed=105 revision=41
editbox_emit sequence=117 bytes=38 elapsed_us=2408 envelope=@J10000000002000000011743942|I422d700;
editbox_emit sequence=118 bytes=38 elapsed_us=2185 envelope=@J10000000002000000011821409|I422f700;
editbox_emit sequence=119 bytes=38 elapsed_us=2055 envelope=@J10000000002000000011964397|I422h700;
published_frame=241
editbox_emit sequence=120 bytes=38 elapsed_us=2008 envelope=@J10000000002000000012055081|I422j700;
editbox_emit sequence=121 bytes=49 elapsed_us=2495 envelope=@J10000000002000000012104095|I422l7o00O00OUO0020;
published_frame=242
published_frame=243
published_frame=244
published_frame=245
editbox_receipt monotonic_ns=578831255371195 received=116 consumed=111 revision=42
editbox_emit sequence=122 bytes=38 elapsed_us=2637 envelope=@J10000000002000000012210015|I422n700;
editbox_emit sequence=123 bytes=38 elapsed_us=2144 envelope=@J10000000002000000012353003|I422p700;
published_frame=246
editbox_emit sequence=124 bytes=38 elapsed_us=1997 envelope=@J10000000002000000012430470|I422r700;
published_frame=247
published_frame=248
editbox_emit sequence=125 bytes=38 elapsed_us=2477 envelope=@J10000000002000000012507937|I422t700;
published_frame=249
editbox_receipt monotonic_ns=578831332362299 received=116 consumed=116 revision=43
published_frame=250
editbox_emit sequence=126 bytes=38 elapsed_us=2441 envelope=@J10000000002000000012650925|I422v700;
published_frame=251
editbox_receipt monotonic_ns=578831364093403 received=116 consumed=116 revision=44
published_frame=252
editbox_emit sequence=127 bytes=38 elapsed_us=2809 envelope=@J10000000002000000012728392|I422x700;
published_frame=253
published_frame=254
editbox_emit sequence=128 bytes=38 elapsed_us=2463 envelope=@J10000000002000000012805859|I422z700;
published_frame=255
editbox_emit sequence=117 bytes=38 elapsed_us=2721 envelope=@J10000000002000000011743942|I422d700;
published_frame=256
published_frame=257
published_frame=258
published_frame=259
published_frame=260
published_frame=261
published_frame=262
published_frame=263
published_frame=264
published_frame=265
published_frame=266
published_frame=267
published_frame=268
published_frame=269
published_frame=270
published_frame=271
editbox_receipt monotonic_ns=578831697167627 received=116 consumed=116 revision=45
editbox_emit sequence=117 bytes=38 elapsed_us=2833 envelope=@J10000000002000000011743942|I422d700;
published_frame=272
published_frame=273
published_frame=274
published_frame=275
published_frame=276
published_frame=277
editbox_receipt monotonic_ns=578831803669362 received=128 consumed=122 revision=46
editbox_emit sequence=129 bytes=38 elapsed_us=2002 envelope=@J10000000002000000012948847|I422_700;
published_frame=278
editbox_emit sequence=130 bytes=38 elapsed_us=2110 envelope=@J10000000002000000013031662|I422X800;
editbox_emit sequence=131 bytes=38 elapsed_us=1984 envelope=@J10000000002000000013109129|I422Z800;
editbox_emit sequence=132 bytes=38 elapsed_us=1936 envelope=@J10000000002000000013252117|I422b800;
editbox_emit sequence=133 bytes=38 elapsed_us=2151 envelope=@J10000000002000000013329584|I422d800;
editbox_emit sequence=134 bytes=38 elapsed_us=1944 envelope=@J10000000002000000013407051|I422f800;
published_frame=279
editbox_emit sequence=135 bytes=38 elapsed_us=2017 envelope=@J10000000002000000013550039|I422h800;
editbox_emit sequence=136 bytes=38 elapsed_us=1914 envelope=@J10000000002000000013627506|I422j800;
editbox_emit sequence=137 bytes=38 elapsed_us=2207 envelope=@J10000000002000000013704973|I422l800;
editbox_receipt monotonic_ns=578831835457002 received=128 consumed=128 revision=47
editbox_emit sequence=138 bytes=38 elapsed_us=1937 envelope=@J10000000002000000013847961|I422n800;
published_frame=280
editbox_emit sequence=139 bytes=38 elapsed_us=2005 envelope=@J10000000002000000013925428|I422p800;
editbox_emit sequence=140 bytes=38 elapsed_us=1942 envelope=@J10000000002000000014016112|I422r800;
editbox_emit sequence=141 bytes=38 elapsed_us=1737 envelope=@J10000000002000000014159100|I422t800;
published_frame=281
editbox_receipt monotonic_ns=578831867331665 received=128 consumed=128 revision=48
published_frame=282
editbox_emit sequence=142 bytes=38 elapsed_us=1963 envelope=@J10000000002000000014236567|I422v800;
published_frame=283
event mono_ns=578831894131000 frame=284 held=16 pressed=16 released=0
editbox_receipt monotonic_ns=578831898029311 received=128 consumed=128 revision=49
event mono_ns=578831899346000 frame=284 held=0 pressed=0 released=16
published_frame=284
editbox_emit sequence=143 bytes=44 elapsed_us=2161 envelope=@J10000000002000000014330301|I422x80200G00G;
published_frame=285
published_frame=286
editbox_emit sequence=144 bytes=38 elapsed_us=2055 envelope=@J10000000002000000014457022|I422z800;
editbox_receipt monotonic_ns=578831942436542 received=128 consumed=128 revision=50
published_frame=287
published_frame=288
published_frame=289
published_frame=290
published_frame=291
published_frame=292
editbox_emit sequence=129 bytes=38 elapsed_us=2569 envelope=@J10000000002000000012948847|I422_700;
published_frame=293
published_frame=294
published_frame=295
published_frame=296
published_frame=297
published_frame=298
published_frame=299
published_frame=300
published_frame=301
published_frame=302
published_frame=303
published_frame=304
published_frame=305
published_frame=306
editbox_receipt monotonic_ns=578832284677393 received=144 consumed=133 revision=51
editbox_emit sequence=145 bytes=38 elapsed_us=2102 envelope=@J10000000002000000014534489|I422_800;
published_frame=307
editbox_emit sequence=146 bytes=38 elapsed_us=1848 envelope=@J10000000002000000014604087|I422X900;
editbox_emit sequence=147 bytes=38 elapsed_us=1948 envelope=@J10000000002000000014747075|I422Z900;
editbox_emit sequence=148 bytes=38 elapsed_us=2091 envelope=@J10000000002000000014824542|I422b900;
editbox_emit sequence=149 bytes=38 elapsed_us=1946 envelope=@J10000000002000000014902009|I422d900;
published_frame=308
published_frame=309
published_frame=310
published_frame=311
editbox_receipt monotonic_ns=578832369816583 received=144 consumed=139 revision=52
editbox_emit sequence=150 bytes=38 elapsed_us=2583 envelope=@J10000000002000000015058214|I422f900;
published_frame=312
editbox_emit sequence=151 bytes=38 elapsed_us=2725 envelope=@J10000000002000000015135681|I422h900;
editbox_emit sequence=152 bytes=38 elapsed_us=2289 envelope=@J10000000002000000015213148|I422j900;
editbox_emit sequence=153 bytes=38 elapsed_us=2346 envelope=@J10000000002000000015356136|I422l900;
editbox_emit sequence=154 bytes=38 elapsed_us=2194 envelope=@J10000000002000000015433603|I422n900;
published_frame=313
editbox_emit sequence=155 bytes=38 elapsed_us=2619 envelope=@J10000000002000000015511070|I422p900;
editbox_receipt monotonic_ns=578832403686177 received=144 consumed=144 revision=53
editbox_emit sequence=156 bytes=38 elapsed_us=2254 envelope=@J10000000002000000015654058|I422r900;
published_frame=314
editbox_emit sequence=157 bytes=38 elapsed_us=2828 envelope=@J10000000002000000015731525|I422t900;
editbox_emit sequence=158 bytes=38 elapsed_us=2636 envelope=@J10000000002000000015808992|I422v900;
published_frame=315
published_frame=316
editbox_emit sequence=159 bytes=38 elapsed_us=2756 envelope=@J10000000002000000015951980|I422x900;
published_frame=317
editbox_receipt monotonic_ns=578832459186076 received=144 consumed=144 revision=54
published_frame=318
editbox_emit sequence=160 bytes=38 elapsed_us=2660 envelope=@J10000000002000000016042664|I422z900;
published_frame=319
published_frame=320
published_frame=321
editbox_emit sequence=145 bytes=38 elapsed_us=2359 envelope=@J10000000002000000014534489|I422_800;
published_frame=322
published_frame=323
published_frame=324
published_frame=325
editbox_receipt monotonic_ns=578832588595270 received=144 consumed=144 revision=55
published_frame=326
published_frame=327
published_frame=328
event mono_ns=578832649572000 frame=329 held=16 pressed=16 released=0
event mono_ns=578832654938000 frame=330 held=0 pressed=0 released=16
published_frame=329
published_frame=330
published_frame=331
published_frame=332
published_frame=333
published_frame=334
published_frame=335
published_frame=336
editbox_emit sequence=145 bytes=38 elapsed_us=2306 envelope=@J10000000002000000014534489|I422_800;
published_frame=337
published_frame=338
published_frame=339
published_frame=340
published_frame=341
published_frame=342
published_frame=343
published_frame=344
editbox_receipt monotonic_ns=578832908395707 received=160 consumed=147 revision=56
editbox_emit sequence=161 bytes=38 elapsed_us=2679 envelope=@J10000000002000000016120131|I422_900;
editbox_emit sequence=162 bytes=38 elapsed_us=2172 envelope=@J10000000002000000016255250|I422XA00;
editbox_emit sequence=163 bytes=38 elapsed_us=2061 envelope=@J10000000002000000016332717|I422ZA00;
published_frame=345
published_frame=346
published_frame=347
published_frame=348
published_frame=349
editbox_receipt monotonic_ns=578832994386534 received=160 consumed=151 revision=57
editbox_emit sequence=164 bytes=38 elapsed_us=2039 envelope=@J10000000002000000016410184|I422bA00;
editbox_emit sequence=165 bytes=38 elapsed_us=2060 envelope=@J10000000002000000016553172|I422dA00;
editbox_emit sequence=166 bytes=53 elapsed_us=2744 envelope=@J10000000002000000016612701|I422fA300G00G000200000G;
published_frame=350
editbox_emit sequence=167 bytes=38 elapsed_us=1866 envelope=@J10000000002000000016708106|I422hA00;
published_frame=351
editbox_receipt monotonic_ns=578833037294043 received=160 consumed=157 revision=58
editbox_emit sequence=168 bytes=38 elapsed_us=1861 envelope=@J10000000002000000016851094|I422jA00;
published_frame=352
editbox_emit sequence=169 bytes=38 elapsed_us=1974 envelope=@J10000000002000000016928561|I422lA00;
editbox_emit sequence=170 bytes=38 elapsed_us=1844 envelope=@J10000000002000000017019245|I422nA00;
editbox_emit sequence=171 bytes=38 elapsed_us=1942 envelope=@J10000000002000000017162233|I422pA00;
editbox_emit sequence=172 bytes=38 elapsed_us=1774 envelope=@J10000000002000000017239700|I422rA00;
editbox_emit sequence=173 bytes=38 elapsed_us=1831 envelope=@J10000000002000000017317167|I422tA00;
published_frame=353
editbox_receipt monotonic_ns=578833069278312 received=160 consumed=160 revision=59
editbox_emit sequence=174 bytes=38 elapsed_us=1945 envelope=@J10000000002000000017460155|I422vA00;
published_frame=354
editbox_emit sequence=175 bytes=38 elapsed_us=1823 envelope=@J10000000002000000017537622|I422xA00;
editbox_emit sequence=176 bytes=38 elapsed_us=2107 envelope=@J10000000002000000017615089|I422zA00;
published_frame=355
editbox_receipt monotonic_ns=578833099967772 received=160 consumed=160 revision=60
published_frame=356
published_frame=357
editbox_receipt monotonic_ns=578833130510899 received=160 consumed=160 revision=61
published_frame=358
published_frame=359
editbox_emit sequence=161 bytes=38 elapsed_us=3139 envelope=@J10000000002000000016120131|I422_900;
published_frame=360
published_frame=361
published_frame=362
published_frame=363
published_frame=364
published_frame=365
published_frame=366
published_frame=367
published_frame=368
published_frame=369
published_frame=370
published_frame=371
published_frame=372
published_frame=373
published_frame=374
event mono_ns=578833405203000 frame=375 held=32 pressed=32 released=0
event mono_ns=578833410469000 frame=375 held=0 pressed=0 released=32
published_frame=375
editbox_receipt monotonic_ns=578833437145389 received=176 consumed=160 revision=62
published_frame=376
published_frame=377
published_frame=378
published_frame=379
published_frame=380
editbox_receipt monotonic_ns=578833511330051 received=176 consumed=161 revision=63
editbox_emit sequence=177 bytes=38 elapsed_us=2275 envelope=@J10000000002000000017758077|I422_A00;
published_frame=381
published_frame=382
published_frame=383
published_frame=384
published_frame=385
editbox_receipt monotonic_ns=578833594260210 received=176 consumed=167 revision=64
editbox_emit sequence=178 bytes=38 elapsed_us=2508 envelope=@J10000000002000000017827675|I422XB00;
editbox_emit sequence=179 bytes=38 elapsed_us=2439 envelope=@J10000000002000000017905142|I422ZB00;
editbox_emit sequence=180 bytes=38 elapsed_us=2495 envelope=@J10000000002000000018061347|I422bB00;
published_frame=386
editbox_emit sequence=181 bytes=38 elapsed_us=2249 envelope=@J10000000002000000018138814|I422dB00;
editbox_emit sequence=182 bytes=38 elapsed_us=2418 envelope=@J10000000002000000018216281|I422fB00;
editbox_emit sequence=183 bytes=38 elapsed_us=1826 envelope=@J10000000002000000018359269|I422hB00;
published_frame=387
published_frame=388
published_frame=389
published_frame=390
published_frame=391
published_frame=392
published_frame=393
editbox_receipt monotonic_ns=578833731295162 received=176 consumed=173 revision=65
editbox_emit sequence=184 bytes=38 elapsed_us=1915 envelope=@J10000000002000000018436736|I422jB00;
editbox_emit sequence=185 bytes=38 elapsed_us=1933 envelope=@J10000000002000000018514203|I422lB00;
editbox_emit sequence=186 bytes=38 elapsed_us=1782 envelope=@J10000000002000000018657191|I422nB00;
published_frame=394
editbox_emit sequence=187 bytes=38 elapsed_us=1966 envelope=@J10000000002000000018734658|I422pB00;
editbox_emit sequence=188 bytes=38 elapsed_us=1902 envelope=@J10000000002000000018812125|I422rB00;
editbox_emit sequence=189 bytes=44 elapsed_us=2622 envelope=@J10000000002000000018902575|I422tB200W00W0;
published_frame=395
editbox_emit sequence=177 bytes=38 elapsed_us=1956 envelope=@J10000000002000000017758077|I422_A00;
editbox_receipt monotonic_ns=578833765532375 received=176 consumed=176 revision=66
published_frame=396
published_frame=397
editbox_receipt monotonic_ns=578833796089207 received=176 consumed=176 revision=67
published_frame=398
published_frame=399
published_frame=400
published_frame=401
published_frame=402
published_frame=403
published_frame=404
published_frame=405
published_frame=406
published_frame=407
published_frame=408
published_frame=409
published_frame=410
editbox_emit sequence=177 bytes=38 elapsed_us=2525 envelope=@J10000000002000000017758077|I422_A00;
editbox_receipt monotonic_ns=578834017859582 received=189 consumed=176 revision=68
editbox_emit sequence=190 bytes=38 elapsed_us=2394 envelope=@J10000000002000000019045797|I422vB00;
published_frame=411
editbox_emit sequence=191 bytes=38 elapsed_us=2286 envelope=@J10000000002000000019123264|I422xB00;
editbox_emit sequence=192 bytes=38 elapsed_us=2261 envelope=@J10000000002000000019200731|I422zB00;
published_frame=412
published_frame=413
published_frame=414
published_frame=415
published_frame=416
editbox_receipt monotonic_ns=578834113760681 received=189 consumed=180 revision=69
editbox_emit sequence=193 bytes=38 elapsed_us=2487 envelope=@J10000000002000000019343719|I422_B00;
editbox_emit sequence=194 bytes=38 elapsed_us=2440 envelope=@J10000000002000000019413317|I422XC00;
published_frame=417
editbox_emit sequence=195 bytes=38 elapsed_us=2276 envelope=@J10000000002000000019556305|I422ZC00;
editbox_emit sequence=196 bytes=38 elapsed_us=1894 envelope=@J10000000002000000019633772|I422bC00;
published_frame=418
editbox_receipt monotonic_ns=578834146448268 received=189 consumed=186 revision=70
editbox_emit sequence=197 bytes=38 elapsed_us=2267 envelope=@J10000000002000000019711239|I422dC00;
editbox_emit sequence=198 bytes=38 elapsed_us=1783 envelope=@J10000000002000000019854227|I422fC00;
editbox_emit sequence=199 bytes=38 elapsed_us=1770 envelope=@J10000000002000000019931694|I422hC00;
published_frame=419
editbox_emit sequence=200 bytes=38 elapsed_us=2267 envelope=@J10000000002000000020063795|I422jC00;
editbox_emit sequence=201 bytes=38 elapsed_us=1968 envelope=@J10000000002000000020141262|I422lC00;
event mono_ns=578834160760000 frame=420 held=64 pressed=64 released=0
editbox_emit sequence=202 bytes=38 elapsed_us=1942 envelope=@J10000000002000000020218729|I422nC00;
event mono_ns=578834165905000 frame=420 held=0 pressed=0 released=64
published_frame=420
editbox_receipt monotonic_ns=578834182149055 received=189 consumed=189 revision=71
editbox_emit sequence=203 bytes=38 elapsed_us=1997 envelope=@J10000000002000000020361717|I422pC00;
editbox_emit sequence=204 bytes=38 elapsed_us=1840 envelope=@J10000000002000000020439184|I422rC00;
published_frame=421
editbox_emit sequence=205 bytes=38 elapsed_us=1861 envelope=@J10000000002000000020516651|I422tC00;
published_frame=422
published_frame=423
editbox_receipt monotonic_ns=578834233725417 received=189 consumed=189 revision=72
published_frame=424
published_frame=425
editbox_emit sequence=190 bytes=38 elapsed_us=2474 envelope=@J10000000002000000019045797|I422vB00;
published_frame=426
published_frame=427
published_frame=428
published_frame=429
published_frame=430
published_frame=431
published_frame=432
published_frame=433
published_frame=434
published_frame=435
published_frame=436
published_frame=437
published_frame=438
published_frame=439
published_frame=440
published_frame=441
editbox_receipt monotonic_ns=578834531159668 received=189 consumed=189 revision=73
editbox_emit sequence=190 bytes=38 elapsed_us=2427 envelope=@J10000000002000000019045797|I422vB00;
published_frame=442
published_frame=443
published_frame=444
published_frame=445
editbox_receipt monotonic_ns=578834604417862 received=205 consumed=192 revision=74
editbox_emit sequence=206 bytes=38 elapsed_us=2588 envelope=@J10000000002000000020659639|I422vC00;
published_frame=446
editbox_emit sequence=207 bytes=38 elapsed_us=2006 envelope=@J10000000002000000020737106|I422xC00;
editbox_emit sequence=208 bytes=38 elapsed_us=1940 envelope=@J10000000002000000020814573|I422zC00;
published_frame=447
published_frame=448
published_frame=449
published_frame=450
published_frame=451
published_frame=452
published_frame=453
published_frame=454
published_frame=455
published_frame=456
editbox_receipt monotonic_ns=578834771878159 received=205 consumed=198 revision=75
editbox_emit sequence=209 bytes=38 elapsed_us=1927 envelope=@J10000000002000000020957561|I422_C00;
editbox_emit sequence=210 bytes=38 elapsed_us=1889 envelope=@J10000000002000000021040376|I422XD00;
editbox_emit sequence=211 bytes=44 elapsed_us=2126 envelope=@J10000000002000000021156406|I422ZD02010010;
editbox_emit sequence=212 bytes=38 elapsed_us=1791 envelope=@J10000000002000000021260831|I422bD00;
editbox_emit sequence=213 bytes=38 elapsed_us=1968 envelope=@J10000000002000000021338298|I422dD00;
published_frame=457
editbox_emit sequence=214 bytes=38 elapsed_us=1786 envelope=@J10000000002000000021415765|I422fD00;
published_frame=458
editbox_receipt monotonic_ns=578834805706596 received=205 consumed=204 revision=76
editbox_emit sequence=215 bytes=38 elapsed_us=1890 envelope=@J10000000002000000021558753|I422hD00;
editbox_emit sequence=216 bytes=38 elapsed_us=1948 envelope=@J10000000002000000021636220|I422jD00;
editbox_emit sequence=217 bytes=38 elapsed_us=1849 envelope=@J10000000002000000021713687|I422lD00;
editbox_emit sequence=218 bytes=38 elapsed_us=1887 envelope=@J10000000002000000021856675|I422nD00;
editbox_emit sequence=219 bytes=38 elapsed_us=2090 envelope=@J10000000002000000021934142|I422pD00;
published_frame=459
editbox_emit sequence=220 bytes=38 elapsed_us=1844 envelope=@J10000000002000000022024826|I422rD00;
published_frame=460
editbox_receipt monotonic_ns=578834850552399 received=205 consumed=205 revision=77
editbox_emit sequence=221 bytes=38 elapsed_us=2273 envelope=@J10000000002000000022102293|I422tD00;
published_frame=461
editbox_emit sequence=206 bytes=38 elapsed_us=2559 envelope=@J10000000002000000020659639|I422vC00;
published_frame=462
editbox_receipt monotonic_ns=578834871400127 received=205 consumed=205 revision=78
published_frame=463
published_frame=464
event mono_ns=578834916215000 frame=465 held=256 pressed=256 released=0
event mono_ns=578834921410000 frame=466 held=0 pressed=0 released=256
published_frame=465
published_frame=466
published_frame=467
published_frame=468
published_frame=469
published_frame=470
published_frame=471
published_frame=472
published_frame=473
published_frame=474
published_frame=475
published_frame=476
editbox_emit sequence=206 bytes=38 elapsed_us=2769 envelope=@J10000000002000000020659639|I422vC00;
published_frame=477
published_frame=478
published_frame=479
published_frame=480
published_frame=481
published_frame=482
published_frame=483
published_frame=484
editbox_receipt monotonic_ns=578835253476736 received=221 consumed=208 revision=79
editbox_emit sequence=222 bytes=38 elapsed_us=2525 envelope=@J10000000002000000022245281|I422vD00;
published_frame=485
editbox_emit sequence=223 bytes=38 elapsed_us=2426 envelope=@J10000000002000000022322748|I422xD00;
editbox_emit sequence=224 bytes=38 elapsed_us=2262 envelope=@J10000000002000000022400215|I422zD00;
published_frame=486
published_frame=487
published_frame=488
published_frame=489
published_frame=490
editbox_receipt monotonic_ns=578835339150619 received=221 consumed=213 revision=80
editbox_emit sequence=225 bytes=38 elapsed_us=2468 envelope=@J10000000002000000022543203|I422_D00;
editbox_emit sequence=226 bytes=38 elapsed_us=2256 envelope=@J10000000002000000022612801|I422XE00;
editbox_emit sequence=227 bytes=38 elapsed_us=2256 envelope=@J10000000002000000022755789|I422ZE00;
editbox_emit sequence=228 bytes=38 elapsed_us=2259 envelope=@J10000000002000000022833256|I422bE00;
editbox_emit sequence=229 bytes=38 elapsed_us=2167 envelope=@J10000000002000000022910723|I422dE00;
published_frame=491
published_frame=492
editbox_receipt monotonic_ns=578835372308818 received=221 consumed=219 revision=81
editbox_emit sequence=230 bytes=38 elapsed_us=2277 envelope=@J10000000002000000023001407|I422fE00;
editbox_emit sequence=231 bytes=38 elapsed_us=2235 envelope=@J10000000002000000023144395|I422hE00;
editbox_emit sequence=232 bytes=38 elapsed_us=2618 envelope=@J10000000002000000023221862|I422jE00;
editbox_emit sequence=233 bytes=38 elapsed_us=2631 envelope=@J10000000002000000023364850|I422lE00;
published_frame=493
editbox_emit sequence=234 bytes=56 elapsed_us=3998 envelope=@J10000000002000000023452198|I422nEB040040000Fy02000040;
editbox_emit sequence=235 bytes=38 elapsed_us=2219 envelope=@J10000000002000000023519784|I422pE00;
published_frame=494
editbox_receipt monotonic_ns=578835408839902 received=221 consumed=221 revision=82
editbox_emit sequence=236 bytes=38 elapsed_us=2576 envelope=@J10000000002000000023662772|I422rE00;
editbox_emit sequence=237 bytes=38 elapsed_us=2758 envelope=@J10000000002000000023740239|I422tE00;
published_frame=495
published_frame=496
editbox_receipt monotonic_ns=578835442132734 received=221 consumed=221 revision=83
published_frame=497
published_frame=498
editbox_receipt monotonic_ns=578835475028170 received=221 consumed=221 revision=84
published_frame=499
editbox_emit sequence=222 bytes=38 elapsed_us=2356 envelope=@J10000000002000000022245281|I422vD00;
published_frame=500
published_frame=501
published_frame=502
published_frame=503
published_frame=504
published_frame=505
published_frame=506
published_frame=507
published_frame=508
published_frame=509
event mono_ns=578835671721000 frame=511 held=512 pressed=512 released=0
published_frame=510
event mono_ns=578835676904000 frame=511 held=0 pressed=0 released=512
published_frame=511
published_frame=512
published_frame=513
published_frame=514
published_frame=515
published_frame=516
published_frame=517
published_frame=518
published_frame=519
published_frame=520
published_frame=521
published_frame=522
published_frame=523
editbox_receipt monotonic_ns=578835902980854 received=221 consumed=221 revision=85
editbox_emit sequence=222 bytes=38 elapsed_us=3022 envelope=@J10000000002000000022245281|I422vD00;
published_frame=524
published_frame=525
published_frame=526
published_frame=527
editbox_receipt monotonic_ns=578835969350933 received=237 consumed=221 revision=86
published_frame=528
published_frame=529
published_frame=530
published_frame=531
published_frame=532
published_frame=533
published_frame=534
editbox_receipt monotonic_ns=578836076741053 received=237 consumed=226 revision=87
editbox_emit sequence=238 bytes=38 elapsed_us=2407 envelope=@J10000000002000000023817706|I422vE00;
editbox_emit sequence=239 bytes=38 elapsed_us=2672 envelope=@J10000000002000000023960694|I422xE00;
editbox_emit sequence=240 bytes=38 elapsed_us=2313 envelope=@J10000000002000000024051378|I422zE00;
published_frame=535
editbox_emit sequence=241 bytes=38 elapsed_us=2521 envelope=@J10000000002000000024128845|I422_E00;
editbox_emit sequence=242 bytes=38 elapsed_us=2421 envelope=@J10000000002000000024263964|I422XF00;
published_frame=536
editbox_receipt monotonic_ns=578836109178671 received=237 consumed=232 revision=88
editbox_emit sequence=243 bytes=38 elapsed_us=2524 envelope=@J10000000002000000024341431|I422ZF00;
editbox_emit sequence=244 bytes=38 elapsed_us=2401 envelope=@J10000000002000000024418898|I422bF00;
editbox_emit sequence=245 bytes=38 elapsed_us=2144 envelope=@J10000000002000000024561886|I422dF00;
editbox_emit sequence=246 bytes=38 elapsed_us=2028 envelope=@J10000000002000000024639353|I422fF00;
published_frame=537
editbox_emit sequence=247 bytes=38 elapsed_us=1971 envelope=@J10000000002000000024716820|I422hF00;
editbox_emit sequence=248 bytes=38 elapsed_us=2272 envelope=@J10000000002000000024859808|I422jF00;
published_frame=538
published_frame=539
editbox_receipt monotonic_ns=578836164484626 received=237 consumed=237 revision=89
editbox_emit sequence=249 bytes=38 elapsed_us=2148 envelope=@J10000000002000000024937275|I422lF00;
editbox_emit sequence=250 bytes=38 elapsed_us=1995 envelope=@J10000000002000000025027959|I422nF00;
published_frame=540
editbox_emit sequence=251 bytes=38 elapsed_us=2531 envelope=@J10000000002000000025105426|I422pF00;
editbox_emit sequence=252 bytes=38 elapsed_us=1922 envelope=@J10000000002000000025248414|I422rF00;
editbox_emit sequence=253 bytes=38 elapsed_us=2064 envelope=@J10000000002000000025325881|I422tF00;
published_frame=541
published_frame=542
editbox_receipt monotonic_ns=578836209718507 received=237 consumed=237 revision=90
published_frame=543
published_frame=544
editbox_receipt monotonic_ns=578836242812686 received=237 consumed=237 revision=91
published_frame=545
published_frame=546
editbox_receipt monotonic_ns=578836275368947 received=237 consumed=237 revision=92
published_frame=547
published_frame=548
published_frame=549
editbox_emit sequence=238 bytes=38 elapsed_us=3354 envelope=@J10000000002000000023817706|I422vE00;
published_frame=550
published_frame=551
published_frame=552
published_frame=553
published_frame=554
published_frame=555
event mono_ns=578836427205000 frame=556 held=128 pressed=128 released=0
event mono_ns=578836432494000 frame=556 held=0 pressed=0 released=128
published_frame=556
published_frame=557
published_frame=558
published_frame=559
published_frame=560
published_frame=561
published_frame=562
published_frame=563
published_frame=564
published_frame=565
published_frame=566
published_frame=567
editbox_receipt monotonic_ns=578836636218636 received=253 consumed=237 revision=93
published_frame=568
published_frame=569
published_frame=570
published_frame=571
published_frame=572
published_frame=573
published_frame=574
editbox_receipt monotonic_ns=578836743037575 received=253 consumed=242 revision=94
editbox_emit sequence=254 bytes=38 elapsed_us=2454 envelope=@J10000000002000000025403348|I422vF00;
editbox_emit sequence=255 bytes=38 elapsed_us=2182 envelope=@J10000000002000000025546336|I422xF00;
editbox_emit sequence=256 bytes=38 elapsed_us=2027 envelope=@J10000000002000000025623803|I422zF00;
editbox_emit sequence=257 bytes=44 elapsed_us=2507 envelope=@J10000000002000000025751039|I422_F20800800;
published_frame=575
editbox_emit sequence=258 bytes=38 elapsed_us=2174 envelope=@J10000000002000000025836389|I422XG00;
published_frame=576
published_frame=577
published_frame=578
published_frame=579
published_frame=580
published_frame=581
published_frame=582
published_frame=583
editbox_receipt monotonic_ns=578836893861129 received=253 consumed=248 revision=95
editbox_emit sequence=259 bytes=38 elapsed_us=2313 envelope=@J10000000002000000025913856|I422ZG00;
editbox_emit sequence=260 bytes=38 elapsed_us=1974 envelope=@J10000000002000000026004540|I422bG00;
editbox_emit sequence=261 bytes=38 elapsed_us=1844 envelope=@J10000000002000000026147528|I422dG00;
editbox_emit sequence=262 bytes=38 elapsed_us=1782 envelope=@J10000000002000000026224995|I422fG00;
published_frame=584
editbox_emit sequence=263 bytes=38 elapsed_us=2514 envelope=@J10000000002000000026302462|I422hG00;
editbox_emit sequence=264 bytes=38 elapsed_us=1881 envelope=@J10000000002000000026445450|I422jG00;
published_frame=585
published_frame=586
editbox_receipt monotonic_ns=578836947026691 received=253 consumed=253 revision=96
editbox_emit sequence=265 bytes=38 elapsed_us=2046 envelope=@J10000000002000000026522917|I422lG00;
editbox_emit sequence=266 bytes=38 elapsed_us=2026 envelope=@J10000000002000000026600384|I422nG00;
editbox_emit sequence=267 bytes=38 elapsed_us=1976 envelope=@J10000000002000000026743372|I422pG00;
published_frame=587
editbox_emit sequence=268 bytes=38 elapsed_us=2081 envelope=@J10000000002000000026820839|I422rG00;
editbox_emit sequence=269 bytes=38 elapsed_us=2052 envelope=@J10000000002000000026963827|I422tG00;
published_frame=588
published_frame=589
editbox_receipt monotonic_ns=578836989748702 received=253 consumed=253 revision=97
editbox_emit sequence=254 bytes=38 elapsed_us=2396 envelope=@J10000000002000000025403348|I422vF00;
published_frame=590
published_frame=591
editbox_receipt monotonic_ns=578837021905373 received=253 consumed=253 revision=98
published_frame=592
published_frame=593
published_frame=594
published_frame=595
published_frame=596
published_frame=597
published_frame=598
published_frame=599
published_frame=600
event mono_ns=578837182846000 frame=601 held=16384 pressed=16384 released=0
event mono_ns=578837188062000 frame=602 held=0 pressed=0 released=16384
published_frame=601
published_frame=602
published_frame=603
published_frame=604
editbox_emit sequence=254 bytes=38 elapsed_us=1962 envelope=@J10000000002000000025403348|I422vF00;
published_frame=605
published_frame=606
published_frame=607
published_frame=608
published_frame=609
published_frame=610
editbox_receipt monotonic_ns=578837353825581 received=269 consumed=253 revision=99
published_frame=611
published_frame=612
published_frame=613
published_frame=614
published_frame=615
published_frame=616
editbox_receipt monotonic_ns=578837448814519 received=269 consumed=255 revision=100
editbox_emit sequence=270 bytes=38 elapsed_us=2764 envelope=@J10000000002000000027054511|I422vG00;
editbox_emit sequence=271 bytes=38 elapsed_us=2482 envelope=@J10000000002000000027131978|I422xG00;
published_frame=617
published_frame=618
published_frame=619
published_frame=620
published_frame=621
editbox_receipt monotonic_ns=578837523395764 received=269 consumed=261 revision=101
editbox_emit sequence=272 bytes=38 elapsed_us=2747 envelope=@J10000000002000000027209445|I422zG00;
editbox_emit sequence=273 bytes=38 elapsed_us=2810 envelope=@J10000000002000000027352433|I422_G00;
editbox_emit sequence=274 bytes=38 elapsed_us=2127 envelope=@J10000000002000000027422031|I422XH00;
editbox_emit sequence=275 bytes=38 elapsed_us=1963 envelope=@J10000000002000000027565019|I422ZH00;
published_frame=622
editbox_emit sequence=276 bytes=38 elapsed_us=4315 envelope=@J10000000002000000027642486|I422bH00;
editbox_emit sequence=277 bytes=38 elapsed_us=1998 envelope=@J10000000002000000027719953|I422dH00;
published_frame=623
editbox_receipt monotonic_ns=578837559459020 received=269 consumed=267 revision=102
editbox_emit sequence=278 bytes=38 elapsed_us=2298 envelope=@J10000000002000000027862941|I422fH00;
editbox_emit sequence=279 bytes=44 elapsed_us=2415 envelope=@J10000000002000000027900744|I422hH02020020;
editbox_emit sequence=280 bytes=38 elapsed_us=2058 envelope=@J10000000002000000028031092|I422jH00;
editbox_emit sequence=281 bytes=38 elapsed_us=2173 envelope=@J10000000002000000028108559|I422lH00;
published_frame=624
editbox_emit sequence=282 bytes=38 elapsed_us=2084 envelope=@J10000000002000000028251547|I422nH00;
editbox_emit sequence=283 bytes=38 elapsed_us=2554 envelope=@J10000000002000000028329014|I422pH00;
published_frame=625
editbox_receipt monotonic_ns=578837603685061 received=269 consumed=269 revision=103
editbox_emit sequence=284 bytes=38 elapsed_us=2233 envelope=@J10000000002000000028406481|I422rH00;
published_frame=626
editbox_emit sequence=285 bytes=38 elapsed_us=2222 envelope=@J10000000002000000028549469|I422tH00;
published_frame=627
published_frame=628
editbox_receipt monotonic_ns=578837646133349 received=269 consumed=269 revision=104
published_frame=629
published_frame=630
published_frame=631
editbox_emit sequence=270 bytes=38 elapsed_us=1916 envelope=@J10000000002000000027054511|I422vG00;
published_frame=632
published_frame=633
published_frame=634
published_frame=635
published_frame=636
editbox_receipt monotonic_ns=578837785729853 received=269 consumed=269 revision=105
published_frame=637
published_frame=638
published_frame=639
editbox_receipt monotonic_ns=578837829537970 received=269 consumed=269 revision=106
published_frame=640
published_frame=641
published_frame=642
published_frame=643
published_frame=644
published_frame=645
published_frame=646
event mono_ns=578837938343000 frame=647 held=1 pressed=1 released=0
event mono_ns=578837943591000 frame=647 held=0 pressed=0 released=1
editbox_emit sequence=270 bytes=38 elapsed_us=2742 envelope=@J10000000002000000027054511|I422vG00;
published_frame=647
published_frame=648
published_frame=649
event mono_ns=578837988845000 frame=650 held=2 pressed=2 released=0
event mono_ns=578837994133000 frame=650 held=0 pressed=0 released=2
published_frame=650
published_frame=651
published_frame=652
event mono_ns=578838039382000 frame=653 held=4 pressed=4 released=0
event mono_ns=578838044529000 frame=653 held=0 pressed=0 released=4
published_frame=653
published_frame=654
published_frame=655
event mono_ns=578838089767000 frame=656 held=24 pressed=24 released=0
event mono_ns=578838094981000 frame=656 held=0 pressed=0 released=24
published_frame=656
published_frame=657
published_frame=658
event mono_ns=578838140484000 frame=659 held=16 pressed=16 released=0
event mono_ns=578838145697000 frame=659 held=0 pressed=0 released=16
published_frame=659
published_frame=660
editbox_receipt monotonic_ns=578838185427358 received=285 consumed=269 revision=107
published_frame=661
event mono_ns=578838190937000 frame=662 held=16 pressed=16 released=0
event mono_ns=578838196104000 frame=662 held=0 pressed=0 released=16
published_frame=662
published_frame=663
published_frame=664
event mono_ns=578838241298000 frame=665 held=32 pressed=32 released=0
event mono_ns=578838246516000 frame=665 held=0 pressed=0 released=32
published_frame=665
published_frame=666
published_frame=667
event mono_ns=578838291738000 frame=668 held=64 pressed=64 released=0
editbox_receipt monotonic_ns=578838294077470 received=285 consumed=275 revision=108
editbox_emit sequence=286 bytes=38 elapsed_us=2202 envelope=@J10000000002000000028626936|I422vH00;
event mono_ns=578838296938000 frame=668 held=0 pressed=0 released=64
editbox_emit sequence=287 bytes=38 elapsed_us=1996 envelope=@J10000000002000000028704403|I422xH00;
editbox_emit sequence=288 bytes=38 elapsed_us=1874 envelope=@J10000000002000000028847391|I422zH00;
editbox_emit sequence=289 bytes=38 elapsed_us=1884 envelope=@J10000000002000000028924858|I422_H00;
published_frame=668
editbox_emit sequence=290 bytes=38 elapsed_us=1967 envelope=@J10000000002000000029007673|I422XI00;
editbox_emit sequence=291 bytes=38 elapsed_us=2067 envelope=@J10000000002000000029150661|I422ZI00;
published_frame=669
editbox_receipt monotonic_ns=578838325342810 received=285 consumed=281 revision=109
editbox_emit sequence=292 bytes=38 elapsed_us=2232 envelope=@J10000000002000000029228128|I422bI00;
editbox_emit sequence=293 bytes=38 elapsed_us=2213 envelope=@J10000000002000000029305595|I422dI00;
editbox_emit sequence=294 bytes=38 elapsed_us=1816 envelope=@J10000000002000000029448583|I422fI00;
editbox_emit sequence=295 bytes=38 elapsed_us=1797 envelope=@J10000000002000000029526050|I422hI00;
published_frame=670
editbox_emit sequence=296 bytes=38 elapsed_us=1909 envelope=@J10000000002000000029603517|I422jI00;
event mono_ns=578838342122000 frame=671 held=256 pressed=256 released=0
editbox_emit sequence=297 bytes=38 elapsed_us=2324 envelope=@J10000000002000000029746505|I422lI00;
event mono_ns=578838347282000 frame=671 held=0 pressed=0 released=256
published_frame=671
editbox_receipt monotonic_ns=578838367296340 received=285 consumed=285 revision=110
editbox_emit sequence=298 bytes=38 elapsed_us=2071 envelope=@J10000000002000000029823972|I422nI00;
editbox_emit sequence=299 bytes=38 elapsed_us=1858 envelope=@J10000000002000000029901439|I422pI00;
published_frame=672
editbox_emit sequence=300 bytes=38 elapsed_us=2023 envelope=@J10000000002000000030033540|I422rI00;
editbox_emit sequence=301 bytes=38 elapsed_us=2355 envelope=@J10000000002000000030111007|I422tI00;
published_frame=673
event mono_ns=578838392590000 frame=674 held=512 pressed=512 released=0
event mono_ns=578838397773000 frame=674 held=0 pressed=0 released=512
editbox_receipt monotonic_ns=578838399521911 received=285 consumed=285 revision=111
published_frame=674
published_frame=675
published_frame=676
editbox_receipt monotonic_ns=578838442239614 received=285 consumed=285 revision=112
event mono_ns=578838443039000 frame=677 held=128 pressed=128 released=0
event mono_ns=578838448203000 frame=677 held=0 pressed=0 released=128
published_frame=677
published_frame=678
editbox_receipt monotonic_ns=578838474480844 received=285 consumed=285 revision=113
published_frame=679
event mono_ns=578838493504000 frame=680 held=16384 pressed=16384 released=0
event mono_ns=578838498646000 frame=680 held=0 pressed=0 released=16384
published_frame=680
editbox_receipt monotonic_ns=578838517617522 received=285 consumed=285 revision=114
published_frame=681
published_frame=682
event mono_ns=578838543904000 frame=683 held=32 pressed=32 released=0
event mono_ns=578838543984000 frame=683 held=96 pressed=64 released=0
editbox_emit sequence=286 bytes=38 elapsed_us=2878 envelope=@J10000000002000000028626936|I422vH00;
event mono_ns=578838549272000 frame=683 held=64 pressed=0 released=32
event mono_ns=578838549315000 frame=683 held=0 pressed=0 released=64
published_frame=683
published_frame=684
published_frame=685
event mono_ns=578838594533000 frame=686 held=1 pressed=1 released=0
event mono_ns=578838599767000 frame=686 held=0 pressed=0 released=1
published_frame=686
published_frame=687
published_frame=688
event mono_ns=578838644976000 frame=689 held=2 pressed=2 released=0
event mono_ns=578838650162000 frame=689 held=0 pressed=0 released=2
published_frame=689
published_frame=690
published_frame=691
event mono_ns=578838695355000 frame=692 held=4 pressed=4 released=0
event mono_ns=578838700547000 frame=692 held=0 pressed=0 released=4
published_frame=692
published_frame=693
published_frame=694
event mono_ns=578838745820000 frame=695 held=24 pressed=24 released=0
event mono_ns=578838751042000 frame=695 held=0 pressed=0 released=24
published_frame=695
published_frame=696
published_frame=697
event mono_ns=578838796399000 frame=698 held=16 pressed=16 released=0
event mono_ns=578838801670000 frame=698 held=0 pressed=0 released=16
published_frame=698
published_frame=699
published_frame=700
event mono_ns=578838847003000 frame=701 held=16 pressed=16 released=0
event mono_ns=578838852314000 frame=701 held=0 pressed=0 released=16
published_frame=701
published_frame=702
published_frame=703
event mono_ns=578838897769000 frame=704 held=32 pressed=32 released=0
event mono_ns=578838902941000 frame=704 held=0 pressed=0 released=32
published_frame=704
published_frame=705
published_frame=706
event mono_ns=578838948338000 frame=707 held=64 pressed=64 released=0
event mono_ns=578838953447000 frame=707 held=0 pressed=0 released=64
published_frame=707
editbox_receipt monotonic_ns=578838954852317 received=301 consumed=285 revision=115
published_frame=708
published_frame=709
event mono_ns=578838998642000 frame=710 held=256 pressed=256 released=0
event mono_ns=578839003802000 frame=710 held=0 pressed=0 released=256
published_frame=710
published_frame=711
published_frame=712
event mono_ns=578839049118000 frame=713 held=512 pressed=512 released=0
editbox_receipt monotonic_ns=578839051882692 received=301 consumed=291 revision=116
editbox_emit sequence=302 bytes=53 elapsed_us=3944 envelope=@J10000000002000000030244245|I422vI34004000002000400;
event mono_ns=578839054340000 frame=713 held=0 pressed=0 released=512
published_frame=713
editbox_emit sequence=303 bytes=38 elapsed_us=2992 envelope=@J10000000002000000030331462|I422xI00;
editbox_emit sequence=304 bytes=38 elapsed_us=2143 envelope=@J10000000002000000030408929|I422zI00;
editbox_emit sequence=305 bytes=38 elapsed_us=2064 envelope=@J10000000002000000030551917|I422_I00;
editbox_emit sequence=306 bytes=38 elapsed_us=2035 envelope=@J10000000002000000030621515|I422XJ00;
published_frame=714
editbox_emit sequence=307 bytes=38 elapsed_us=2477 envelope=@J10000000002000000030764503|I422ZJ00;
editbox_receipt monotonic_ns=578839083532484 received=301 consumed=297 revision=117
editbox_emit sequence=308 bytes=38 elapsed_us=2139 envelope=@J10000000002000000030841970|I422bJ00;
editbox_emit sequence=309 bytes=38 elapsed_us=2089 envelope=@J10000000002000000030919437|I422dJ00;
published_frame=715
editbox_emit sequence=310 bytes=38 elapsed_us=2101 envelope=@J10000000002000000031010121|I422fJ00;
editbox_emit sequence=311 bytes=38 elapsed_us=2117 envelope=@J10000000002000000031153109|I422hJ00;
editbox_emit sequence=312 bytes=38 elapsed_us=2110 envelope=@J10000000002000000031230576|I422jJ00;
event mono_ns=578839099546000 frame=716 held=128 pressed=128 released=0
editbox_emit sequence=313 bytes=38 elapsed_us=2423 envelope=@J10000000002000000031308043|I422lJ00;
event mono_ns=578839104686000 frame=717 held=0 pressed=0 released=128
published_frame=716
editbox_receipt monotonic_ns=578839117390264 received=301 consumed=301 revision=118
editbox_emit sequence=314 bytes=38 elapsed_us=2152 envelope=@J10000000002000000031451031|I422nJ00;
editbox_emit sequence=315 bytes=38 elapsed_us=1831 envelope=@J10000000002000000031528498|I422pJ00;
published_frame=717
editbox_emit sequence=316 bytes=38 elapsed_us=2183 envelope=@J10000000002000000031605965|I422rJ00;
editbox_emit sequence=317 bytes=38 elapsed_us=2302 envelope=@J10000000002000000031748953|I422tJ00;
published_frame=718
event mono_ns=578839149951000 frame=719 held=16384 pressed=16384 released=0
editbox_receipt monotonic_ns=578839150166387 received=301 consumed=301 revision=119
event mono_ns=578839155049000 frame=720 held=0 pressed=0 released=16384
published_frame=719
published_frame=720
editbox_receipt monotonic_ns=578839181702956 received=301 consumed=301 revision=120
published_frame=721
event mono_ns=578839200355000 frame=722 held=32 pressed=32 released=0
event mono_ns=578839200616000 frame=722 held=96 pressed=64 released=0
published_frame=722
event mono_ns=578839205780000 frame=723 held=64 pressed=0 released=32
event mono_ns=578839205871000 frame=723 held=0 pressed=0 released=64
published_frame=723
published_frame=724
event mono_ns=578839251054000 frame=725 held=1 pressed=1 released=0
published_frame=725
event mono_ns=578839256300000 frame=726 held=0 pressed=0 released=1
published_frame=726
published_frame=727
event mono_ns=578839301467000 frame=728 held=2 pressed=2 released=0
editbox_emit sequence=302 bytes=53 elapsed_us=4840 envelope=@J10000000002000000030244245|I422vI34004000002000400;
event mono_ns=578839306724000 frame=729 held=0 pressed=0 released=2
published_frame=728
published_frame=729
published_frame=730
event mono_ns=578839352043000 frame=731 held=4 pressed=4 released=0
published_frame=731
event mono_ns=578839357271000 frame=732 held=0 pressed=0 released=4
published_frame=732
published_frame=733
event mono_ns=578839402679000 frame=734 held=24 pressed=24 released=0
published_frame=734
event mono_ns=578839407821000 frame=735 held=0 pressed=0 released=24
published_frame=735
published_frame=736
event mono_ns=578839453191000 frame=737 held=16 pressed=16 released=0
published_frame=737
event mono_ns=578839458347000 frame=738 held=0 pressed=0 released=16
published_frame=738
published_frame=739
event mono_ns=578839503618000 frame=740 held=16 pressed=16 released=0
editbox_receipt monotonic_ns=578839504345488 received=317 consumed=301 revision=121
published_frame=740
event mono_ns=578839508818000 frame=741 held=0 pressed=0 released=16
published_frame=741
published_frame=742
event mono_ns=578839554131000 frame=743 held=32 pressed=32 released=0
published_frame=743
event mono_ns=578839559418000 frame=744 held=0 pressed=0 released=32
published_frame=744
published_frame=745
event mono_ns=578839604628000 frame=747 held=64 pressed=64 released=0
published_frame=746
event mono_ns=578839609866000 frame=747 held=0 pressed=0 released=64
published_frame=747
editbox_receipt monotonic_ns=578839622085302 received=317 consumed=304 revision=122
editbox_emit sequence=318 bytes=38 elapsed_us=4142 envelope=@J10000000002000000031826420|I422vJ00;
editbox_emit sequence=319 bytes=38 elapsed_us=2480 envelope=@J10000000002000000031903887|I422xJ00;
editbox_emit sequence=320 bytes=38 elapsed_us=2489 envelope=@J10000000002000000032060092|I422zJ00;
published_frame=748
event mono_ns=578839655193000 frame=750 held=256 pressed=256 released=0
published_frame=749
event mono_ns=578839660372000 frame=750 held=0 pressed=0 released=256
published_frame=750
editbox_receipt monotonic_ns=578839678137697 received=317 consumed=310 revision=123
editbox_emit sequence=321 bytes=38 elapsed_us=2901 envelope=@J10000000002000000032137559|I422_J00;
editbox_emit sequence=322 bytes=38 elapsed_us=2295 envelope=@J10000000002000000032207157|I422XK00;
editbox_emit sequence=323 bytes=38 elapsed_us=2285 envelope=@J10000000002000000032350145|I422ZK00;
published_frame=751
editbox_emit sequence=324 bytes=38 elapsed_us=2339 envelope=@J10000000002000000032427612|I422bK00;
editbox_emit sequence=325 bytes=49 elapsed_us=2895 envelope=@J10000000002000000032541286|I422dKo0010011H03_0;
editbox_emit sequence=326 bytes=49 elapsed_us=2793 envelope=@J10000000002000000032663056|I422fK0o0020022Y07-;
published_frame=752
event mono_ns=578839705644000 frame=753 held=512 pressed=512 released=0
event mono_ns=578839710866000 frame=753 held=0 pressed=0 released=512
editbox_receipt monotonic_ns=578839712946490 received=317 consumed=316 revision=124
editbox_emit sequence=327 bytes=38 elapsed_us=2326 envelope=@J10000000002000000032725534|I422hK00;
editbox_emit sequence=328 bytes=49 elapsed_us=2840 envelope=@J10000000002000000032860551|I422jKo004004FC0010;
editbox_emit sequence=329 bytes=49 elapsed_us=3301 envelope=@J10000000002000000032953658|I422lK0o00O00OUO002;
published_frame=753
editbox_emit sequence=330 bytes=38 elapsed_us=2351 envelope=@J10000000002000000033036673|I422nK00;
editbox_emit sequence=331 bytes=44 elapsed_us=2915 envelope=@J10000000002000000033133826|I422pK200G00G0;
editbox_emit sequence=332 bytes=44 elapsed_us=2602 envelope=@J10000000002000000033228611|I422rK0200G00G;
published_frame=754
published_frame=755
event mono_ns=578839756135000 frame=756 held=128 pressed=128 released=0
event mono_ns=578839761428000 frame=756 held=0 pressed=0 released=128
published_frame=756
published_frame=757
published_frame=758
event mono_ns=578839806609000 frame=759 held=16384 pressed=16384 released=0
event mono_ns=578839811925000 frame=759 held=0 pressed=0 released=16384
published_frame=759
published_frame=760
published_frame=761
event mono_ns=578839857303000 frame=762 held=32 pressed=32 released=0
event mono_ns=578839857387000 frame=762 held=96 pressed=64 released=0
event mono_ns=578839862631000 frame=762 held=64 pressed=0 released=32
event mono_ns=578839862788000 frame=762 held=0 pressed=0 released=64
editbox_receipt monotonic_ns=578839867402895 received=317 consumed=317 revision=125
editbox_emit sequence=333 bytes=38 elapsed_us=2097 envelope=@J10000000002000000033334595|I422tK00;
published_frame=762
editbox_emit sequence=318 bytes=38 elapsed_us=1783 envelope=@J10000000002000000031826420|I422vJ00;
published_frame=763
editbox_receipt monotonic_ns=578839898778272 received=317 consumed=317 revision=126
published_frame=764
event mono_ns=578839908062000 frame=765 held=1 pressed=1 released=0
event mono_ns=578839913181000 frame=765 held=0 pressed=0 released=1
published_frame=765
editbox_receipt monotonic_ns=578839930785073 received=317 consumed=317 revision=127
published_frame=766
published_frame=767
event mono_ns=578839958525000 frame=768 held=2 pressed=2 released=0
event mono_ns=578839963706000 frame=768 held=0 pressed=0 released=2
published_frame=768
published_frame=769
published_frame=770
event mono_ns=578840008998000 frame=771 held=4 pressed=4 released=0
event mono_ns=578840014160000 frame=771 held=0 pressed=0 released=4
published_frame=771
published_frame=772
published_frame=773
event mono_ns=578840059479000 frame=774 held=24 pressed=24 released=0
event mono_ns=578840064683000 frame=774 held=0 pressed=0 released=24
published_frame=774
published_frame=775
published_frame=776
event mono_ns=578840109996000 frame=777 held=16 pressed=16 released=0
event mono_ns=578840115224000 frame=777 held=0 pressed=0 released=16
published_frame=777
editbox_emit sequence=318 bytes=38 elapsed_us=2203 envelope=@J10000000002000000031826420|I422vJ00;
published_frame=778
published_frame=779
event mono_ns=578840160501000 frame=780 held=16 pressed=16 released=0
event mono_ns=578840165715000 frame=780 held=0 pressed=0 released=16
published_frame=780
published_frame=781
published_frame=782
event mono_ns=578840211085000 frame=783 held=32 pressed=32 released=0
event mono_ns=578840216254000 frame=783 held=0 pressed=0 released=32
published_frame=783
published_frame=784
published_frame=785
event mono_ns=578840261698000 frame=786 held=64 pressed=64 released=0
event mono_ns=578840266947000 frame=786 held=0 pressed=0 released=64
published_frame=786
published_frame=787
published_frame=788
event mono_ns=578840312319000 frame=789 held=256 pressed=256 released=0
event mono_ns=578840317473000 frame=789 held=0 pressed=0 released=256
editbox_receipt monotonic_ns=578840320695016 received=333 consumed=317 revision=128
published_frame=789
published_frame=790
published_frame=791
event mono_ns=578840362773000 frame=792 held=512 pressed=512 released=0
event mono_ns=578840367961000 frame=792 held=0 pressed=0 released=512
published_frame=792
published_frame=793
published_frame=794
event mono_ns=578840413304000 frame=795 held=128 pressed=128 released=0
editbox_receipt monotonic_ns=578840416806238 received=333 consumed=320 revision=129
editbox_emit sequence=334 bytes=44 elapsed_us=3337 envelope=@J10000000002000000033448690|I422vK200W00W0;
event mono_ns=578840418436000 frame=795 held=0 pressed=0 released=128
published_frame=795
editbox_emit sequence=335 bytes=44 elapsed_us=3334 envelope=@J10000000002000000033515793|I422xK02010010;
editbox_emit sequence=336 bytes=38 elapsed_us=2672 envelope=@J10000000002000000033632517|I422zK00;
published_frame=796
published_frame=797
editbox_receipt monotonic_ns=578840463631291 received=333 consumed=326 revision=130
editbox_emit sequence=337 bytes=44 elapsed_us=2822 envelope=@J10000000002000000033744529|I422_K20400400;
event mono_ns=578840463692000 frame=798 held=16384 pressed=16384 released=0
editbox_emit sequence=338 bytes=44 elapsed_us=2546 envelope=@J10000000002000000033803939|I422XL02080080;
event mono_ns=578840468815000 frame=798 held=0 pressed=0 released=16384
published_frame=798
editbox_emit sequence=339 bytes=38 elapsed_us=2816 envelope=@J10000000002000000033922570|I422ZL00;
editbox_emit sequence=340 bytes=44 elapsed_us=2404 envelope=@J10000000002000000034051917|I422bL20200200;
editbox_emit sequence=341 bytes=44 elapsed_us=2818 envelope=@J10000000002000000034135622|I422dL02400400;
editbox_emit sequence=342 bytes=38 elapsed_us=2573 envelope=@J10000000002000000034233709|I422fL00;
published_frame=799
published_frame=800
editbox_receipt monotonic_ns=578840512312806 received=333 consumed=332 revision=131
editbox_emit sequence=343 bytes=44 elapsed_us=3012 envelope=@J10000000002000000034335613|I422hL201W01W0;
event mono_ns=578840514073000 frame=801 held=32 pressed=32 released=0
event mono_ns=578840514166000 frame=801 held=96 pressed=64 released=0
editbox_emit sequence=344 bytes=49 elapsed_us=2531 envelope=@J10000000002000000034432991|I422jL0o0010011H03_;
event mono_ns=578840519470000 frame=801 held=64 pressed=0 released=32
event mono_ns=578840519579000 frame=801 held=0 pressed=0 released=64
editbox_emit sequence=345 bytes=38 elapsed_us=1990 envelope=@J10000000002000000034531631|I422lL00;
published_frame=801
editbox_emit sequence=346 bytes=49 elapsed_us=2473 envelope=@J10000000002000000034623248|I422nLo0020022Y07-0;
editbox_emit sequence=347 bytes=49 elapsed_us=2407 envelope=@J10000000002000000034752501|I422pL0o004004FC001;
editbox_emit sequence=348 bytes=38 elapsed_us=1939 envelope=@J10000000002000000034829553|I422rL00;
published_frame=802
published_frame=803
editbox_receipt monotonic_ns=578840556515102 received=333 consumed=333 revision=132
editbox_emit sequence=349 bytes=49 elapsed_us=2666 envelope=@J10000000002000000034959436|I422tLo00O00OUO0020;
event mono_ns=578840564781000 frame=804 held=1 pressed=1 released=0
event mono_ns=578840570031000 frame=804 held=0 pressed=0 released=1
published_frame=804
published_frame=805
editbox_receipt monotonic_ns=578840588096224 received=333 consumed=333 revision=133
published_frame=806
event mono_ns=578840615415000 frame=807 held=2 pressed=2 released=0
event mono_ns=578840620688000 frame=807 held=0 pressed=0 released=2
published_frame=807
editbox_receipt monotonic_ns=578840631144717 received=333 consumed=333 revision=134
published_frame=808
published_frame=809
event mono_ns=578840665975000 frame=810 held=4 pressed=4 released=0
editbox_emit sequence=334 bytes=44 elapsed_us=2680 envelope=@J10000000002000000033448690|I422vK200W00W0;
event mono_ns=578840671125000 frame=810 held=0 pressed=0 released=4
published_frame=810
published_frame=811
published_frame=812
event mono_ns=578840716305000 frame=813 held=24 pressed=24 released=0
event mono_ns=578840721597000 frame=814 held=0 pressed=0 released=24
published_frame=813
published_frame=814
published_frame=815
event mono_ns=578840766889000 frame=816 held=16 pressed=16 released=0
editbox_receipt monotonic_ns=578840768787638 received=333 consumed=333 revision=135
published_frame=816
event mono_ns=578840772041000 frame=817 held=0 pressed=0 released=16
published_frame=817
published_frame=818
event mono_ns=578840817323000 frame=819 held=16 pressed=16 released=0
published_frame=819
event mono_ns=578840822432000 frame=820 held=0 pressed=0 released=16
published_frame=820
published_frame=821
event mono_ns=578840867630000 frame=822 held=32 pressed=32 released=0
published_frame=822
event mono_ns=578840872769000 frame=823 held=0 pressed=0 released=32
published_frame=823
published_frame=824
event mono_ns=578840917957000 frame=825 held=64 pressed=64 released=0
editbox_emit sequence=334 bytes=44 elapsed_us=2982 envelope=@J10000000002000000033448690|I422vK200W00W0;
event mono_ns=578840923101000 frame=826 held=0 pressed=0 released=64
published_frame=825
published_frame=826
published_frame=827
event mono_ns=578840968245000 frame=828 held=256 pressed=256 released=0
published_frame=828
event mono_ns=578840973435000 frame=829 held=0 pressed=0 released=256
published_frame=829
published_frame=830
event mono_ns=578841018738000 frame=831 held=512 pressed=512 released=0
published_frame=831
event mono_ns=578841023846000 frame=832 held=0 pressed=0 released=512
published_frame=832
published_frame=833
event mono_ns=578841069123000 frame=834 held=128 pressed=128 released=0
published_frame=834
event mono_ns=578841074317000 frame=835 held=0 pressed=0 released=128
published_frame=835
published_frame=836
event mono_ns=578841119642000 frame=837 held=16384 pressed=16384 released=0
published_frame=837
event mono_ns=578841124790000 frame=838 held=0 pressed=0 released=16384
published_frame=838
published_frame=839
event mono_ns=578841170146000 frame=840 held=32 pressed=32 released=0
event mono_ns=578841170179000 frame=840 held=96 pressed=64 released=0
published_frame=840
editbox_receipt monotonic_ns=578841175248342 received=349 consumed=333 revision=136
event mono_ns=578841175342000 frame=841 held=64 pressed=0 released=32
event mono_ns=578841175355000 frame=841 held=0 pressed=0 released=64
published_frame=841
published_frame=842
event mono_ns=578841220518000 frame=843 held=1 pressed=1 released=0
published_frame=843
event mono_ns=578841225694000 frame=844 held=0 pressed=0 released=1
published_frame=844
published_frame=845
editbox_receipt monotonic_ns=578841262056050 received=349 consumed=336 revision=137
editbox_emit sequence=350 bytes=44 elapsed_us=2644 envelope=@J10000000002000000035036123|I422vL0200G00G;
editbox_emit sequence=351 bytes=38 elapsed_us=2834 envelope=@J10000000002000000035140692|I422xL00;
editbox_emit sequence=352 bytes=44 elapsed_us=4402 envelope=@J10000000002000000035203336|I422zL200G00G0;
event mono_ns=578841270996000 frame=846 held=2 pressed=2 released=0
event mono_ns=578841276244000 frame=847 held=0 pressed=0 released=2
published_frame=846
published_frame=847
published_frame=848
event mono_ns=578841322036000 frame=850 held=4 pressed=4 released=0
published_frame=849
event mono_ns=578841327301000 frame=850 held=0 pressed=0 released=4
published_frame=850
published_frame=851
editbox_receipt monotonic_ns=578841358063077 received=349 consumed=342 revision=138
editbox_emit sequence=353 bytes=44 elapsed_us=2649 envelope=@J10000000002000000035333572|I422_L0200W00W;
editbox_emit sequence=354 bytes=38 elapsed_us=2181 envelope=@J10000000002000000035430745|I422XM00;
editbox_emit sequence=355 bytes=44 elapsed_us=2877 envelope=@J10000000002000000035556852|I422ZM20100100;
editbox_emit sequence=356 bytes=44 elapsed_us=5813 envelope=@J10000000002000000035630995|I422bM02040040;
event mono_ns=578841372780000 frame=853 held=24 pressed=24 released=0
event mono_ns=578841378027000 frame=853 held=0 pressed=0 released=24
published_frame=852
editbox_emit sequence=357 bytes=38 elapsed_us=2331 envelope=@J10000000002000000035728667|I422dM00;
editbox_emit sequence=358 bytes=44 elapsed_us=3817 envelope=@J10000000002000000035817399|I422fM20800800;
published_frame=853
editbox_receipt monotonic_ns=578841404260724 received=349 consumed=348 revision=139
editbox_emit sequence=359 bytes=47 elapsed_us=2460 envelope=@J10000000002000000035929593|I422hM03020020000;
published_frame=854
editbox_emit sequence=360 bytes=44 elapsed_us=2561 envelope=@J10000000002000000036035709|I422jM20000200;
editbox_emit sequence=361 bytes=53 elapsed_us=2572 envelope=@J10000000002000000036120553|I422lM34004000002000400;
editbox_emit sequence=362 bytes=47 elapsed_us=2334 envelope=@J10000000002000000036217706|I422nM0301W01W000;
editbox_emit sequence=363 bytes=44 elapsed_us=2262 envelope=@J10000000002000000036308259|I422pM200001W0;
event mono_ns=578841423216000 frame=856 held=16 pressed=16 released=0
published_frame=855
editbox_emit sequence=364 bytes=61 elapsed_us=3004 envelope=@J10000000002000000036432918|I422rMt001001000Fm31H03_2000001;
event mono_ns=578841428464000 frame=856 held=0 pressed=0 released=16
published_frame=856
editbox_receipt monotonic_ns=578841450036219 received=349 consumed=349 revision=140
editbox_emit sequence=365 bytes=55 elapsed_us=3127 envelope=@J10000000002000000036543324|I422tM0t002002000Fq22Y07-;
published_frame=857
published_frame=858
event mono_ns=578841473880000 frame=859 held=16 pressed=16 released=0
event mono_ns=578841479126000 frame=859 held=0 pressed=0 released=16
editbox_receipt monotonic_ns=578841482903924 received=349 consumed=349 revision=141
published_frame=859
published_frame=860
editbox_emit sequence=350 bytes=44 elapsed_us=2998 envelope=@J10000000002000000035036123|I422vL0200G00G;
editbox_receipt monotonic_ns=578841517217680 received=349 consumed=349 revision=142
published_frame=861
event mono_ns=578841524468000 frame=862 held=32 pressed=32 released=0
event mono_ns=578841529709000 frame=862 held=0 pressed=0 released=32
published_frame=862
editbox_receipt monotonic_ns=578841550649833 received=349 consumed=349 revision=143
published_frame=863
published_frame=864
event mono_ns=578841575058000 frame=865 held=64 pressed=64 released=0
event mono_ns=578841580339000 frame=865 held=0 pressed=0 released=64
editbox_receipt monotonic_ns=578841583586697 received=349 consumed=349 revision=144
published_frame=865
published_frame=866
published_frame=867
event mono_ns=578841625596000 frame=868 held=256 pressed=256 released=0
event mono_ns=578841630726000 frame=868 held=0 pressed=0 released=256
published_frame=868
published_frame=869
published_frame=870
event mono_ns=578841676052000 frame=871 held=512 pressed=512 released=0
event mono_ns=578841681284000 frame=871 held=0 pressed=0 released=512
published_frame=871
published_frame=872
published_frame=873
event mono_ns=578841726535000 frame=874 held=128 pressed=128 released=0
event mono_ns=578841731713000 frame=874 held=0 pressed=0 released=128
published_frame=874
published_frame=875
editbox_emit sequence=350 bytes=44 elapsed_us=2377 envelope=@J10000000002000000035036123|I422vL0200G00G;
published_frame=876
event mono_ns=578841776890000 frame=877 held=16384 pressed=16384 released=0
event mono_ns=578841782141000 frame=877 held=0 pressed=0 released=16384
published_frame=877
published_frame=878
published_frame=879
event mono_ns=578841827402000 frame=880 held=32 pressed=32 released=0
event mono_ns=578841827437000 frame=880 held=96 pressed=64 released=0
event mono_ns=578841832656000 frame=880 held=64 pressed=0 released=32
event mono_ns=578841832739000 frame=880 held=0 pressed=0 released=64
published_frame=880
published_frame=881
published_frame=882
event mono_ns=578841877973000 frame=883 held=1 pressed=1 released=0
event mono_ns=578841883148000 frame=883 held=0 pressed=0 released=1
published_frame=883
published_frame=884
published_frame=885
event mono_ns=578841928384000 frame=886 held=2 pressed=2 released=0
event mono_ns=578841933611000 frame=886 held=0 pressed=0 released=2
published_frame=886
published_frame=887
published_frame=888
event mono_ns=578841978828000 frame=889 held=4 pressed=4 released=0
event mono_ns=578841984103000 frame=889 held=0 pressed=0 released=4
published_frame=889
published_frame=890
published_frame=891
event mono_ns=578842029444000 frame=892 held=24 pressed=24 released=0
event mono_ns=578842034654000 frame=892 held=0 pressed=0 released=24
published_frame=892
published_frame=893
published_frame=894
event mono_ns=578842079852000 frame=895 held=16 pressed=16 released=0
event mono_ns=578842085176000 frame=895 held=0 pressed=0 released=16
published_frame=895
published_frame=896
published_frame=897
event mono_ns=578842130374000 frame=898 held=16 pressed=16 released=0
event mono_ns=578842135669000 frame=898 held=0 pressed=0 released=16
editbox_receipt monotonic_ns=578842136978907 received=365 consumed=349 revision=145
published_frame=898
published_frame=899
published_frame=900
event mono_ns=578842180904000 frame=901 held=32 pressed=32 released=0
event mono_ns=578842186444000 frame=901 held=0 pressed=0 released=32
published_frame=901
published_frame=902
published_frame=903
event mono_ns=578842231778000 frame=904 held=64 pressed=64 released=0
event mono_ns=578842236944000 frame=904 held=0 pressed=0 released=64
published_frame=904
editbox_receipt monotonic_ns=578842245253734 received=365 consumed=354 revision=146
editbox_emit sequence=366 bytes=44 elapsed_us=2833 envelope=@J10000000002000000036630768|I422vM20000020;
editbox_emit sequence=367 bytes=61 elapsed_us=4046 envelope=@J10000000002000000036749478|I422xMt00400400003zFC0012000004;
published_frame=905
editbox_emit sequence=368 bytes=55 elapsed_us=3391 envelope=@J10000000002000000036850292|I422zM0t00O00O00003-UO002;
editbox_emit sequence=369 bytes=44 elapsed_us=2828 envelope=@J10000000002000000036963809|I422_M200000O0;
editbox_emit sequence=370 bytes=53 elapsed_us=2805 envelope=@J10000000002000000037019293|I422XN300G00G000200000G;
published_frame=906
editbox_receipt monotonic_ns=578842280036309 received=365 consumed=360 revision=147
editbox_emit sequence=371 bytes=47 elapsed_us=3056 envelope=@J10000000002000000037160281|I422ZN0300G00G000;
event mono_ns=578842282218000 frame=907 held=256 pressed=256 released=0
editbox_emit sequence=372 bytes=44 elapsed_us=2266 envelope=@J10000000002000000037240694|I422bN200000G0;
event mono_ns=578842287517000 frame=907 held=0 pressed=0 released=256
published_frame=907
editbox_emit sequence=373 bytes=53 elapsed_us=2584 envelope=@J10000000002000000037342524|I422dN300W00W000200000W;
editbox_emit sequence=374 bytes=38 elapsed_us=2053 envelope=@J10000000002000000037457297|I422fN00;
editbox_emit sequence=375 bytes=44 elapsed_us=2534 envelope=@J10000000002000000037517189|I422hN20100100;
editbox_emit sequence=376 bytes=44 elapsed_us=2441 envelope=@J10000000002000000037656853|I422jN02040040;
published_frame=908
published_frame=909
event mono_ns=578842332799000 frame=910 held=512 pressed=512 released=0
event mono_ns=578842338075000 frame=911 held=0 pressed=0 released=512
published_frame=910
published_frame=911
published_frame=912
event mono_ns=578842383264000 frame=913 held=128 pressed=128 released=0
event mono_ns=578842388546000 frame=914 held=0 pressed=0 released=128
published_frame=913
published_frame=914
published_frame=915
event mono_ns=578842433798000 frame=916 held=16384 pressed=16384 released=0
event mono_ns=578842439064000 frame=917 held=0 pressed=0 released=16384
published_frame=916
published_frame=917
published_frame=918
event mono_ns=578842484484000 frame=919 held=32 pressed=32 released=0
event mono_ns=578842484617000 frame=919 held=96 pressed=64 released=0
published_frame=919
event mono_ns=578842489888000 frame=920 held=64 pressed=0 released=32
event mono_ns=578842489905000 frame=920 held=0 pressed=0 released=64
editbox_emit sequence=366 bytes=44 elapsed_us=2650 envelope=@J10000000002000000036630768|I422vM20000020;
published_frame=920
published_frame=921
editbox_receipt monotonic_ns=578842526236516 received=376 consumed=365 revision=148
editbox_emit sequence=377 bytes=38 elapsed_us=3111 envelope=@J10000000002000000037755219|I422lN00;
editbox_emit sequence=378 bytes=44 elapsed_us=3215 envelope=@J10000000002000000037843257|I422nN20800800;
event mono_ns=578842535137000 frame=922 held=1 pressed=1 released=0
editbox_emit sequence=379 bytes=44 elapsed_us=3659 envelope=@J10000000002000000037928623|I422pN02020020;
event mono_ns=578842540471000 frame=923 held=0 pressed=0 released=1
published_frame=922
editbox_emit sequence=380 bytes=38 elapsed_us=2717 envelope=@J10000000002000000038000837|I422rN00;
editbox_emit sequence=381 bytes=44 elapsed_us=3053 envelope=@J10000000002000000038154868|I422tN24004000;
published_frame=923
published_frame=924
editbox_receipt monotonic_ns=578842572963826 received=376 consumed=365 revision=149
event mono_ns=578842585637000 frame=925 held=2 pressed=2 released=0
published_frame=925
event mono_ns=578842590850000 frame=926 held=0 pressed=0 released=2
editbox_receipt monotonic_ns=578842604548836 received=376 consumed=365 revision=150
published_frame=926
published_frame=927
event mono_ns=578842636184000 frame=928 held=4 pressed=4 released=0
published_frame=928
event mono_ns=578842641416000 frame=929 held=0 pressed=0 released=4
editbox_receipt monotonic_ns=578842646223262 received=376 consumed=365 revision=151
published_frame=929
published_frame=930
editbox_receipt monotonic_ns=578842677833690 received=376 consumed=365 revision=152
event mono_ns=578842686722000 frame=931 held=24 pressed=24 released=0
published_frame=931
event mono_ns=578842692021000 frame=932 held=0 pressed=0 released=24
published_frame=932
editbox_receipt monotonic_ns=578842710558366 received=376 consumed=365 revision=153
published_frame=933
event mono_ns=578842737346000 frame=934 held=16 pressed=16 released=0
published_frame=934
event mono_ns=578842742605000 frame=935 held=0 pressed=0 released=16
published_frame=935
published_frame=936
editbox_receipt monotonic_ns=578842774431723 received=376 consumed=366 revision=154
editbox_emit sequence=382 bytes=44 elapsed_us=3289 envelope=@J10000000002000000038222954|I422vN0201W01W;
editbox_emit sequence=377 bytes=38 elapsed_us=2244 envelope=@J10000000002000000037755219|I422lN00;
event mono_ns=578842787924000 frame=938 held=16 pressed=16 released=0
published_frame=937
event mono_ns=578842793039000 frame=938 held=0 pressed=0 released=16
published_frame=938
published_frame=939
event mono_ns=578842838391000 frame=941 held=32 pressed=32 released=0
published_frame=940
event mono_ns=578842843740000 frame=941 held=0 pressed=0 released=32
published_frame=941
published_frame=942
event mono_ns=578842888939000 frame=944 held=64 pressed=64 released=0
published_frame=943
event mono_ns=578842894221000 frame=944 held=0 pressed=0 released=64
published_frame=944
published_frame=945
published_frame=946
event mono_ns=578842939539000 frame=947 held=256 pressed=256 released=0
event mono_ns=578842944744000 frame=947 held=0 pressed=0 released=256
published_frame=947
published_frame=948
editbox_receipt monotonic_ns=578842979802829 received=376 consumed=372 revision=155
published_frame=949
event mono_ns=578842990009000 frame=950 held=512 pressed=512 released=0
event mono_ns=578842995249000 frame=950 held=0 pressed=0 released=512
published_frame=950
editbox_receipt monotonic_ns=578843012424462 received=376 consumed=376 revision=156
published_frame=951
editbox_emit sequence=377 bytes=38 elapsed_us=2326 envelope=@J10000000002000000037755219|I422lN00;
published_frame=952
event mono_ns=578843040583000 frame=953 held=128 pressed=128 released=0
event mono_ns=578843045817000 frame=953 held=0 pressed=0 released=128
editbox_receipt monotonic_ns=578843054476136 received=376 consumed=376 revision=157
published_frame=953
published_frame=954
editbox_receipt monotonic_ns=578843085846162 received=376 consumed=376 revision=158
published_frame=955
event mono_ns=578843091341000 frame=956 held=16384 pressed=16384 released=0
event mono_ns=578843096543000 frame=956 held=0 pressed=0 released=16384
published_frame=956
published_frame=957
published_frame=958
event mono_ns=578843141862000 frame=959 held=32 pressed=32 released=0
event mono_ns=578843141989000 frame=959 held=96 pressed=64 released=0
event mono_ns=578843147174000 frame=959 held=64 pressed=0 released=32
event mono_ns=578843147202000 frame=959 held=0 pressed=0 released=64
published_frame=959
published_frame=960
published_frame=961
event mono_ns=578843192486000 frame=962 held=1 pressed=1 released=0
event mono_ns=578843197676000 frame=962 held=0 pressed=0 released=1
published_frame=962
published_frame=963
published_frame=964
event mono_ns=578843243002000 frame=965 held=2 pressed=2 released=0
event mono_ns=578843248253000 frame=965 held=0 pressed=0 released=2
published_frame=965
published_frame=966
editbox_emit sequence=377 bytes=38 elapsed_us=2105 envelope=@J10000000002000000037755219|I422lN00;
published_frame=967
event mono_ns=578843293533000 frame=968 held=4 pressed=4 released=0
event mono_ns=578843298676000 frame=968 held=0 pressed=0 released=4
published_frame=968
published_frame=969
editbox_receipt monotonic_ns=578843322208755 received=382 consumed=381 revision=159
editbox_emit sequence=383 bytes=38 elapsed_us=2156 envelope=@J10000000002000000038364280|I422xN00;
editbox_emit sequence=384 bytes=49 elapsed_us=2569 envelope=@J10000000002000000038409401|I422zNo0010011H03_0;
editbox_emit sequence=385 bytes=49 elapsed_us=2483 envelope=@J10000000002000000038531171|I422_N0o0020022Y07-;
editbox_emit sequence=386 bytes=38 elapsed_us=1890 envelope=@J10000000002000000038654333|I422XO00;
editbox_emit sequence=387 bytes=49 elapsed_us=2480 envelope=@J10000000002000000038731883|I422ZOo004004FC0010;
published_frame=970
editbox_emit sequence=388 bytes=49 elapsed_us=2434 envelope=@J10000000002000000038824990|I422bO0o00O00OUO002;
event mono_ns=578843343905000 frame=971 held=24 pressed=24 released=0
editbox_emit sequence=389 bytes=38 elapsed_us=1801 envelope=@J10000000002000000038952255|I422dO00;
editbox_emit sequence=390 bytes=44 elapsed_us=2910 envelope=@J10000000002000000039031535|I422fO200G00G0;
event mono_ns=578843349068000 frame=971 held=0 pressed=0 released=24
editbox_emit sequence=391 bytes=44 elapsed_us=3181 envelope=@J10000000002000000039126320|I422hO0200G00G;
published_frame=971
editbox_emit sequence=392 bytes=38 elapsed_us=1974 envelope=@J10000000002000000039263394|I422jO00;
editbox_emit sequence=393 bytes=44 elapsed_us=2346 envelope=@J10000000002000000039346399|I422lO200W00W0;
editbox_emit sequence=394 bytes=44 elapsed_us=2159 envelope=@J10000000002000000039413502|I422nO02010010;
editbox_receipt monotonic_ns=578843369092378 received=382 consumed=382 revision=160
editbox_emit sequence=395 bytes=38 elapsed_us=2366 envelope=@J10000000002000000039561316|I422pO00;
published_frame=972
editbox_emit sequence=396 bytes=44 elapsed_us=2207 envelope=@J10000000002000000039642238|I422rO20400400;
editbox_emit sequence=397 bytes=44 elapsed_us=2304 envelope=@J10000000002000000039706819|I422tO02080080;
editbox_emit sequence=398 bytes=38 elapsed_us=2031 envelope=@J10000000002000000039859238|I422vO00;
published_frame=973
event mono_ns=578843394347000 frame=974 held=16 pressed=16 released=0
event mono_ns=578843399630000 frame=974 held=0 pressed=0 released=16
published_frame=974
published_frame=975
editbox_receipt monotonic_ns=578843433565009 received=382 consumed=382 revision=161
published_frame=976
event mono_ns=578843444953000 frame=977 held=16 pressed=16 released=0
event mono_ns=578843450094000 frame=977 held=0 pressed=0 released=16
published_frame=977
editbox_receipt monotonic_ns=578843466644801 received=382 consumed=382 revision=162
published_frame=978
published_frame=979
event mono_ns=578843495465000 frame=980 held=32 pressed=32 released=0
event mono_ns=578843500805000 frame=980 held=0 pressed=0 released=32
published_frame=980
editbox_receipt monotonic_ns=578843509611941 received=382 consumed=382 revision=163
published_frame=981
published_frame=982
editbox_receipt monotonic_ns=578843542215130 received=382 consumed=382 revision=164
event mono_ns=578843546162000 frame=983 held=64 pressed=64 released=0
event mono_ns=578843551318000 frame=983 held=0 pressed=0 released=64
published_frame=983
published_frame=984
editbox_emit sequence=383 bytes=38 elapsed_us=2149 envelope=@J10000000002000000038364280|I422xN00;
published_frame=985
event mono_ns=578843596522000 frame=986 held=256 pressed=256 released=0
event mono_ns=578843601749000 frame=986 held=0 pressed=0 released=256
published_frame=986
published_frame=987
published_frame=988
event mono_ns=578843647055000 frame=989 held=512 pressed=512 released=0
event mono_ns=578843652245000 frame=989 held=0 pressed=0 released=512
published_frame=989
published_frame=990
editbox_receipt monotonic_ns=578843681257594 received=382 consumed=382 revision=165
published_frame=991
event mono_ns=578843697523000 frame=992 held=128 pressed=128 released=0
event mono_ns=578843702996000 frame=992 held=0 pressed=0 released=128
published_frame=992
published_frame=993
published_frame=994
event mono_ns=578843748324000 frame=995 held=16384 pressed=16384 released=0
event mono_ns=578843753660000 frame=995 held=0 pressed=0 released=16384
published_frame=995
published_frame=996
published_frame=997
event mono_ns=578843799094000 frame=998 held=32 pressed=32 released=0
event mono_ns=578843799190000 frame=998 held=96 pressed=64 released=0
event mono_ns=578843804597000 frame=999 held=64 pressed=0 released=32
event mono_ns=578843804646000 frame=999 held=0 pressed=0 released=64
published_frame=998
published_frame=999
editbox_emit sequence=383 bytes=38 elapsed_us=2406 envelope=@J10000000002000000038364280|I422xN00;
published_frame=1000
editbox_receipt monotonic_ns=578844158940213 received=398 consumed=387 revision=166
editbox_emit sequence=399 bytes=44 elapsed_us=2615 envelope=@J10000000002000000039932731|I422xO20200200;
event mono_ns=578843849929000 frame=1001 held=1 pressed=1 released=0
event mono_ns=578843855165000 frame=1002 held=0 pressed=0 released=1
event mono_ns=578843900541000 frame=1004 held=2 pressed=2 released=0
event mono_ns=578843905787000 frame=1005 held=0 pressed=0 released=2
event mono_ns=578843950997000 frame=1007 held=4 pressed=4 released=0
event mono_ns=578843956131000 frame=1008 held=0 pressed=0 released=4
event mono_ns=578844001409000 frame=1010 held=24 pressed=24 released=0
event mono_ns=578844006553000 frame=1011 held=0 pressed=0 released=24
event mono_ns=578844051812000 frame=1013 held=16 pressed=16 released=0
event mono_ns=578844057205000 frame=1014 held=0 pressed=0 released=16
event mono_ns=578844102521000 frame=1016 held=16 pressed=16 released=0
event mono_ns=578844107810000 frame=1017 held=0 pressed=0 released=16
event mono_ns=578844153192000 frame=1019 held=32 pressed=32 released=0
event mono_ns=578844158467000 frame=1020 held=0 pressed=0 released=32
published_frame=1001
published_frame=1002
published_frame=1003
published_frame=1004
published_frame=1005
published_frame=1006
published_frame=1007
published_frame=1008
published_frame=1009
published_frame=1010
editbox_emit sequence=400 bytes=44 elapsed_us=2883 envelope=@J10000000002000000040007783|I422zO02400400;
editbox_emit sequence=401 bytes=38 elapsed_us=2434 envelope=@J10000000002000000040146273|I422_O00;
editbox_emit sequence=402 bytes=44 elapsed_us=2823 envelope=@J10000000002000000040202603|I422XP201W01W0;
editbox_emit sequence=403 bytes=49 elapsed_us=3625 envelope=@J10000000002000000040359698|I422ZP0o0010011H03_;
editbox_receipt monotonic_ns=578844237475841 received=398 consumed=393 revision=167
editbox_emit sequence=404 bytes=38 elapsed_us=2133 envelope=@J10000000002000000040436326|I422bP00;
event mono_ns=578844203681000 frame=1022 held=64 pressed=64 released=0
event mono_ns=578844209163000 frame=1023 held=0 pressed=0 released=64
published_frame=1011
published_frame=1012
published_frame=1013
published_frame=1014
published_frame=1015
published_frame=1016
published_frame=1017
published_frame=1018
published_frame=1019
published_frame=1020
published_frame=1021
published_frame=1022
editbox_emit sequence=405 bytes=49 elapsed_us=3758 envelope=@J10000000002000000040549955|I422dPo0020022Y07-0;
editbox_emit sequence=406 bytes=49 elapsed_us=3039 envelope=@J10000000002000000040613687|I422fP0o004004FC001;
editbox_emit sequence=407 bytes=38 elapsed_us=1968 envelope=@J10000000002000000040734248|I422hP00;
editbox_emit sequence=408 bytes=61 elapsed_us=3483 envelope=@J10000000002000000040856885|I422jPt00O00O00003-UO002200000O;
editbox_emit sequence=409 bytes=47 elapsed_us=2956 envelope=@J10000000002000000040931614|I422lP0300G00G000;
editbox_receipt monotonic_ns=578844307741474 received=398 consumed=398 revision=168
editbox_emit sequence=410 bytes=44 elapsed_us=2408 envelope=@J10000000002000000041043345|I422nP200000G0;
event mono_ns=578844254450000 frame=1025 held=256 pressed=256 released=0
event mono_ns=578844259818000 frame=1026 held=0 pressed=0 released=256
event mono_ns=578844305073000 frame=1029 held=512 pressed=512 released=0
event mono_ns=578844310433000 frame=1029 held=0 pressed=0 released=512
published_frame=1023
published_frame=1024
published_frame=1025
published_frame=1026
published_frame=1027
published_frame=1028
editbox_emit sequence=411 bytes=53 elapsed_us=3325 envelope=@J10000000002000000041156795|I422pP300G00G000200000G;
editbox_emit sequence=412 bytes=47 elapsed_us=2750 envelope=@J10000000002000000041236046|I422rP0300W00W000;
editbox_emit sequence=413 bytes=44 elapsed_us=2615 envelope=@J10000000002000000041309359|I422tP200000W0;
editbox_emit sequence=414 bytes=53 elapsed_us=3946 envelope=@J10000000002000000041423708|I422vP30100100002000010;
editbox_receipt monotonic_ns=578844343849493 received=398 consumed=398 revision=169
editbox_receipt monotonic_ns=578844386094009 received=398 consumed=398 revision=170
editbox_emit sequence=399 bytes=44 elapsed_us=2813 envelope=@J10000000002000000039932731|I422xO20200200;
editbox_receipt monotonic_ns=578844429287613 received=398 consumed=398 revision=171
editbox_receipt monotonic_ns=578844472878272 received=398 consumed=398 revision=172
editbox_emit sequence=399 bytes=44 elapsed_us=2769 envelope=@J10000000002000000039932731|I422xO20200200;
editbox_receipt monotonic_ns=578844914516921 received=414 consumed=400 revision=173
editbox_emit sequence=415 bytes=50 elapsed_us=3308 envelope=@J10000000002000000041518850|I422xP0B040040000Fy0;
event mono_ns=578844355710000 frame=1032 held=128 pressed=128 released=0
event mono_ns=578844360887000 frame=1032 held=0 pressed=0 released=128
event mono_ns=578844406347000 frame=1035 held=16384 pressed=16384 released=0
event mono_ns=578844411528000 frame=1035 held=0 pressed=0 released=16384
event mono_ns=578844456845000 frame=1038 held=32 pressed=32 released=0
event mono_ns=578844456943000 frame=1038 held=96 pressed=64 released=0
event mono_ns=578844462262000 frame=1038 held=64 pressed=0 released=32
event mono_ns=578844462407000 frame=1038 held=0 pressed=0 released=64
published_frame=1029
published_frame=1030
published_frame=1031
published_frame=1032
editbox_emit sequence=416 bytes=44 elapsed_us=2674 envelope=@J10000000002000000041618766|I422zP20000400;
editbox_receipt monotonic_ns=578844956233787 received=414 consumed=406 revision=174
editbox_emit sequence=417 bytes=56 elapsed_us=3108 envelope=@J10000000002000000041729692|I422_PB08008000003_2000080;
published_frame=1033
published_frame=1034
published_frame=1035
published_frame=1036
published_frame=1037
published_frame=1038
published_frame=1039
published_frame=1040
published_frame=1041
published_frame=1042
published_frame=1043
published_frame=1044
published_frame=1045
published_frame=1046
published_frame=1047
published_frame=1048
editbox_emit sequence=418 bytes=47 elapsed_us=2479 envelope=@J10000000002000000041803244|I422XQ03020020000;
editbox_emit sequence=419 bytes=44 elapsed_us=2334 envelope=@J10000000002000000041946154|I422ZQ20000200;
editbox_emit sequence=420 bytes=53 elapsed_us=2594 envelope=@J10000000002000000042027668|I422bQ34004000002000400;
editbox_emit sequence=421 bytes=47 elapsed_us=2613 envelope=@J10000000002000000042156878|I422dQ0301W01W000;
editbox_emit sequence=422 bytes=44 elapsed_us=2196 envelope=@J10000000002000000042240770|I422fQ200001W0;
editbox_receipt monotonic_ns=578845142624635 received=414 consumed=412 revision=175
editbox_emit sequence=423 bytes=61 elapsed_us=3143 envelope=@J10000000002000000042364047|I422hQt001001000Fm31H03_2000001;
published_frame=1049
published_frame=1050
published_frame=1051
published_frame=1052
published_frame=1053
published_frame=1054
published_frame=1055
published_frame=1056
published_frame=1057
published_frame=1058
published_frame=1059
published_frame=1060
editbox_emit sequence=424 bytes=55 elapsed_us=2702 envelope=@J10000000002000000042400757|I422jQ0t002002000Fq22Y07-;
editbox_emit sequence=425 bytes=44 elapsed_us=2145 envelope=@J10000000002000000042563279|I422lQ20000020;
editbox_emit sequence=426 bytes=49 elapsed_us=3321 envelope=@J10000000002000000042660701|I422nQ0o004004FC001;
editbox_emit sequence=427 bytes=38 elapsed_us=2374 envelope=@J10000000002000000042760800|I422pQ00;
editbox_emit sequence=428 bytes=49 elapsed_us=3735 envelope=@J10000000002000000042802115|I422rQo00O00OUO0020;
editbox_emit sequence=415 bytes=50 elapsed_us=3130 envelope=@J10000000002000000041518850|I422xP0B040040000Fy0;
editbox_receipt monotonic_ns=578845180045927 received=414 consumed=414 revision=176
published_frame=1061
published_frame=1062
published_frame=1063
published_frame=1064
editbox_receipt monotonic_ns=578845212305421 received=414 consumed=414 revision=177
editbox_receipt monotonic_ns=578845243365627 received=414 consumed=414 revision=178
editbox_receipt monotonic_ns=578845274644723 received=414 consumed=414 revision=179
editbox_receipt monotonic_ns=578845294818397 received=414 consumed=414 revision=180
editbox_receipt monotonic_ns=578845337948392 received=414 consumed=414 revision=181
editbox_emit sequence=415 bytes=50 elapsed_us=2793 envelope=@J10000000002000000041518850|I422xP0B040040000Fy0;
editbox_receipt monotonic_ns=578845744762417 received=428 consumed=414 revision=182
editbox_emit sequence=429 bytes=44 elapsed_us=2368 envelope=@J10000000002000000042906905|I422tQ0200G00G;
editbox_emit sequence=430 bytes=38 elapsed_us=2116 envelope=@J10000000002000000043006418|I422vQ00;
editbox_receipt monotonic_ns=578845872419965 received=428 consumed=419 revision=183
editbox_emit sequence=431 bytes=44 elapsed_us=3027 envelope=@J10000000002000000043161705|I422xQ200G00G0;
event mono_ns=578845207769000 frame=1083 held=2 pressed=2 released=0
published_frame=1065
published_frame=1066
published_frame=1067
published_frame=1068
published_frame=1069
published_frame=1070
published_frame=1071
published_frame=1072
published_frame=1073
published_frame=1074
editbox_emit sequence=432 bytes=44 elapsed_us=2786 envelope=@J10000000002000000043226420|I422zQ0200W00W;
editbox_emit sequence=433 bytes=38 elapsed_us=2444 envelope=@J10000000002000000043304340|I422_Q00;
editbox_emit sequence=434 bytes=44 elapsed_us=2163 envelope=@J10000000002000000043449700|I422XR20100100;
editbox_emit sequence=435 bytes=44 elapsed_us=2752 envelope=@J10000000002000000043523843|I422ZR02040040;
editbox_receipt monotonic_ns=578845906897577 received=428 consumed=425 revision=184
editbox_emit sequence=436 bytes=38 elapsed_us=2539 envelope=@J10000000002000000043659914|I422bR00;
published_frame=1075
published_frame=1076
published_frame=1077
published_frame=1078
published_frame=1079
published_frame=1080
published_frame=1081
published_frame=1082
published_frame=1083
published_frame=1084
published_frame=1085
published_frame=1086
editbox_emit sequence=437 bytes=44 elapsed_us=2473 envelope=@J10000000002000000043710247|I422dR20800800;
editbox_emit sequence=438 bytes=44 elapsed_us=2537 envelope=@J10000000002000000043861134|I422fR02020020;
editbox_emit sequence=439 bytes=38 elapsed_us=2143 envelope=@J10000000002000000043957836|I422hR00;
editbox_emit sequence=440 bytes=44 elapsed_us=2439 envelope=@J10000000002000000044021858|I422jR24004000;
editbox_emit sequence=441 bytes=44 elapsed_us=2955 envelope=@J10000000002000000044155465|I422lR0201W01W;
editbox_emit sequence=429 bytes=44 elapsed_us=2655 envelope=@J10000000002000000042906905|I422tQ0200G00G;
editbox_receipt monotonic_ns=578846044830260 received=428 consumed=428 revision=185
published_frame=1087
published_frame=1088
published_frame=1089
published_frame=1090
published_frame=1091
published_frame=1092
editbox_receipt monotonic_ns=578846077355944 received=428 consumed=428 revision=186
editbox_receipt monotonic_ns=578846120898582 received=428 consumed=428 revision=187
editbox_receipt monotonic_ns=578846154390998 received=428 consumed=428 revision=188
editbox_receipt monotonic_ns=578846186871787 received=428 consumed=428 revision=189
editbox_emit sequence=429 bytes=44 elapsed_us=2458 envelope=@J10000000002000000042906905|I422tQ0200G00G;
editbox_receipt monotonic_ns=578846488791322 received=441 consumed=429 revision=190
editbox_emit sequence=442 bytes=38 elapsed_us=2941 envelope=@J10000000002000000044203454|I422nR00;
published_frame=1093
published_frame=1094
editbox_emit sequence=443 bytes=49 elapsed_us=3817 envelope=@J10000000002000000044336108|I422pRo0010011H03_0;
editbox_emit sequence=444 bytes=49 elapsed_us=3741 envelope=@J10000000002000000044457878|I422rR0o0020022Y07-;
editbox_emit sequence=445 bytes=38 elapsed_us=2757 envelope=@J10000000002000000044501376|I422tR00;
editbox_receipt monotonic_ns=578846587782904 received=441 consumed=433 revision=191
editbox_emit sequence=446 bytes=49 elapsed_us=2899 envelope=@J10000000002000000044655373|I422vRo004004FC0010;
published_frame=1095
published_frame=1096
published_frame=1097
published_frame=1098
published_frame=1099
published_frame=1100
published_frame=1101
published_frame=1102
editbox_emit sequence=447 bytes=49 elapsed_us=3183 envelope=@J10000000002000000044748480|I422xR0o00O00OUO002;
editbox_emit sequence=448 bytes=38 elapsed_us=2236 envelope=@J10000000002000000044864819|I422zR00;
editbox_emit sequence=449 bytes=44 elapsed_us=2815 envelope=@J10000000002000000044947151|I422_R200G00G0;
editbox_receipt monotonic_ns=578846633324581 received=441 consumed=439 revision=192
editbox_emit sequence=450 bytes=44 elapsed_us=3313 envelope=@J10000000002000000045058831|I422XS0200G00G;
published_frame=1103
published_frame=1104
published_frame=1105
published_frame=1106
published_frame=1107
published_frame=1108
published_frame=1109
published_frame=1110
published_frame=1111
published_frame=1112
published_frame=1113
published_frame=1114
editbox_emit sequence=451 bytes=38 elapsed_us=2533 envelope=@J10000000002000000045102568|I422ZS00;
editbox_emit sequence=452 bytes=44 elapsed_us=2976 envelope=@J10000000002000000045213389|I422bS200W00W0;
editbox_emit sequence=453 bytes=44 elapsed_us=2694 envelope=@J10000000002000000045346013|I422dS02010010;
editbox_emit sequence=454 bytes=38 elapsed_us=2644 envelope=@J10000000002000000045400490|I422fS00;
editbox_emit sequence=455 bytes=44 elapsed_us=3059 envelope=@J10000000002000000045509228|I422hS20400400;
editbox_receipt monotonic_ns=578846660202695 received=441 consumed=441 revision=193
editbox_emit sequence=456 bytes=50 elapsed_us=3203 envelope=@J10000000002000000045611847|I422jS0B08008000003_;
published_frame=1115
published_frame=1116
published_frame=1117
published_frame=1118
editbox_emit sequence=457 bytes=44 elapsed_us=2716 envelope=@J10000000002000000045764404|I422lS20000800;
editbox_receipt monotonic_ns=578846704039435 received=441 consumed=441 revision=194
editbox_emit sequence=442 bytes=38 elapsed_us=2874 envelope=@J10000000002000000044203454|I422nR00;
editbox_receipt monotonic_ns=578846834943630 received=441 consumed=441 revision=195
editbox_receipt monotonic_ns=578846866897211 received=441 consumed=441 revision=196
editbox_receipt monotonic_ns=578846899338115 received=441 consumed=441 revision=197
editbox_emit sequence=442 bytes=38 elapsed_us=2590 envelope=@J10000000002000000044203454|I422nR00;
editbox_receipt monotonic_ns=578847344348704 received=457 consumed=444 revision=198
editbox_emit sequence=458 bytes=53 elapsed_us=4202 envelope=@J10000000002000000045848474|I422nS30200200002000020;
published_frame=1119
published_frame=1120
published_frame=1121
published_frame=1122
published_frame=1123
published_frame=1124
editbox_emit sequence=459 bytes=47 elapsed_us=3103 envelope=@J10000000002000000045921820|I422pS03400400000;
editbox_emit sequence=460 bytes=44 elapsed_us=2772 envelope=@J10000000002000000046028346|I422rS20004000;
editbox_receipt monotonic_ns=578847429674002 received=457 consumed=450 revision=199
editbox_emit sequence=461 bytes=53 elapsed_us=3269 envelope=@J10000000002000000046124961|I422tS301W01W000200001W;
published_frame=1125
published_frame=1126
published_frame=1127
published_frame=1128
published_frame=1129
published_frame=1130
published_frame=1131
published_frame=1132
published_frame=1133
published_frame=1134
editbox_emit sequence=462 bytes=55 elapsed_us=3724 envelope=@J10000000002000000046214297|I422vS0t001001000Fm31H03_;
editbox_emit sequence=463 bytes=44 elapsed_us=2559 envelope=@J10000000002000000046330877|I422xS20000010;
editbox_emit sequence=464 bytes=61 elapsed_us=3053 envelope=@J10000000002000000046419723|I422zSt002002000Fq22Y07-2000002;
editbox_emit sequence=465 bytes=55 elapsed_us=3662 envelope=@J10000000002000000046512039|I422_S0t00400400003zFC001;
editbox_emit sequence=466 bytes=44 elapsed_us=3095 envelope=@J10000000002000000046653978|I422XT20000040;
editbox_receipt monotonic_ns=578847465373696 received=457 consumed=456 revision=200
editbox_emit sequence=467 bytes=61 elapsed_us=4906 envelope=@J10000000002000000046734157|I422ZTt00O00O00003-UO002200000O;
published_frame=1135
published_frame=1136
published_frame=1137
published_frame=1138
published_frame=1139
published_frame=1140
editbox_emit sequence=468 bytes=47 elapsed_us=2931 envelope=@J10000000002000000046806977|I422bT0300G00G000;
editbox_emit sequence=469 bytes=44 elapsed_us=2646 envelope=@J10000000002000000046918988|I422dT200000G0;
editbox_emit sequence=470 bytes=44 elapsed_us=3096 envelope=@J10000000002000000047019168|I422fT0200G00G;
editbox_emit sequence=471 bytes=38 elapsed_us=2224 envelope=@J10000000002000000047129120|I422hT00;
editbox_emit sequence=472 bytes=44 elapsed_us=2629 envelope=@J10000000002000000047239247|I422jT200W00W0;
editbox_receipt monotonic_ns=578847500028351 received=457 consumed=457 revision=201
editbox_emit sequence=473 bytes=44 elapsed_us=2981 envelope=@J10000000002000000047306350|I422lT02010010;
published_frame=1141
published_frame=1142
editbox_receipt monotonic_ns=578847531459862 received=457 consumed=457 revision=202
editbox_receipt monotonic_ns=578847563419073 received=457 consumed=457 revision=203
editbox_receipt monotonic_ns=578847595420483 received=457 consumed=457 revision=204
editbox_emit sequence=458 bytes=53 elapsed_us=2627 envelope=@J10000000002000000045848474|I422nS30200200002000020;
editbox_receipt monotonic_ns=578847743247517 received=457 consumed=457 revision=205
editbox_emit sequence=458 bytes=53 elapsed_us=3578 envelope=@J10000000002000000045848474|I422nS30200200002000020;
editbox_receipt monotonic_ns=578848251865775 received=473 consumed=460 revision=206
editbox_emit sequence=474 bytes=38 elapsed_us=2037 envelope=@J10000000002000000047427042|I422nT00;
published_frame=1143
published_frame=1144
published_frame=1145
published_frame=1146
published_frame=1147
published_frame=1148
editbox_emit sequence=475 bytes=44 elapsed_us=2635 envelope=@J10000000002000000047535086|I422pT20400400;
editbox_emit sequence=476 bytes=44 elapsed_us=2579 envelope=@J10000000002000000047665188|I422rT02080080;
editbox_receipt monotonic_ns=578848349371420 received=473 consumed=465 revision=207
editbox_emit sequence=477 bytes=38 elapsed_us=2400 envelope=@J10000000002000000047724964|I422tT00;
published_frame=1149
published_frame=1150
published_frame=1151
published_frame=1152
published_frame=1153
published_frame=1154
published_frame=1155
published_frame=1156
published_frame=1157
published_frame=1158
editbox_emit sequence=478 bytes=44 elapsed_us=2769 envelope=@J10000000002000000047825579|I422vT20200200;
editbox_emit sequence=479 bytes=44 elapsed_us=2571 envelope=@J10000000002000000047909284|I422xT02400400;
editbox_emit sequence=480 bytes=38 elapsed_us=2237 envelope=@J10000000002000000048036103|I422zT00;
editbox_emit sequence=481 bytes=44 elapsed_us=2642 envelope=@J10000000002000000048131341|I422_T201W01W0;
editbox_receipt monotonic_ns=578848394030332 received=473 consumed=471 revision=208
editbox_emit sequence=482 bytes=49 elapsed_us=3058 envelope=@J10000000002000000048212523|I422XU0o0010011H03_;
published_frame=1159
published_frame=1160
published_frame=1161
published_frame=1162
published_frame=1163
published_frame=1164
published_frame=1165
published_frame=1166
published_frame=1167
published_frame=1168
editbox_emit sequence=483 bytes=38 elapsed_us=2224 envelope=@J10000000002000000048326156|I422ZU00;
editbox_emit sequence=484 bytes=49 elapsed_us=2549 envelope=@J10000000002000000048402780|I422bUo0020022Y07-0;
editbox_emit sequence=485 bytes=49 elapsed_us=2573 envelope=@J10000000002000000048532033|I422dU0o004004FC001;
editbox_emit sequence=486 bytes=38 elapsed_us=1795 envelope=@J10000000002000000048624078|I422fU00;
editbox_emit sequence=487 bytes=49 elapsed_us=3501 envelope=@J10000000002000000048738968|I422hUo00O00OUO0020;
editbox_receipt monotonic_ns=578848429168583 received=473 consumed=473 revision=209
editbox_emit sequence=488 bytes=44 elapsed_us=3398 envelope=@J10000000002000000048804614|I422jU0200G00G;
published_frame=1169
published_frame=1170
editbox_emit sequence=489 bytes=38 elapsed_us=1824 envelope=@J10000000002000000048922000|I422lU00;
editbox_receipt monotonic_ns=578848471832645 received=473 consumed=473 revision=210
editbox_emit sequence=474 bytes=38 elapsed_us=2512 envelope=@J10000000002000000047427042|I422nT00;
editbox_receipt monotonic_ns=578848506755262 received=473 consumed=473 revision=211
editbox_receipt monotonic_ns=578848550009921 received=473 consumed=473 revision=212
editbox_emit sequence=474 bytes=38 elapsed_us=2725 envelope=@J10000000002000000047427042|I422nT00;
editbox_receipt monotonic_ns=578848959890784 received=489 consumed=473 revision=213
editbox_receipt monotonic_ns=578848991206168 received=489 consumed=473 revision=214
editbox_receipt monotonic_ns=578849033127106 received=489 consumed=473 revision=215
editbox_receipt monotonic_ns=578849149279462 received=489 consumed=477 revision=216
editbox_emit sequence=490 bytes=44 elapsed_us=2579 envelope=@J10000000002000000049059414|I422nU200G00G0;
published_frame=1171
published_frame=1172
published_frame=1173
published_frame=1174
editbox_emit sequence=491 bytes=44 elapsed_us=2346 envelope=@J10000000002000000049124129|I422pU0200W00W;
editbox_emit sequence=492 bytes=38 elapsed_us=2261 envelope=@J10000000002000000049233139|I422rU00;
editbox_emit sequence=493 bytes=44 elapsed_us=2086 envelope=@J10000000002000000049352580|I422tU20100100;
editbox_receipt monotonic_ns=578849203302350 received=489 consumed=483 revision=217
editbox_emit sequence=494 bytes=44 elapsed_us=2218 envelope=@J10000000002000000049426723|I422vU02040040;
published_frame=1175
published_frame=1176
published_frame=1177
published_frame=1178
published_frame=1179
published_frame=1180
published_frame=1181
published_frame=1182
editbox_emit sequence=495 bytes=38 elapsed_us=1820 envelope=@J10000000002000000049531061|I422xU00;
editbox_emit sequence=496 bytes=44 elapsed_us=2598 envelope=@J10000000002000000049613127|I422zU20800800;
editbox_emit sequence=497 bytes=44 elapsed_us=2261 envelope=@J10000000002000000049764014|I422_U02020020;
editbox_emit sequence=498 bytes=38 elapsed_us=2442 envelope=@J10000000002000000049821114|I422XV00;
editbox_emit sequence=499 bytes=44 elapsed_us=2593 envelope=@J10000000002000000049963022|I422ZV24004000;
editbox_receipt monotonic_ns=578849247153397 received=489 consumed=489 revision=218
editbox_emit sequence=500 bytes=47 elapsed_us=2489 envelope=@J10000000002000000050007994|I422bV0301W01W000;
published_frame=1183
published_frame=1184
published_frame=1185
published_frame=1186
published_frame=1187
published_frame=1188
published_frame=1189
published_frame=1190
editbox_emit sequence=501 bytes=44 elapsed_us=2356 envelope=@J10000000002000000050133618|I422dV200001W0;
editbox_emit sequence=502 bytes=61 elapsed_us=2924 envelope=@J10000000002000000050265337|I422fVt001001000Fm31H03_2000001;
editbox_emit sequence=503 bytes=55 elapsed_us=2593 envelope=@J10000000002000000050303531|I422hV0t002002000Fq22Y07-;
editbox_emit sequence=504 bytes=44 elapsed_us=2063 envelope=@J10000000002000000050456127|I422jV20000020;
editbox_emit sequence=505 bytes=61 elapsed_us=2894 envelope=@J10000000002000000050516376|I422lVt00400400003zFC0012000004;
editbox_receipt monotonic_ns=578849281691493 received=489 consumed=489 revision=219
editbox_receipt monotonic_ns=578849312968094 received=489 consumed=489 revision=220
editbox_receipt monotonic_ns=578849344303776 received=489 consumed=489 revision=221
editbox_receipt monotonic_ns=578849365771537 received=489 consumed=489 revision=222
editbox_emit sequence=490 bytes=44 elapsed_us=2894 envelope=@J10000000002000000049059414|I422nU200G00G0;
editbox_receipt monotonic_ns=578849832717251 received=505 consumed=492 revision=223
editbox_emit sequence=506 bytes=55 elapsed_us=3113 envelope=@J10000000002000000050610499|I422nV0t00O00O00003-UO002;
published_frame=1191
published_frame=1192
published_frame=1193
published_frame=1194
editbox_emit sequence=507 bytes=44 elapsed_us=2529 envelope=@J10000000002000000050723647|I422pV200000O0;
editbox_emit sequence=508 bytes=53 elapsed_us=2806 envelope=@J10000000002000000050819394|I422rV300G00G000200000G;
editbox_receipt monotonic_ns=578849898977804 received=505 consumed=498 revision=224
editbox_emit sequence=509 bytes=47 elapsed_us=2797 envelope=@J10000000002000000050900869|I422tV0300G00G000;
published_frame=1195
published_frame=1196
published_frame=1197
published_frame=1198
published_frame=1199
published_frame=1200
published_frame=1201
published_frame=1202
editbox_emit sequence=510 bytes=44 elapsed_us=2474 envelope=@J10000000002000000051005703|I422vV200000G0;
editbox_emit sequence=511 bytes=53 elapsed_us=2808 envelope=@J10000000002000000051105158|I422xV300W00W000200000W;
editbox_emit sequence=512 bytes=47 elapsed_us=2153 envelope=@J10000000002000000051239747|I422zV03010010000;
editbox_emit sequence=513 bytes=44 elapsed_us=2174 envelope=@J10000000002000000051326686|I422_V20000100;
editbox_emit sequence=514 bytes=57 elapsed_us=2725 envelope=@J10000000002000000051447790|I422XW1B040040000Fy02000040;
editbox_receipt monotonic_ns=578849933222670 received=505 consumed=504 revision=225
editbox_emit sequence=515 bytes=39 elapsed_us=2108 envelope=@J10000000002000000051512063|I422ZW100;
published_frame=1203
published_frame=1204
published_frame=1205
published_frame=1206
published_frame=1207
published_frame=1208
published_frame=1209
published_frame=1210
published_frame=1211
published_frame=1212
editbox_emit sequence=516 bytes=45 elapsed_us=2054 envelope=@J10000000002000000051606811|I422bW120800800;
editbox_emit sequence=517 bytes=45 elapsed_us=2189 envelope=@J10000000002000000051757713|I422dW102020020;
editbox_emit sequence=518 bytes=39 elapsed_us=1854 envelope=@J10000000002000000051814653|I422fW100;
editbox_emit sequence=519 bytes=45 elapsed_us=2072 envelope=@J10000000002000000051961922|I422hW124004000;
editbox_emit sequence=520 bytes=45 elapsed_us=2478 envelope=@J10000000002000000052064825|I422jW10201W01W;
editbox_receipt monotonic_ns=578849964843116 received=505 consumed=505 revision=226
editbox_emit sequence=521 bytes=39 elapsed_us=2638 envelope=@J10000000002000000052158660|I422lW100;
published_frame=1213
published_frame=1214
published_frame=1215
published_frame=1216
editbox_receipt monotonic_ns=578850017683547 received=505 consumed=505 revision=227
editbox_receipt monotonic_ns=578850049966826 received=505 consumed=505 revision=228
editbox_receipt monotonic_ns=578850082115542 received=505 consumed=505 revision=229
editbox_emit sequence=506 bytes=55 elapsed_us=2904 envelope=@J10000000002000000050610499|I422nV0t00O00O00003-UO002;
editbox_receipt monotonic_ns=578850533300135 received=521 consumed=505 revision=230
editbox_receipt monotonic_ns=578850652023120 received=521 consumed=510 revision=231
editbox_emit sequence=522 bytes=39 elapsed_us=2529 envelope=@J10000000002000000052237683|I422nW100;
published_frame=1217
published_frame=1218
published_frame=1219
published_frame=1220
published_frame=1221
published_frame=1222
published_frame=1223
published_frame=1224
editbox_emit sequence=523 bytes=39 elapsed_us=2291 envelope=@J10000000002000000052316706|I422pW100;
editbox_emit sequence=524 bytes=39 elapsed_us=2072 envelope=@J10000000002000000052461250|I422rW100;
editbox_emit sequence=525 bytes=39 elapsed_us=3039 envelope=@J10000000002000000052540273|I422tW100;
editbox_emit sequence=526 bytes=39 elapsed_us=2333 envelope=@J10000000002000000052619296|I422vW100;
editbox_receipt monotonic_ns=578850696853754 received=521 consumed=516 revision=232
editbox_emit sequence=527 bytes=39 elapsed_us=2737 envelope=@J10000000002000000052763840|I422xW100;
published_frame=1225
published_frame=1226
published_frame=1227
published_frame=1228
published_frame=1229
published_frame=1230
published_frame=1231
published_frame=1232
published_frame=1233
published_frame=1234
editbox_emit sequence=528 bytes=39 elapsed_us=1925 envelope=@J10000000002000000052842863|I422zW100;
editbox_emit sequence=529 bytes=39 elapsed_us=1961 envelope=@J10000000002000000052921886|I422_W100;
editbox_emit sequence=530 bytes=39 elapsed_us=2386 envelope=@J10000000002000000053032837|I422XX100;
editbox_emit sequence=531 bytes=39 elapsed_us=2362 envelope=@J10000000002000000053111860|I422ZX100;
editbox_emit sequence=532 bytes=39 elapsed_us=2604 envelope=@J10000000002000000053256404|I422bX100;
editbox_receipt monotonic_ns=578850731414793 received=521 consumed=521 revision=233
editbox_emit sequence=533 bytes=39 elapsed_us=2757 envelope=@J10000000002000000053335427|I422dX100;
published_frame=1235
published_frame=1236
published_frame=1237
published_frame=1238
published_frame=1239
published_frame=1240
editbox_emit sequence=534 bytes=39 elapsed_us=2523 envelope=@J10000000002000000053414450|I422fX100;
editbox_emit sequence=535 bytes=39 elapsed_us=2584 envelope=@J10000000002000000053558994|I422hX100;
editbox_emit sequence=536 bytes=39 elapsed_us=2414 envelope=@J10000000002000000053638017|I422jX100;
editbox_emit sequence=537 bytes=39 elapsed_us=2363 envelope=@J10000000002000000053717040|I422lX100;
editbox_receipt monotonic_ns=578850765836281 received=521 consumed=521 revision=234
editbox_receipt monotonic_ns=578850818976504 received=521 consumed=521 revision=235
editbox_receipt monotonic_ns=578850851885766 received=521 consumed=521 revision=236
editbox_receipt monotonic_ns=578850895354386 received=521 consumed=521 revision=237
editbox_emit sequence=522 bytes=39 elapsed_us=2202 envelope=@J10000000002000000052237683|I422nW100;
editbox_receipt monotonic_ns=578851235686269 received=537 consumed=521 revision=238
editbox_receipt monotonic_ns=578851354429633 received=537 consumed=526 revision=239
editbox_emit sequence=538 bytes=39 elapsed_us=2697 envelope=@J10000000002000000053861584|I422nX100;
published_frame=1241
published_frame=1242
published_frame=1243
published_frame=1244
published_frame=1245
published_frame=1246
editbox_emit sequence=539 bytes=39 elapsed_us=2590 envelope=@J10000000002000000053940607|I422pX100;
editbox_emit sequence=540 bytes=39 elapsed_us=2340 envelope=@J10000000002000000054061047|I422rX100;
editbox_emit sequence=541 bytes=39 elapsed_us=2260 envelope=@J10000000002000000054140070|I422tX100;
editbox_emit sequence=542 bytes=39 elapsed_us=2233 envelope=@J10000000002000000054219093|I422vX100;
editbox_receipt monotonic_ns=578851398729421 received=537 consumed=532 revision=240
editbox_emit sequence=543 bytes=62 elapsed_us=3855 envelope=@J10000000002000000054312645|I422xX1t002002000Fq22Y07-5002Fq2;
published_frame=1247
published_frame=1248
published_frame=1249
published_frame=1250
editbox_emit sequence=544 bytes=51 elapsed_us=2812 envelope=@J10000000002000000054402349|I422zX15002Fq25002Fq2;
editbox_emit sequence=545 bytes=51 elapsed_us=3424 envelope=@J10000000002000000054506480|I422_X15002Fq25002Fq2;
editbox_emit sequence=546 bytes=51 elapsed_us=3995 envelope=@J10000000002000000054628375|I422XY15002Fq25002Fq2;
editbox_emit sequence=547 bytes=51 elapsed_us=3331 envelope=@J10000000002000000054732506|I422ZY15002Fq25002Fq2;
editbox_emit sequence=548 bytes=51 elapsed_us=3442 envelope=@J10000000002000000054836637|I422bY15002Fq25002Fq2;
editbox_receipt monotonic_ns=578851434568336 received=537 consumed=537 revision=241
editbox_emit sequence=549 bytes=51 elapsed_us=2693 envelope=@J10000000002000000054940768|I422dY15002Fq25002Fq2;
published_frame=1251
published_frame=1252
published_frame=1253
published_frame=1254
published_frame=1255
published_frame=1256
editbox_emit sequence=550 bytes=51 elapsed_us=2723 envelope=@J10000000002000000055053572|I422fY15002Fq25002Fq2;
editbox_emit sequence=551 bytes=51 elapsed_us=2716 envelope=@J10000000002000000055157703|I422hY15002Fq25002Fq2;
editbox_emit sequence=552 bytes=51 elapsed_us=2592 envelope=@J10000000002000000055261834|I422jY15002Fq25002Fq2;
editbox_emit sequence=553 bytes=51 elapsed_us=2429 envelope=@J10000000002000000055300444|I422lY15002Fq25002Fq2;
editbox_receipt monotonic_ns=578851478944768 received=537 consumed=537 revision=242
editbox_receipt monotonic_ns=578851521362157 received=537 consumed=537 revision=243
editbox_receipt monotonic_ns=578851564378369 received=537 consumed=537 revision=244
editbox_emit sequence=538 bytes=39 elapsed_us=2135 envelope=@J10000000002000000053861584|I422nX100;
editbox_receipt monotonic_ns=578852002189337 received=553 consumed=537 revision=245
editbox_receipt monotonic_ns=578852098348447 received=553 consumed=542 revision=246
editbox_emit sequence=554 bytes=51 elapsed_us=3494 envelope=@J10000000002000000055404575|I422nY15002Fq25002Fq2;
published_frame=1257
published_frame=1258
published_frame=1259
published_frame=1260
editbox_emit sequence=555 bytes=51 elapsed_us=3123 envelope=@J10000000002000000055508706|I422pY15002Fq25002Fq2;
editbox_emit sequence=556 bytes=51 elapsed_us=2756 envelope=@J10000000002000000055612837|I422rY15002Fq25002Fq2;
editbox_emit sequence=557 bytes=51 elapsed_us=3395 envelope=@J10000000002000000055716968|I422tY15002Fq25002Fq2;
editbox_emit sequence=558 bytes=51 elapsed_us=3595 envelope=@J10000000002000000055821099|I422vY15002Fq25002Fq2;
editbox_receipt monotonic_ns=578852144275867 received=553 consumed=548 revision=247
editbox_emit sequence=559 bytes=51 elapsed_us=3559 envelope=@J10000000002000000055925230|I422xY15002Fq25002Fq2;
published_frame=1261
published_frame=1262
published_frame=1263
published_frame=1264
published_frame=1265
published_frame=1266
published_frame=1267
published_frame=1268
published_frame=1269
published_frame=1270
published_frame=1271
published_frame=1272
editbox_emit sequence=560 bytes=51 elapsed_us=2537 envelope=@J10000000002000000056038034|I422zY15002Fq25002Fq2;
editbox_emit sequence=561 bytes=51 elapsed_us=2484 envelope=@J10000000002000000056142165|I422_Y15002Fq25002Fq2;
editbox_emit sequence=562 bytes=51 elapsed_us=2460 envelope=@J10000000002000000056264060|I422XZ15002Fq25002Fq2;
editbox_emit sequence=563 bytes=51 elapsed_us=2597 envelope=@J10000000002000000056302670|I422ZZ15002Fq25002Fq2;
editbox_emit sequence=564 bytes=51 elapsed_us=2509 envelope=@J10000000002000000056406801|I422bZ15002Fq25002Fq2;
editbox_receipt monotonic_ns=578852179907723 received=553 consumed=553 revision=248
editbox_emit sequence=565 bytes=51 elapsed_us=3125 envelope=@J10000000002000000056510932|I422dZ15002Fq25002Fq2;
published_frame=1273
published_frame=1274
published_frame=1275
published_frame=1276
published_frame=1277
published_frame=1278
published_frame=1279
published_frame=1280
published_frame=1281
published_frame=1282
editbox_emit sequence=566 bytes=51 elapsed_us=3129 envelope=@J10000000002000000056615063|I422fZ15002Fq25002Fq2;
editbox_emit sequence=567 bytes=51 elapsed_us=3521 envelope=@J10000000002000000056719194|I422hZ15002Fq25002Fq2;
editbox_emit sequence=568 bytes=51 elapsed_us=3276 envelope=@J10000000002000000056823325|I422jZ15002Fq25002Fq2;
editbox_emit sequence=569 bytes=51 elapsed_us=3082 envelope=@J10000000002000000056927456|I422lZ15002Fq25002Fq2;
editbox_receipt monotonic_ns=578852216608153 received=553 consumed=553 revision=249
editbox_emit sequence=554 bytes=51 elapsed_us=3003 envelope=@J10000000002000000055404575|I422nY15002Fq25002Fq2;
editbox_receipt monotonic_ns=578852678349087 received=569 consumed=553 revision=250
editbox_receipt monotonic_ns=578852710910417 received=569 consumed=553 revision=251
editbox_receipt monotonic_ns=578852742600203 received=569 consumed=553 revision=252
editbox_receipt monotonic_ns=578852816168547 received=569 consumed=555 revision=253
editbox_emit sequence=570 bytes=51 elapsed_us=3254 envelope=@J10000000002000000057040260|I422nZ15002Fq25002Fq2;
published_frame=1283
published_frame=1284
published_frame=1285
published_frame=1286
editbox_emit sequence=571 bytes=51 elapsed_us=3311 envelope=@J10000000002000000057144391|I422pZ15002Fq25002Fq2;
editbox_receipt monotonic_ns=578852890446832 received=569 consumed=561 revision=254
editbox_emit sequence=572 bytes=51 elapsed_us=3167 envelope=@J10000000002000000057248522|I422rZ15002Fq25002Fq2;
published_frame=1287
published_frame=1288
published_frame=1289
published_frame=1290
published_frame=1291
published_frame=1292
published_frame=1293
published_frame=1294
published_frame=1295
published_frame=1296
published_frame=1297
published_frame=1298
editbox_emit sequence=573 bytes=51 elapsed_us=2898 envelope=@J10000000002000000057352653|I422tZ15002Fq25002Fq2;
editbox_emit sequence=574 bytes=51 elapsed_us=2978 envelope=@J10000000002000000057456784|I422vZ15002Fq25002Fq2;
editbox_emit sequence=575 bytes=51 elapsed_us=2986 envelope=@J10000000002000000057560915|I422xZ15002Fq25002Fq2;
editbox_emit sequence=576 bytes=51 elapsed_us=3250 envelope=@J10000000002000000057665046|I422zZ15002Fq25002Fq2;
editbox_emit sequence=577 bytes=51 elapsed_us=3373 envelope=@J10000000002000000057703656|I422_Z15002Fq25002Fq2;
editbox_receipt monotonic_ns=578852928516018 received=569 consumed=567 revision=255
editbox_emit sequence=578 bytes=51 elapsed_us=3039 envelope=@J10000000002000000057825551|I422Xa15002Fq25002Fq2;
published_frame=1299
published_frame=1300
published_frame=1301
published_frame=1302
published_frame=1303
published_frame=1304
published_frame=1305
published_frame=1306
published_frame=1307
published_frame=1308
published_frame=1309
published_frame=1310
editbox_emit sequence=579 bytes=51 elapsed_us=3002 envelope=@J10000000002000000057929682|I422Za15002Fq25002Fq2;
editbox_emit sequence=580 bytes=51 elapsed_us=2782 envelope=@J10000000002000000058042486|I422ba15002Fq25002Fq2;
editbox_emit sequence=581 bytes=51 elapsed_us=2944 envelope=@J10000000002000000058146617|I422da15002Fq25002Fq2;
editbox_emit sequence=582 bytes=51 elapsed_us=3243 envelope=@J10000000002000000058250748|I422fa15002Fq25002Fq2;
editbox_emit sequence=583 bytes=51 elapsed_us=3121 envelope=@J10000000002000000058354879|I422ha15002Fq25002Fq2;
editbox_receipt monotonic_ns=578852977139463 received=569 consumed=569 revision=256
editbox_emit sequence=584 bytes=51 elapsed_us=2483 envelope=@J10000000002000000058459010|I422ja15002Fq25002Fq2;
published_frame=1311
published_frame=1312
published_frame=1313
published_frame=1314
editbox_emit sequence=585 bytes=51 elapsed_us=2421 envelope=@J10000000002000000058563141|I422la15002Fq25002Fq2;
editbox_receipt monotonic_ns=578853018285368 received=569 consumed=569 revision=257
editbox_receipt monotonic_ns=578853061784946 received=569 consumed=569 revision=258
editbox_emit sequence=570 bytes=51 elapsed_us=2856 envelope=@J10000000002000000057040260|I422nZ15002Fq25002Fq2;
editbox_receipt monotonic_ns=578853502554550 received=569 consumed=569 revision=259
editbox_emit sequence=570 bytes=51 elapsed_us=3329 envelope=@J10000000002000000057040260|I422nZ15002Fq25002Fq2;
editbox_receipt monotonic_ns=578853643155164 received=585 consumed=572 revision=260
editbox_emit sequence=586 bytes=51 elapsed_us=2926 envelope=@J10000000002000000058601751|I422na15002Fq25002Fq2;
published_frame=1315
published_frame=1316
published_frame=1317
published_frame=1318
published_frame=1319
published_frame=1320
editbox_emit sequence=587 bytes=51 elapsed_us=2752 envelope=@J10000000002000000058705882|I422pa15002Fq25002Fq2;
editbox_emit sequence=588 bytes=51 elapsed_us=2559 envelope=@J10000000002000000058810013|I422ra15002Fq25002Fq2;
editbox_receipt monotonic_ns=578853699175908 received=585 consumed=578 revision=261
editbox_emit sequence=589 bytes=51 elapsed_us=2741 envelope=@J10000000002000000058914144|I422ta15002Fq25002Fq2;
published_frame=1321
published_frame=1322
published_frame=1323
published_frame=1324
published_frame=1325
published_frame=1326
published_frame=1327
published_frame=1328
published_frame=1329
published_frame=1330
published_frame=1331
published_frame=1332
editbox_emit sequence=590 bytes=51 elapsed_us=2549 envelope=@J10000000002000000059026948|I422va15002Fq25002Fq2;
editbox_emit sequence=591 bytes=51 elapsed_us=2564 envelope=@J10000000002000000059131079|I422xa15002Fq25002Fq2;
editbox_emit sequence=592 bytes=51 elapsed_us=2360 envelope=@J10000000002000000059235210|I422za15002Fq25002Fq2;
editbox_emit sequence=593 bytes=51 elapsed_us=2555 envelope=@J10000000002000000059339341|I422_a15002Fq25002Fq2;
editbox_emit sequence=594 bytes=51 elapsed_us=2506 envelope=@J10000000002000000059461236|I422Xb15002Fq25002Fq2;
editbox_receipt monotonic_ns=578853744543428 received=585 consumed=584 revision=262
editbox_emit sequence=595 bytes=51 elapsed_us=3078 envelope=@J10000000002000000059565367|I422Zb15002Fq25002Fq2;
published_frame=1333
published_frame=1334
published_frame=1335
published_frame=1336
published_frame=1337
published_frame=1338
published_frame=1339
published_frame=1340
published_frame=1341
published_frame=1342
published_frame=1343
published_frame=1344
editbox_emit sequence=596 bytes=51 elapsed_us=2896 envelope=@J10000000002000000059603977|I422bb15002Fq25002Fq2;
editbox_emit sequence=597 bytes=51 elapsed_us=2844 envelope=@J10000000002000000059708108|I422db15002Fq25002Fq2;
editbox_emit sequence=598 bytes=51 elapsed_us=3267 envelope=@J10000000002000000059812239|I422fb15002Fq25002Fq2;
editbox_emit sequence=599 bytes=51 elapsed_us=2644 envelope=@J10000000002000000059916370|I422hb15002Fq25002Fq2;
editbox_emit sequence=600 bytes=51 elapsed_us=2523 envelope=@J10000000002000000060043904|I422jb15002Fq25002Fq2;
editbox_receipt monotonic_ns=578853781707026 received=585 consumed=585 revision=263
editbox_emit sequence=601 bytes=51 elapsed_us=2498 envelope=@J10000000002000000060148035|I422lb15002Fq25002Fq2;
published_frame=1345
published_frame=1346
editbox_receipt monotonic_ns=578853802690008 received=585 consumed=585 revision=264
editbox_receipt monotonic_ns=578853844786485 received=585 consumed=585 revision=265
editbox_receipt monotonic_ns=578853876152103 received=585 consumed=585 revision=266
editbox_emit sequence=586 bytes=51 elapsed_us=2763 envelope=@J10000000002000000058601751|I422na15002Fq25002Fq2;
editbox_receipt monotonic_ns=578853918980572 received=585 consumed=585 revision=267
editbox_emit sequence=586 bytes=51 elapsed_us=3045 envelope=@J10000000002000000058601751|I422na15002Fq25002Fq2;
editbox_receipt monotonic_ns=578854525739972 received=601 consumed=585 revision=268
editbox_receipt monotonic_ns=578854621954676 received=601 consumed=591 revision=269
editbox_emit sequence=602 bytes=51 elapsed_us=2663 envelope=@J10000000002000000060252166|I422nb15002Fq25002Fq2;
published_frame=1347
published_frame=1348
published_frame=1349
published_frame=1350
published_frame=1351
published_frame=1352
published_frame=1353
published_frame=1354
published_frame=1355
published_frame=1356
published_frame=1357
published_frame=1358
editbox_emit sequence=603 bytes=51 elapsed_us=3172 envelope=@J10000000002000000060356297|I422pb15002Fq25002Fq2;
editbox_emit sequence=604 bytes=51 elapsed_us=2453 envelope=@J10000000002000000060460428|I422rb15002Fq25002Fq2;
editbox_emit sequence=605 bytes=51 elapsed_us=2359 envelope=@J10000000002000000060564559|I422tb15002Fq25002Fq2;
editbox_emit sequence=606 bytes=51 elapsed_us=2588 envelope=@J10000000002000000060603169|I422vb15002Fq25002Fq2;
editbox_emit sequence=607 bytes=51 elapsed_us=2888 envelope=@J10000000002000000060707300|I422xb15002Fq25002Fq2;
editbox_receipt monotonic_ns=578854657760368 received=601 consumed=597 revision=270
editbox_emit sequence=608 bytes=51 elapsed_us=3577 envelope=@J10000000002000000060811431|I422zb15002Fq25002Fq2;
published_frame=1359
published_frame=1360
published_frame=1361
published_frame=1362
published_frame=1363
published_frame=1364
published_frame=1365
published_frame=1366
published_frame=1367
published_frame=1368
published_frame=1369
published_frame=1370
editbox_emit sequence=609 bytes=51 elapsed_us=3315 envelope=@J10000000002000000060915562|I422_b15002Fq25002Fq2;
editbox_emit sequence=610 bytes=51 elapsed_us=3079 envelope=@J10000000002000000061046130|I422Xc15002Fq25002Fq2;
editbox_emit sequence=611 bytes=51 elapsed_us=3050 envelope=@J10000000002000000061150261|I422Zc15002Fq25002Fq2;
editbox_emit sequence=612 bytes=51 elapsed_us=2917 envelope=@J10000000002000000061254392|I422bc15002Fq25002Fq2;
editbox_emit sequence=613 bytes=51 elapsed_us=3584 envelope=@J10000000002000000061358523|I422dc15002Fq25002Fq2;
editbox_receipt monotonic_ns=578854697167924 received=601 consumed=601 revision=271
editbox_emit sequence=614 bytes=51 elapsed_us=2987 envelope=@J10000000002000000061462654|I422fc15002Fq25002Fq2;
published_frame=1371
published_frame=1372
published_frame=1373
published_frame=1374
published_frame=1375
published_frame=1376
published_frame=1377
published_frame=1378
editbox_emit sequence=615 bytes=51 elapsed_us=3272 envelope=@J10000000002000000061501264|I422hc15002Fq25002Fq2;
editbox_emit sequence=616 bytes=51 elapsed_us=3358 envelope=@J10000000002000000061605395|I422jc15002Fq25002Fq2;
editbox_emit sequence=617 bytes=51 elapsed_us=3193 envelope=@J10000000002000000061709526|I422lc15002Fq25002Fq2;
editbox_receipt monotonic_ns=578854743661555 received=601 consumed=601 revision=272
editbox_receipt monotonic_ns=578854786299548 received=601 consumed=601 revision=273
editbox_receipt monotonic_ns=578854817548336 received=601 consumed=601 revision=274
editbox_receipt monotonic_ns=578854871270420 received=601 consumed=601 revision=275
editbox_emit sequence=602 bytes=51 elapsed_us=3912 envelope=@J10000000002000000060252166|I422nb15002Fq25002Fq2;
editbox_receipt monotonic_ns=578854904225889 received=601 consumed=601 revision=276
editbox_emit sequence=602 bytes=51 elapsed_us=2897 envelope=@J10000000002000000060252166|I422nb15002Fq25002Fq2;
editbox_receipt monotonic_ns=578855385612034 received=617 consumed=601 revision=277
editbox_receipt monotonic_ns=578855484849095 received=617 consumed=604 revision=278
editbox_emit sequence=618 bytes=51 elapsed_us=3312 envelope=@J10000000002000000061813657|I422nc15002Fq25002Fq2;
published_frame=1379
published_frame=1380
published_frame=1381
published_frame=1382
published_frame=1383
published_frame=1384
editbox_emit sequence=619 bytes=51 elapsed_us=3023 envelope=@J10000000002000000061917788|I422pc15002Fq25002Fq2;
editbox_emit sequence=620 bytes=51 elapsed_us=2939 envelope=@J10000000002000000062030592|I422rc15002Fq25002Fq2;
editbox_receipt monotonic_ns=578855551220154 received=617 consumed=610 revision=279
editbox_emit sequence=621 bytes=51 elapsed_us=3710 envelope=@J10000000002000000062134723|I422tc15002Fq25002Fq2;
published_frame=1385
published_frame=1386
published_frame=1387
published_frame=1388
published_frame=1389
published_frame=1390
published_frame=1391
published_frame=1392
published_frame=1393
published_frame=1394
published_frame=1395
published_frame=1396
editbox_emit sequence=622 bytes=51 elapsed_us=3046 envelope=@J10000000002000000062238854|I422vc15002Fq25002Fq2;
editbox_emit sequence=623 bytes=51 elapsed_us=2494 envelope=@J10000000002000000062342985|I422xc15002Fq25002Fq2;
editbox_emit sequence=624 bytes=51 elapsed_us=2794 envelope=@J10000000002000000062447116|I422zc15002Fq25002Fq2;
editbox_emit sequence=625 bytes=51 elapsed_us=2421 envelope=@J10000000002000000062551247|I422_c15002Fq25002Fq2;
editbox_emit sequence=626 bytes=51 elapsed_us=2514 envelope=@J10000000002000000062607621|I422Xd15002Fq25002Fq2;
editbox_receipt monotonic_ns=578855605341878 received=617 consumed=616 revision=280
editbox_emit sequence=627 bytes=51 elapsed_us=2752 envelope=@J10000000002000000062711752|I422Zd15002Fq25002Fq2;
published_frame=1397
published_frame=1398
published_frame=1399
published_frame=1400
published_frame=1401
published_frame=1402
published_frame=1403
published_frame=1404
published_frame=1405
published_frame=1406
published_frame=1407
published_frame=1408
editbox_emit sequence=628 bytes=51 elapsed_us=2532 envelope=@J10000000002000000062815883|I422bd15002Fq25002Fq2;
editbox_emit sequence=629 bytes=51 elapsed_us=2506 envelope=@J10000000002000000062920014|I422dd15002Fq25002Fq2;
editbox_emit sequence=630 bytes=51 elapsed_us=2372 envelope=@J10000000002000000063032818|I422fd15002Fq25002Fq2;
editbox_emit sequence=631 bytes=51 elapsed_us=2392 envelope=@J10000000002000000063136949|I422hd15002Fq25002Fq2;
editbox_emit sequence=632 bytes=51 elapsed_us=2347 envelope=@J10000000002000000063241080|I422jd15002Fq25002Fq2;
editbox_receipt monotonic_ns=578855638747991 received=617 consumed=617 revision=281
editbox_emit sequence=633 bytes=51 elapsed_us=2496 envelope=@J10000000002000000063345211|I422ld15002Fq25002Fq2;
published_frame=1409
published_frame=1410
editbox_receipt monotonic_ns=578855670170025 received=617 consumed=617 revision=282
editbox_receipt monotonic_ns=578855701841305 received=617 consumed=617 revision=283
editbox_emit sequence=618 bytes=51 elapsed_us=2740 envelope=@J10000000002000000061813657|I422nc15002Fq25002Fq2;
editbox_receipt monotonic_ns=578856130708903 received=617 consumed=617 revision=284
editbox_emit sequence=618 bytes=51 elapsed_us=3354 envelope=@J10000000002000000061813657|I422nc15002Fq25002Fq2;
editbox_receipt monotonic_ns=578856217674225 received=633 consumed=617 revision=285
editbox_receipt monotonic_ns=578856239060833 received=633 consumed=617 revision=286
editbox_receipt monotonic_ns=578856324665935 received=633 consumed=620 revision=287
editbox_emit sequence=634 bytes=51 elapsed_us=3181 envelope=@J10000000002000000063449342|I422nd15002Fq25002Fq2;
published_frame=1411
published_frame=1412
published_frame=1413
published_frame=1414
published_frame=1415
published_frame=1416
editbox_emit sequence=635 bytes=51 elapsed_us=2989 envelope=@J10000000002000000063553473|I422pd15002Fq25002Fq2;
editbox_emit sequence=636 bytes=51 elapsed_us=2673 envelope=@J10000000002000000063657604|I422rd15002Fq25002Fq2;
editbox_receipt monotonic_ns=578856371029993 received=633 consumed=626 revision=288
editbox_emit sequence=637 bytes=51 elapsed_us=2602 envelope=@J10000000002000000063761735|I422td15002Fq25002Fq2;
published_frame=1417
published_frame=1418
published_frame=1419
published_frame=1420
published_frame=1421
published_frame=1422
published_frame=1423
published_frame=1424
published_frame=1425
published_frame=1426
published_frame=1427
published_frame=1428
editbox_emit sequence=638 bytes=51 elapsed_us=3015 envelope=@J10000000002000000063800345|I422vd15002Fq25002Fq2;
editbox_emit sequence=639 bytes=51 elapsed_us=3292 envelope=@J10000000002000000063904476|I422xd15002Fq25002Fq2;
editbox_emit sequence=640 bytes=51 elapsed_us=2962 envelope=@J10000000002000000064017280|I422zd15002Fq25002Fq2;
editbox_emit sequence=641 bytes=51 elapsed_us=3004 envelope=@J10000000002000000064121411|I422_d15002Fq25002Fq2;
editbox_emit sequence=642 bytes=51 elapsed_us=3071 envelope=@J10000000002000000064243306|I422Xe15002Fq25002Fq2;
editbox_receipt monotonic_ns=578856408827470 received=633 consumed=632 revision=289
editbox_emit sequence=643 bytes=51 elapsed_us=3575 envelope=@J10000000002000000064347437|I422Ze15002Fq25002Fq2;
published_frame=1429
published_frame=1430
published_frame=1431
published_frame=1432
published_frame=1433
published_frame=1434
published_frame=1435
published_frame=1436
published_frame=1437
published_frame=1438
published_frame=1439
published_frame=1440
editbox_emit sequence=644 bytes=51 elapsed_us=3080 envelope=@J10000000002000000064451568|I422be15002Fq25002Fq2;
editbox_emit sequence=645 bytes=51 elapsed_us=2397 envelope=@J10000000002000000064555699|I422de15002Fq25002Fq2;
editbox_emit sequence=646 bytes=51 elapsed_us=2436 envelope=@J10000000002000000064659830|I422fe15002Fq25002Fq2;
editbox_emit sequence=647 bytes=51 elapsed_us=2406 envelope=@J10000000002000000064763961|I422he15002Fq25002Fq2;
editbox_emit sequence=648 bytes=51 elapsed_us=3535 envelope=@J10000000002000000064802571|I422je15002Fq25002Fq2;
editbox_receipt monotonic_ns=578856451726652 received=633 consumed=633 revision=290
editbox_emit sequence=649 bytes=51 elapsed_us=3115 envelope=@J10000000002000000064906702|I422le15002Fq25002Fq2;
published_frame=1441
published_frame=1442
editbox_receipt monotonic_ns=578856494306054 received=633 consumed=633 revision=291
editbox_receipt monotonic_ns=578856537518123 received=633 consumed=633 revision=292
editbox_receipt monotonic_ns=578856570294866 received=633 consumed=633 revision=293
editbox_emit sequence=634 bytes=51 elapsed_us=2821 envelope=@J10000000002000000063449342|I422nd15002Fq25002Fq2;
editbox_receipt monotonic_ns=578857055830731 received=633 consumed=633 revision=294
editbox_emit sequence=634 bytes=51 elapsed_us=3061 envelope=@J10000000002000000063449342|I422nd15002Fq25002Fq2;
editbox_receipt monotonic_ns=578857182501246 received=649 consumed=638 revision=295
editbox_emit sequence=650 bytes=51 elapsed_us=2967 envelope=@J10000000002000000065019506|I422ne15002Fq25002Fq2;
published_frame=1443
published_frame=1444
published_frame=1445
published_frame=1446
published_frame=1447
published_frame=1448
published_frame=1449
published_frame=1450
published_frame=1451
published_frame=1452
editbox_emit sequence=651 bytes=51 elapsed_us=2896 envelope=@J10000000002000000065123637|I422pe15002Fq25002Fq2;
editbox_emit sequence=652 bytes=51 elapsed_us=3040 envelope=@J10000000002000000065227768|I422re15002Fq25002Fq2;
editbox_emit sequence=653 bytes=51 elapsed_us=3008 envelope=@J10000000002000000065331899|I422te15002Fq25002Fq2;
editbox_emit sequence=654 bytes=51 elapsed_us=3010 envelope=@J10000000002000000065436030|I422ve15002Fq25002Fq2;
editbox_receipt monotonic_ns=578857227817550 received=649 consumed=644 revision=296
editbox_emit sequence=655 bytes=51 elapsed_us=2692 envelope=@J10000000002000000065540161|I422xe15002Fq25002Fq2;
published_frame=1453
published_frame=1454
published_frame=1455
published_frame=1456
published_frame=1457
published_frame=1458
published_frame=1459
published_frame=1460
published_frame=1461
published_frame=1462
published_frame=1463
published_frame=1464
editbox_emit sequence=656 bytes=51 elapsed_us=2919 envelope=@J10000000002000000065644292|I422ze15002Fq25002Fq2;
editbox_emit sequence=657 bytes=51 elapsed_us=3651 envelope=@J10000000002000000065748423|I422_e15002Fq25002Fq2;
editbox_emit sequence=658 bytes=51 elapsed_us=2558 envelope=@J10000000002000000065804797|I422Xf15002Fq25002Fq2;
editbox_emit sequence=659 bytes=51 elapsed_us=2628 envelope=@J10000000002000000065908928|I422Zf15002Fq25002Fq2;
editbox_emit sequence=660 bytes=51 elapsed_us=2439 envelope=@J10000000002000000066021732|I422bf15002Fq25002Fq2;
editbox_receipt monotonic_ns=578857275794483 received=649 consumed=649 revision=297
editbox_emit sequence=661 bytes=51 elapsed_us=2680 envelope=@J10000000002000000066125863|I422df15002Fq25002Fq2;
published_frame=1465
published_frame=1466
published_frame=1467
published_frame=1468
published_frame=1469
published_frame=1470
published_frame=1471
published_frame=1472
published_frame=1473
published_frame=1474
editbox_emit sequence=662 bytes=51 elapsed_us=3275 envelope=@J10000000002000000066229994|I422ff15002Fq25002Fq2;
editbox_emit sequence=663 bytes=51 elapsed_us=2652 envelope=@J10000000002000000066334125|I422hf15002Fq25002Fq2;
editbox_emit sequence=664 bytes=51 elapsed_us=2498 envelope=@J10000000002000000066438256|I422jf15002Fq25002Fq2;
editbox_emit sequence=665 bytes=51 elapsed_us=2729 envelope=@J10000000002000000066542387|I422lf15002Fq25002Fq2;
editbox_receipt monotonic_ns=578857321426799 received=649 consumed=649 revision=298
editbox_receipt monotonic_ns=578857364707496 received=649 consumed=649 revision=299
editbox_receipt monotonic_ns=578857396632783 received=649 consumed=649 revision=300
editbox_receipt monotonic_ns=578857427227545 received=649 consumed=649 revision=301
editbox_emit sequence=650 bytes=51 elapsed_us=2492 envelope=@J10000000002000000065019506|I422ne15002Fq25002Fq2;
editbox_receipt monotonic_ns=578857458661571 received=649 consumed=649 revision=302
editbox_emit sequence=650 bytes=51 elapsed_us=3057 envelope=@J10000000002000000065019506|I422ne15002Fq25002Fq2;
editbox_receipt monotonic_ns=578857953869229 received=649 consumed=649 revision=303
editbox_emit sequence=650 bytes=51 elapsed_us=3142 envelope=@J10000000002000000065019506|I422ne15002Fq25002Fq2;
editbox_receipt monotonic_ns=578858103339973 received=665 consumed=653 revision=304
editbox_emit sequence=666 bytes=51 elapsed_us=2876 envelope=@J10000000002000000066646518|I422nf15002Fq25002Fq2;
published_frame=1475
published_frame=1476
published_frame=1477
published_frame=1478
published_frame=1479
published_frame=1480
published_frame=1481
published_frame=1482
editbox_emit sequence=667 bytes=51 elapsed_us=2693 envelope=@J10000000002000000066750649|I422pf15002Fq25002Fq2;
editbox_emit sequence=668 bytes=51 elapsed_us=2484 envelope=@J10000000002000000066854780|I422rf15002Fq25002Fq2;
editbox_emit sequence=669 bytes=51 elapsed_us=2442 envelope=@J10000000002000000066958911|I422tf15002Fq25002Fq2;
editbox_receipt monotonic_ns=578858146341386 received=665 consumed=659 revision=305
editbox_emit sequence=670 bytes=51 elapsed_us=2592 envelope=@J10000000002000000067006194|I422vf15002Fq25002Fq2;
published_frame=1483
published_frame=1484
published_frame=1485
published_frame=1486
published_frame=1487
published_frame=1488
published_frame=1489
published_frame=1490
published_frame=1491
published_frame=1492
published_frame=1493
published_frame=1494
editbox_emit sequence=671 bytes=51 elapsed_us=2346 envelope=@J10000000002000000067110325|I422xf15002Fq25002Fq2;
editbox_emit sequence=672 bytes=51 elapsed_us=2919 envelope=@J10000000002000000067214456|I422zf15002Fq25002Fq2;
editbox_emit sequence=673 bytes=51 elapsed_us=2886 envelope=@J10000000002000000067318587|I422_f15002Fq25002Fq2;
editbox_emit sequence=674 bytes=51 elapsed_us=2988 envelope=@J10000000002000000067440482|I422Xg15002Fq25002Fq2;
editbox_emit sequence=675 bytes=51 elapsed_us=2566 envelope=@J10000000002000000067544613|I422Zg15002Fq25002Fq2;
editbox_receipt monotonic_ns=578858191786061 received=665 consumed=665 revision=306
editbox_emit sequence=676 bytes=51 elapsed_us=2498 envelope=@J10000000002000000067648744|I422bg15002Fq25002Fq2;
published_frame=1495
published_frame=1496
published_frame=1497
published_frame=1498
published_frame=1499
published_frame=1500
published_frame=1501
published_frame=1502
published_frame=1503
published_frame=1504
published_frame=1505
published_frame=1506
editbox_emit sequence=677 bytes=51 elapsed_us=2391 envelope=@J10000000002000000067752875|I422dg15002Fq25002Fq2;
editbox_emit sequence=678 bytes=51 elapsed_us=2291 envelope=@J10000000002000000067857006|I422fg15002Fq25002Fq2;
editbox_emit sequence=679 bytes=51 elapsed_us=2326 envelope=@J10000000002000000067961137|I422hg15002Fq25002Fq2;
editbox_emit sequence=680 bytes=51 elapsed_us=2296 envelope=@J10000000002000000068008420|I422jg15002Fq25002Fq2;
editbox_emit sequence=681 bytes=51 elapsed_us=2319 envelope=@J10000000002000000068112551|I422lg15002Fq25002Fq2;
editbox_receipt monotonic_ns=578858225370138 received=665 consumed=665 revision=307
editbox_receipt monotonic_ns=578858266986715 received=665 consumed=665 revision=308
editbox_receipt monotonic_ns=578858297798214 received=665 consumed=665 revision=309
editbox_receipt monotonic_ns=578858340520794 received=665 consumed=665 revision=310
editbox_emit sequence=666 bytes=51 elapsed_us=3499 envelope=@J10000000002000000066646518|I422nf15002Fq25002Fq2;
editbox_receipt monotonic_ns=578858393789678 received=665 consumed=665 revision=311
editbox_emit sequence=666 bytes=51 elapsed_us=3464 envelope=@J10000000002000000066646518|I422nf15002Fq25002Fq2;
editbox_receipt monotonic_ns=578858934147117 received=680 consumed=665 revision=312
editbox_emit sequence=681 bytes=51 elapsed_us=3310 envelope=@J10000000002000000068112551|I422lg15002Fq25002Fq2;
editbox_receipt monotonic_ns=578859029358690 received=681 consumed=668 revision=313
editbox_emit sequence=682 bytes=51 elapsed_us=3467 envelope=@J10000000002000000068216682|I422ng15002Fq25002Fq2;
published_frame=1507
published_frame=1508
published_frame=1509
published_frame=1510
published_frame=1511
published_frame=1512
editbox_emit sequence=683 bytes=51 elapsed_us=3109 envelope=@J10000000002000000068320813|I422pg15002Fq25002Fq2;
editbox_emit sequence=684 bytes=51 elapsed_us=2828 envelope=@J10000000002000000068424944|I422rg15002Fq25002Fq2;
editbox_receipt monotonic_ns=578859084746266 received=681 consumed=674 revision=314
editbox_emit sequence=685 bytes=51 elapsed_us=3187 envelope=@J10000000002000000068529075|I422tg15002Fq25002Fq2;
published_frame=1513
published_frame=1514
published_frame=1515
published_frame=1516
published_frame=1517
published_frame=1518
published_frame=1519
published_frame=1520
published_frame=1521
published_frame=1522
published_frame=1523
published_frame=1524
editbox_emit sequence=686 bytes=51 elapsed_us=2980 envelope=@J10000000002000000068633206|I422vg15002Fq25002Fq2;
editbox_emit sequence=687 bytes=51 elapsed_us=2843 envelope=@J10000000002000000068737337|I422xg15002Fq25002Fq2;
editbox_emit sequence=688 bytes=51 elapsed_us=2791 envelope=@J10000000002000000068841468|I422zg15002Fq25002Fq2;
editbox_emit sequence=689 bytes=51 elapsed_us=2815 envelope=@J10000000002000000068945599|I422_g15002Fq25002Fq2;
editbox_emit sequence=690 bytes=51 elapsed_us=2886 envelope=@J10000000002000000069010646|I422Xh15002Fq25002Fq2;
editbox_receipt monotonic_ns=578859131631652 received=681 consumed=680 revision=315
editbox_emit sequence=691 bytes=51 elapsed_us=3034 envelope=@J10000000002000000069114777|I422Zh15002Fq25002Fq2;
published_frame=1525
published_frame=1526
published_frame=1527
published_frame=1528
published_frame=1529
published_frame=1530
published_frame=1531
published_frame=1532
published_frame=1533
published_frame=1534
published_frame=1535
published_frame=1536
editbox_emit sequence=692 bytes=51 elapsed_us=2932 envelope=@J10000000002000000069218908|I422bh15002Fq25002Fq2;
editbox_emit sequence=693 bytes=51 elapsed_us=3642 envelope=@J10000000002000000069323039|I422dh15002Fq25002Fq2;
editbox_emit sequence=694 bytes=51 elapsed_us=2869 envelope=@J10000000002000000069427170|I422fh15002Fq25002Fq2;
editbox_emit sequence=695 bytes=51 elapsed_us=2506 envelope=@J10000000002000000069531301|I422hh15002Fq25002Fq2;
editbox_emit sequence=696 bytes=51 elapsed_us=2820 envelope=@J10000000002000000069635432|I422jh15002Fq25002Fq2;
editbox_receipt monotonic_ns=578859170082584 received=681 consumed=681 revision=316
editbox_emit sequence=697 bytes=51 elapsed_us=2633 envelope=@J10000000002000000069739563|I422lh15002Fq25002Fq2;
published_frame=1537
published_frame=1538
editbox_receipt monotonic_ns=578859202300610 received=681 consumed=681 revision=317
editbox_receipt monotonic_ns=578859234189659 received=681 consumed=681 revision=318
editbox_receipt monotonic_ns=578859254814217 received=681 consumed=681 revision=319
editbox_emit sequence=682 bytes=51 elapsed_us=2652 envelope=@J10000000002000000068216682|I422ng15002Fq25002Fq2;
editbox_receipt monotonic_ns=578859286436266 received=681 consumed=681 revision=320
editbox_receipt monotonic_ns=578859318468463 received=681 consumed=681 revision=321
editbox_emit sequence=682 bytes=51 elapsed_us=3174 envelope=@J10000000002000000068216682|I422ng15002Fq25002Fq2;
editbox_receipt monotonic_ns=578859926290902 received=697 consumed=682 revision=322
editbox_emit sequence=698 bytes=51 elapsed_us=2996 envelope=@J10000000002000000069843694|I422nh15002Fq25002Fq2;
published_frame=1539
published_frame=1540
editbox_receipt monotonic_ns=578860011685899 received=697 consumed=688 revision=323
editbox_emit sequence=699 bytes=51 elapsed_us=2884 envelope=@J10000000002000000069947825|I422ph15002Fq25002Fq2;
published_frame=1541
published_frame=1542
published_frame=1543
published_frame=1544
published_frame=1545
published_frame=1546
published_frame=1547
published_frame=1548
published_frame=1549
published_frame=1550
published_frame=1551
published_frame=1552
editbox_emit sequence=700 bytes=51 elapsed_us=2857 envelope=@J10000000002000000070009838|I422rh15002Fq25002Fq2;
editbox_emit sequence=701 bytes=51 elapsed_us=2549 envelope=@J10000000002000000070113969|I422th15002Fq25002Fq2;
editbox_emit sequence=702 bytes=51 elapsed_us=2680 envelope=@J10000000002000000070218100|I422vh15002Fq25002Fq2;
editbox_emit sequence=703 bytes=51 elapsed_us=2759 envelope=@J10000000002000000070322231|I422xh15002Fq25002Fq2;
editbox_emit sequence=704 bytes=51 elapsed_us=2868 envelope=@J10000000002000000070426362|I422zh15002Fq25002Fq2;
editbox_receipt monotonic_ns=578860058671072 received=697 consumed=694 revision=324
editbox_emit sequence=705 bytes=51 elapsed_us=3044 envelope=@J10000000002000000070530493|I422_h15002Fq25002Fq2;
published_frame=1553
published_frame=1554
published_frame=1555
published_frame=1556
published_frame=1557
published_frame=1558
published_frame=1559
published_frame=1560
published_frame=1561
published_frame=1562
published_frame=1563
published_frame=1564
editbox_emit sequence=706 bytes=51 elapsed_us=2650 envelope=@J10000000002000000070652388|I422Xi15002Fq25002Fq2;
editbox_emit sequence=707 bytes=51 elapsed_us=2760 envelope=@J10000000002000000070756519|I422Zi15002Fq25002Fq2;
editbox_emit sequence=708 bytes=51 elapsed_us=2600 envelope=@J10000000002000000070860650|I422bi15002Fq25002Fq2;
editbox_emit sequence=709 bytes=51 elapsed_us=2843 envelope=@J10000000002000000070964781|I422di15002Fq25002Fq2;
editbox_emit sequence=710 bytes=51 elapsed_us=2780 envelope=@J10000000002000000071012064|I422fi15002Fq25002Fq2;
editbox_emit sequence=698 bytes=51 elapsed_us=2643 envelope=@J10000000002000000069843694|I422nh15002Fq25002Fq2;
editbox_receipt monotonic_ns=578860410685174 received=710 consumed=697 revision=325
editbox_emit sequence=711 bytes=51 elapsed_us=2778 envelope=@J10000000002000000071116195|I422hi15002Fq25002Fq2;
published_frame=1565
published_frame=1566
published_frame=1567
published_frame=1568
published_frame=1569
published_frame=1570
editbox_emit sequence=712 bytes=51 elapsed_us=2691 envelope=@J10000000002000000071220326|I422ji15002Fq25002Fq2;
editbox_emit sequence=713 bytes=51 elapsed_us=2518 envelope=@J10000000002000000071324457|I422li15002Fq25002Fq2;
editbox_receipt monotonic_ns=578860444086107 received=710 consumed=697 revision=326
editbox_receipt monotonic_ns=578860475317493 received=710 consumed=697 revision=327
editbox_receipt monotonic_ns=578860505617473 received=710 consumed=697 revision=328
editbox_receipt monotonic_ns=578860537584828 received=710 consumed=697 revision=329
editbox_receipt monotonic_ns=578860569399207 received=710 consumed=697 revision=330
editbox_receipt monotonic_ns=578860622917679 received=710 consumed=697 revision=331
editbox_emit sequence=711 bytes=51 elapsed_us=2531 envelope=@J10000000002000000071116195|I422hi15002Fq25002Fq2;
match_end epoch=2 frontier=1571 old_rows=drain terminal_rows=discard
input_armed=true gameplay_armed=false mono_ns=578860710323797
editbox_receipt monotonic_ns=578860717108909 received=710 consumed=710 revision=332
editbox_receipt monotonic_ns=578860727420652 received=710 consumed=710 revision=333
suppressed mono_ns=578860727911000 reason=focus-pause-or-neutral
editbox_receipt monotonic_ns=578860738150740 received=710 consumed=710 revision=334
editbox_receipt monotonic_ns=578860749215856 received=710 consumed=710 revision=335
editbox_receipt monotonic_ns=578860802232487 received=710 consumed=710 revision=336
editbox_receipt monotonic_ns=578860833024750 received=713 consumed=713 revision=337
editbox_emit sequence=714 bytes=51 elapsed_us=2715 envelope=@J10000000002000000071428588|I422ni15002Fq25002Fq2;
editbox_emit sequence=715 bytes=51 elapsed_us=2596 envelope=@J10000000002000000071532719|I422pi15002Fq25002Fq2;
editbox_emit sequence=716 bytes=51 elapsed_us=2406 envelope=@J10000000002000000071636850|I422ri15002Fq25002Fq2;
editbox_receipt monotonic_ns=578860845112783 received=713 consumed=713 revision=339
editbox_emit sequence=717 bytes=51 elapsed_us=2421 envelope=@J10000000002000000071740981|I422ti15002Fq25002Fq2;
editbox_emit sequence=718 bytes=51 elapsed_us=2459 envelope=@J10000000002000000071845112|I422vi15002Fq25002Fq2;
editbox_emit sequence=719 bytes=51 elapsed_us=2603 envelope=@J10000000002000000071949243|I422xi15002Fq25002Fq2;
editbox_receipt monotonic_ns=578860856935109 received=713 consumed=713 revision=340
editbox_emit sequence=720 bytes=51 elapsed_us=2399 envelope=@J10000000002000000072062047|I422zi15002Fq25002Fq2;
editbox_emit sequence=721 bytes=51 elapsed_us=3759 envelope=@J10000000002000000072100657|I422_i15002Fq25002Fq2;
editbox_emit sequence=722 bytes=51 elapsed_us=3375 envelope=@J10000000002000000072222552|I422Xj15002Fq25002Fq2;
editbox_emit sequence=723 bytes=51 elapsed_us=3274 envelope=@J10000000002000000072326683|I422Zj15002Fq25002Fq2;
editbox_emit sequence=724 bytes=51 elapsed_us=3136 envelope=@J10000000002000000072430814|I422bj15002Fq25002Fq2;
editbox_emit sequence=725 bytes=51 elapsed_us=3618 envelope=@J10000000002000000072534945|I422dj15002Fq25002Fq2;
editbox_emit sequence=726 bytes=51 elapsed_us=3316 envelope=@J10000000002000000072639076|I422fj15002Fq25002Fq2;
editbox_emit sequence=727 bytes=51 elapsed_us=2847 envelope=@J10000000002000000072743207|I422hj15002Fq25002Fq2;
editbox_emit sequence=728 bytes=51 elapsed_us=3089 envelope=@J10000000002000000072847338|I422jj15002Fq25002Fq2;
editbox_emit sequence=729 bytes=51 elapsed_us=2569 envelope=@J10000000002000000072951469|I422lj15002Fq25002Fq2;
editbox_emit sequence=714 bytes=51 elapsed_us=3313 envelope=@J10000000002000000071428588|I422ni15002Fq25002Fq2;
editbox_receipt monotonic_ns=578861297048609 received=729 consumed=729 revision=342
editbox_emit sequence=730 bytes=51 elapsed_us=3256 envelope=@J10000000002000000073064273|I422nj15002Fq25002Fq2;
editbox_emit sequence=731 bytes=51 elapsed_us=2759 envelope=@J10000000002000000073102883|I422pj15002Fq25002Fq2;
editbox_emit sequence=732 bytes=51 elapsed_us=2876 envelope=@J10000000002000000073207014|I422rj15002Fq25002Fq2;
editbox_receipt monotonic_ns=578861310428535 received=729 consumed=729 revision=344
editbox_emit sequence=733 bytes=51 elapsed_us=2598 envelope=@J10000000002000000073311145|I422tj15002Fq25002Fq2;
editbox_emit sequence=734 bytes=51 elapsed_us=2644 envelope=@J10000000002000000073415276|I422vj15002Fq25002Fq2;
editbox_emit sequence=735 bytes=51 elapsed_us=2757 envelope=@J10000000002000000073519407|I422xj15002Fq25002Fq2;
editbox_emit sequence=736 bytes=51 elapsed_us=3503 envelope=@J10000000002000000073623538|I422zj15002Fq25002Fq2;
editbox_emit sequence=737 bytes=51 elapsed_us=3969 envelope=@J10000000002000000073727669|I422_j15002Fq25002Fq2;
editbox_emit sequence=738 bytes=51 elapsed_us=3333 envelope=@J10000000002000000073849564|I422Xk15002Fq25002Fq2;
editbox_emit sequence=739 bytes=51 elapsed_us=3134 envelope=@J10000000002000000073953695|I422Zk15002Fq25002Fq2;
editbox_emit sequence=740 bytes=51 elapsed_us=3177 envelope=@J10000000002000000074000978|I422bk15002Fq25002Fq2;
editbox_emit sequence=741 bytes=51 elapsed_us=4369 envelope=@J10000000002000000074105109|I422dk15002Fq25002Fq2;
editbox_emit sequence=742 bytes=51 elapsed_us=2605 envelope=@J10000000002000000074209240|I422fk15002Fq25002Fq2;
editbox_emit sequence=743 bytes=51 elapsed_us=2544 envelope=@J10000000002000000074313371|I422hk15002Fq25002Fq2;
editbox_emit sequence=744 bytes=51 elapsed_us=2720 envelope=@J10000000002000000074417502|I422jk15002Fq25002Fq2;
editbox_emit sequence=745 bytes=51 elapsed_us=2508 envelope=@J10000000002000000074521633|I422lk15002Fq25002Fq2;
editbox_emit sequence=730 bytes=51 elapsed_us=2989 envelope=@J10000000002000000073064273|I422nj15002Fq25002Fq2;
editbox_receipt monotonic_ns=578861749398019 received=745 consumed=745 revision=345
editbox_emit sequence=746 bytes=51 elapsed_us=3064 envelope=@J10000000002000000074625764|I422nk15002Fq25002Fq2;
editbox_emit sequence=747 bytes=51 elapsed_us=3416 envelope=@J10000000002000000074729895|I422pk15002Fq25002Fq2;
editbox_receipt monotonic_ns=578861759505089 received=745 consumed=745 revision=347
editbox_emit sequence=748 bytes=51 elapsed_us=2957 envelope=@J10000000002000000074834026|I422rk15002Fq25002Fq2;
editbox_emit sequence=749 bytes=51 elapsed_us=3727 envelope=@J10000000002000000074938157|I422tk15002Fq25002Fq2;
editbox_receipt monotonic_ns=578861769719390 received=745 consumed=745 revision=349
editbox_emit sequence=750 bytes=51 elapsed_us=2886 envelope=@J10000000002000000075050961|I422vk15002Fq25002Fq2;
editbox_emit sequence=751 bytes=51 elapsed_us=3012 envelope=@J10000000002000000075155092|I422xk15002Fq25002Fq2;
editbox_emit sequence=752 bytes=51 elapsed_us=2961 envelope=@J10000000002000000075259223|I422zk15002Fq25002Fq2;
editbox_emit sequence=753 bytes=51 elapsed_us=2978 envelope=@J10000000002000000075363354|I422_k15002Fq25002Fq2;
editbox_emit sequence=754 bytes=51 elapsed_us=4011 envelope=@J10000000002000000075419728|I422Xl15002Fq25002Fq2;
editbox_emit sequence=755 bytes=51 elapsed_us=3176 envelope=@J10000000002000000075523859|I422Zl15002Fq25002Fq2;
editbox_emit sequence=756 bytes=51 elapsed_us=3377 envelope=@J10000000002000000075627990|I422bl15002Fq25002Fq2;
editbox_emit sequence=757 bytes=51 elapsed_us=3468 envelope=@J10000000002000000075732121|I422dl15002Fq25002Fq2;
editbox_emit sequence=758 bytes=51 elapsed_us=3441 envelope=@J10000000002000000075836252|I422fl15002Fq25002Fq2;
editbox_emit sequence=759 bytes=51 elapsed_us=2854 envelope=@J10000000002000000075940383|I422hl15002Fq25002Fq2;
editbox_emit sequence=760 bytes=51 elapsed_us=2572 envelope=@J10000000002000000076053187|I422jl15002Fq25002Fq2;
editbox_emit sequence=761 bytes=51 elapsed_us=2605 envelope=@J10000000002000000076157318|I422ll15002Fq25002Fq2;
editbox_emit sequence=746 bytes=51 elapsed_us=3320 envelope=@J10000000002000000074625764|I422nk15002Fq25002Fq2;
editbox_receipt monotonic_ns=578862218686699 received=761 consumed=761 revision=350
editbox_emit sequence=762 bytes=51 elapsed_us=2887 envelope=@J10000000002000000076261449|I422nl15002Fq25002Fq2;
editbox_emit sequence=763 bytes=51 elapsed_us=2602 envelope=@J10000000002000000076300059|I422pl15002Fq25002Fq2;
editbox_emit sequence=764 bytes=51 elapsed_us=2461 envelope=@J10000000002000000076404190|I422rl15002Fq25002Fq2;
editbox_receipt monotonic_ns=578862230996960 received=761 consumed=761 revision=351
editbox_emit sequence=765 bytes=51 elapsed_us=2544 envelope=@J10000000002000000076508321|I422tl15002Fq25002Fq2;
editbox_emit sequence=766 bytes=51 elapsed_us=2434 envelope=@J10000000002000000076612452|I422vl15002Fq25002Fq2;
editbox_emit sequence=767 bytes=51 elapsed_us=2652 envelope=@J10000000002000000076716583|I422xl15002Fq25002Fq2;
editbox_emit sequence=768 bytes=51 elapsed_us=2729 envelope=@J10000000002000000076820714|I422zl15002Fq25002Fq2;
editbox_emit sequence=769 bytes=51 elapsed_us=2763 envelope=@J10000000002000000076924845|I422_l15002Fq25002Fq2;
editbox_emit sequence=770 bytes=51 elapsed_us=2684 envelope=@J10000000002000000077055413|I422Xm15002Fq25002Fq2;
editbox_emit sequence=771 bytes=51 elapsed_us=2565 envelope=@J10000000002000000077159544|I422Zm15002Fq25002Fq2;
editbox_emit sequence=772 bytes=51 elapsed_us=2564 envelope=@J10000000002000000077263675|I422bm15002Fq25002Fq2;
editbox_emit sequence=773 bytes=51 elapsed_us=3922 envelope=@J10000000002000000077302285|I422dm15002Fq25002Fq2;
editbox_emit sequence=774 bytes=51 elapsed_us=2916 envelope=@J10000000002000000077406416|I422fm15002Fq25002Fq2;
editbox_emit sequence=775 bytes=51 elapsed_us=2579 envelope=@J10000000002000000077510547|I422hm15002Fq25002Fq2;
editbox_emit sequence=776 bytes=51 elapsed_us=3099 envelope=@J10000000002000000077614678|I422jm15002Fq25002Fq2;
editbox_emit sequence=777 bytes=51 elapsed_us=3029 envelope=@J10000000002000000077718809|I422lm15002Fq25002Fq2;
editbox_emit sequence=762 bytes=51 elapsed_us=2764 envelope=@J10000000002000000076261449|I422nl15002Fq25002Fq2;
editbox_receipt monotonic_ns=578862683958227 received=777 consumed=777 revision=352
editbox_emit sequence=778 bytes=51 elapsed_us=2634 envelope=@J10000000002000000077822940|I422nm15002Fq25002Fq2;
editbox_emit sequence=779 bytes=51 elapsed_us=2574 envelope=@J10000000002000000077927071|I422pm15002Fq25002Fq2;
editbox_emit sequence=780 bytes=51 elapsed_us=2921 envelope=@J10000000002000000078039875|I422rm15002Fq25002Fq2;
editbox_receipt monotonic_ns=578862696834829 received=777 consumed=777 revision=353
editbox_emit sequence=781 bytes=51 elapsed_us=2624 envelope=@J10000000002000000078144006|I422tm15002Fq25002Fq2;
editbox_emit sequence=782 bytes=51 elapsed_us=2486 envelope=@J10000000002000000078248137|I422vm15002Fq25002Fq2;
editbox_emit sequence=783 bytes=51 elapsed_us=2724 envelope=@J10000000002000000078352268|I422xm15002Fq25002Fq2;
editbox_receipt monotonic_ns=578862709854620 received=777 consumed=777 revision=355
editbox_emit sequence=784 bytes=51 elapsed_us=3126 envelope=@J10000000002000000078456399|I422zm15002Fq25002Fq2;
editbox_emit sequence=785 bytes=51 elapsed_us=3484 envelope=@J10000000002000000078560530|I422_m15002Fq25002Fq2;
editbox_receipt monotonic_ns=578862720128442 received=777 consumed=777 revision=357
editbox_emit sequence=786 bytes=51 elapsed_us=3090 envelope=@J10000000002000000078616904|I422Xn15002Fq25002Fq2;
editbox_emit sequence=787 bytes=34 elapsed_us=2200 envelope=@J10000000002000000078703655|JE12;
editbox_receipt monotonic_ns=578862731483181 received=777 consumed=777 revision=358
editbox_receipt monotonic_ns=578862925121324 received=787 consumed=787 revision=359
match_quiescent epoch=2
waiting_for_match build=playable-0042 slot=1 after_epoch=2
shutdown signal=SIGINT mailbox_release=begin
