source=/dev/input/event3 name=Some("Smashcraft Event Retention Virtual Gamepad") clock=CLOCK_MONOTONIC epoch_ns=0 frame_rule=segment_frame+floor((t-segment_epoch)*60/1e9) first=1 delay=0 pause_policy=sequenced-map-control
waiting_for_match build=controller-menus-20261005 slot=1 start_before=final-match-confirmation
input_armed=true gameplay_armed=false mono_ns=563586120904140
menu_emit epoch=0 phase=Some(Character) key=r mono_ns=563588866920000
menu_emit epoch=0 phase=Some(Character) key=n mono_ns=563589137399000
menu_emit epoch=0 phase=Some(Character) key=u mono_ns=563589557858000
menu_emit epoch=0 phase=Some(Character) key=n mono_ns=563589978260000
match_ready epoch=1 neutral_rearm=required
input_armed=true gameplay_armed=false mono_ns=563598388306943
editbox_receipt monotonic_ns=563598388443329 received=0 consumed=0 revision=1
editbox_emit sequence=1 bytes=34 elapsed_us=2031 envelope=@J10000000001000000000130780|JR11;
editbox_receipt monotonic_ns=563598626763311 received=1 consumed=1 revision=2
editbox_receipt monotonic_ns=563598637281668 received=1 consumed=1 revision=3
editbox_receipt monotonic_ns=563598647359078 received=1 consumed=1 revision=5
editbox_receipt monotonic_ns=563598679933840 received=1 consumed=1 revision=6
match_start epoch=1 epoch_ns=563598772151792 read_ns=563598773207031 uncertainty_ns=1100297
input_armed=true gameplay_armed=true mono_ns=563598773180972
published_frame=1
published_frame=2
editbox_emit sequence=2 bytes=37 elapsed_us=3196 envelope=@J10000000001000000000252069|I421100;
published_frame=3
published_frame=4
editbox_emit sequence=3 bytes=37 elapsed_us=1948 envelope=@J10000000001000000000330835|I421300;
editbox_receipt monotonic_ns=563598845460781 received=1 consumed=1 revision=7
published_frame=5
published_frame=6
editbox_emit sequence=4 bytes=37 elapsed_us=1918 envelope=@J10000000001000000000409601|I421500;
published_frame=7
published_frame=8
editbox_emit sequence=5 bytes=37 elapsed_us=2387 envelope=@J10000000001000000000553888|I421700;
published_frame=9
published_frame=10
editbox_emit sequence=6 bytes=37 elapsed_us=2214 envelope=@J10000000001000000000632654|I421900;
published_frame=11
editbox_receipt monotonic_ns=563598965884737 received=2 consumed=2 revision=8
published_frame=12
editbox_emit sequence=7 bytes=37 elapsed_us=2460 envelope=@J10000000001000000000711420|I421B00;
editbox_receipt monotonic_ns=563598987399586 received=6 consumed=6 revision=9
published_frame=13
published_frame=14
editbox_emit sequence=8 bytes=37 elapsed_us=2460 envelope=@J10000000001000000000855707|I421D00;
published_frame=15
published_frame=16
editbox_emit sequence=9 bytes=37 elapsed_us=2413 envelope=@J10000000001000000000934473|I421F00;
published_frame=17
published_frame=18
editbox_emit sequence=10 bytes=37 elapsed_us=2606 envelope=@J10000000001000000001041745|I421H00;
event mono_ns=563599077548000 frame=19 held=32 pressed=32 released=0
editbox_receipt monotonic_ns=563599078076972 received=9 consumed=9 revision=10
event mono_ns=563599082660000 frame=19 held=0 pressed=0 released=32
published_frame=19
published_frame=20
editbox_emit sequence=11 bytes=43 elapsed_us=3364 envelope=@J10000000001000000001145108|I421J200W00W0;
published_frame=21
published_frame=22
editbox_emit sequence=12 bytes=37 elapsed_us=3169 envelope=@J10000000001000000001264798|I421L00;
published_frame=23
published_frame=24
editbox_emit sequence=13 bytes=37 elapsed_us=2345 envelope=@J10000000001000000001343564|I421N00;
editbox_receipt monotonic_ns=563599179221778 received=12 consumed=12 revision=11
published_frame=25
published_frame=26
editbox_emit sequence=14 bytes=37 elapsed_us=2399 envelope=@J10000000001000000001422330|I421P00;
published_frame=27
published_frame=28
editbox_emit sequence=15 bytes=37 elapsed_us=2864 envelope=@J10000000001000000001501096|I421R00;
published_frame=29
published_frame=30
editbox_emit sequence=16 bytes=37 elapsed_us=2642 envelope=@J10000000001000000001645383|I421T00;
published_frame=31
editbox_receipt monotonic_ns=563599290337706 received=15 consumed=15 revision=12
published_frame=32
editbox_emit sequence=17 bytes=37 elapsed_us=2581 envelope=@J10000000001000000001724149|I421V00;
published_frame=33
published_frame=34
editbox_emit sequence=18 bytes=38 elapsed_us=2624 envelope=@J10000000001000000001808415|I421X100;
published_frame=35
editbox_receipt monotonic_ns=563599366456932 received=18 consumed=18 revision=13
published_frame=36
editbox_emit sequence=19 bytes=38 elapsed_us=2141 envelope=@J10000000001000000001951403|I421Z100;
published_frame=37
published_frame=38
editbox_emit sequence=20 bytes=38 elapsed_us=2020 envelope=@J10000000001000000002042087|I421b100;
published_frame=39
published_frame=40
editbox_emit sequence=21 bytes=38 elapsed_us=2063 envelope=@J10000000001000000002119554|I421d100;
published_frame=41
editbox_receipt monotonic_ns=563599467714159 received=21 consumed=21 revision=14
published_frame=42
editbox_emit sequence=22 bytes=38 elapsed_us=2180 envelope=@J10000000001000000002262542|I421f100;
published_frame=43
published_frame=44
editbox_emit sequence=23 bytes=38 elapsed_us=2520 envelope=@J10000000001000000002340009|I421h100;
published_frame=45
published_frame=46
editbox_emit sequence=24 bytes=38 elapsed_us=2670 envelope=@J10000000001000000002417476|I421j100;
published_frame=47
editbox_receipt monotonic_ns=563599567284375 received=24 consumed=24 revision=15
published_frame=48
editbox_emit sequence=25 bytes=38 elapsed_us=2693 envelope=@J10000000001000000002560464|I421l100;
published_frame=49
published_frame=50
editbox_emit sequence=26 bytes=38 elapsed_us=1971 envelope=@J10000000001000000002637931|I421n100;
published_frame=51
published_frame=52
editbox_emit sequence=27 bytes=38 elapsed_us=2239 envelope=@J10000000001000000002715398|I421p100;
published_frame=53
published_frame=54
editbox_receipt monotonic_ns=563599673965008 received=27 consumed=27 revision=16
editbox_emit sequence=28 bytes=38 elapsed_us=2211 envelope=@J10000000001000000002858386|I421r100;
published_frame=55
published_frame=56
editbox_emit sequence=29 bytes=38 elapsed_us=3265 envelope=@J10000000001000000002935853|I421t100;
published_frame=57
published_frame=58
editbox_emit sequence=30 bytes=38 elapsed_us=2159 envelope=@J10000000001000000003026537|I421v100;
published_frame=59
editbox_receipt monotonic_ns=563599770630137 received=30 consumed=30 revision=17
published_frame=60
editbox_emit sequence=31 bytes=38 elapsed_us=1981 envelope=@J10000000001000000003104004|I421x100;
published_frame=61
published_frame=62
editbox_emit sequence=32 bytes=38 elapsed_us=1994 envelope=@J10000000001000000003246992|I421z100;
published_frame=63
published_frame=64
editbox_emit sequence=33 bytes=38 elapsed_us=2073 envelope=@J10000000001000000003324459|I421_100;
published_frame=65
published_frame=66
editbox_emit sequence=34 bytes=38 elapsed_us=1954 envelope=@J10000000001000000003459578|I421X200;
published_frame=67
editbox_receipt monotonic_ns=563599896485424 received=33 consumed=33 revision=18
published_frame=68
editbox_emit sequence=35 bytes=38 elapsed_us=2287 envelope=@J10000000001000000003537045|I421Z200;
published_frame=69
published_frame=70
editbox_emit sequence=36 bytes=38 elapsed_us=1972 envelope=@J10000000001000000003614512|I421b200;
published_frame=71
published_frame=72
editbox_emit sequence=37 bytes=38 elapsed_us=1951 envelope=@J10000000001000000003757500|I421d200;
editbox_receipt monotonic_ns=563599976136561 received=36 consumed=36 revision=19
published_frame=73
published_frame=74
editbox_emit sequence=38 bytes=38 elapsed_us=2207 envelope=@J10000000001000000003834967|I421f200;
published_frame=75
published_frame=76
editbox_emit sequence=39 bytes=38 elapsed_us=1982 envelope=@J10000000001000000003912434|I421h200;
published_frame=77
published_frame=78
editbox_emit sequence=40 bytes=38 elapsed_us=1879 envelope=@J10000000001000000004003118|I421j200;
editbox_receipt monotonic_ns=563600088147917 received=39 consumed=39 revision=20
published_frame=79
published_frame=80
editbox_emit sequence=41 bytes=38 elapsed_us=1944 envelope=@J10000000001000000004146106|I421l200;
published_frame=81
published_frame=82
editbox_emit sequence=42 bytes=38 elapsed_us=2018 envelope=@J10000000001000000004223573|I421n200;
published_frame=83
published_frame=84
editbox_emit sequence=43 bytes=38 elapsed_us=1985 envelope=@J10000000001000000004301040|I421p200;
editbox_receipt monotonic_ns=563600175911460 received=42 consumed=42 revision=21
published_frame=85
published_frame=86
editbox_emit sequence=44 bytes=38 elapsed_us=2058 envelope=@J10000000001000000004444028|I421r200;
published_frame=87
published_frame=88
editbox_emit sequence=45 bytes=38 elapsed_us=2124 envelope=@J10000000001000000004521495|I421t200;
published_frame=89
published_frame=90
editbox_emit sequence=46 bytes=38 elapsed_us=1922 envelope=@J10000000001000000004664483|I421v200;
editbox_receipt monotonic_ns=563600277397446 received=45 consumed=45 revision=22
published_frame=91
published_frame=92
editbox_emit sequence=47 bytes=38 elapsed_us=3391 envelope=@J10000000001000000004741950|I421x200;
published_frame=93
published_frame=94
editbox_emit sequence=48 bytes=38 elapsed_us=2508 envelope=@J10000000001000000004819417|I421z200;
published_frame=95
published_frame=96
editbox_emit sequence=49 bytes=38 elapsed_us=2816 envelope=@J10000000001000000004962405|I421_200;
editbox_receipt monotonic_ns=563600383493664 received=48 consumed=48 revision=23
published_frame=97
published_frame=98
editbox_emit sequence=50 bytes=38 elapsed_us=2748 envelope=@J10000000001000000005045220|I421X300;
published_frame=99
published_frame=100
editbox_emit sequence=51 bytes=38 elapsed_us=2272 envelope=@J10000000001000000005122687|I421Z300;
published_frame=101
editbox_receipt monotonic_ns=563600469577700 received=51 consumed=51 revision=24
published_frame=102
editbox_emit sequence=52 bytes=38 elapsed_us=2219 envelope=@J10000000001000000005200154|I421b300;
published_frame=103
published_frame=104
editbox_emit sequence=53 bytes=38 elapsed_us=2152 envelope=@J10000000001000000005343142|I421d300;
published_frame=105
published_frame=106
editbox_emit sequence=54 bytes=38 elapsed_us=2293 envelope=@J10000000001000000005420609|I421f300;
event mono_ns=563600553237000 frame=107 held=64 pressed=64 released=0
published_frame=107
editbox_receipt monotonic_ns=563600568442502 received=54 consumed=54 revision=25
published_frame=108
editbox_emit sequence=55 bytes=50 elapsed_us=2793 envelope=@J10000000001000000005535083|I421h330100100001010;
published_frame=109
published_frame=110
editbox_emit sequence=56 bytes=44 elapsed_us=2293 envelope=@J10000000001000000005614285|I421j310101010;
published_frame=111
published_frame=112
editbox_emit sequence=57 bytes=44 elapsed_us=2914 envelope=@J10000000001000000005723458|I421l310101010;
published_frame=113
event mono_ns=563600673486000 frame=115 held=0 pressed=0 released=64
published_frame=114
editbox_emit sequence=58 bytes=44 elapsed_us=2565 envelope=@J10000000001000000005832631|I421n310101010;
editbox_receipt monotonic_ns=563600679078530 received=57 consumed=57 revision=26
published_frame=115
published_frame=116
editbox_emit sequence=59 bytes=44 elapsed_us=2312 envelope=@J10000000001000000005964160|I421p320000100;
published_frame=117
published_frame=118
editbox_emit sequence=60 bytes=38 elapsed_us=2508 envelope=@J10000000001000000006029670|I421r300;
published_frame=119
published_frame=120
editbox_emit sequence=61 bytes=38 elapsed_us=1981 envelope=@J10000000001000000006107137|I421t300;
published_frame=121
editbox_receipt monotonic_ns=563600797348889 received=60 consumed=60 revision=27
published_frame=122
editbox_emit sequence=62 bytes=38 elapsed_us=2010 envelope=@J10000000001000000006250125|I421v300;
published_frame=123
published_frame=124
editbox_emit sequence=63 bytes=38 elapsed_us=1995 envelope=@J10000000001000000006327592|I421x300;
published_frame=125
published_frame=126
editbox_emit sequence=64 bytes=38 elapsed_us=1946 envelope=@J10000000001000000006405059|I421z300;
published_frame=127
published_frame=128
editbox_emit sequence=65 bytes=38 elapsed_us=2186 envelope=@J10000000001000000006548047|I421_300;
published_frame=129
editbox_receipt monotonic_ns=563600936157797 received=64 consumed=64 revision=28
published_frame=130
editbox_emit sequence=66 bytes=38 elapsed_us=1946 envelope=@J10000000001000000006617645|I421X400;
published_frame=131
published_frame=132
editbox_emit sequence=67 bytes=38 elapsed_us=2030 envelope=@J10000000001000000006760633|I421Z400;
published_frame=133
editbox_receipt monotonic_ns=563600999559053 received=66 consumed=66 revision=29
published_frame=134
editbox_emit sequence=68 bytes=38 elapsed_us=1937 envelope=@J10000000001000000006838100|I421b400;
published_frame=135
published_frame=136
editbox_emit sequence=69 bytes=38 elapsed_us=2203 envelope=@J10000000001000000006915567|I421d400;
published_frame=137
published_frame=138
editbox_emit sequence=70 bytes=38 elapsed_us=2348 envelope=@J10000000001000000007006251|I421f400;
published_frame=139
editbox_receipt monotonic_ns=563601101027226 received=69 consumed=69 revision=30
published_frame=140
editbox_emit sequence=71 bytes=38 elapsed_us=1971 envelope=@J10000000001000000007149239|I421h400;
published_frame=141
published_frame=142
editbox_emit sequence=72 bytes=38 elapsed_us=2071 envelope=@J10000000001000000007226706|I421j400;
published_frame=143
published_frame=144
editbox_emit sequence=73 bytes=38 elapsed_us=1972 envelope=@J10000000001000000007304173|I421l400;
published_frame=145
editbox_receipt monotonic_ns=563601199259453 received=72 consumed=72 revision=31
published_frame=146
editbox_emit sequence=74 bytes=38 elapsed_us=2141 envelope=@J10000000001000000007447161|I421n400;
published_frame=147
published_frame=148
editbox_emit sequence=75 bytes=38 elapsed_us=2011 envelope=@J10000000001000000007524628|I421p400;
published_frame=149
published_frame=150
editbox_emit sequence=76 bytes=38 elapsed_us=2025 envelope=@J10000000001000000007602095|I421r400;
published_frame=151
editbox_receipt monotonic_ns=563601303366272 received=75 consumed=75 revision=32
published_frame=152
editbox_emit sequence=77 bytes=38 elapsed_us=2159 envelope=@J10000000001000000007745083|I421t400;
published_frame=153
published_frame=154
editbox_emit sequence=78 bytes=38 elapsed_us=2000 envelope=@J10000000001000000007822550|I421v400;
published_frame=155
published_frame=156
editbox_emit sequence=79 bytes=38 elapsed_us=2071 envelope=@J10000000001000000007900017|I421x400;
published_frame=157
editbox_receipt monotonic_ns=563601389115780 received=78 consumed=78 revision=33
published_frame=158
editbox_emit sequence=80 bytes=38 elapsed_us=2341 envelope=@J10000000001000000008056222|I421z400;
published_frame=159
published_frame=160
editbox_emit sequence=81 bytes=38 elapsed_us=2147 envelope=@J10000000001000000008133689|I421_400;
published_frame=161
published_frame=162
editbox_emit sequence=82 bytes=38 elapsed_us=2123 envelope=@J10000000001000000008203287|I421X500;
published_frame=163
published_frame=164
editbox_emit sequence=83 bytes=38 elapsed_us=2483 envelope=@J10000000001000000008346275|I421Z500;
published_frame=165
published_frame=166
editbox_emit sequence=84 bytes=38 elapsed_us=2361 envelope=@J10000000001000000008423742|I421b500;
published_frame=167
editbox_receipt monotonic_ns=563601562447672 received=82 consumed=82 revision=34
published_frame=168
editbox_emit sequence=85 bytes=38 elapsed_us=2221 envelope=@J10000000001000000008501209|I421d500;
published_frame=169
editbox_receipt monotonic_ns=563601594870098 received=84 consumed=84 revision=35
published_frame=170
editbox_emit sequence=86 bytes=38 elapsed_us=1964 envelope=@J10000000001000000008644197|I421f500;
published_frame=171
published_frame=172
editbox_emit sequence=87 bytes=38 elapsed_us=2081 envelope=@J10000000001000000008721664|I421h500;
published_frame=173
published_frame=174
editbox_emit sequence=88 bytes=38 elapsed_us=2299 envelope=@J10000000001000000008864652|I421j500;
published_frame=175
published_frame=176
editbox_emit sequence=89 bytes=38 elapsed_us=2157 envelope=@J10000000001000000008942119|I421l500;
published_frame=177
published_frame=178
editbox_emit sequence=90 bytes=38 elapsed_us=2457 envelope=@J10000000001000000009032803|I421n500;
published_frame=179
editbox_receipt monotonic_ns=563601758147112 received=89 consumed=87 revision=36
published_frame=180
editbox_emit sequence=91 bytes=38 elapsed_us=2099 envelope=@J10000000001000000009110270|I421p500;
published_frame=181
published_frame=182
editbox_emit sequence=92 bytes=38 elapsed_us=1977 envelope=@J10000000001000000009253258|I421r500;
editbox_receipt monotonic_ns=563601812131185 received=91 consumed=90 revision=37
published_frame=183
published_frame=184
editbox_emit sequence=93 bytes=38 elapsed_us=1965 envelope=@J10000000001000000009330725|I421t500;
published_frame=185
published_frame=186
editbox_emit sequence=94 bytes=38 elapsed_us=2045 envelope=@J10000000001000000009408192|I421v500;
published_frame=187
published_frame=188
editbox_emit sequence=95 bytes=38 elapsed_us=1885 envelope=@J10000000001000000009551180|I421x500;
published_frame=189
published_frame=190
editbox_emit sequence=96 bytes=38 elapsed_us=2037 envelope=@J10000000001000000009628647|I421z500;
published_frame=191
published_frame=192
editbox_emit sequence=97 bytes=38 elapsed_us=2086 envelope=@J10000000001000000009706114|I421_500;
published_frame=193
editbox_receipt monotonic_ns=563601997303542 received=95 consumed=94 revision=38
published_frame=194
editbox_emit sequence=98 bytes=38 elapsed_us=2296 envelope=@J10000000001000000009841233|I421X600;
published_frame=195
published_frame=196
editbox_emit sequence=99 bytes=38 elapsed_us=2332 envelope=@J10000000001000000009918700|I421Z600;
published_frame=197
published_frame=198
editbox_emit sequence=100 bytes=38 elapsed_us=1981 envelope=@J10000000001000000010050801|I421b600;
editbox_receipt monotonic_ns=563602076676728 received=99 consumed=98 revision=39
published_frame=199
published_frame=200
editbox_emit sequence=101 bytes=38 elapsed_us=1993 envelope=@J10000000001000000010128268|I421d600;
editbox_receipt monotonic_ns=563602109448569 received=99 consumed=99 revision=40
published_frame=201
published_frame=202
editbox_emit sequence=102 bytes=38 elapsed_us=1923 envelope=@J10000000001000000010205735|I421f600;
published_frame=203
published_frame=204
editbox_emit sequence=103 bytes=38 elapsed_us=2734 envelope=@J10000000001000000010348723|I421h600;
published_frame=205
published_frame=206
editbox_emit sequence=104 bytes=38 elapsed_us=1987 envelope=@J10000000001000000010426190|I421j600;
published_frame=207
published_frame=208
editbox_emit sequence=105 bytes=38 elapsed_us=2061 envelope=@J10000000001000000010503657|I421l600;
editbox_receipt monotonic_ns=563602244768467 received=104 consumed=103 revision=41
published_frame=209
published_frame=210
editbox_emit sequence=106 bytes=38 elapsed_us=2029 envelope=@J10000000001000000010646645|I421n600;
published_frame=211
published_frame=212
editbox_emit sequence=107 bytes=38 elapsed_us=2134 envelope=@J10000000001000000010724112|I421p600;
editbox_receipt monotonic_ns=563602309493554 received=106 consumed=105 revision=42
published_frame=213
published_frame=214
editbox_emit sequence=108 bytes=38 elapsed_us=2022 envelope=@J10000000001000000010801579|I421r600;
published_frame=215
published_frame=216
editbox_emit sequence=109 bytes=38 elapsed_us=1922 envelope=@J10000000001000000010944567|I421t600;
published_frame=217
published_frame=218
editbox_emit sequence=110 bytes=38 elapsed_us=2146 envelope=@J10000000001000000011035251|I421v600;
published_frame=219
published_frame=220
editbox_emit sequence=111 bytes=38 elapsed_us=2100 envelope=@J10000000001000000011112718|I421x600;
editbox_receipt monotonic_ns=563602455395990 received=110 consumed=109 revision=43
published_frame=221
published_frame=222
editbox_emit sequence=112 bytes=38 elapsed_us=2458 envelope=@J10000000001000000011255706|I421z600;
published_frame=223
published_frame=224
editbox_emit sequence=113 bytes=38 elapsed_us=2632 envelope=@J10000000001000000011333173|I421_600;
editbox_receipt monotonic_ns=563602521218404 received=112 consumed=112 revision=44
published_frame=225
published_frame=226
editbox_emit sequence=114 bytes=38 elapsed_us=2515 envelope=@J10000000001000000011402771|I421X700;
published_frame=227
published_frame=228
editbox_emit sequence=115 bytes=38 elapsed_us=2053 envelope=@J10000000001000000011545759|I421Z700;
published_frame=229
published_frame=230
editbox_emit sequence=116 bytes=38 elapsed_us=3019 envelope=@J10000000001000000011623226|I421b700;
published_frame=231
published_frame=232
editbox_emit sequence=117 bytes=38 elapsed_us=2212 envelope=@J10000000001000000011700693|I421d700;
published_frame=233
published_frame=234
editbox_receipt monotonic_ns=563602675971460 received=114 consumed=114 revision=45
editbox_emit sequence=118 bytes=38 elapsed_us=2162 envelope=@J10000000001000000011843681|I421f700;
published_frame=235
published_frame=236
editbox_emit sequence=119 bytes=38 elapsed_us=2007 envelope=@J10000000001000000011921148|I421h700;
published_frame=237
published_frame=238
editbox_emit sequence=120 bytes=38 elapsed_us=2032 envelope=@J10000000001000000012011832|I421j700;
editbox_receipt monotonic_ns=563602744696716 received=119 consumed=119 revision=46
published_frame=239
published_frame=240
editbox_emit sequence=121 bytes=38 elapsed_us=1906 envelope=@J10000000001000000012154820|I421l700;
published_frame=241
published_frame=242
editbox_emit sequence=122 bytes=38 elapsed_us=2169 envelope=@J10000000001000000012232287|I421n700;
editbox_receipt monotonic_ns=563602820054525 received=121 consumed=121 revision=47
published_frame=243
published_frame=244
editbox_emit sequence=123 bytes=38 elapsed_us=2328 envelope=@J10000000001000000012309754|I421p700;
published_frame=245
published_frame=246
editbox_emit sequence=124 bytes=38 elapsed_us=2277 envelope=@J10000000001000000012452742|I421r700;
published_frame=247
published_frame=248
editbox_emit sequence=125 bytes=38 elapsed_us=2285 envelope=@J10000000001000000012530209|I421t700;
published_frame=249
published_frame=250
editbox_emit sequence=126 bytes=38 elapsed_us=2246 envelope=@J10000000001000000012607676|I421v700;
published_frame=251
editbox_receipt monotonic_ns=563602963730586 received=125 consumed=124 revision=48
published_frame=252
editbox_emit sequence=127 bytes=38 elapsed_us=2179 envelope=@J10000000001000000012750664|I421x700;
published_frame=253
published_frame=254
editbox_emit sequence=128 bytes=38 elapsed_us=2040 envelope=@J10000000001000000012828131|I421z700;
published_frame=255
editbox_receipt monotonic_ns=563603031286550 received=127 consumed=127 revision=49
published_frame=256
editbox_emit sequence=129 bytes=38 elapsed_us=2233 envelope=@J10000000001000000012905598|I421_700;
published_frame=257
published_frame=258
editbox_emit sequence=130 bytes=38 elapsed_us=2264 envelope=@J10000000001000000013053934|I421X800;
published_frame=259
published_frame=260
editbox_emit sequence=131 bytes=38 elapsed_us=1921 envelope=@J10000000001000000013131401|I421Z800;
published_frame=261
published_frame=262
editbox_emit sequence=132 bytes=38 elapsed_us=1954 envelope=@J10000000001000000013208868|I421b800;
editbox_receipt monotonic_ns=563603143626162 received=131 consumed=130 revision=50
published_frame=263
published_frame=264
editbox_emit sequence=133 bytes=38 elapsed_us=1957 envelope=@J10000000001000000013351856|I421d800;
published_frame=265
published_frame=266
editbox_emit sequence=134 bytes=38 elapsed_us=2272 envelope=@J10000000001000000013429323|I421f800;
editbox_receipt monotonic_ns=563603210507411 received=132 consumed=132 revision=51
published_frame=267
published_frame=268
editbox_emit sequence=135 bytes=38 elapsed_us=1930 envelope=@J10000000001000000013506790|I421h800;
published_frame=269
published_frame=270
editbox_emit sequence=136 bytes=38 elapsed_us=2057 envelope=@J10000000001000000013649778|I421j800;
published_frame=271
published_frame=272
editbox_emit sequence=137 bytes=38 elapsed_us=2191 envelope=@J10000000001000000013727245|I421l800;
published_frame=273
published_frame=274
editbox_emit sequence=138 bytes=38 elapsed_us=2338 envelope=@J10000000001000000013804712|I421n800;
editbox_receipt monotonic_ns=563603351477981 received=136 consumed=136 revision=52
published_frame=275
published_frame=276
editbox_emit sequence=139 bytes=38 elapsed_us=2429 envelope=@J10000000001000000013947700|I421p800;
published_frame=277
editbox_receipt monotonic_ns=563603395699795 received=137 consumed=137 revision=53
published_frame=278
editbox_emit sequence=140 bytes=38 elapsed_us=1916 envelope=@J10000000001000000014038384|I421r800;
published_frame=279
published_frame=280
editbox_emit sequence=141 bytes=38 elapsed_us=2289 envelope=@J10000000001000000014115851|I421t800;
published_frame=281
published_frame=282
editbox_emit sequence=142 bytes=38 elapsed_us=2279 envelope=@J10000000001000000014258839|I421v800;
published_frame=283
editbox_receipt monotonic_ns=563603491593499 received=141 consumed=141 revision=54
published_frame=284
editbox_emit sequence=143 bytes=38 elapsed_us=2048 envelope=@J10000000001000000014336306|I421x800;
published_frame=285
published_frame=286
editbox_emit sequence=144 bytes=38 elapsed_us=1997 envelope=@J10000000001000000014413773|I421z800;
published_frame=287
published_frame=288
editbox_emit sequence=145 bytes=38 elapsed_us=2988 envelope=@J10000000001000000014556761|I421_800;
published_frame=289
published_frame=290
editbox_emit sequence=146 bytes=38 elapsed_us=2713 envelope=@J10000000001000000014626359|I421X900;
published_frame=291
editbox_receipt monotonic_ns=563603632181352 received=144 consumed=144 revision=55
published_frame=292
editbox_emit sequence=147 bytes=38 elapsed_us=2176 envelope=@J10000000001000000014703826|I421Z900;
published_frame=293
published_frame=294
editbox_emit sequence=148 bytes=38 elapsed_us=2736 envelope=@J10000000001000000014846814|I421b900;
editbox_receipt monotonic_ns=563603687162234 received=146 consumed=146 revision=56
published_frame=295
published_frame=296
editbox_emit sequence=149 bytes=38 elapsed_us=2601 envelope=@J10000000001000000014924281|I421d900;
published_frame=297
published_frame=298
editbox_emit sequence=150 bytes=38 elapsed_us=2218 envelope=@J10000000001000000015014965|I421f900;
published_frame=299
published_frame=300
editbox_emit sequence=151 bytes=38 elapsed_us=2748 envelope=@J10000000001000000015157953|I421h900;
published_frame=301
published_frame=302
editbox_emit sequence=152 bytes=38 elapsed_us=2057 envelope=@J10000000001000000015235420|I421j900;
published_frame=303
published_frame=304
editbox_receipt monotonic_ns=563603843390174 received=151 consumed=151 revision=57
editbox_emit sequence=153 bytes=38 elapsed_us=2020 envelope=@J10000000001000000015312887|I421l900;
published_frame=305
published_frame=306
editbox_emit sequence=154 bytes=38 elapsed_us=2137 envelope=@J10000000001000000015455875|I421n900;
published_frame=307
published_frame=308
editbox_emit sequence=155 bytes=38 elapsed_us=2307 envelope=@J10000000001000000015533342|I421p900;
published_frame=309
published_frame=310
editbox_emit sequence=156 bytes=38 elapsed_us=2176 envelope=@J10000000001000000015610809|I421r900;
published_frame=311
published_frame=312
editbox_emit sequence=157 bytes=38 elapsed_us=2425 envelope=@J10000000001000000015753797|I421t900;
published_frame=313
editbox_receipt monotonic_ns=563603994124927 received=152 consumed=152 revision=58
published_frame=314
editbox_emit sequence=158 bytes=38 elapsed_us=2088 envelope=@J10000000001000000015831264|I421v900;
published_frame=315
published_frame=316
editbox_emit sequence=159 bytes=38 elapsed_us=2172 envelope=@J10000000001000000015908731|I421x900;
published_frame=317
published_frame=318
editbox_emit sequence=160 bytes=38 elapsed_us=2319 envelope=@J10000000001000000016064936|I421z900;
editbox_receipt monotonic_ns=563604077940220 received=159 consumed=158 revision=59
published_frame=319
published_frame=320
editbox_emit sequence=161 bytes=38 elapsed_us=2378 envelope=@J10000000001000000016142403|I421_900;
published_frame=321
editbox_receipt monotonic_ns=563604122696085 received=159 consumed=159 revision=60
published_frame=322
editbox_emit sequence=162 bytes=38 elapsed_us=2253 envelope=@J10000000001000000016212001|I421XA00;
published_frame=323
published_frame=324
editbox_emit sequence=163 bytes=38 elapsed_us=2379 envelope=@J10000000001000000016354989|I421ZA00;
published_frame=325
published_frame=326
editbox_emit sequence=164 bytes=38 elapsed_us=3044 envelope=@J10000000001000000016432456|I421bA00;
published_frame=327
editbox_receipt monotonic_ns=563604235411841 received=164 consumed=163 revision=61
published_frame=328
editbox_emit sequence=165 bytes=38 elapsed_us=2534 envelope=@J10000000001000000016509923|I421dA00;
published_frame=329
published_frame=330
editbox_emit sequence=166 bytes=38 elapsed_us=1940 envelope=@J10000000001000000016652911|I421fA00;
published_frame=331
editbox_receipt monotonic_ns=563604290819253 received=165 consumed=165 revision=62
published_frame=332
editbox_emit sequence=167 bytes=38 elapsed_us=2099 envelope=@J10000000001000000016730378|I421hA00;
published_frame=333
published_frame=334
editbox_emit sequence=168 bytes=38 elapsed_us=2393 envelope=@J10000000001000000016807845|I421jA00;
published_frame=335
published_frame=336
editbox_emit sequence=169 bytes=38 elapsed_us=2540 envelope=@J10000000001000000016950833|I421lA00;
published_frame=337
published_frame=338
editbox_emit sequence=170 bytes=38 elapsed_us=2199 envelope=@J10000000001000000017041517|I421nA00;
editbox_receipt monotonic_ns=563604411348566 received=169 consumed=168 revision=63
published_frame=339
published_frame=340
editbox_emit sequence=171 bytes=38 elapsed_us=2434 envelope=@J10000000001000000017118984|I421pA00;
published_frame=341
published_frame=342
editbox_emit sequence=172 bytes=38 elapsed_us=2818 envelope=@J10000000001000000017261972|I421rA00;
published_frame=343
published_frame=344
editbox_emit sequence=173 bytes=38 elapsed_us=2148 envelope=@J10000000001000000017339439|I421tA00;
editbox_receipt monotonic_ns=563604509364487 received=172 consumed=172 revision=64
published_frame=345
published_frame=346
editbox_emit sequence=174 bytes=38 elapsed_us=2195 envelope=@J10000000001000000017416906|I421vA00;
published_frame=347
published_frame=348
editbox_emit sequence=175 bytes=38 elapsed_us=2709 envelope=@J10000000001000000017559894|I421xA00;
published_frame=349
published_frame=350
editbox_emit sequence=176 bytes=38 elapsed_us=2207 envelope=@J10000000001000000017637361|I421zA00;
editbox_receipt monotonic_ns=563604611381840 received=175 consumed=175 revision=65
published_frame=351
published_frame=352
editbox_emit sequence=177 bytes=38 elapsed_us=2312 envelope=@J10000000001000000017714828|I421_A00;
published_frame=353
published_frame=354
editbox_emit sequence=178 bytes=38 elapsed_us=2064 envelope=@J10000000001000000017849947|I421XB00;
published_frame=355
editbox_receipt monotonic_ns=563604700971285 received=178 consumed=178 revision=66
published_frame=356
editbox_emit sequence=179 bytes=38 elapsed_us=2362 envelope=@J10000000001000000017927414|I421ZB00;
published_frame=357
published_frame=358
editbox_emit sequence=180 bytes=38 elapsed_us=2620 envelope=@J10000000001000000018018098|I421bB00;
published_frame=359
published_frame=360
editbox_emit sequence=181 bytes=38 elapsed_us=2360 envelope=@J10000000001000000018161086|I421dB00;
published_frame=361
published_frame=362
editbox_emit sequence=182 bytes=38 elapsed_us=1919 envelope=@J10000000001000000018238553|I421fB00;
editbox_receipt monotonic_ns=563604813860737 received=181 consumed=181 revision=67
published_frame=363
published_frame=364
editbox_emit sequence=183 bytes=38 elapsed_us=1983 envelope=@J10000000001000000018316020|I421hB00;
published_frame=365
published_frame=366
editbox_emit sequence=184 bytes=38 elapsed_us=1965 envelope=@J10000000001000000018459008|I421jB00;
published_frame=367
published_frame=368
editbox_emit sequence=185 bytes=38 elapsed_us=2083 envelope=@J10000000001000000018536475|I421lB00;
published_frame=369
published_frame=370
editbox_emit sequence=186 bytes=38 elapsed_us=2220 envelope=@J10000000001000000018613942|I421nB00;
editbox_receipt monotonic_ns=563604943920596 received=184 consumed=184 revision=68
published_frame=371
published_frame=372
editbox_emit sequence=187 bytes=38 elapsed_us=1997 envelope=@J10000000001000000018756930|I421pB00;
published_frame=373
editbox_receipt monotonic_ns=563604997647277 received=186 consumed=186 revision=69
published_frame=374
editbox_emit sequence=188 bytes=38 elapsed_us=2575 envelope=@J10000000001000000018834397|I421rB00;
published_frame=375
published_frame=376
editbox_emit sequence=189 bytes=38 elapsed_us=2253 envelope=@J10000000001000000018911864|I421tB00;
published_frame=377
published_frame=378
editbox_emit sequence=190 bytes=38 elapsed_us=1971 envelope=@J10000000001000000019002548|I421vB00;
published_frame=379
editbox_receipt monotonic_ns=563605098853829 received=189 consumed=189 revision=70
published_frame=380
editbox_emit sequence=191 bytes=38 elapsed_us=2379 envelope=@J10000000001000000019145536|I421xB00;
published_frame=381
published_frame=382
editbox_emit sequence=192 bytes=38 elapsed_us=2084 envelope=@J10000000001000000019223003|I421zB00;
published_frame=383
published_frame=384
editbox_emit sequence=193 bytes=38 elapsed_us=2135 envelope=@J10000000001000000019300470|I421_B00;
published_frame=385
published_frame=386
editbox_emit sequence=194 bytes=38 elapsed_us=2134 envelope=@J10000000001000000019435589|I421XC00;
editbox_receipt monotonic_ns=563605210260832 received=193 consumed=193 revision=71
published_frame=387
published_frame=388
editbox_emit sequence=195 bytes=38 elapsed_us=2761 envelope=@J10000000001000000019513056|I421ZC00;
published_frame=389
published_frame=390
editbox_emit sequence=196 bytes=38 elapsed_us=1970 envelope=@J10000000001000000019656044|I421bC00;
published_frame=391
published_frame=392
editbox_emit sequence=197 bytes=38 elapsed_us=2430 envelope=@J10000000001000000019733511|I421dC00;
editbox_receipt monotonic_ns=563605310703112 received=196 consumed=196 revision=72
published_frame=393
published_frame=394
editbox_emit sequence=198 bytes=38 elapsed_us=2434 envelope=@J10000000001000000019810978|I421fC00;
published_frame=395
published_frame=396
editbox_emit sequence=199 bytes=38 elapsed_us=2251 envelope=@J10000000001000000019953966|I421hC00;
published_frame=397
editbox_receipt monotonic_ns=563605400685995 received=199 consumed=199 revision=73
published_frame=398
editbox_emit sequence=200 bytes=38 elapsed_us=2425 envelope=@J10000000001000000020020546|I421jC00;
published_frame=399
published_frame=400
editbox_emit sequence=201 bytes=38 elapsed_us=2065 envelope=@J10000000001000000020163534|I421lC00;
published_frame=401
published_frame=402
editbox_emit sequence=202 bytes=38 elapsed_us=2944 envelope=@J10000000001000000020241001|I421nC00;
published_frame=403
editbox_receipt monotonic_ns=563605495704007 received=202 consumed=202 revision=74
published_frame=404
editbox_emit sequence=203 bytes=38 elapsed_us=2414 envelope=@J10000000001000000020318468|I421pC00;
published_frame=405
published_frame=406
editbox_emit sequence=204 bytes=38 elapsed_us=2108 envelope=@J10000000001000000020461456|I421rC00;
published_frame=407
published_frame=408
editbox_emit sequence=205 bytes=38 elapsed_us=2534 envelope=@J10000000001000000020538923|I421tC00;
published_frame=409
editbox_receipt monotonic_ns=563605596500601 received=205 consumed=205 revision=75
published_frame=410
editbox_emit sequence=206 bytes=38 elapsed_us=2091 envelope=@J10000000001000000020616390|I421vC00;
published_frame=411
published_frame=412
editbox_emit sequence=207 bytes=38 elapsed_us=2291 envelope=@J10000000001000000020759378|I421xC00;
published_frame=413
published_frame=414
editbox_emit sequence=208 bytes=38 elapsed_us=2471 envelope=@J10000000001000000020836845|I421zC00;
published_frame=415
published_frame=416
editbox_emit sequence=209 bytes=38 elapsed_us=3124 envelope=@J10000000001000000020914312|I421_C00;
editbox_receipt monotonic_ns=563605710511655 received=208 consumed=208 revision=76
published_frame=417
published_frame=418
editbox_emit sequence=210 bytes=38 elapsed_us=3154 envelope=@J10000000001000000021062648|I421XD00;
published_frame=419
published_frame=420
editbox_emit sequence=211 bytes=38 elapsed_us=2608 envelope=@J10000000001000000021140115|I421ZD00;
published_frame=421
editbox_receipt monotonic_ns=563605799392413 received=211 consumed=211 revision=77
published_frame=422
editbox_emit sequence=212 bytes=38 elapsed_us=2300 envelope=@J10000000001000000021217582|I421bD00;
published_frame=423
published_frame=424
editbox_emit sequence=213 bytes=38 elapsed_us=1953 envelope=@J10000000001000000021360570|I421dD00;
published_frame=425
published_frame=426
editbox_emit sequence=214 bytes=38 elapsed_us=2003 envelope=@J10000000001000000021438037|I421fD00;
published_frame=427
published_frame=428
editbox_emit sequence=215 bytes=38 elapsed_us=2625 envelope=@J10000000001000000021515504|I421hD00;
published_frame=429
published_frame=430
editbox_emit sequence=216 bytes=38 elapsed_us=1980 envelope=@J10000000001000000021658492|I421jD00;
editbox_receipt monotonic_ns=563605951292190 received=214 consumed=214 revision=78
published_frame=431
published_frame=432
editbox_emit sequence=217 bytes=38 elapsed_us=2032 envelope=@J10000000001000000021735959|I421lD00;
published_frame=433
published_frame=434
editbox_emit sequence=218 bytes=38 elapsed_us=1999 envelope=@J10000000001000000021813426|I421nD00;
editbox_receipt monotonic_ns=563606014807971 received=216 consumed=216 revision=79
published_frame=435
published_frame=436
editbox_emit sequence=219 bytes=38 elapsed_us=2182 envelope=@J10000000001000000021956414|I421pD00;
published_frame=437
published_frame=438
editbox_emit sequence=220 bytes=38 elapsed_us=2279 envelope=@J10000000001000000022047098|I421rD00;
published_frame=439
published_frame=440
editbox_emit sequence=221 bytes=38 elapsed_us=2095 envelope=@J10000000001000000022124565|I421tD00;
published_frame=441
editbox_receipt monotonic_ns=563606130965669 received=220 consumed=220 revision=80
published_frame=442
editbox_emit sequence=222 bytes=38 elapsed_us=1928 envelope=@J10000000001000000022202032|I421vD00;
published_frame=443
published_frame=444
editbox_emit sequence=223 bytes=38 elapsed_us=2391 envelope=@J10000000001000000022345020|I421xD00;
published_frame=445
published_frame=446
editbox_emit sequence=224 bytes=38 elapsed_us=2536 envelope=@J10000000001000000022422487|I421zD00;
published_frame=447
editbox_receipt monotonic_ns=563606232755816 received=223 consumed=223 revision=81
published_frame=448
editbox_emit sequence=225 bytes=38 elapsed_us=2422 envelope=@J10000000001000000022565475|I421_D00;
published_frame=449
published_frame=450
editbox_emit sequence=226 bytes=38 elapsed_us=2099 envelope=@J10000000001000000022635073|I421XE00;
published_frame=451
published_frame=452
editbox_emit sequence=227 bytes=38 elapsed_us=2646 envelope=@J10000000001000000022712540|I421ZE00;
editbox_receipt monotonic_ns=563606310431800 received=226 consumed=226 revision=82
published_frame=453
published_frame=454
editbox_emit sequence=228 bytes=38 elapsed_us=1979 envelope=@J10000000001000000022855528|I421bE00;
published_frame=455
published_frame=456
editbox_emit sequence=229 bytes=38 elapsed_us=2005 envelope=@J10000000001000000022932995|I421dE00;
published_frame=457
published_frame=458
editbox_emit sequence=230 bytes=38 elapsed_us=2195 envelope=@J10000000001000000023023679|I421fE00;
editbox_receipt monotonic_ns=563606409309005 received=229 consumed=229 revision=83
published_frame=459
published_frame=460
editbox_emit sequence=231 bytes=38 elapsed_us=2501 envelope=@J10000000001000000023101146|I421hE00;
published_frame=461
published_frame=462
editbox_emit sequence=232 bytes=38 elapsed_us=2071 envelope=@J10000000001000000023244134|I421jE00;
published_frame=463
published_frame=464
editbox_emit sequence=233 bytes=38 elapsed_us=2661 envelope=@J10000000001000000023321601|I421lE00;
editbox_receipt monotonic_ns=563606510395783 received=232 consumed=232 revision=84
published_frame=465
published_frame=466
editbox_emit sequence=234 bytes=38 elapsed_us=2103 envelope=@J10000000001000000023464589|I421nE00;
published_frame=467
published_frame=468
editbox_emit sequence=235 bytes=38 elapsed_us=2052 envelope=@J10000000001000000023542056|I421pE00;
published_frame=469
published_frame=470
editbox_emit sequence=236 bytes=38 elapsed_us=3235 envelope=@J10000000001000000023619523|I421rE00;
editbox_receipt monotonic_ns=563606611906937 received=235 consumed=235 revision=85
published_frame=471
published_frame=472
editbox_emit sequence=237 bytes=38 elapsed_us=2556 envelope=@J10000000001000000023762511|I421tE00;
published_frame=473
published_frame=474
editbox_emit sequence=238 bytes=38 elapsed_us=2274 envelope=@J10000000001000000023839978|I421vE00;
published_frame=475
published_frame=476
editbox_emit sequence=239 bytes=38 elapsed_us=2213 envelope=@J10000000001000000023917445|I421xE00;
editbox_receipt monotonic_ns=563606720658913 received=238 consumed=238 revision=86
published_frame=477
published_frame=478
editbox_emit sequence=240 bytes=38 elapsed_us=2563 envelope=@J10000000001000000024008129|I421zE00;
published_frame=479
published_frame=480
editbox_emit sequence=241 bytes=38 elapsed_us=2158 envelope=@J10000000001000000024151117|I421_E00;
event mono_ns=563606786731000 frame=481 held=256 pressed=256 released=0
published_frame=481
published_frame=482
editbox_emit sequence=242 bytes=56 elapsed_us=3906 envelope=@J10000000001000000024227404|I421XFB040040000Fy09040Fy0;
published_frame=483
editbox_receipt monotonic_ns=563606833418001 received=241 consumed=241 revision=87
published_frame=484
editbox_emit sequence=243 bytes=50 elapsed_us=3129 envelope=@J10000000001000000024328034|I421ZF9040Fy09040Fy0;
published_frame=485
published_frame=486
editbox_emit sequence=244 bytes=50 elapsed_us=2905 envelope=@J10000000001000000024457809|I421bF9040Fy09040Fy0;
published_frame=487
published_frame=488
editbox_emit sequence=245 bytes=50 elapsed_us=2959 envelope=@J10000000001000000024522063|I421dF9040Fy09040Fy0;
published_frame=489
published_frame=490
editbox_emit sequence=246 bytes=50 elapsed_us=2812 envelope=@J10000000001000000024651838|I421fF9040Fy09040Fy0;
published_frame=491
published_frame=492
editbox_emit sequence=247 bytes=50 elapsed_us=2938 envelope=@J10000000001000000024716092|I421hF9040Fy09040Fy0;
editbox_receipt monotonic_ns=563606978160822 received=245 consumed=245 revision=88
published_frame=493
published_frame=494
editbox_emit sequence=248 bytes=50 elapsed_us=3003 envelope=@J10000000001000000024845867|I421jF9040Fy09040Fy0;
published_frame=495
published_frame=496
editbox_emit sequence=249 bytes=50 elapsed_us=2754 envelope=@J10000000001000000024910121|I421lF9040Fy09040Fy0;
editbox_receipt monotonic_ns=563607054265080 received=248 consumed=248 revision=89
published_frame=497
published_frame=498
editbox_emit sequence=250 bytes=50 elapsed_us=2926 envelope=@J10000000001000000025029750|I421nF9040Fy09040Fy0;
published_frame=499
published_frame=500
editbox_emit sequence=251 bytes=50 elapsed_us=2718 envelope=@J10000000001000000025159525|I421pF9040Fy09040Fy0;
published_frame=501
event mono_ns=563607137110000 frame=502 held=768 pressed=512 released=0
published_frame=502
editbox_emit sequence=252 bytes=56 elapsed_us=3013 envelope=@J10000000001000000025214559|I421rF9040Fy0B0C0080000F__;
published_frame=503
editbox_receipt monotonic_ns=563607158772049 received=250 consumed=250 revision=90
published_frame=504
editbox_emit sequence=253 bytes=50 elapsed_us=3263 envelope=@J10000000001000000025342641|I421tF90C0F__90C0F__;
published_frame=505
published_frame=506
editbox_emit sequence=254 bytes=50 elapsed_us=3340 envelope=@J10000000001000000025406895|I421vF90C0F__90C0F__;
published_frame=507
published_frame=508
editbox_emit sequence=255 bytes=50 elapsed_us=2880 envelope=@J10000000001000000025536670|I421xF90C0F__90C0F__;
editbox_receipt monotonic_ns=563607245344559 received=254 consumed=253 revision=91
published_frame=509
published_frame=510
editbox_emit sequence=256 bytes=50 elapsed_us=3148 envelope=@J10000000001000000025600924|I421zF90C0F__90C0F__;
published_frame=511
published_frame=512
editbox_emit sequence=257 bytes=50 elapsed_us=2971 envelope=@J10000000001000000025730699|I421_F90C0F__90C0F__;
published_frame=513
editbox_receipt monotonic_ns=563607331132650 received=256 consumed=256 revision=92
published_frame=514
editbox_emit sequence=258 bytes=50 elapsed_us=3442 envelope=@J10000000001000000025816168|I421XG90C0F__90C0F__;
published_frame=515
published_frame=516
editbox_emit sequence=259 bytes=50 elapsed_us=3164 envelope=@J10000000001000000025945943|I421ZG90C0F__90C0F__;
published_frame=517
published_frame=518
editbox_emit sequence=260 bytes=50 elapsed_us=3090 envelope=@J10000000001000000026000051|I421bG90C0F__90C0F__;
published_frame=519
published_frame=520
editbox_emit sequence=261 bytes=50 elapsed_us=3562 envelope=@J10000000001000000026129826|I421dG90C0F__90C0F__;
editbox_receipt monotonic_ns=563607444988173 received=259 consumed=259 revision=93
published_frame=521
published_frame=522
editbox_emit sequence=262 bytes=50 elapsed_us=3413 envelope=@J10000000001000000026259601|I421fG90C0F__90C0F__;
event mono_ns=563607487379000 frame=523 held=512 pressed=0 released=256
published_frame=523
published_frame=524
editbox_emit sequence=263 bytes=56 elapsed_us=3007 envelope=@J10000000001000000026321525|I421hGB08000004003_908003_;
published_frame=525
editbox_receipt monotonic_ns=563607534986575 received=261 consumed=261 revision=94
published_frame=526
editbox_emit sequence=264 bytes=50 elapsed_us=3263 envelope=@J10000000001000000026456470|I421jG908003_908003_;
published_frame=527
published_frame=528
editbox_emit sequence=265 bytes=50 elapsed_us=2709 envelope=@J10000000001000000026520724|I421lG908003_908003_;
published_frame=529
published_frame=530
editbox_emit sequence=266 bytes=50 elapsed_us=2740 envelope=@J10000000001000000026650499|I421nG908003_908003_;
published_frame=531
editbox_receipt monotonic_ns=563607634506105 received=265 consumed=265 revision=95
published_frame=532
editbox_emit sequence=267 bytes=50 elapsed_us=2737 envelope=@J10000000001000000026714753|I421pG908003_908003_;
published_frame=533
published_frame=534
editbox_emit sequence=268 bytes=50 elapsed_us=2512 envelope=@J10000000001000000026844528|I421rG908003_908003_;
published_frame=535
published_frame=536
editbox_emit sequence=269 bytes=50 elapsed_us=2710 envelope=@J10000000001000000026908782|I421tG908003_908003_;
published_frame=537
editbox_receipt monotonic_ns=563607733738968 received=268 consumed=268 revision=96
published_frame=538
editbox_emit sequence=270 bytes=50 elapsed_us=2911 envelope=@J10000000001000000027028411|I421vG908003_908003_;
published_frame=539
published_frame=540
editbox_emit sequence=271 bytes=50 elapsed_us=2607 envelope=@J10000000001000000027158186|I421xG908003_908003_;
published_frame=541
published_frame=542
editbox_emit sequence=272 bytes=50 elapsed_us=2978 envelope=@J10000000001000000027222440|I421zG908003_908003_;
published_frame=543
editbox_receipt monotonic_ns=563607833332396 received=271 consumed=271 revision=97
event mono_ns=563607837727000 frame=544 held=0 pressed=0 released=512
published_frame=544
editbox_emit sequence=273 bytes=50 elapsed_us=2842 envelope=@J10000000001000000027327845|I421_G908003_2000080;
published_frame=545
published_frame=546
editbox_emit sequence=274 bytes=38 elapsed_us=2061 envelope=@J10000000001000000027444303|I421XH00;
published_frame=547
published_frame=548
editbox_emit sequence=275 bytes=38 elapsed_us=2440 envelope=@J10000000001000000027521770|I421ZH00;
published_frame=549
published_frame=550
editbox_emit sequence=276 bytes=38 elapsed_us=1921 envelope=@J10000000001000000027664758|I421bH00;
published_frame=551
published_frame=552
editbox_emit sequence=277 bytes=38 elapsed_us=2234 envelope=@J10000000001000000027742225|I421dH00;
editbox_receipt monotonic_ns=563607987056122 received=276 consumed=275 revision=98
published_frame=553
published_frame=554
editbox_emit sequence=278 bytes=38 elapsed_us=2210 envelope=@J10000000001000000027819692|I421fH00;
published_frame=555
published_frame=556
editbox_emit sequence=279 bytes=38 elapsed_us=2042 envelope=@J10000000001000000027962680|I421hH00;
editbox_receipt monotonic_ns=563608042544596 received=278 consumed=278 revision=99
published_frame=557
published_frame=558
editbox_emit sequence=280 bytes=38 elapsed_us=2215 envelope=@J10000000001000000028053364|I421jH00;
published_frame=559
published_frame=560
editbox_emit sequence=281 bytes=38 elapsed_us=2225 envelope=@J10000000001000000028130831|I421lH00;
published_frame=561
published_frame=562
editbox_emit sequence=282 bytes=38 elapsed_us=1977 envelope=@J10000000001000000028208298|I421nH00;
editbox_receipt monotonic_ns=563608143832731 received=280 consumed=280 revision=100
published_frame=563
published_frame=564
editbox_emit sequence=283 bytes=38 elapsed_us=1962 envelope=@J10000000001000000028351286|I421pH00;
published_frame=565
published_frame=566
editbox_emit sequence=284 bytes=38 elapsed_us=2356 envelope=@J10000000001000000028428753|I421rH00;
editbox_receipt monotonic_ns=563608220922015 received=283 consumed=283 revision=101
published_frame=567
published_frame=568
editbox_emit sequence=285 bytes=38 elapsed_us=2080 envelope=@J10000000001000000028506220|I421tH00;
published_frame=569
published_frame=570
editbox_emit sequence=286 bytes=38 elapsed_us=2211 envelope=@J10000000001000000028649208|I421vH00;
published_frame=571
published_frame=572
editbox_emit sequence=287 bytes=38 elapsed_us=2193 envelope=@J10000000001000000028726675|I421xH00;
editbox_receipt monotonic_ns=563608320153956 received=286 consumed=286 revision=102
published_frame=573
published_frame=574
editbox_emit sequence=288 bytes=38 elapsed_us=2183 envelope=@J10000000001000000028804142|I421zH00;
published_frame=575
published_frame=576
editbox_emit sequence=289 bytes=38 elapsed_us=2235 envelope=@J10000000001000000028947130|I421_H00;
control sequence=1 state=PREPARE frame=577 epoch_ns=563608382794737
editbox_emit sequence=290 bytes=48 elapsed_us=3347 envelope=@J10000000001000000029060186|ACK1|1|PREPARE|577;
input_armed=true gameplay_armed=false mono_ns=563608387839674
editbox_receipt monotonic_ns=563608454386626 received=290 consumed=290 revision=103
editbox_receipt monotonic_ns=563608506995392 received=290 consumed=290 revision=104
control sequence=2 state=PAUSE_COMMIT target=577 frontier=577 epoch_ns=563608600816530
input_armed=true gameplay_armed=true mono_ns=563608600937597
control sequence=2 state=PAUSE frame=577 epoch_ns=563608600816530
editbox_emit sequence=291 bytes=46 elapsed_us=3442 envelope=@J10000000001000000029101920|ACK1|2|PAUSE|577;
input_armed=true gameplay_armed=false mono_ns=563608606100835
editbox_receipt monotonic_ns=563608631705241 received=291 consumed=291 revision=105
editbox_receipt monotonic_ns=563608709966282 received=291 consumed=291 revision=106
editbox_receipt monotonic_ns=563608807283774 received=291 consumed=291 revision=107
editbox_receipt monotonic_ns=563608900034306 received=291 consumed=291 revision=108
editbox_receipt monotonic_ns=563609011613431 received=291 consumed=291 revision=109
editbox_receipt monotonic_ns=563609109494660 received=291 consumed=291 revision=110
editbox_receipt monotonic_ns=563609197293370 received=291 consumed=291 revision=111
editbox_receipt monotonic_ns=563609304792858 received=291 consumed=291 revision=112
editbox_receipt monotonic_ns=563609414471772 received=291 consumed=291 revision=113
editbox_receipt monotonic_ns=563609512785842 received=291 consumed=291 revision=114
editbox_receipt monotonic_ns=563609619100850 received=291 consumed=291 revision=115
editbox_receipt monotonic_ns=563609712732093 received=291 consumed=291 revision=116
editbox_receipt monotonic_ns=563609811524389 received=291 consumed=291 revision=117
editbox_receipt monotonic_ns=563609936761357 received=291 consumed=291 revision=118
editbox_receipt monotonic_ns=563610013149246 received=291 consumed=291 revision=119
editbox_receipt monotonic_ns=563610109967192 received=291 consumed=291 revision=120
editbox_receipt monotonic_ns=563610208330054 received=291 consumed=291 revision=121
editbox_receipt monotonic_ns=563610309570971 received=291 consumed=291 revision=122
editbox_receipt monotonic_ns=563610408021006 received=291 consumed=291 revision=123
editbox_receipt monotonic_ns=563610507049856 received=291 consumed=291 revision=124
editbox_receipt monotonic_ns=563610606284542 received=291 consumed=291 revision=125
editbox_receipt monotonic_ns=563610714881047 received=291 consumed=291 revision=126
editbox_receipt monotonic_ns=563610811775155 received=291 consumed=291 revision=127
editbox_receipt monotonic_ns=563610928567563 received=291 consumed=291 revision=128
editbox_receipt monotonic_ns=563611037837621 received=291 consumed=291 revision=129
editbox_receipt monotonic_ns=563611133526059 received=291 consumed=291 revision=130
editbox_receipt monotonic_ns=563611229663369 received=291 consumed=291 revision=131
editbox_receipt monotonic_ns=563611335574220 received=291 consumed=291 revision=132
editbox_receipt monotonic_ns=563611433041473 received=291 consumed=291 revision=133
editbox_receipt monotonic_ns=563611529961029 received=291 consumed=291 revision=134
editbox_receipt monotonic_ns=563611636803987 received=291 consumed=291 revision=135
editbox_receipt monotonic_ns=563611734898586 received=291 consumed=291 revision=136
editbox_receipt monotonic_ns=563611831840324 received=291 consumed=291 revision=137
editbox_receipt monotonic_ns=563611937857453 received=291 consumed=291 revision=138
editbox_receipt monotonic_ns=563612032916442 received=291 consumed=291 revision=139
editbox_receipt monotonic_ns=563612143282483 received=291 consumed=291 revision=140
editbox_receipt monotonic_ns=563612248530201 received=291 consumed=291 revision=141
editbox_receipt monotonic_ns=563612347667344 received=291 consumed=291 revision=142
editbox_receipt monotonic_ns=563612435629059 received=291 consumed=291 revision=143
editbox_receipt monotonic_ns=563612525548553 received=291 consumed=291 revision=144
editbox_receipt monotonic_ns=563612632118900 received=291 consumed=291 revision=145
editbox_receipt monotonic_ns=563612727867602 received=291 consumed=291 revision=146
editbox_receipt monotonic_ns=563612835805342 received=291 consumed=291 revision=147
editbox_receipt monotonic_ns=563612939807695 received=291 consumed=291 revision=148
editbox_receipt monotonic_ns=563613036717473 received=291 consumed=291 revision=149
editbox_receipt monotonic_ns=563613132038032 received=291 consumed=291 revision=150
editbox_receipt monotonic_ns=563613231683187 received=291 consumed=291 revision=151
editbox_receipt monotonic_ns=563613329366024 received=291 consumed=291 revision=152
editbox_receipt monotonic_ns=563613437604548 received=291 consumed=291 revision=153
editbox_receipt monotonic_ns=563613525891983 received=291 consumed=291 revision=154
control sequence=3 state=RESUME frame=577 epoch_ns=563613645934252 read_ns=563613646371112 uncertainty_ns=1100246 timestamp_resolution_ns=1000000
input_armed=true gameplay_armed=true mono_ns=563613646344482
editbox_emit sequence=292 bytes=47 elapsed_us=3057 envelope=@J10000000001000000029243311|ACK1|3|RESUME|577;
published_frame=577
editbox_receipt monotonic_ns=563613677835933 received=291 consumed=291 revision=155
published_frame=578
editbox_emit sequence=293 bytes=38 elapsed_us=2086 envelope=@J10000000001000000029322769|I421XI00;
published_frame=579
published_frame=580
editbox_emit sequence=294 bytes=38 elapsed_us=2053 envelope=@J10000000001000000029400236|I421ZI00;
editbox_receipt monotonic_ns=563613724681555 received=293 consumed=292 revision=156
published_frame=581
published_frame=582
editbox_emit sequence=295 bytes=38 elapsed_us=2100 envelope=@J10000000001000000029543224|I421bI00;
published_frame=583
published_frame=584
editbox_emit sequence=296 bytes=38 elapsed_us=2777 envelope=@J10000000001000000029620691|I421dI00;
published_frame=585
published_frame=586
editbox_emit sequence=297 bytes=38 elapsed_us=2081 envelope=@J10000000001000000029763679|I421fI00;
published_frame=587
editbox_receipt monotonic_ns=563613835365553 received=296 consumed=294 revision=157
published_frame=588
editbox_emit sequence=298 bytes=38 elapsed_us=1979 envelope=@J10000000001000000029841146|I421hI00;
published_frame=589
published_frame=590
editbox_emit sequence=299 bytes=38 elapsed_us=2098 envelope=@J10000000001000000029918613|I421jI00;
published_frame=591
published_frame=592
editbox_emit sequence=300 bytes=38 elapsed_us=2426 envelope=@J10000000001000000030050714|I421lI00;
published_frame=593
published_frame=594
editbox_emit sequence=301 bytes=38 elapsed_us=1972 envelope=@J10000000001000000030128181|I421nI00;
published_frame=595
editbox_receipt monotonic_ns=563613970993719 received=300 consumed=300 revision=158
published_frame=596
editbox_emit sequence=302 bytes=38 elapsed_us=2095 envelope=@J10000000001000000030205648|I421pI00;
published_frame=597
published_frame=598
editbox_emit sequence=303 bytes=38 elapsed_us=2080 envelope=@J10000000001000000030348636|I421rI00;
published_frame=599
published_frame=600
editbox_emit sequence=304 bytes=38 elapsed_us=2136 envelope=@J10000000001000000030426103|I421tI00;
editbox_receipt monotonic_ns=563614051980789 received=302 consumed=302 revision=159
published_frame=601
published_frame=602
editbox_emit sequence=305 bytes=38 elapsed_us=2120 envelope=@J10000000001000000030503570|I421vI00;
published_frame=603
published_frame=604
editbox_emit sequence=306 bytes=38 elapsed_us=1997 envelope=@J10000000001000000030646558|I421xI00;
published_frame=605
published_frame=606
editbox_emit sequence=307 bytes=38 elapsed_us=2193 envelope=@J10000000001000000030724025|I421zI00;
editbox_receipt monotonic_ns=563614150736608 received=305 consumed=305 revision=160
published_frame=607
published_frame=608
editbox_emit sequence=308 bytes=38 elapsed_us=2234 envelope=@J10000000001000000030801492|I421_I00;
published_frame=609
published_frame=610
editbox_emit sequence=309 bytes=38 elapsed_us=2540 envelope=@J10000000001000000030936611|I421XJ00;
published_frame=611
editbox_receipt monotonic_ns=563614239975136 received=309 consumed=309 revision=161
published_frame=612
editbox_emit sequence=310 bytes=38 elapsed_us=2280 envelope=@J10000000001000000031027295|I421ZJ00;
published_frame=613
published_frame=614
editbox_emit sequence=311 bytes=38 elapsed_us=2126 envelope=@J10000000001000000031104762|I421bJ00;
published_frame=615
published_frame=616
editbox_emit sequence=312 bytes=38 elapsed_us=3173 envelope=@J10000000001000000031247750|I421dJ00;
published_frame=617
published_frame=618
editbox_emit sequence=313 bytes=38 elapsed_us=2065 envelope=@J10000000001000000031325217|I421fJ00;
editbox_receipt monotonic_ns=563614351268426 received=311 consumed=311 revision=162
published_frame=619
published_frame=620
editbox_emit sequence=314 bytes=38 elapsed_us=1958 envelope=@J10000000001000000031402684|I421hJ00;
published_frame=621
published_frame=622
editbox_emit sequence=315 bytes=38 elapsed_us=2073 envelope=@J10000000001000000031545672|I421jJ00;
published_frame=623
published_frame=624
editbox_emit sequence=316 bytes=38 elapsed_us=1987 envelope=@J10000000001000000031623139|I421lJ00;
editbox_receipt monotonic_ns=563614449601161 received=315 consumed=315 revision=163
published_frame=625
published_frame=626
editbox_emit sequence=317 bytes=38 elapsed_us=1974 envelope=@J10000000001000000031700606|I421nJ00;
published_frame=627
published_frame=628
editbox_emit sequence=318 bytes=38 elapsed_us=2520 envelope=@J10000000001000000031843594|I421pJ00;
published_frame=629
published_frame=630
editbox_emit sequence=319 bytes=38 elapsed_us=2269 envelope=@J10000000001000000031921061|I421rJ00;
editbox_receipt monotonic_ns=563614550612036 received=318 consumed=318 revision=164
published_frame=631
published_frame=632
editbox_emit sequence=320 bytes=38 elapsed_us=3526 envelope=@J10000000001000000032011745|I421tJ00;
published_frame=633
published_frame=634
editbox_emit sequence=321 bytes=38 elapsed_us=3581 envelope=@J10000000001000000032154733|I421vJ00;
published_frame=635
published_frame=636
editbox_emit sequence=322 bytes=38 elapsed_us=2589 envelope=@J10000000001000000032232200|I421xJ00;
editbox_receipt monotonic_ns=563614652371094 received=321 consumed=321 revision=165
published_frame=637
published_frame=638
editbox_emit sequence=323 bytes=38 elapsed_us=2046 envelope=@J10000000001000000032309667|I421zJ00;
published_frame=639
published_frame=640
editbox_emit sequence=324 bytes=38 elapsed_us=2361 envelope=@J10000000001000000032452655|I421_J00;
published_frame=641
published_frame=642
editbox_emit sequence=325 bytes=38 elapsed_us=2183 envelope=@J10000000001000000032522253|I421XK00;
editbox_receipt monotonic_ns=563614750254788 received=324 consumed=324 revision=166
published_frame=643
published_frame=644
editbox_emit sequence=326 bytes=38 elapsed_us=2356 envelope=@J10000000001000000032665241|I421ZK00;
published_frame=645
published_frame=646
editbox_emit sequence=327 bytes=38 elapsed_us=2153 envelope=@J10000000001000000032742708|I421bK00;
published_frame=647
published_frame=648
editbox_emit sequence=328 bytes=38 elapsed_us=2033 envelope=@J10000000001000000032820175|I421dK00;
editbox_receipt monotonic_ns=563614850407224 received=327 consumed=327 revision=167
published_frame=649
published_frame=650
editbox_emit sequence=329 bytes=38 elapsed_us=2085 envelope=@J10000000001000000032963163|I421fK00;
published_frame=651
published_frame=652
editbox_emit sequence=330 bytes=38 elapsed_us=2111 envelope=@J10000000001000000033053847|I421hK00;
published_frame=653
published_frame=654
editbox_emit sequence=331 bytes=38 elapsed_us=2186 envelope=@J10000000001000000033131314|I421jK00;
published_frame=655
published_frame=656
editbox_emit sequence=332 bytes=38 elapsed_us=2081 envelope=@J10000000001000000033208781|I421lK00;
editbox_receipt monotonic_ns=563614986878791 received=330 consumed=330 revision=168
published_frame=657
published_frame=658
editbox_emit sequence=333 bytes=38 elapsed_us=1999 envelope=@J10000000001000000033351769|I421nK00;
published_frame=659
published_frame=660
editbox_emit sequence=334 bytes=38 elapsed_us=2195 envelope=@J10000000001000000033429236|I421pK00;
editbox_receipt monotonic_ns=563615061841649 received=333 consumed=333 revision=169
published_frame=661
published_frame=662
editbox_emit sequence=335 bytes=38 elapsed_us=2266 envelope=@J10000000001000000033506703|I421rK00;
published_frame=663
published_frame=664
editbox_emit sequence=336 bytes=38 elapsed_us=2078 envelope=@J10000000001000000033649691|I421tK00;
published_frame=665
published_frame=666
editbox_emit sequence=337 bytes=38 elapsed_us=2265 envelope=@J10000000001000000033727158|I421vK00;
editbox_receipt monotonic_ns=563615161533081 received=336 consumed=336 revision=170
published_frame=667
published_frame=668
editbox_emit sequence=338 bytes=38 elapsed_us=2146 envelope=@J10000000001000000033804625|I421xK00;
published_frame=669
published_frame=670
editbox_emit sequence=339 bytes=38 elapsed_us=1990 envelope=@J10000000001000000033947613|I421zK00;
published_frame=671
published_frame=672
editbox_emit sequence=340 bytes=38 elapsed_us=2263 envelope=@J10000000001000000034038297|I421_K00;
editbox_receipt monotonic_ns=563615250596521 received=339 consumed=339 revision=171
published_frame=673
published_frame=674
editbox_emit sequence=341 bytes=38 elapsed_us=2466 envelope=@J10000000001000000034107895|I421XL00;
published_frame=675
published_frame=676
editbox_emit sequence=342 bytes=38 elapsed_us=2120 envelope=@J10000000001000000034250883|I421ZL00;
published_frame=677
published_frame=678
editbox_emit sequence=343 bytes=38 elapsed_us=2051 envelope=@J10000000001000000034328350|I421bL00;
editbox_receipt monotonic_ns=563615350608675 received=342 consumed=342 revision=172
published_frame=679
published_frame=680
editbox_emit sequence=344 bytes=38 elapsed_us=2046 envelope=@J10000000001000000034405817|I421dL00;
published_frame=681
published_frame=682
editbox_emit sequence=345 bytes=38 elapsed_us=2056 envelope=@J10000000001000000034548805|I421fL00;
published_frame=683
editbox_receipt monotonic_ns=563615440170849 received=345 consumed=345 revision=173
published_frame=684
editbox_emit sequence=346 bytes=38 elapsed_us=2076 envelope=@J10000000001000000034626272|I421hL00;
published_frame=685
published_frame=686
editbox_emit sequence=347 bytes=38 elapsed_us=2127 envelope=@J10000000001000000034703739|I421jL00;
published_frame=687
published_frame=688
editbox_emit sequence=348 bytes=38 elapsed_us=2174 envelope=@J10000000001000000034846727|I421lL00;
published_frame=689
published_frame=690
editbox_emit sequence=349 bytes=38 elapsed_us=2119 envelope=@J10000000001000000034924194|I421nL00;
editbox_receipt monotonic_ns=563615550715396 received=348 consumed=348 revision=174
published_frame=691
published_frame=692
editbox_emit sequence=350 bytes=38 elapsed_us=2592 envelope=@J10000000001000000035014878|I421pL00;
published_frame=693
published_frame=694
editbox_emit sequence=351 bytes=38 elapsed_us=2002 envelope=@J10000000001000000035157866|I421rL00;
published_frame=695
published_frame=696
editbox_emit sequence=352 bytes=38 elapsed_us=2152 envelope=@J10000000001000000035235333|I421tL00;
editbox_receipt monotonic_ns=563615650986003 received=351 consumed=351 revision=175
published_frame=697
published_frame=698
editbox_emit sequence=353 bytes=38 elapsed_us=2545 envelope=@J10000000001000000035312800|I421vL00;
published_frame=699
published_frame=700
editbox_emit sequence=354 bytes=38 elapsed_us=2215 envelope=@J10000000001000000035455788|I421xL00;
published_frame=701
published_frame=702
editbox_emit sequence=355 bytes=38 elapsed_us=2192 envelope=@J10000000001000000035533255|I421zL00;
editbox_receipt monotonic_ns=563615750869075 received=354 consumed=354 revision=176
published_frame=703
published_frame=704
editbox_emit sequence=356 bytes=38 elapsed_us=2267 envelope=@J10000000001000000035610722|I421_L00;
published_frame=705
published_frame=706
editbox_emit sequence=357 bytes=38 elapsed_us=2504 envelope=@J10000000001000000035745841|I421XM00;
published_frame=707
published_frame=708
editbox_emit sequence=358 bytes=38 elapsed_us=2027 envelope=@J10000000001000000035823308|I421ZM00;
editbox_receipt monotonic_ns=563615849874992 received=357 consumed=357 revision=177
published_frame=709
published_frame=710
editbox_emit sequence=359 bytes=38 elapsed_us=2014 envelope=@J10000000001000000035900775|I421bM00;
published_frame=711
published_frame=712
editbox_emit sequence=360 bytes=38 elapsed_us=2145 envelope=@J10000000001000000036056980|I421dM00;
published_frame=713
published_frame=714
editbox_emit sequence=361 bytes=38 elapsed_us=2146 envelope=@J10000000001000000036134447|I421fM00;
published_frame=715
published_frame=716
editbox_emit sequence=362 bytes=38 elapsed_us=2237 envelope=@J10000000001000000036211914|I421hM00;
editbox_receipt monotonic_ns=563615983346134 received=360 consumed=360 revision=178
published_frame=717
published_frame=718
editbox_emit sequence=363 bytes=38 elapsed_us=2367 envelope=@J10000000001000000036354902|I421jM00;
published_frame=719
published_frame=720
editbox_emit sequence=364 bytes=38 elapsed_us=1978 envelope=@J10000000001000000036432369|I421lM00;
published_frame=721
published_frame=722
editbox_emit sequence=365 bytes=38 elapsed_us=2138 envelope=@J10000000001000000036509836|I421nM00;
editbox_receipt monotonic_ns=563616084036659 received=363 consumed=363 revision=179
published_frame=723
published_frame=724
editbox_emit sequence=366 bytes=38 elapsed_us=2528 envelope=@J10000000001000000036652824|I421pM00;
published_frame=725
published_frame=726
editbox_emit sequence=367 bytes=38 elapsed_us=2400 envelope=@J10000000001000000036730291|I421rM00;
editbox_receipt monotonic_ns=563616162736082 received=366 consumed=366 revision=180
published_frame=727
published_frame=728
editbox_emit sequence=368 bytes=38 elapsed_us=2314 envelope=@J10000000001000000036807758|I421tM00;
published_frame=729
published_frame=730
editbox_emit sequence=369 bytes=38 elapsed_us=2106 envelope=@J10000000001000000036950746|I421vM00;
published_frame=731
published_frame=732
editbox_emit sequence=370 bytes=38 elapsed_us=2134 envelope=@J10000000001000000037041430|I421xM00;
editbox_receipt monotonic_ns=563616261236892 received=369 consumed=369 revision=181
published_frame=733
published_frame=734
editbox_emit sequence=371 bytes=38 elapsed_us=2404 envelope=@J10000000001000000037118897|I421zM00;
published_frame=735
published_frame=736
editbox_emit sequence=372 bytes=38 elapsed_us=2988 envelope=@J10000000001000000037261885|I421_M00;
published_frame=737
published_frame=738
editbox_emit sequence=373 bytes=38 elapsed_us=2329 envelope=@J10000000001000000037331483|I421XN00;
published_frame=739
published_frame=740
editbox_emit sequence=374 bytes=38 elapsed_us=2168 envelope=@J10000000001000000037408950|I421ZN00;
editbox_receipt monotonic_ns=563616383370412 received=372 consumed=372 revision=182
published_frame=741
published_frame=742
editbox_emit sequence=375 bytes=38 elapsed_us=2573 envelope=@J10000000001000000037551938|I421bN00;
published_frame=743
published_frame=744
editbox_emit sequence=376 bytes=38 elapsed_us=1982 envelope=@J10000000001000000037629405|I421dN00;
published_frame=745
published_frame=746
editbox_emit sequence=377 bytes=38 elapsed_us=2047 envelope=@J10000000001000000037706872|I421fN00;
editbox_receipt monotonic_ns=563616483200073 received=375 consumed=375 revision=183
published_frame=747
published_frame=748
editbox_emit sequence=378 bytes=38 elapsed_us=2225 envelope=@J10000000001000000037849860|I421hN00;
published_frame=749
published_frame=750
editbox_emit sequence=379 bytes=38 elapsed_us=3566 envelope=@J10000000001000000037927327|I421jN00;
published_frame=751
editbox_receipt monotonic_ns=563616573425251 received=378 consumed=378 revision=184
published_frame=752
editbox_emit sequence=380 bytes=38 elapsed_us=2109 envelope=@J10000000001000000038018011|I421lN00;
published_frame=753
published_frame=754
editbox_emit sequence=381 bytes=38 elapsed_us=2133 envelope=@J10000000001000000038160999|I421nN00;
published_frame=755
published_frame=756
editbox_emit sequence=382 bytes=38 elapsed_us=2135 envelope=@J10000000001000000038238466|I421pN00;
published_frame=757
editbox_receipt monotonic_ns=563616672711644 received=381 consumed=381 revision=185
published_frame=758
editbox_emit sequence=383 bytes=38 elapsed_us=2128 envelope=@J10000000001000000038315933|I421rN00;
published_frame=759
published_frame=760
editbox_emit sequence=384 bytes=38 elapsed_us=2377 envelope=@J10000000001000000038458921|I421tN00;
published_frame=761
published_frame=762
editbox_emit sequence=385 bytes=38 elapsed_us=2671 envelope=@J10000000001000000038536388|I421vN00;
published_frame=763
editbox_receipt monotonic_ns=563616772471003 received=384 consumed=384 revision=186
published_frame=764
editbox_emit sequence=386 bytes=38 elapsed_us=2430 envelope=@J10000000001000000038613855|I421xN00;
published_frame=765
published_frame=766
editbox_emit sequence=387 bytes=38 elapsed_us=2090 envelope=@J10000000001000000038756843|I421zN00;
published_frame=767
published_frame=768
editbox_emit sequence=388 bytes=38 elapsed_us=2183 envelope=@J10000000001000000038834310|I421_N00;
published_frame=769
editbox_receipt monotonic_ns=563616871200903 received=387 consumed=387 revision=187
published_frame=770
editbox_emit sequence=389 bytes=38 elapsed_us=2264 envelope=@J10000000001000000038903908|I421XO00;
published_frame=771
published_frame=772
editbox_emit sequence=390 bytes=38 elapsed_us=2102 envelope=@J10000000001000000039060113|I421ZO00;
published_frame=773
published_frame=774
editbox_emit sequence=391 bytes=38 elapsed_us=2186 envelope=@J10000000001000000039137580|I421bO00;
published_frame=775
published_frame=776
editbox_emit sequence=392 bytes=38 elapsed_us=2185 envelope=@J10000000001000000039215047|I421dO00;
published_frame=777
published_frame=778
editbox_emit sequence=393 bytes=38 elapsed_us=2082 envelope=@J10000000001000000039358035|I421fO00;
editbox_receipt monotonic_ns=563617019396947 received=391 consumed=391 revision=188
published_frame=779
published_frame=780
editbox_emit sequence=394 bytes=38 elapsed_us=1948 envelope=@J10000000001000000039435502|I421hO00;
published_frame=781
editbox_receipt monotonic_ns=563617072498626 received=393 consumed=393 revision=189
published_frame=782
editbox_emit sequence=395 bytes=38 elapsed_us=2095 envelope=@J10000000001000000039512969|I421jO00;
published_frame=783
published_frame=784
editbox_emit sequence=396 bytes=38 elapsed_us=2119 envelope=@J10000000001000000039655957|I421lO00;
published_frame=785
published_frame=786
editbox_emit sequence=397 bytes=38 elapsed_us=2186 envelope=@J10000000001000000039733424|I421nO00;
published_frame=787
editbox_receipt monotonic_ns=563617171968183 received=396 consumed=396 revision=190
published_frame=788
editbox_emit sequence=398 bytes=38 elapsed_us=2207 envelope=@J10000000001000000039810891|I421pO00;
published_frame=789
published_frame=790
editbox_emit sequence=399 bytes=38 elapsed_us=2439 envelope=@J10000000001000000039953879|I421rO00;
published_frame=791
published_frame=792
editbox_emit sequence=400 bytes=38 elapsed_us=2139 envelope=@J10000000001000000040020459|I421tO00;
published_frame=793
published_frame=794
editbox_emit sequence=401 bytes=38 elapsed_us=2300 envelope=@J10000000001000000040163447|I421vO00;
editbox_receipt monotonic_ns=563617284199050 received=399 consumed=399 revision=191
published_frame=795
published_frame=796
editbox_emit sequence=402 bytes=38 elapsed_us=2016 envelope=@J10000000001000000040240914|I421xO00;
published_frame=797
published_frame=798
editbox_emit sequence=403 bytes=38 elapsed_us=2012 envelope=@J10000000001000000040318381|I421zO00;
published_frame=799
editbox_receipt monotonic_ns=563617372121601 received=402 consumed=402 revision=192
published_frame=800
editbox_emit sequence=404 bytes=38 elapsed_us=2174 envelope=@J10000000001000000040461369|I421_O00;
published_frame=801
published_frame=802
editbox_emit sequence=405 bytes=38 elapsed_us=2327 envelope=@J10000000001000000040530967|I421XP00;
published_frame=803
published_frame=804
editbox_emit sequence=406 bytes=38 elapsed_us=2184 envelope=@J10000000001000000040608434|I421ZP00;
published_frame=805
editbox_receipt monotonic_ns=563617471885239 received=405 consumed=405 revision=193
published_frame=806
editbox_emit sequence=407 bytes=38 elapsed_us=2271 envelope=@J10000000001000000040751422|I421bP00;
published_frame=807
published_frame=808
editbox_emit sequence=408 bytes=38 elapsed_us=1991 envelope=@J10000000001000000040828889|I421dP00;
published_frame=809
published_frame=810
editbox_emit sequence=409 bytes=38 elapsed_us=2051 envelope=@J10000000001000000040906356|I421fP00;
published_frame=811
editbox_receipt monotonic_ns=563617572781399 received=408 consumed=408 revision=194
published_frame=812
editbox_emit sequence=410 bytes=38 elapsed_us=2162 envelope=@J10000000001000000041062561|I421hP00;
published_frame=813
published_frame=814
editbox_emit sequence=411 bytes=38 elapsed_us=2263 envelope=@J10000000001000000041140028|I421jP00;
published_frame=815
published_frame=816
editbox_emit sequence=412 bytes=38 elapsed_us=2130 envelope=@J10000000001000000041217495|I421lP00;
published_frame=817
editbox_receipt monotonic_ns=563617668380420 received=411 consumed=411 revision=195
published_frame=818
editbox_emit sequence=413 bytes=38 elapsed_us=2164 envelope=@J10000000001000000041360483|I421nP00;
published_frame=819
published_frame=820
editbox_emit sequence=414 bytes=38 elapsed_us=2382 envelope=@J10000000001000000041437950|I421pP00;
published_frame=821
published_frame=822
editbox_emit sequence=415 bytes=38 elapsed_us=2048 envelope=@J10000000001000000041515417|I421rP00;
published_frame=823
editbox_receipt monotonic_ns=563617774967438 received=414 consumed=414 revision=196
published_frame=824
editbox_emit sequence=416 bytes=38 elapsed_us=2155 envelope=@J10000000001000000041658405|I421tP00;
published_frame=825
published_frame=826
editbox_emit sequence=417 bytes=38 elapsed_us=2478 envelope=@J10000000001000000041735872|I421vP00;
published_frame=827
published_frame=828
editbox_emit sequence=418 bytes=38 elapsed_us=4073 envelope=@J10000000001000000041813339|I421xP00;
published_frame=829
editbox_receipt monotonic_ns=563617863121944 received=417 consumed=417 revision=197
published_frame=830
editbox_emit sequence=419 bytes=38 elapsed_us=2351 envelope=@J10000000001000000041956327|I421zP00;
published_frame=831
published_frame=832
editbox_emit sequence=420 bytes=38 elapsed_us=2178 envelope=@J10000000001000000042047011|I421_P00;
published_frame=833
published_frame=834
editbox_emit sequence=421 bytes=38 elapsed_us=2173 envelope=@J10000000001000000042116609|I421XQ00;
published_frame=835
published_frame=836
editbox_emit sequence=422 bytes=38 elapsed_us=2443 envelope=@J10000000001000000042259597|I421ZQ00;
published_frame=837
editbox_receipt monotonic_ns=563618003946510 received=421 consumed=421 revision=198
published_frame=838
editbox_emit sequence=423 bytes=38 elapsed_us=2535 envelope=@J10000000001000000042337064|I421bQ00;
published_frame=839
published_frame=840
editbox_emit sequence=424 bytes=38 elapsed_us=2515 envelope=@J10000000001000000042414531|I421dQ00;
published_frame=841
editbox_receipt monotonic_ns=563618072031857 received=423 consumed=423 revision=199
published_frame=842
editbox_emit sequence=425 bytes=38 elapsed_us=2263 envelope=@J10000000001000000042557519|I421fQ00;
published_frame=843
published_frame=844
editbox_emit sequence=426 bytes=38 elapsed_us=2469 envelope=@J10000000001000000042634986|I421hQ00;
published_frame=845
published_frame=846
editbox_emit sequence=427 bytes=38 elapsed_us=2341 envelope=@J10000000001000000042712453|I421jQ00;
published_frame=847
editbox_receipt monotonic_ns=563618174669111 received=426 consumed=426 revision=200
published_frame=848
editbox_emit sequence=428 bytes=38 elapsed_us=2200 envelope=@J10000000001000000042855441|I421lQ00;
published_frame=849
published_frame=850
editbox_emit sequence=429 bytes=38 elapsed_us=2423 envelope=@J10000000001000000042932908|I421nQ00;
published_frame=851
published_frame=852
editbox_emit sequence=430 bytes=38 elapsed_us=2251 envelope=@J10000000001000000043023592|I421pQ00;
published_frame=853
editbox_receipt monotonic_ns=563618273560443 received=429 consumed=429 revision=201
published_frame=854
editbox_emit sequence=431 bytes=38 elapsed_us=2133 envelope=@J10000000001000000043101059|I421rQ00;
published_frame=855
published_frame=856
editbox_emit sequence=432 bytes=38 elapsed_us=2420 envelope=@J10000000001000000043244047|I421tQ00;
published_frame=857
published_frame=858
editbox_emit sequence=433 bytes=38 elapsed_us=2137 envelope=@J10000000001000000043321514|I421vQ00;
published_frame=859
editbox_receipt monotonic_ns=563618372975437 received=432 consumed=432 revision=202
published_frame=860
editbox_emit sequence=434 bytes=38 elapsed_us=2143 envelope=@J10000000001000000043464502|I421xQ00;
published_frame=861
published_frame=862
editbox_emit sequence=435 bytes=38 elapsed_us=2449 envelope=@J10000000001000000043541969|I421zQ00;
published_frame=863
published_frame=864
editbox_emit sequence=436 bytes=38 elapsed_us=2676 envelope=@J10000000001000000043619436|I421_Q00;
published_frame=865
editbox_receipt monotonic_ns=563618471611551 received=435 consumed=435 revision=203
published_frame=866
editbox_emit sequence=437 bytes=38 elapsed_us=2333 envelope=@J10000000001000000043754555|I421XR00;
published_frame=867
published_frame=868
editbox_emit sequence=438 bytes=38 elapsed_us=2359 envelope=@J10000000001000000043832022|I421ZR00;
published_frame=869
published_frame=870
editbox_emit sequence=439 bytes=38 elapsed_us=2161 envelope=@J10000000001000000043909489|I421bR00;
published_frame=871
editbox_receipt monotonic_ns=563618567156631 received=438 consumed=438 revision=204
published_frame=872
editbox_emit sequence=440 bytes=38 elapsed_us=2312 envelope=@J10000000001000000044000173|I421dR00;
published_frame=873
published_frame=874
editbox_emit sequence=441 bytes=38 elapsed_us=2255 envelope=@J10000000001000000044143161|I421fR00;
published_frame=875
published_frame=876
editbox_emit sequence=442 bytes=38 elapsed_us=2659 envelope=@J10000000001000000044220628|I421hR00;
published_frame=877
editbox_receipt monotonic_ns=563618674364562 received=441 consumed=441 revision=205
published_frame=878
editbox_emit sequence=443 bytes=38 elapsed_us=2209 envelope=@J10000000001000000044363616|I421jR00;
published_frame=879
published_frame=880
editbox_emit sequence=444 bytes=38 elapsed_us=2013 envelope=@J10000000001000000044441083|I421lR00;
published_frame=881
published_frame=882
editbox_emit sequence=445 bytes=38 elapsed_us=2045 envelope=@J10000000001000000044518550|I421nR00;
published_frame=883
editbox_receipt monotonic_ns=563618771697153 received=444 consumed=444 revision=206
published_frame=884
editbox_emit sequence=446 bytes=38 elapsed_us=2012 envelope=@J10000000001000000044661538|I421pR00;
published_frame=885
published_frame=886
editbox_emit sequence=447 bytes=38 elapsed_us=2583 envelope=@J10000000001000000044739005|I421rR00;
published_frame=887
published_frame=888
editbox_emit sequence=448 bytes=38 elapsed_us=2238 envelope=@J10000000001000000044816472|I421tR00;
published_frame=889
editbox_receipt monotonic_ns=563618872994545 received=447 consumed=447 revision=207
published_frame=890
editbox_emit sequence=449 bytes=38 elapsed_us=2030 envelope=@J10000000001000000044959460|I421vR00;
published_frame=891
published_frame=892
editbox_emit sequence=450 bytes=38 elapsed_us=2037 envelope=@J10000000001000000045050144|I421xR00;
published_frame=893
published_frame=894
editbox_emit sequence=451 bytes=38 elapsed_us=2127 envelope=@J10000000001000000045127611|I421zR00;
published_frame=895
published_frame=896
editbox_emit sequence=452 bytes=38 elapsed_us=2358 envelope=@J10000000001000000045205078|I421_R00;
published_frame=897
published_frame=898
editbox_emit sequence=453 bytes=38 elapsed_us=2570 envelope=@J10000000001000000045340197|I421XS00;
published_frame=899
published_frame=900
editbox_emit sequence=454 bytes=38 elapsed_us=2256 envelope=@J10000000001000000045417664|I421ZS00;
published_frame=901
published_frame=902
editbox_emit sequence=455 bytes=38 elapsed_us=2157 envelope=@J10000000001000000045560652|I421bS00;
editbox_receipt monotonic_ns=563619094572755 received=453 consumed=453 revision=208
published_frame=903
published_frame=904
editbox_emit sequence=456 bytes=38 elapsed_us=2220 envelope=@J10000000001000000045638119|I421dS00;
published_frame=905
published_frame=906
editbox_emit sequence=457 bytes=38 elapsed_us=2147 envelope=@J10000000001000000045715586|I421fS00;
editbox_receipt monotonic_ns=563619150297231 received=453 consumed=453 revision=209
published_frame=907
published_frame=908
editbox_emit sequence=458 bytes=38 elapsed_us=2210 envelope=@J10000000001000000045858574|I421hS00;
published_frame=909
editbox_receipt monotonic_ns=563619204594441 received=456 consumed=456 revision=210
published_frame=910
editbox_emit sequence=459 bytes=38 elapsed_us=2071 envelope=@J10000000001000000045936041|I421jS00;
published_frame=911
published_frame=912
editbox_emit sequence=460 bytes=38 elapsed_us=2409 envelope=@J10000000001000000046026725|I421lS00;
published_frame=913
published_frame=914
editbox_emit sequence=461 bytes=38 elapsed_us=2094 envelope=@J10000000001000000046104192|I421nS00;
editbox_receipt monotonic_ns=563619283928333 received=459 consumed=459 revision=211
published_frame=915
published_frame=916
editbox_emit sequence=462 bytes=38 elapsed_us=2479 envelope=@J10000000001000000046247180|I421pS00;
published_frame=917
published_frame=918
editbox_emit sequence=463 bytes=38 elapsed_us=2138 envelope=@J10000000001000000046324647|I421rS00;
published_frame=919
editbox_receipt monotonic_ns=563619374629943 received=462 consumed=462 revision=212
published_frame=920
editbox_emit sequence=464 bytes=38 elapsed_us=2653 envelope=@J10000000001000000046402114|I421tS00;
published_frame=921
published_frame=922
editbox_emit sequence=465 bytes=38 elapsed_us=2137 envelope=@J10000000001000000046545102|I421vS00;
published_frame=923
published_frame=924
editbox_emit sequence=466 bytes=38 elapsed_us=2079 envelope=@J10000000001000000046622569|I421xS00;
published_frame=925
published_frame=926
editbox_emit sequence=467 bytes=38 elapsed_us=2119 envelope=@J10000000001000000046700036|I421zS00;
published_frame=927
match_end epoch=1 frontier=928 old_rows=drain terminal_rows=discard
input_armed=true gameplay_armed=false mono_ns=563619497527355
editbox_emit sequence=468 bytes=34 elapsed_us=2027 envelope=@J10000000001000000046856579|JE11;
editbox_receipt monotonic_ns=563619535818562 received=465 consumed=465 revision=213
editbox_receipt monotonic_ns=563619545953009 received=468 consumed=468 revision=214
match_quiescent epoch=1
waiting_for_match build=controller-menus-20261005 slot=1 after_epoch=1
menu_emit epoch=1 phase=Some(Result) key=y mono_ns=563647304133000
menu_emit epoch=1 phase=Some(Character) key=r mono_ns=563650210169000
menu_emit epoch=1 phase=Some(Character) key=w mono_ns=563650480824000
menu_emit epoch=1 phase=Some(Character) key=n mono_ns=563650751225000
menu_emit epoch=1 phase=Some(Character) key=u mono_ns=563651171647000
menu_emit epoch=1 phase=Some(Character) key=n mono_ns=563651592081000
match_ready epoch=2 neutral_rearm=required
input_armed=true gameplay_armed=false mono_ns=563659892847837
editbox_receipt monotonic_ns=563659892944929 received=0 consumed=0 revision=1
editbox_emit sequence=1 bytes=34 elapsed_us=1964 envelope=@J10000000002000000000144738|JR12;
editbox_receipt monotonic_ns=563659903423291 received=0 consumed=0 revision=2
editbox_receipt monotonic_ns=563659914256668 received=0 consumed=0 revision=3
editbox_receipt monotonic_ns=563659991210989 received=1 consumed=1 revision=4
match_start epoch=2 epoch_ns=563660095945072 read_ns=563660097222628 uncertainty_ns=1100251
input_armed=true gameplay_armed=true mono_ns=563660097204794
published_frame=1
published_frame=2
editbox_emit sequence=2 bytes=37 elapsed_us=2037 envelope=@J10000000002000000000230575|I422100;
published_frame=3
published_frame=4
editbox_emit sequence=3 bytes=37 elapsed_us=1946 envelope=@J10000000002000000000309341|I422300;
published_frame=5
published_frame=6
editbox_emit sequence=4 bytes=37 elapsed_us=2095 envelope=@J10000000002000000000453628|I422500;
published_frame=7
published_frame=8
editbox_emit sequence=5 bytes=37 elapsed_us=1953 envelope=@J10000000002000000000532394|I422700;
editbox_receipt monotonic_ns=563660244563899 received=2 consumed=2 revision=5
published_frame=9
published_frame=10
editbox_emit sequence=6 bytes=37 elapsed_us=2128 envelope=@J10000000002000000000611160|I422900;
published_frame=11
editbox_receipt monotonic_ns=563660287812960 received=6 consumed=3 revision=6
published_frame=12
editbox_emit sequence=7 bytes=37 elapsed_us=2029 envelope=@J10000000002000000000755447|I422B00;
editbox_receipt monotonic_ns=563660310841697 received=6 consumed=6 revision=7
published_frame=13
published_frame=14
editbox_emit sequence=8 bytes=37 elapsed_us=2689 envelope=@J10000000002000000000834213|I422D00;
published_frame=15
published_frame=16
editbox_emit sequence=9 bytes=37 elapsed_us=2114 envelope=@J10000000002000000000912979|I422F00;
editbox_receipt monotonic_ns=563660379456896 received=9 consumed=9 revision=8
published_frame=17
published_frame=18
editbox_emit sequence=10 bytes=37 elapsed_us=2198 envelope=@J10000000002000000001020251|I422H00;
event mono_ns=563660405356000 frame=19 held=32 pressed=32 released=0
event mono_ns=563660410672000 frame=19 held=0 pressed=0 released=32
published_frame=19
published_frame=20
editbox_emit sequence=11 bytes=43 elapsed_us=2348 envelope=@J10000000002000000001107761|I422J200W00W0;
published_frame=21
published_frame=22
editbox_emit sequence=12 bytes=37 elapsed_us=2342 envelope=@J10000000002000000001243304|I422L00;
published_frame=23
published_frame=24
editbox_emit sequence=13 bytes=37 elapsed_us=2329 envelope=@J10000000002000000001322070|I422N00;
published_frame=25
editbox_receipt monotonic_ns=563660520619305 received=12 consumed=12 revision=9
published_frame=26
editbox_emit sequence=14 bytes=37 elapsed_us=2169 envelope=@J10000000002000000001400836|I422P00;
published_frame=27
published_frame=28
editbox_emit sequence=15 bytes=37 elapsed_us=2128 envelope=@J10000000002000000001545123|I422R00;
published_frame=29
published_frame=30
editbox_emit sequence=16 bytes=37 elapsed_us=2007 envelope=@J10000000002000000001623889|I422T00;
editbox_receipt monotonic_ns=563660612090027 received=15 consumed=15 revision=10
published_frame=31
published_frame=32
editbox_emit sequence=17 bytes=37 elapsed_us=2766 envelope=@J10000000002000000001702655|I422V00;
published_frame=33
published_frame=34
editbox_emit sequence=18 bytes=38 elapsed_us=2732 envelope=@J10000000002000000001851664|I422X100;
published_frame=35
published_frame=36
editbox_emit sequence=19 bytes=38 elapsed_us=2557 envelope=@J10000000002000000001929131|I422Z100;
published_frame=37
editbox_receipt monotonic_ns=563660721949860 received=18 consumed=18 revision=11
published_frame=38
editbox_emit sequence=20 bytes=38 elapsed_us=2112 envelope=@J10000000002000000002019815|I422b100;
published_frame=39
published_frame=40
editbox_emit sequence=21 bytes=38 elapsed_us=3217 envelope=@J10000000002000000002162803|I422d100;
published_frame=41
published_frame=42
editbox_emit sequence=22 bytes=38 elapsed_us=2289 envelope=@J10000000002000000002240270|I422f100;
published_frame=43
editbox_receipt monotonic_ns=563660823073176 received=21 consumed=21 revision=12
published_frame=44
editbox_emit sequence=23 bytes=38 elapsed_us=1994 envelope=@J10000000002000000002317737|I422h100;
published_frame=45
published_frame=46
editbox_emit sequence=24 bytes=38 elapsed_us=2467 envelope=@J10000000002000000002460725|I422j100;
published_frame=47
published_frame=48
editbox_emit sequence=25 bytes=38 elapsed_us=2501 envelope=@J10000000002000000002538192|I422l100;
editbox_receipt monotonic_ns=563660911598787 received=24 consumed=24 revision=13
published_frame=49
published_frame=50
editbox_emit sequence=26 bytes=38 elapsed_us=2910 envelope=@J10000000002000000002615659|I422n100;
published_frame=51
published_frame=52
editbox_emit sequence=27 bytes=38 elapsed_us=3039 envelope=@J10000000002000000002758647|I422p100;
published_frame=53
published_frame=54
editbox_emit sequence=28 bytes=38 elapsed_us=2364 envelope=@J10000000002000000002836114|I422r100;
editbox_receipt monotonic_ns=563661012570719 received=27 consumed=27 revision=14
published_frame=55
published_frame=56
editbox_emit sequence=29 bytes=38 elapsed_us=1994 envelope=@J10000000002000000002913581|I422t100;
published_frame=57
published_frame=58
editbox_emit sequence=30 bytes=38 elapsed_us=2217 envelope=@J10000000002000000003004265|I422v100;
published_frame=59
published_frame=60
editbox_emit sequence=31 bytes=38 elapsed_us=2226 envelope=@J10000000002000000003147253|I422x100;
published_frame=61
published_frame=62
editbox_emit sequence=32 bytes=38 elapsed_us=2452 envelope=@J10000000002000000003224720|I422z100;
published_frame=63
published_frame=64
editbox_emit sequence=33 bytes=38 elapsed_us=2675 envelope=@J10000000002000000003302187|I422_100;
published_frame=65
published_frame=66
editbox_emit sequence=34 bytes=38 elapsed_us=2008 envelope=@J10000000002000000003437306|I422X200;
editbox_receipt monotonic_ns=563661201106259 received=30 consumed=30 revision=15
published_frame=67
published_frame=68
editbox_emit sequence=35 bytes=38 elapsed_us=2335 envelope=@J10000000002000000003514773|I422Z200;
published_frame=69
editbox_receipt monotonic_ns=563661257843503 received=33 consumed=33 revision=16
published_frame=70
editbox_emit sequence=36 bytes=38 elapsed_us=2133 envelope=@J10000000002000000003657761|I422b200;
published_frame=71
published_frame=72
editbox_emit sequence=37 bytes=38 elapsed_us=2330 envelope=@J10000000002000000003735228|I422d200;
published_frame=73
editbox_receipt monotonic_ns=563661321479278 received=36 consumed=36 revision=17
published_frame=74
editbox_emit sequence=38 bytes=38 elapsed_us=2415 envelope=@J10000000002000000003812695|I422f200;
published_frame=75
published_frame=76
editbox_emit sequence=39 bytes=38 elapsed_us=2322 envelope=@J10000000002000000003955683|I422h200;
published_frame=77
published_frame=78
editbox_emit sequence=40 bytes=38 elapsed_us=1999 envelope=@J10000000002000000004046367|I422j200;
published_frame=79
published_frame=80
editbox_emit sequence=41 bytes=38 elapsed_us=2316 envelope=@J10000000002000000004123834|I422l200;
editbox_receipt monotonic_ns=563661442175283 received=39 consumed=39 revision=18
published_frame=81
published_frame=82
editbox_emit sequence=42 bytes=38 elapsed_us=2125 envelope=@J10000000002000000004201301|I422n200;
published_frame=83
published_frame=84
editbox_emit sequence=43 bytes=38 elapsed_us=1867 envelope=@J10000000002000000004344289|I422p200;
published_frame=85
published_frame=86
editbox_emit sequence=44 bytes=38 elapsed_us=2155 envelope=@J10000000002000000004421756|I422r200;
editbox_receipt monotonic_ns=563661541968946 received=42 consumed=42 revision=19
published_frame=87
published_frame=88
editbox_emit sequence=45 bytes=38 elapsed_us=2067 envelope=@J10000000002000000004564744|I422t200;
published_frame=89
published_frame=90
editbox_emit sequence=46 bytes=38 elapsed_us=2530 envelope=@J10000000002000000004642211|I422v200;
published_frame=91
editbox_receipt monotonic_ns=563661629398944 received=45 consumed=45 revision=20
published_frame=92
editbox_emit sequence=47 bytes=38 elapsed_us=1965 envelope=@J10000000002000000004719678|I422x200;
published_frame=93
published_frame=94
editbox_emit sequence=48 bytes=38 elapsed_us=2006 envelope=@J10000000002000000004862666|I422z200;
published_frame=95
published_frame=96
editbox_emit sequence=49 bytes=38 elapsed_us=2596 envelope=@J10000000002000000004940133|I422_200;
published_frame=97
editbox_receipt monotonic_ns=563661715841491 received=48 consumed=48 revision=21
published_frame=98
editbox_emit sequence=50 bytes=38 elapsed_us=2365 envelope=@J10000000002000000005022948|I422X300;
published_frame=99
published_frame=100
editbox_emit sequence=51 bytes=38 elapsed_us=4486 envelope=@J10000000002000000005100415|I422Z300;
published_frame=101
published_frame=102
editbox_emit sequence=52 bytes=38 elapsed_us=2398 envelope=@J10000000002000000005243403|I422b300;
published_frame=103
editbox_receipt monotonic_ns=563661816659133 received=51 consumed=51 revision=22
published_frame=104
editbox_emit sequence=53 bytes=38 elapsed_us=2081 envelope=@J10000000002000000005320870|I422d300;
published_frame=105
published_frame=106
editbox_emit sequence=54 bytes=38 elapsed_us=2174 envelope=@J10000000002000000005463858|I422f300;
event mono_ns=563661881268000 frame=108 held=64 pressed=64 released=0
published_frame=107
published_frame=108
editbox_emit sequence=55 bytes=47 elapsed_us=2604 envelope=@J10000000002000000005508340|I422h303010010000;
published_frame=109
editbox_receipt monotonic_ns=563661916087101 received=54 consumed=54 revision=23
published_frame=110
editbox_emit sequence=56 bytes=44 elapsed_us=2306 envelope=@J10000000002000000005609691|I422j310101010;
published_frame=111
published_frame=112
editbox_emit sequence=57 bytes=44 elapsed_us=2247 envelope=@J10000000002000000005718864|I422l310101010;
published_frame=113
published_frame=114
editbox_emit sequence=58 bytes=44 elapsed_us=2496 envelope=@J10000000002000000005828037|I422n310101010;
event mono_ns=563662001451000 frame=115 held=0 pressed=0 released=64
published_frame=115
editbox_receipt monotonic_ns=563662015136399 received=57 consumed=57 revision=24
published_frame=116
editbox_emit sequence=59 bytes=44 elapsed_us=2675 envelope=@J10000000002000000005959566|I422p320000100;
published_frame=117
published_frame=118
editbox_emit sequence=60 bytes=38 elapsed_us=2085 envelope=@J10000000002000000006007398|I422r300;
published_frame=119
published_frame=120
editbox_emit sequence=61 bytes=38 elapsed_us=2155 envelope=@J10000000002000000006150386|I422t300;
published_frame=121
published_frame=122
editbox_emit sequence=62 bytes=38 elapsed_us=2151 envelope=@J10000000002000000006227853|I422v300;
published_frame=123
published_frame=124
editbox_emit sequence=63 bytes=38 elapsed_us=2364 envelope=@J10000000002000000006305320|I422x300;
published_frame=125
editbox_receipt monotonic_ns=563662189401389 received=60 consumed=60 revision=25
published_frame=126
editbox_emit sequence=64 bytes=38 elapsed_us=1984 envelope=@J10000000002000000006448308|I422z300;
published_frame=127
published_frame=128
editbox_emit sequence=65 bytes=38 elapsed_us=2272 envelope=@J10000000002000000006525775|I422_300;
published_frame=129
editbox_receipt monotonic_ns=563662255558701 received=63 consumed=63 revision=26
published_frame=130
editbox_emit sequence=66 bytes=38 elapsed_us=2065 envelope=@J10000000002000000006660894|I422X400;
published_frame=131
published_frame=132
editbox_emit sequence=67 bytes=38 elapsed_us=1978 envelope=@J10000000002000000006738361|I422Z400;
published_frame=133
editbox_receipt monotonic_ns=563662320670844 received=66 consumed=66 revision=27
published_frame=134
editbox_emit sequence=68 bytes=38 elapsed_us=2098 envelope=@J10000000002000000006815828|I422b400;
published_frame=135
published_frame=136
editbox_emit sequence=69 bytes=38 elapsed_us=2065 envelope=@J10000000002000000006958816|I422d400;
published_frame=137
published_frame=138
editbox_emit sequence=70 bytes=38 elapsed_us=1985 envelope=@J10000000002000000007049500|I422f400;
published_frame=139
editbox_receipt monotonic_ns=563662420778105 received=69 consumed=69 revision=28
published_frame=140
editbox_emit sequence=71 bytes=38 elapsed_us=1934 envelope=@J10000000002000000007126967|I422h400;
published_frame=141
published_frame=142
editbox_emit sequence=72 bytes=38 elapsed_us=2469 envelope=@J10000000002000000007204434|I422j400;
published_frame=143
published_frame=144
editbox_emit sequence=73 bytes=38 elapsed_us=2134 envelope=@J10000000002000000007347422|I422l400;
published_frame=145
editbox_receipt monotonic_ns=563662523607359 received=72 consumed=72 revision=29
published_frame=146
editbox_emit sequence=74 bytes=38 elapsed_us=2152 envelope=@J10000000002000000007424889|I422n400;
published_frame=147
published_frame=148
editbox_emit sequence=75 bytes=38 elapsed_us=2271 envelope=@J10000000002000000007502356|I422p400;
published_frame=149
published_frame=150
editbox_emit sequence=76 bytes=38 elapsed_us=2320 envelope=@J10000000002000000007645344|I422r400;
published_frame=151
published_frame=152
editbox_emit sequence=77 bytes=38 elapsed_us=2229 envelope=@J10000000002000000007722811|I422t400;
editbox_receipt monotonic_ns=563662634665858 received=75 consumed=75 revision=30
published_frame=153
published_frame=154
editbox_emit sequence=78 bytes=38 elapsed_us=2894 envelope=@J10000000002000000007800278|I422v400;
published_frame=155
published_frame=156
editbox_emit sequence=79 bytes=38 elapsed_us=2260 envelope=@J10000000002000000007943266|I422x400;
published_frame=157
editbox_receipt monotonic_ns=563662725140653 received=78 consumed=78 revision=31
published_frame=158
editbox_emit sequence=80 bytes=38 elapsed_us=1970 envelope=@J10000000002000000008033950|I422z400;
published_frame=159
published_frame=160
editbox_emit sequence=81 bytes=38 elapsed_us=2015 envelope=@J10000000002000000008111417|I422_400;
published_frame=161
published_frame=162
editbox_emit sequence=82 bytes=38 elapsed_us=2180 envelope=@J10000000002000000008246536|I422X500;
published_frame=163
editbox_receipt monotonic_ns=563662820486839 received=81 consumed=81 revision=32
published_frame=164
editbox_emit sequence=83 bytes=38 elapsed_us=2168 envelope=@J10000000002000000008324003|I422Z500;
published_frame=165
published_frame=166
editbox_emit sequence=84 bytes=38 elapsed_us=1975 envelope=@J10000000002000000008401470|I422b500;
published_frame=167
published_frame=168
editbox_emit sequence=85 bytes=38 elapsed_us=2385 envelope=@J10000000002000000008544458|I422d500;
published_frame=169
editbox_receipt monotonic_ns=563662915770549 received=84 consumed=84 revision=33
published_frame=170
editbox_emit sequence=86 bytes=38 elapsed_us=2157 envelope=@J10000000002000000008621925|I422f500;
published_frame=171
published_frame=172
editbox_emit sequence=87 bytes=38 elapsed_us=2091 envelope=@J10000000002000000008764913|I422h500;
published_frame=173
published_frame=174
editbox_emit sequence=88 bytes=38 elapsed_us=2263 envelope=@J10000000002000000008842380|I422j500;
editbox_receipt monotonic_ns=563663010618301 received=87 consumed=87 revision=34
published_frame=175
published_frame=176
editbox_emit sequence=89 bytes=38 elapsed_us=2299 envelope=@J10000000002000000008919847|I422l500;
published_frame=177
published_frame=178
editbox_emit sequence=90 bytes=38 elapsed_us=2111 envelope=@J10000000002000000009010531|I422n500;
published_frame=179
published_frame=180
editbox_emit sequence=91 bytes=38 elapsed_us=2368 envelope=@J10000000002000000009153519|I422p500;
published_frame=181
published_frame=182
editbox_emit sequence=92 bytes=38 elapsed_us=1966 envelope=@J10000000002000000009230986|I422r500;
published_frame=183
published_frame=184
editbox_emit sequence=93 bytes=38 elapsed_us=2104 envelope=@J10000000002000000009308453|I422t500;
published_frame=185
published_frame=186
editbox_emit sequence=94 bytes=38 elapsed_us=2047 envelope=@J10000000002000000009451441|I422v500;
editbox_receipt monotonic_ns=563663204885986 received=90 consumed=90 revision=35
published_frame=187
published_frame=188
editbox_emit sequence=95 bytes=38 elapsed_us=2010 envelope=@J10000000002000000009528908|I422x500;
published_frame=189
published_frame=190
editbox_emit sequence=96 bytes=38 elapsed_us=1885 envelope=@J10000000002000000009606375|I422z500;
editbox_receipt monotonic_ns=563663278335036 received=93 consumed=93 revision=36
published_frame=191
published_frame=192
editbox_emit sequence=97 bytes=38 elapsed_us=2072 envelope=@J10000000002000000009749363|I422_500;
published_frame=193
editbox_receipt monotonic_ns=563663332466456 received=96 consumed=96 revision=37
published_frame=194
editbox_emit sequence=98 bytes=38 elapsed_us=1947 envelope=@J10000000002000000009818961|I422X600;
published_frame=195
published_frame=196
editbox_emit sequence=99 bytes=38 elapsed_us=1954 envelope=@J10000000002000000009961949|I422Z600;
published_frame=197
published_frame=198
editbox_emit sequence=100 bytes=38 elapsed_us=2124 envelope=@J10000000002000000010028529|I422b600;
published_frame=199
published_frame=200
editbox_emit sequence=101 bytes=38 elapsed_us=2147 envelope=@J10000000002000000010105996|I422d600;
editbox_receipt monotonic_ns=563663438387655 received=100 consumed=100 revision=38
published_frame=201
published_frame=202
editbox_emit sequence=102 bytes=38 elapsed_us=2013 envelope=@J10000000002000000010248984|I422f600;
published_frame=203
published_frame=204
editbox_emit sequence=103 bytes=38 elapsed_us=2456 envelope=@J10000000002000000010326451|I422h600;
published_frame=205
editbox_receipt monotonic_ns=563663513280361 received=102 consumed=102 revision=39
published_frame=206
editbox_emit sequence=104 bytes=38 elapsed_us=2354 envelope=@J10000000002000000010403918|I422j600;
published_frame=207
published_frame=208
editbox_emit sequence=105 bytes=38 elapsed_us=1962 envelope=@J10000000002000000010546906|I422l600;
published_frame=209
published_frame=210
editbox_emit sequence=106 bytes=38 elapsed_us=2096 envelope=@J10000000002000000010624373|I422n600;
published_frame=211
editbox_receipt monotonic_ns=563663622837005 received=105 consumed=105 revision=40
published_frame=212
editbox_emit sequence=107 bytes=38 elapsed_us=2138 envelope=@J10000000002000000010701840|I422p600;
published_frame=213
published_frame=214
editbox_emit sequence=108 bytes=38 elapsed_us=2725 envelope=@J10000000002000000010844828|I422r600;
published_frame=215
published_frame=216
editbox_emit sequence=109 bytes=38 elapsed_us=1971 envelope=@J10000000002000000010922295|I422t600;
published_frame=217
editbox_receipt monotonic_ns=563663721167857 received=108 consumed=108 revision=41
published_frame=218
editbox_emit sequence=110 bytes=38 elapsed_us=2059 envelope=@J10000000002000000011012979|I422v600;
published_frame=219
published_frame=220
editbox_emit sequence=111 bytes=38 elapsed_us=1939 envelope=@J10000000002000000011155967|I422x600;
published_frame=221
published_frame=222
editbox_emit sequence=112 bytes=38 elapsed_us=2330 envelope=@J10000000002000000011233434|I422z600;
published_frame=223
editbox_receipt monotonic_ns=563663822682225 received=111 consumed=111 revision=42
published_frame=224
editbox_emit sequence=113 bytes=38 elapsed_us=2025 envelope=@J10000000002000000011310901|I422_600;
published_frame=225
published_frame=226
editbox_emit sequence=114 bytes=38 elapsed_us=2739 envelope=@J10000000002000000011446020|I422X700;
published_frame=227
published_frame=228
editbox_emit sequence=115 bytes=38 elapsed_us=1993 envelope=@J10000000002000000011523487|I422Z700;
published_frame=229
published_frame=230
editbox_emit sequence=116 bytes=38 elapsed_us=2460 envelope=@J10000000002000000011600954|I422b700;
editbox_receipt monotonic_ns=563663934161183 received=115 consumed=115 revision=43
published_frame=231
published_frame=232
editbox_emit sequence=117 bytes=38 elapsed_us=2030 envelope=@J10000000002000000011743942|I422d700;
published_frame=233
published_frame=234
editbox_emit sequence=118 bytes=38 elapsed_us=1928 envelope=@J10000000002000000011821409|I422f700;
published_frame=235
published_frame=236
editbox_emit sequence=119 bytes=38 elapsed_us=2205 envelope=@J10000000002000000011964397|I422h700;
editbox_receipt monotonic_ns=563664033314165 received=118 consumed=118 revision=44
published_frame=237
published_frame=238
editbox_emit sequence=120 bytes=38 elapsed_us=2152 envelope=@J10000000002000000012055081|I422j700;
published_frame=239
published_frame=240
editbox_emit sequence=121 bytes=38 elapsed_us=2004 envelope=@J10000000002000000012132548|I422l700;
published_frame=241
published_frame=242
editbox_emit sequence=122 bytes=38 elapsed_us=2202 envelope=@J10000000002000000012210015|I422n700;
published_frame=243
published_frame=244
editbox_emit sequence=123 bytes=38 elapsed_us=2080 envelope=@J10000000002000000012353003|I422p700;
published_frame=245
editbox_receipt monotonic_ns=563664187288150 received=121 consumed=121 revision=45
published_frame=246
editbox_emit sequence=124 bytes=38 elapsed_us=2017 envelope=@J10000000002000000012430470|I422r700;
published_frame=247
published_frame=248
editbox_emit sequence=125 bytes=38 elapsed_us=2028 envelope=@J10000000002000000012507937|I422t700;
published_frame=249
published_frame=250
editbox_emit sequence=126 bytes=38 elapsed_us=2072 envelope=@J10000000002000000012650925|I422v700;
editbox_receipt monotonic_ns=563664266759288 received=124 consumed=124 revision=46
published_frame=251
published_frame=252
editbox_emit sequence=127 bytes=38 elapsed_us=2071 envelope=@J10000000002000000012728392|I422x700;
published_frame=253
published_frame=254
editbox_emit sequence=128 bytes=38 elapsed_us=1926 envelope=@J10000000002000000012805859|I422z700;
editbox_receipt monotonic_ns=563664343623570 received=127 consumed=127 revision=47
published_frame=255
published_frame=256
editbox_emit sequence=129 bytes=38 elapsed_us=2394 envelope=@J10000000002000000012948847|I422_700;
published_frame=257
published_frame=258
editbox_emit sequence=130 bytes=38 elapsed_us=2471 envelope=@J10000000002000000013031662|I422X800;
published_frame=259
editbox_receipt monotonic_ns=563664415333841 received=129 consumed=129 revision=48
published_frame=260
editbox_emit sequence=131 bytes=38 elapsed_us=2587 envelope=@J10000000002000000013109129|I422Z800;
published_frame=261
published_frame=262
editbox_emit sequence=132 bytes=38 elapsed_us=2030 envelope=@J10000000002000000013252117|I422b800;
published_frame=263
published_frame=264
editbox_emit sequence=133 bytes=38 elapsed_us=1906 envelope=@J10000000002000000013329584|I422d800;
published_frame=265
editbox_receipt monotonic_ns=563664524909391 received=133 consumed=133 revision=49
published_frame=266
editbox_emit sequence=134 bytes=38 elapsed_us=2044 envelope=@J10000000002000000013407051|I422f800;
published_frame=267
published_frame=268
editbox_emit sequence=135 bytes=38 elapsed_us=2109 envelope=@J10000000002000000013550039|I422h800;
published_frame=269
published_frame=270
editbox_emit sequence=136 bytes=38 elapsed_us=2026 envelope=@J10000000002000000013627506|I422j800;
published_frame=271
published_frame=272
editbox_emit sequence=137 bytes=38 elapsed_us=2082 envelope=@J10000000002000000013704973|I422l800;
editbox_receipt monotonic_ns=563664633248162 received=136 consumed=136 revision=50
published_frame=273
published_frame=274
editbox_emit sequence=138 bytes=38 elapsed_us=2326 envelope=@J10000000002000000013847961|I422n800;
published_frame=275
published_frame=276
editbox_emit sequence=139 bytes=38 elapsed_us=1994 envelope=@J10000000002000000013925428|I422p800;
published_frame=277
published_frame=278
editbox_emit sequence=140 bytes=38 elapsed_us=2494 envelope=@J10000000002000000014016112|I422r800;
editbox_receipt monotonic_ns=563664735606262 received=139 consumed=139 revision=51
published_frame=279
published_frame=280
editbox_emit sequence=141 bytes=38 elapsed_us=1912 envelope=@J10000000002000000014159100|I422t800;
published_frame=281
published_frame=282
editbox_emit sequence=142 bytes=38 elapsed_us=2075 envelope=@J10000000002000000014236567|I422v800;
editbox_receipt monotonic_ns=563664812735501 received=141 consumed=141 revision=52
published_frame=283
published_frame=284
editbox_emit sequence=143 bytes=38 elapsed_us=1954 envelope=@J10000000002000000014314034|I422x800;
published_frame=285
published_frame=286
editbox_emit sequence=144 bytes=38 elapsed_us=2047 envelope=@J10000000002000000014457022|I422z800;
published_frame=287
published_frame=288
editbox_emit sequence=145 bytes=38 elapsed_us=2058 envelope=@J10000000002000000014534489|I422_800;
published_frame=289
editbox_receipt monotonic_ns=563664919071107 received=145 consumed=145 revision=53
published_frame=290
editbox_emit sequence=146 bytes=38 elapsed_us=2351 envelope=@J10000000002000000014604087|I422X900;
published_frame=291
published_frame=292
editbox_emit sequence=147 bytes=38 elapsed_us=2043 envelope=@J10000000002000000014747075|I422Z900;
published_frame=293
published_frame=294
editbox_emit sequence=148 bytes=38 elapsed_us=1990 envelope=@J10000000002000000014824542|I422b900;
published_frame=295
editbox_receipt monotonic_ns=563665026330575 received=148 consumed=148 revision=54
published_frame=296
editbox_emit sequence=149 bytes=38 elapsed_us=2396 envelope=@J10000000002000000014902009|I422d900;
published_frame=297
published_frame=298
editbox_emit sequence=150 bytes=38 elapsed_us=1998 envelope=@J10000000002000000015058214|I422f900;
published_frame=299
published_frame=300
editbox_emit sequence=151 bytes=38 elapsed_us=2112 envelope=@J10000000002000000015135681|I422h900;
published_frame=301
published_frame=302
editbox_emit sequence=152 bytes=38 elapsed_us=2099 envelope=@J10000000002000000015213148|I422j900;
published_frame=303
published_frame=304
editbox_emit sequence=153 bytes=38 elapsed_us=1956 envelope=@J10000000002000000015356136|I422l900;
published_frame=305
published_frame=306
editbox_emit sequence=154 bytes=38 elapsed_us=1962 envelope=@J10000000002000000015433603|I422n900;
editbox_receipt monotonic_ns=563665199456620 received=151 consumed=151 revision=55
published_frame=307
published_frame=308
editbox_emit sequence=155 bytes=38 elapsed_us=1902 envelope=@J10000000002000000015511070|I422p900;
published_frame=309
published_frame=310
editbox_emit sequence=156 bytes=38 elapsed_us=1946 envelope=@J10000000002000000015654058|I422r900;
editbox_receipt monotonic_ns=563665273052435 received=154 consumed=154 revision=56
published_frame=311
published_frame=312
editbox_emit sequence=157 bytes=38 elapsed_us=1957 envelope=@J10000000002000000015731525|I422t900;
published_frame=313
published_frame=314
editbox_emit sequence=158 bytes=38 elapsed_us=2053 envelope=@J10000000002000000015808992|I422v900;
published_frame=315
editbox_receipt monotonic_ns=563665350143713 received=157 consumed=157 revision=57
published_frame=316
editbox_emit sequence=159 bytes=38 elapsed_us=2503 envelope=@J10000000002000000015951980|I422x900;
published_frame=317
published_frame=318
editbox_emit sequence=160 bytes=38 elapsed_us=2204 envelope=@J10000000002000000016042664|I422z900;
published_frame=319
editbox_receipt monotonic_ns=563665424664312 received=159 consumed=159 revision=58
published_frame=320
editbox_emit sequence=161 bytes=38 elapsed_us=1948 envelope=@J10000000002000000016120131|I422_900;
published_frame=321
published_frame=322
editbox_emit sequence=162 bytes=38 elapsed_us=2168 envelope=@J10000000002000000016255250|I422XA00;
published_frame=323
published_frame=324
editbox_emit sequence=163 bytes=38 elapsed_us=2018 envelope=@J10000000002000000016332717|I422ZA00;
published_frame=325
published_frame=326
editbox_emit sequence=164 bytes=38 elapsed_us=2035 envelope=@J10000000002000000016410184|I422bA00;
editbox_receipt monotonic_ns=563665533659744 received=163 consumed=163 revision=59
published_frame=327
published_frame=328
editbox_emit sequence=165 bytes=38 elapsed_us=2025 envelope=@J10000000002000000016553172|I422dA00;
published_frame=329
published_frame=330
editbox_emit sequence=166 bytes=38 elapsed_us=2356 envelope=@J10000000002000000016630639|I422fA00;
published_frame=331
published_frame=332
editbox_emit sequence=167 bytes=38 elapsed_us=2266 envelope=@J10000000002000000016708106|I422hA00;
published_frame=333
editbox_receipt monotonic_ns=563665655176127 received=166 consumed=166 revision=60
published_frame=334
editbox_emit sequence=168 bytes=38 elapsed_us=2213 envelope=@J10000000002000000016851094|I422jA00;
published_frame=335
published_frame=336
editbox_emit sequence=169 bytes=38 elapsed_us=2045 envelope=@J10000000002000000016928561|I422lA00;
published_frame=337
published_frame=338
editbox_emit sequence=170 bytes=38 elapsed_us=2146 envelope=@J10000000002000000017019245|I422nA00;
published_frame=339
editbox_receipt monotonic_ns=563665756323387 received=169 consumed=169 revision=61
published_frame=340
editbox_emit sequence=171 bytes=38 elapsed_us=2319 envelope=@J10000000002000000017162233|I422pA00;
published_frame=341
published_frame=342
editbox_emit sequence=172 bytes=38 elapsed_us=3139 envelope=@J10000000002000000017239700|I422rA00;
published_frame=343
editbox_receipt monotonic_ns=563665832349338 received=172 consumed=172 revision=62
published_frame=344
editbox_emit sequence=173 bytes=38 elapsed_us=2767 envelope=@J10000000002000000017317167|I422tA00;
published_frame=345
published_frame=346
editbox_emit sequence=174 bytes=38 elapsed_us=2646 envelope=@J10000000002000000017460155|I422vA00;
published_frame=347
published_frame=348
editbox_emit sequence=175 bytes=38 elapsed_us=2262 envelope=@J10000000002000000017537622|I422xA00;
published_frame=349
published_frame=350
editbox_emit sequence=176 bytes=38 elapsed_us=2888 envelope=@J10000000002000000017615089|I422zA00;
editbox_receipt monotonic_ns=563665937810475 received=175 consumed=175 revision=63
published_frame=351
published_frame=352
editbox_emit sequence=177 bytes=38 elapsed_us=2222 envelope=@J10000000002000000017758077|I422_A00;
published_frame=353
published_frame=354
editbox_emit sequence=178 bytes=38 elapsed_us=2109 envelope=@J10000000002000000017827675|I422XB00;
published_frame=355
published_frame=356
editbox_emit sequence=179 bytes=38 elapsed_us=2662 envelope=@J10000000002000000017905142|I422ZB00;
published_frame=357
editbox_receipt monotonic_ns=563666055224608 received=178 consumed=178 revision=64
published_frame=358
editbox_emit sequence=180 bytes=38 elapsed_us=2289 envelope=@J10000000002000000018061347|I422bB00;
published_frame=359
published_frame=360
editbox_emit sequence=181 bytes=38 elapsed_us=2168 envelope=@J10000000002000000018138814|I422dB00;
published_frame=361
published_frame=362
editbox_emit sequence=182 bytes=38 elapsed_us=2188 envelope=@J10000000002000000018216281|I422fB00;
published_frame=363
published_frame=364
editbox_emit sequence=183 bytes=38 elapsed_us=2497 envelope=@J10000000002000000018359269|I422hB00;
published_frame=365
published_frame=366
editbox_emit sequence=184 bytes=38 elapsed_us=2007 envelope=@J10000000002000000018436736|I422jB00;
published_frame=367
published_frame=368
editbox_emit sequence=185 bytes=38 elapsed_us=2035 envelope=@J10000000002000000018514203|I422lB00;
editbox_receipt monotonic_ns=563666233933297 received=181 consumed=181 revision=65
published_frame=369
published_frame=370
editbox_emit sequence=186 bytes=38 elapsed_us=1976 envelope=@J10000000002000000018657191|I422nB00;
published_frame=371
editbox_receipt monotonic_ns=563666288803281 received=184 consumed=184 revision=66
published_frame=372
editbox_emit sequence=187 bytes=38 elapsed_us=2049 envelope=@J10000000002000000018734658|I422pB00;
published_frame=373
published_frame=374
editbox_emit sequence=188 bytes=38 elapsed_us=2697 envelope=@J10000000002000000018812125|I422rB00;
published_frame=375
editbox_receipt monotonic_ns=563666351782145 received=187 consumed=187 revision=67
published_frame=376
editbox_emit sequence=189 bytes=38 elapsed_us=2705 envelope=@J10000000002000000018955113|I422tB00;
published_frame=377
published_frame=378
editbox_emit sequence=190 bytes=38 elapsed_us=2004 envelope=@J10000000002000000019045797|I422vB00;
published_frame=379
published_frame=380
editbox_emit sequence=191 bytes=38 elapsed_us=2007 envelope=@J10000000002000000019123264|I422xB00;
published_frame=381
editbox_receipt monotonic_ns=563666446609198 received=190 consumed=190 revision=68
published_frame=382
editbox_emit sequence=192 bytes=38 elapsed_us=2053 envelope=@J10000000002000000019200731|I422zB00;
published_frame=383
published_frame=384
editbox_emit sequence=193 bytes=38 elapsed_us=2042 envelope=@J10000000002000000019343719|I422_B00;
published_frame=385
published_frame=386
editbox_emit sequence=194 bytes=38 elapsed_us=2213 envelope=@J10000000002000000019413317|I422XC00;
editbox_receipt monotonic_ns=563666545784402 received=193 consumed=193 revision=69
published_frame=387
published_frame=388
editbox_emit sequence=195 bytes=38 elapsed_us=2198 envelope=@J10000000002000000019556305|I422ZC00;
published_frame=389
published_frame=390
editbox_emit sequence=196 bytes=38 elapsed_us=2052 envelope=@J10000000002000000019633772|I422bC00;
published_frame=391
published_frame=392
editbox_emit sequence=197 bytes=38 elapsed_us=2076 envelope=@J10000000002000000019711239|I422dC00;
published_frame=393
editbox_receipt monotonic_ns=563666654852741 received=196 consumed=196 revision=70
published_frame=394
editbox_emit sequence=198 bytes=38 elapsed_us=2119 envelope=@J10000000002000000019854227|I422fC00;
published_frame=395
published_frame=396
editbox_emit sequence=199 bytes=38 elapsed_us=1931 envelope=@J10000000002000000019931694|I422hC00;
published_frame=397
published_frame=398
editbox_emit sequence=200 bytes=38 elapsed_us=2492 envelope=@J10000000002000000020063795|I422jC00;
editbox_receipt monotonic_ns=563666734226217 received=199 consumed=199 revision=71
published_frame=399
published_frame=400
editbox_emit sequence=201 bytes=38 elapsed_us=2372 envelope=@J10000000002000000020141262|I422lC00;
published_frame=401
published_frame=402
editbox_emit sequence=202 bytes=38 elapsed_us=2478 envelope=@J10000000002000000020218729|I422nC00;
published_frame=403
published_frame=404
editbox_emit sequence=203 bytes=38 elapsed_us=2861 envelope=@J10000000002000000020361717|I422pC00;
published_frame=405
editbox_receipt monotonic_ns=563666848166077 received=202 consumed=202 revision=72
published_frame=406
editbox_emit sequence=204 bytes=38 elapsed_us=2412 envelope=@J10000000002000000020439184|I422rC00;
published_frame=407
published_frame=408
editbox_emit sequence=205 bytes=38 elapsed_us=2892 envelope=@J10000000002000000020516651|I422tC00;
published_frame=409
published_frame=410
editbox_emit sequence=206 bytes=38 elapsed_us=2106 envelope=@J10000000002000000020659639|I422vC00;
published_frame=411
editbox_receipt monotonic_ns=563666956535305 received=205 consumed=205 revision=73
published_frame=412
editbox_emit sequence=207 bytes=38 elapsed_us=2265 envelope=@J10000000002000000020737106|I422xC00;
published_frame=413
published_frame=414
editbox_emit sequence=208 bytes=38 elapsed_us=2033 envelope=@J10000000002000000020814573|I422zC00;
published_frame=415
published_frame=416
editbox_emit sequence=209 bytes=38 elapsed_us=2324 envelope=@J10000000002000000020957561|I422_C00;
editbox_receipt monotonic_ns=563667043951166 received=208 consumed=208 revision=74
published_frame=417
published_frame=418
editbox_emit sequence=210 bytes=38 elapsed_us=2320 envelope=@J10000000002000000021040376|I422XD00;
published_frame=419
published_frame=420
editbox_emit sequence=211 bytes=38 elapsed_us=2152 envelope=@J10000000002000000021117843|I422ZD00;
published_frame=421
published_frame=422
editbox_emit sequence=212 bytes=38 elapsed_us=2029 envelope=@J10000000002000000021260831|I422bD00;
published_frame=423
published_frame=424
editbox_emit sequence=213 bytes=38 elapsed_us=2074 envelope=@J10000000002000000021338298|I422dD00;
published_frame=425
published_frame=426
editbox_emit sequence=214 bytes=38 elapsed_us=2277 envelope=@J10000000002000000021415765|I422fD00;
published_frame=427
editbox_receipt monotonic_ns=563667221077369 received=211 consumed=211 revision=75
published_frame=428
editbox_emit sequence=215 bytes=38 elapsed_us=2104 envelope=@J10000000002000000021558753|I422hD00;
published_frame=429
published_frame=430
editbox_emit sequence=216 bytes=38 elapsed_us=2289 envelope=@J10000000002000000021636220|I422jD00;
published_frame=431
editbox_receipt monotonic_ns=563667279791339 received=214 consumed=214 revision=76
published_frame=432
editbox_emit sequence=217 bytes=38 elapsed_us=1981 envelope=@J10000000002000000021713687|I422lD00;
published_frame=433
published_frame=434
editbox_emit sequence=218 bytes=38 elapsed_us=2134 envelope=@J10000000002000000021856675|I422nD00;
published_frame=435
editbox_receipt monotonic_ns=563667356754937 received=217 consumed=217 revision=77
published_frame=436
editbox_emit sequence=219 bytes=38 elapsed_us=2042 envelope=@J10000000002000000021934142|I422pD00;
published_frame=437
published_frame=438
editbox_emit sequence=220 bytes=38 elapsed_us=2487 envelope=@J10000000002000000022024826|I422rD00;
published_frame=439
published_frame=440
editbox_emit sequence=221 bytes=38 elapsed_us=2069 envelope=@J10000000002000000022102293|I422tD00;
editbox_receipt monotonic_ns=563667443506663 received=220 consumed=220 revision=78
published_frame=441
published_frame=442
editbox_emit sequence=222 bytes=38 elapsed_us=2148 envelope=@J10000000002000000022245281|I422vD00;
published_frame=443
published_frame=444
editbox_emit sequence=223 bytes=38 elapsed_us=1972 envelope=@J10000000002000000022322748|I422xD00;
published_frame=445
published_frame=446
editbox_emit sequence=224 bytes=38 elapsed_us=2606 envelope=@J10000000002000000022400215|I422zD00;
published_frame=447
editbox_receipt monotonic_ns=563667561230637 received=223 consumed=223 revision=79
published_frame=448
editbox_emit sequence=225 bytes=38 elapsed_us=2542 envelope=@J10000000002000000022543203|I422_D00;
published_frame=449
published_frame=450
editbox_emit sequence=226 bytes=38 elapsed_us=2141 envelope=@J10000000002000000022612801|I422XE00;
published_frame=451
published_frame=452
editbox_emit sequence=227 bytes=38 elapsed_us=2101 envelope=@J10000000002000000022755789|I422ZE00;
editbox_receipt monotonic_ns=563667635615321 received=226 consumed=226 revision=80
published_frame=453
published_frame=454
editbox_emit sequence=228 bytes=38 elapsed_us=2047 envelope=@J10000000002000000022833256|I422bE00;
published_frame=455
published_frame=456
editbox_emit sequence=229 bytes=38 elapsed_us=2152 envelope=@J10000000002000000022910723|I422dE00;
published_frame=457
published_frame=458
editbox_emit sequence=230 bytes=38 elapsed_us=2233 envelope=@J10000000002000000023001407|I422fE00;
published_frame=459
editbox_receipt monotonic_ns=563667756707899 received=229 consumed=229 revision=81
published_frame=460
editbox_emit sequence=231 bytes=38 elapsed_us=2489 envelope=@J10000000002000000023144395|I422hE00;
published_frame=461
published_frame=462
editbox_emit sequence=232 bytes=38 elapsed_us=2463 envelope=@J10000000002000000023221862|I422jE00;
published_frame=463
published_frame=464
editbox_emit sequence=233 bytes=38 elapsed_us=2373 envelope=@J10000000002000000023364850|I422lE00;
editbox_receipt monotonic_ns=563667846029392 received=232 consumed=232 revision=82
published_frame=465
published_frame=466
editbox_emit sequence=234 bytes=38 elapsed_us=2653 envelope=@J10000000002000000023442317|I422nE00;
published_frame=467
published_frame=468
editbox_emit sequence=235 bytes=38 elapsed_us=2107 envelope=@J10000000002000000023519784|I422pE00;
published_frame=469
published_frame=470
editbox_emit sequence=236 bytes=38 elapsed_us=2071 envelope=@J10000000002000000023662772|I422rE00;
published_frame=471
editbox_receipt monotonic_ns=563667955413172 received=235 consumed=235 revision=83
published_frame=472
editbox_emit sequence=237 bytes=38 elapsed_us=2442 envelope=@J10000000002000000023740239|I422tE00;
published_frame=473
published_frame=474
editbox_emit sequence=238 bytes=38 elapsed_us=2119 envelope=@J10000000002000000023817706|I422vE00;
published_frame=475
published_frame=476
editbox_emit sequence=239 bytes=38 elapsed_us=2346 envelope=@J10000000002000000023960694|I422xE00;
editbox_receipt monotonic_ns=563668044290272 received=238 consumed=238 revision=84
published_frame=477
published_frame=478
editbox_emit sequence=240 bytes=38 elapsed_us=2109 envelope=@J10000000002000000024051378|I422zE00;
published_frame=479
published_frame=480
editbox_emit sequence=241 bytes=38 elapsed_us=2118 envelope=@J10000000002000000024128845|I422_E00;
published_frame=481
event mono_ns=563668114477000 frame=482 held=256 pressed=256 released=0
published_frame=482
editbox_emit sequence=242 bytes=50 elapsed_us=2679 envelope=@J10000000002000000024252441|I422XF0B040040000Fy0;
published_frame=483
published_frame=484
editbox_emit sequence=243 bytes=50 elapsed_us=2799 envelope=@J10000000002000000024358729|I422ZF9040Fy09040Fy0;
published_frame=485
published_frame=486
editbox_emit sequence=244 bytes=50 elapsed_us=3537 envelope=@J10000000002000000024422983|I422bF9040Fy09040Fy0;
published_frame=487
published_frame=488
editbox_emit sequence=245 bytes=50 elapsed_us=2637 envelope=@J10000000002000000024552758|I422dF9040Fy09040Fy0;
editbox_receipt monotonic_ns=563668234621017 received=241 consumed=241 revision=85
published_frame=489
published_frame=490
editbox_emit sequence=246 bytes=50 elapsed_us=2676 envelope=@J10000000002000000024617012|I422fF9040Fy09040Fy0;
editbox_receipt monotonic_ns=563668277304417 received=244 consumed=244 revision=86
published_frame=491
published_frame=492
editbox_emit sequence=247 bytes=50 elapsed_us=3163 envelope=@J10000000002000000024746787|I422hF9040Fy09040Fy0;
published_frame=493
published_frame=494
editbox_emit sequence=248 bytes=50 elapsed_us=2804 envelope=@J10000000002000000024811041|I422jF9040Fy09040Fy0;
published_frame=495
published_frame=496
editbox_emit sequence=249 bytes=50 elapsed_us=3038 envelope=@J10000000002000000024940816|I422lF9040Fy09040Fy0;
editbox_receipt monotonic_ns=563668368695600 received=247 consumed=247 revision=87
published_frame=497
published_frame=498
editbox_emit sequence=250 bytes=50 elapsed_us=2855 envelope=@J10000000002000000025060445|I422nF9040Fy09040Fy0;
published_frame=499
published_frame=500
editbox_emit sequence=251 bytes=50 elapsed_us=3017 envelope=@J10000000002000000025124699|I422pF9040Fy09040Fy0;
published_frame=501
published_frame=502
editbox_emit sequence=252 bytes=50 elapsed_us=3326 envelope=@J10000000002000000025254474|I422rF9040Fy09040Fy0;
event mono_ns=563668464838000 frame=503 held=768 pressed=512 released=0
published_frame=503
editbox_receipt monotonic_ns=563668488238283 received=250 consumed=250 revision=88
published_frame=504
editbox_emit sequence=253 bytes=56 elapsed_us=3244 envelope=@J10000000002000000025348669|I422tFB0C0080000F__90C0F__;
published_frame=505
published_frame=506
editbox_emit sequence=254 bytes=50 elapsed_us=3131 envelope=@J10000000002000000025437590|I422vF90C0F__90C0F__;
published_frame=507
published_frame=508
editbox_emit sequence=255 bytes=50 elapsed_us=3139 envelope=@J10000000002000000025501844|I422xF90C0F__90C0F__;
editbox_receipt monotonic_ns=563668568277987 received=254 consumed=254 revision=89
published_frame=509
published_frame=510
editbox_emit sequence=256 bytes=50 elapsed_us=3853 envelope=@J10000000002000000025631619|I422zF90C0F__90C0F__;
published_frame=511
published_frame=512
editbox_emit sequence=257 bytes=50 elapsed_us=3300 envelope=@J10000000002000000025761394|I422_F90C0F__90C0F__;
published_frame=513
published_frame=514
editbox_emit sequence=258 bytes=50 elapsed_us=3271 envelope=@J10000000002000000025846863|I422XG90C0F__90C0F__;
editbox_receipt monotonic_ns=563668668215921 received=257 consumed=257 revision=90
published_frame=515
published_frame=516
editbox_emit sequence=259 bytes=50 elapsed_us=3115 envelope=@J10000000002000000025911117|I422ZG90C0F__90C0F__;
published_frame=517
published_frame=518
editbox_emit sequence=260 bytes=50 elapsed_us=3124 envelope=@J10000000002000000026030746|I422bG90C0F__90C0F__;
published_frame=519
published_frame=520
editbox_emit sequence=261 bytes=50 elapsed_us=3552 envelope=@J10000000002000000026160521|I422dG90C0F__90C0F__;
editbox_receipt monotonic_ns=563668768084124 received=260 consumed=260 revision=91
published_frame=521
published_frame=522
editbox_emit sequence=262 bytes=50 elapsed_us=3192 envelope=@J10000000002000000026224775|I422fG90C0F__90C0F__;
published_frame=523
event mono_ns=563668815148000 frame=524 held=512 pressed=0 released=256
published_frame=524
editbox_emit sequence=263 bytes=56 elapsed_us=3839 envelope=@J10000000002000000026313867|I422hG90C0F__B08000004003_;
editbox_receipt monotonic_ns=563668845583306 received=262 consumed=262 revision=92
published_frame=525
published_frame=526
editbox_emit sequence=264 bytes=50 elapsed_us=3624 envelope=@J10000000002000000026421644|I422jG908003_908003_;
published_frame=527
published_frame=528
editbox_emit sequence=265 bytes=50 elapsed_us=3182 envelope=@J10000000002000000026551419|I422lG908003_908003_;
published_frame=529
published_frame=530
editbox_emit sequence=266 bytes=50 elapsed_us=2875 envelope=@J10000000002000000026615673|I422nG908003_908003_;
editbox_receipt monotonic_ns=563668945315835 received=265 consumed=265 revision=93
published_frame=531
published_frame=532
editbox_emit sequence=267 bytes=50 elapsed_us=2630 envelope=@J10000000002000000026745448|I422pG908003_908003_;
published_frame=533
published_frame=534
editbox_emit sequence=268 bytes=50 elapsed_us=2783 envelope=@J10000000002000000026809702|I422rG908003_908003_;
published_frame=535
published_frame=536
editbox_emit sequence=269 bytes=50 elapsed_us=2651 envelope=@J10000000002000000026939477|I422tG908003_908003_;
published_frame=537
editbox_receipt monotonic_ns=563669054731835 received=268 consumed=268 revision=94
published_frame=538
editbox_emit sequence=270 bytes=50 elapsed_us=2691 envelope=@J10000000002000000027059106|I422vG908003_908003_;
published_frame=539
published_frame=540
editbox_emit sequence=271 bytes=50 elapsed_us=3214 envelope=@J10000000002000000027123360|I422xG908003_908003_;
published_frame=541
published_frame=542
editbox_emit sequence=272 bytes=50 elapsed_us=2746 envelope=@J10000000002000000027253135|I422zG908003_908003_;
published_frame=543
published_frame=544
editbox_emit sequence=273 bytes=50 elapsed_us=2714 envelope=@J10000000002000000027317389|I422_G908003_908003_;
event mono_ns=563669165410000 frame=545 held=0 pressed=0 released=512
published_frame=545
published_frame=546
editbox_emit sequence=274 bytes=44 elapsed_us=2345 envelope=@J10000000002000000027406985|I422XH20000800;
published_frame=547
editbox_receipt monotonic_ns=563669221124799 received=271 consumed=271 revision=95
published_frame=548
editbox_emit sequence=275 bytes=38 elapsed_us=2288 envelope=@J10000000002000000027565019|I422ZH00;
published_frame=549
published_frame=550
editbox_emit sequence=276 bytes=38 elapsed_us=2107 envelope=@J10000000002000000027642486|I422bH00;
published_frame=551
published_frame=552
editbox_emit sequence=277 bytes=38 elapsed_us=1966 envelope=@J10000000002000000027719953|I422dH00;
published_frame=553
editbox_receipt monotonic_ns=563669320834976 received=276 consumed=276 revision=96
published_frame=554
editbox_emit sequence=278 bytes=38 elapsed_us=2083 envelope=@J10000000002000000027862941|I422fH00;
published_frame=555
published_frame=556
editbox_emit sequence=279 bytes=38 elapsed_us=2243 envelope=@J10000000002000000027940408|I422hH00;
editbox_receipt monotonic_ns=563669376665280 received=278 consumed=278 revision=97
published_frame=557
published_frame=558
editbox_emit sequence=280 bytes=38 elapsed_us=2342 envelope=@J10000000002000000028031092|I422jH00;
published_frame=559
published_frame=560
editbox_emit sequence=281 bytes=38 elapsed_us=2091 envelope=@J10000000002000000028108559|I422lH00;
published_frame=561
published_frame=562
editbox_emit sequence=282 bytes=38 elapsed_us=2068 envelope=@J10000000002000000028251547|I422nH00;
editbox_receipt monotonic_ns=563669466599371 received=281 consumed=280 revision=98
published_frame=563
published_frame=564
editbox_emit sequence=283 bytes=38 elapsed_us=2020 envelope=@J10000000002000000028329014|I422pH00;
published_frame=565
published_frame=566
editbox_emit sequence=284 bytes=38 elapsed_us=2120 envelope=@J10000000002000000028406481|I422rH00;
editbox_receipt monotonic_ns=563669545403490 received=283 consumed=283 revision=99
published_frame=567
published_frame=568
editbox_emit sequence=285 bytes=38 elapsed_us=2033 envelope=@J10000000002000000028549469|I422tH00;
published_frame=569
published_frame=570
editbox_emit sequence=286 bytes=38 elapsed_us=2097 envelope=@J10000000002000000028626936|I422vH00;
published_frame=571
published_frame=572
editbox_emit sequence=287 bytes=38 elapsed_us=2292 envelope=@J10000000002000000028704403|I422xH00;
editbox_receipt monotonic_ns=563669642701364 received=286 consumed=286 revision=100
published_frame=573
published_frame=574
editbox_emit sequence=288 bytes=38 elapsed_us=1990 envelope=@J10000000002000000028847391|I422zH00;
published_frame=575
published_frame=576
editbox_emit sequence=289 bytes=38 elapsed_us=2120 envelope=@J10000000002000000028924858|I422_H00;
control sequence=1 state=PREPARE frame=577 epoch_ns=563669708718363
editbox_emit sequence=290 bytes=48 elapsed_us=4107 envelope=@J10000000002000000029062812|ACK1|1|PREPARE|577;
input_armed=true gameplay_armed=false mono_ns=563669714931860
editbox_receipt monotonic_ns=563669789762470 received=290 consumed=290 revision=101
editbox_receipt monotonic_ns=563669842877785 received=290 consumed=290 revision=102
control sequence=2 state=PAUSE_COMMIT target=577 frontier=577 epoch_ns=563669936798529
input_armed=true gameplay_armed=true mono_ns=563669936924496
control sequence=2 state=PAUSE frame=577 epoch_ns=563669936798529
editbox_emit sequence=291 bytes=46 elapsed_us=3019 envelope=@J10000000002000000029104675|ACK1|2|PAUSE|577;
input_armed=true gameplay_armed=false mono_ns=563669941521793
editbox_receipt monotonic_ns=563669973598521 received=291 consumed=291 revision=103
editbox_receipt monotonic_ns=563670036635955 received=291 consumed=291 revision=104
editbox_receipt monotonic_ns=563670195746778 received=291 consumed=291 revision=105
editbox_receipt monotonic_ns=563670227166124 received=291 consumed=291 revision=106
editbox_receipt monotonic_ns=563670337342960 received=291 consumed=291 revision=107
editbox_receipt monotonic_ns=563670425665912 received=291 consumed=291 revision=108
editbox_receipt monotonic_ns=563670534039498 received=291 consumed=291 revision=109
editbox_receipt monotonic_ns=563670654758846 received=291 consumed=291 revision=110
editbox_receipt monotonic_ns=563670749972003 received=291 consumed=291 revision=111
editbox_receipt monotonic_ns=563670858498176 received=291 consumed=291 revision=112
editbox_receipt monotonic_ns=563670972266605 received=291 consumed=291 revision=113
editbox_receipt monotonic_ns=563671070501616 received=291 consumed=291 revision=114
editbox_receipt monotonic_ns=563671252637249 received=291 consumed=291 revision=115
editbox_receipt monotonic_ns=563671274730343 received=291 consumed=291 revision=116
editbox_receipt monotonic_ns=563671360058591 received=291 consumed=291 revision=117
editbox_receipt monotonic_ns=563671509772530 received=291 consumed=291 revision=118
editbox_receipt monotonic_ns=563671563653800 received=291 consumed=291 revision=119
editbox_receipt monotonic_ns=563671750183560 received=291 consumed=291 revision=120
editbox_receipt monotonic_ns=563671772335945 received=291 consumed=291 revision=121
editbox_receipt monotonic_ns=563671860724479 received=291 consumed=291 revision=122
editbox_receipt monotonic_ns=563671990322821 received=291 consumed=291 revision=123
editbox_receipt monotonic_ns=563672056129416 received=291 consumed=291 revision=124
editbox_receipt monotonic_ns=563672287098788 received=291 consumed=291 revision=125
editbox_receipt monotonic_ns=563672299092069 received=291 consumed=291 revision=126
editbox_receipt monotonic_ns=563672440770064 received=291 consumed=291 revision=127
editbox_receipt monotonic_ns=563672462091842 received=291 consumed=291 revision=128
editbox_receipt monotonic_ns=563672560553519 received=291 consumed=291 revision=129
editbox_receipt monotonic_ns=563672701822567 received=291 consumed=291 revision=130
editbox_receipt monotonic_ns=563672767713139 received=291 consumed=291 revision=131
editbox_receipt monotonic_ns=563672898958409 received=291 consumed=291 revision=132
editbox_receipt monotonic_ns=563672964056395 received=291 consumed=291 revision=133
editbox_receipt monotonic_ns=563673129389141 received=291 consumed=291 revision=134
editbox_receipt monotonic_ns=563673236110069 received=291 consumed=291 revision=135
editbox_receipt monotonic_ns=563673270567219 received=291 consumed=291 revision=136
editbox_receipt monotonic_ns=563673388357938 received=291 consumed=291 revision=137
editbox_receipt monotonic_ns=563673476236426 received=291 consumed=291 revision=138
editbox_receipt monotonic_ns=563673600447910 received=291 consumed=291 revision=139
editbox_receipt monotonic_ns=563673672162509 received=291 consumed=291 revision=140
editbox_receipt monotonic_ns=563673817187930 received=291 consumed=291 revision=141
editbox_receipt monotonic_ns=563673861077871 received=291 consumed=291 revision=142
editbox_receipt monotonic_ns=563674056525237 received=291 consumed=291 revision=143
editbox_receipt monotonic_ns=563674078232768 received=291 consumed=291 revision=144
editbox_receipt monotonic_ns=563674218505519 received=291 consumed=291 revision=145
editbox_receipt monotonic_ns=563674281170024 received=291 consumed=291 revision=146
editbox_receipt monotonic_ns=563674355757228 received=291 consumed=291 revision=147
editbox_receipt monotonic_ns=563674454596422 received=291 consumed=291 revision=148
editbox_receipt monotonic_ns=563674562954379 received=291 consumed=291 revision=149
editbox_receipt monotonic_ns=563674662180668 received=291 consumed=291 revision=150
editbox_receipt monotonic_ns=563674770549756 received=291 consumed=291 revision=151
editbox_receipt monotonic_ns=563674868437417 received=291 consumed=291 revision=152
control sequence=3 state=RESUME frame=577 epoch_ns=563674996202501 read_ns=563674997325477 uncertainty_ns=1100246 timestamp_resolution_ns=1000000
input_armed=true gameplay_armed=true mono_ns=563674997297304
editbox_emit sequence=292 bytes=47 elapsed_us=3294 envelope=@J10000000002000000029214085|ACK1|3|RESUME|577;
editbox_receipt monotonic_ns=563675007598344 received=291 consumed=291 revision=153
published_frame=577
published_frame=578
editbox_emit sequence=293 bytes=38 elapsed_us=2330 envelope=@J10000000002000000029300497|I422XI00;
published_frame=579
editbox_receipt monotonic_ns=563675061065117 received=293 consumed=292 revision=154
published_frame=580
editbox_emit sequence=294 bytes=38 elapsed_us=2632 envelope=@J10000000002000000029443485|I422ZI00;
published_frame=581
published_frame=582
editbox_emit sequence=295 bytes=38 elapsed_us=2165 envelope=@J10000000002000000029520952|I422bI00;
published_frame=583
published_frame=584
editbox_emit sequence=296 bytes=38 elapsed_us=2075 envelope=@J10000000002000000029663940|I422dI00;
published_frame=585
published_frame=586
editbox_emit sequence=297 bytes=38 elapsed_us=2023 envelope=@J10000000002000000029741407|I422fI00;
published_frame=587
published_frame=588
editbox_emit sequence=298 bytes=38 elapsed_us=2009 envelope=@J10000000002000000029818874|I422hI00;
published_frame=589
published_frame=590
editbox_emit sequence=299 bytes=38 elapsed_us=2028 envelope=@J10000000002000000029961862|I422jI00;
editbox_receipt monotonic_ns=563675234778363 received=296 consumed=293 revision=155
published_frame=591
published_frame=592
editbox_emit sequence=300 bytes=38 elapsed_us=2374 envelope=@J10000000002000000030028442|I422lI00;
published_frame=593
published_frame=594
editbox_emit sequence=301 bytes=38 elapsed_us=1988 envelope=@J10000000002000000030105909|I422nI00;
editbox_receipt monotonic_ns=563675300598803 received=299 consumed=299 revision=156
published_frame=595
published_frame=596
editbox_emit sequence=302 bytes=38 elapsed_us=1980 envelope=@J10000000002000000030248897|I422pI00;
published_frame=597
published_frame=598
editbox_emit sequence=303 bytes=38 elapsed_us=2148 envelope=@J10000000002000000030326364|I422rI00;
published_frame=599
editbox_receipt monotonic_ns=563675389179968 received=303 consumed=302 revision=157
published_frame=600
editbox_emit sequence=304 bytes=38 elapsed_us=2115 envelope=@J10000000002000000030403831|I422tI00;
published_frame=601
published_frame=602
editbox_emit sequence=305 bytes=38 elapsed_us=2008 envelope=@J10000000002000000030546819|I422vI00;
published_frame=603
published_frame=604
editbox_emit sequence=306 bytes=38 elapsed_us=2435 envelope=@J10000000002000000030624286|I422xI00;
editbox_receipt monotonic_ns=563675477847005 received=305 consumed=305 revision=158
published_frame=605
published_frame=606
editbox_emit sequence=307 bytes=38 elapsed_us=2271 envelope=@J10000000002000000030701753|I422zI00;
published_frame=607
published_frame=608
editbox_emit sequence=308 bytes=38 elapsed_us=2277 envelope=@J10000000002000000030844741|I422_I00;
published_frame=609
published_frame=610
editbox_emit sequence=309 bytes=38 elapsed_us=2212 envelope=@J10000000002000000030914339|I422XJ00;
editbox_receipt monotonic_ns=563675574396296 received=308 consumed=308 revision=159
published_frame=611
published_frame=612
editbox_emit sequence=310 bytes=38 elapsed_us=2115 envelope=@J10000000002000000031005023|I422ZJ00;
published_frame=613
published_frame=614
editbox_emit sequence=311 bytes=38 elapsed_us=2248 envelope=@J10000000002000000031148011|I422bJ00;
published_frame=615
published_frame=616
editbox_emit sequence=312 bytes=38 elapsed_us=2056 envelope=@J10000000002000000031225478|I422dJ00;
published_frame=617
editbox_receipt monotonic_ns=563675690925049 received=312 consumed=312 revision=160
published_frame=618
editbox_emit sequence=313 bytes=38 elapsed_us=2085 envelope=@J10000000002000000031302945|I422fJ00;
published_frame=619
published_frame=620
editbox_emit sequence=314 bytes=38 elapsed_us=1976 envelope=@J10000000002000000031445933|I422hJ00;
published_frame=621
published_frame=622
editbox_emit sequence=315 bytes=38 elapsed_us=2414 envelope=@J10000000002000000031523400|I422jJ00;
published_frame=623
editbox_receipt monotonic_ns=563675788158824 received=314 consumed=314 revision=161
published_frame=624
editbox_emit sequence=316 bytes=38 elapsed_us=2157 envelope=@J10000000002000000031600867|I422lJ00;
published_frame=625
published_frame=626
editbox_emit sequence=317 bytes=38 elapsed_us=3315 envelope=@J10000000002000000031743855|I422nJ00;
published_frame=627
published_frame=628
editbox_emit sequence=318 bytes=38 elapsed_us=2298 envelope=@J10000000002000000031821322|I422pJ00;
published_frame=629
published_frame=630
editbox_emit sequence=319 bytes=38 elapsed_us=2455 envelope=@J10000000002000000031964310|I422rJ00;
editbox_receipt monotonic_ns=563675903929847 received=318 consumed=318 revision=162
published_frame=631
published_frame=632
editbox_emit sequence=320 bytes=38 elapsed_us=2076 envelope=@J10000000002000000032054994|I422tJ00;
published_frame=633
published_frame=634
editbox_emit sequence=321 bytes=38 elapsed_us=2157 envelope=@J10000000002000000032132461|I422vJ00;
published_frame=635
editbox_receipt monotonic_ns=563675989714170 received=320 consumed=320 revision=163
published_frame=636
editbox_emit sequence=322 bytes=38 elapsed_us=2066 envelope=@J10000000002000000032209928|I422xJ00;
published_frame=637
published_frame=638
editbox_emit sequence=323 bytes=38 elapsed_us=2290 envelope=@J10000000002000000032352916|I422zJ00;
published_frame=639
published_frame=640
editbox_emit sequence=324 bytes=38 elapsed_us=2824 envelope=@J10000000002000000032430383|I422_J00;
published_frame=641
published_frame=642
editbox_emit sequence=325 bytes=38 elapsed_us=2163 envelope=@J10000000002000000032565502|I422XK00;
editbox_receipt monotonic_ns=563676102858188 received=324 consumed=324 revision=164
published_frame=643
published_frame=644
editbox_emit sequence=326 bytes=38 elapsed_us=2518 envelope=@J10000000002000000032642969|I422ZK00;
published_frame=645
published_frame=646
editbox_emit sequence=327 bytes=38 elapsed_us=2099 envelope=@J10000000002000000032720436|I422bK00;
published_frame=647
published_frame=648
editbox_emit sequence=328 bytes=38 elapsed_us=2025 envelope=@J10000000002000000032863424|I422dK00;
published_frame=649
published_frame=650
editbox_emit sequence=329 bytes=38 elapsed_us=2268 envelope=@J10000000002000000032940891|I422fK00;
published_frame=651
published_frame=652
editbox_emit sequence=330 bytes=38 elapsed_us=2196 envelope=@J10000000002000000033031575|I422hK00;
editbox_receipt monotonic_ns=563676277886699 received=326 consumed=326 revision=165
published_frame=653
published_frame=654
editbox_emit sequence=331 bytes=38 elapsed_us=2063 envelope=@J10000000002000000033109042|I422jK00;
published_frame=655
published_frame=656
editbox_emit sequence=332 bytes=38 elapsed_us=2331 envelope=@J10000000002000000033252030|I422lK00;
editbox_receipt monotonic_ns=563676335271026 received=330 consumed=330 revision=166
published_frame=657
published_frame=658
editbox_emit sequence=333 bytes=38 elapsed_us=2340 envelope=@J10000000002000000033329497|I422nK00;
published_frame=659
published_frame=660
editbox_emit sequence=334 bytes=38 elapsed_us=2441 envelope=@J10000000002000000033406964|I422pK00;
editbox_receipt monotonic_ns=563676400716153 received=333 consumed=332 revision=167
published_frame=661
published_frame=662
editbox_emit sequence=335 bytes=38 elapsed_us=1871 envelope=@J10000000002000000033549952|I422rK00;
published_frame=663
published_frame=664
editbox_emit sequence=336 bytes=38 elapsed_us=2260 envelope=@J10000000002000000033627419|I422tK00;
published_frame=665
published_frame=666
editbox_emit sequence=337 bytes=38 elapsed_us=2525 envelope=@J10000000002000000033704886|I422vK00;
editbox_receipt monotonic_ns=563676503491816 received=336 consumed=336 revision=168
published_frame=667
published_frame=668
editbox_emit sequence=338 bytes=38 elapsed_us=2121 envelope=@J10000000002000000033847874|I422xK00;
published_frame=669
published_frame=670
editbox_emit sequence=339 bytes=38 elapsed_us=2128 envelope=@J10000000002000000033925341|I422zK00;
published_frame=671
editbox_receipt monotonic_ns=563676591239919 received=338 consumed=338 revision=169
published_frame=672
editbox_emit sequence=340 bytes=38 elapsed_us=2293 envelope=@J10000000002000000034016025|I422_K00;
published_frame=673
published_frame=674
editbox_emit sequence=341 bytes=38 elapsed_us=2245 envelope=@J10000000002000000034151144|I422XL00;
published_frame=675
published_frame=676
editbox_emit sequence=342 bytes=38 elapsed_us=2591 envelope=@J10000000002000000034228611|I422ZL00;
published_frame=677
editbox_receipt monotonic_ns=563676691740267 received=341 consumed=341 revision=170
published_frame=678
editbox_emit sequence=343 bytes=38 elapsed_us=2133 envelope=@J10000000002000000034306078|I422bL00;
published_frame=679
published_frame=680
editbox_emit sequence=344 bytes=38 elapsed_us=1962 envelope=@J10000000002000000034449066|I422dL00;
published_frame=681
published_frame=682
editbox_emit sequence=345 bytes=38 elapsed_us=2576 envelope=@J10000000002000000034526533|I422fL00;
published_frame=683
editbox_receipt monotonic_ns=563676789883827 received=345 consumed=345 revision=171
published_frame=684
editbox_emit sequence=346 bytes=38 elapsed_us=3354 envelope=@J10000000002000000034604000|I422hL00;
published_frame=685
published_frame=686
editbox_emit sequence=347 bytes=38 elapsed_us=2416 envelope=@J10000000002000000034746988|I422jL00;
published_frame=687
published_frame=688
editbox_emit sequence=348 bytes=38 elapsed_us=3083 envelope=@J10000000002000000034824455|I422lL00;
published_frame=689
editbox_receipt monotonic_ns=563676890914930 received=347 consumed=347 revision=172
published_frame=690
editbox_emit sequence=349 bytes=38 elapsed_us=2020 envelope=@J10000000002000000034901922|I422nL00;
published_frame=691
published_frame=692
editbox_emit sequence=350 bytes=38 elapsed_us=2980 envelope=@J10000000002000000035058127|I422pL00;
published_frame=693
published_frame=694
editbox_emit sequence=351 bytes=38 elapsed_us=2352 envelope=@J10000000002000000035135594|I422rL00;
published_frame=695
editbox_receipt monotonic_ns=563676990790677 received=351 consumed=351 revision=173
published_frame=696
editbox_emit sequence=352 bytes=38 elapsed_us=2153 envelope=@J10000000002000000035213061|I422tL00;
published_frame=697
published_frame=698
editbox_emit sequence=353 bytes=38 elapsed_us=2549 envelope=@J10000000002000000035356049|I422vL00;
published_frame=699
published_frame=700
editbox_emit sequence=354 bytes=38 elapsed_us=2290 envelope=@J10000000002000000035433516|I422xL00;
published_frame=701
editbox_receipt monotonic_ns=563677092164192 received=353 consumed=353 revision=174
published_frame=702
editbox_emit sequence=355 bytes=38 elapsed_us=2223 envelope=@J10000000002000000035510983|I422zL00;
published_frame=703
published_frame=704
editbox_emit sequence=356 bytes=38 elapsed_us=2201 envelope=@J10000000002000000035653971|I422_L00;
published_frame=705
published_frame=706
editbox_emit sequence=357 bytes=38 elapsed_us=2296 envelope=@J10000000002000000035723569|I422XM00;
published_frame=707
published_frame=708
editbox_emit sequence=358 bytes=38 elapsed_us=2479 envelope=@J10000000002000000035801036|I422ZM00;
published_frame=709
published_frame=710
editbox_emit sequence=359 bytes=38 elapsed_us=2597 envelope=@J10000000002000000035944024|I422bM00;
published_frame=711
published_frame=712
editbox_emit sequence=360 bytes=38 elapsed_us=2189 envelope=@J10000000002000000036034708|I422dM00;
editbox_receipt monotonic_ns=563677278786856 received=357 consumed=357 revision=175
published_frame=713
published_frame=714
editbox_emit sequence=361 bytes=38 elapsed_us=2112 envelope=@J10000000002000000036112175|I422fM00;
published_frame=715
published_frame=716
editbox_receipt monotonic_ns=563677332260462 received=360 consumed=360 revision=176
editbox_emit sequence=362 bytes=38 elapsed_us=2097 envelope=@J10000000002000000036255163|I422hM00;
published_frame=717
published_frame=718
editbox_emit sequence=363 bytes=38 elapsed_us=2387 envelope=@J10000000002000000036332630|I422jM00;
published_frame=719
editbox_receipt monotonic_ns=563677394074813 received=363 consumed=362 revision=177
published_frame=720
editbox_emit sequence=364 bytes=38 elapsed_us=2564 envelope=@J10000000002000000036410097|I422lM00;
published_frame=721
published_frame=722
editbox_emit sequence=365 bytes=38 elapsed_us=2418 envelope=@J10000000002000000036553085|I422nM00;
published_frame=723
published_frame=724
editbox_emit sequence=366 bytes=38 elapsed_us=2113 envelope=@J10000000002000000036630552|I422pM00;
published_frame=725
editbox_receipt monotonic_ns=563677488735344 received=366 consumed=366 revision=178
published_frame=726
editbox_emit sequence=367 bytes=38 elapsed_us=2255 envelope=@J10000000002000000036708019|I422rM00;
published_frame=727
published_frame=728
editbox_emit sequence=368 bytes=38 elapsed_us=2623 envelope=@J10000000002000000036851007|I422tM00;
published_frame=729
published_frame=730
editbox_emit sequence=369 bytes=38 elapsed_us=2187 envelope=@J10000000002000000036928474|I422vM00;
published_frame=731
published_frame=732
editbox_emit sequence=370 bytes=38 elapsed_us=2188 envelope=@J10000000002000000037019158|I422xM00;
editbox_receipt monotonic_ns=563677603164993 received=369 consumed=369 revision=179
published_frame=733
published_frame=734
editbox_emit sequence=371 bytes=38 elapsed_us=1985 envelope=@J10000000002000000037162146|I422zM00;
published_frame=735
published_frame=736
editbox_emit sequence=372 bytes=38 elapsed_us=2324 envelope=@J10000000002000000037239613|I422_M00;
published_frame=737
published_frame=738
editbox_receipt monotonic_ns=563677698205546 received=372 consumed=372 revision=180
editbox_emit sequence=373 bytes=38 elapsed_us=2174 envelope=@J10000000002000000037309211|I422XN00;
published_frame=739
published_frame=740
editbox_emit sequence=374 bytes=38 elapsed_us=2231 envelope=@J10000000002000000037452199|I422ZN00;
published_frame=741
published_frame=742
editbox_emit sequence=375 bytes=38 elapsed_us=2899 envelope=@J10000000002000000037529666|I422bN00;
published_frame=743
editbox_receipt monotonic_ns=563677796116039 received=374 consumed=374 revision=181
published_frame=744
editbox_emit sequence=376 bytes=38 elapsed_us=2186 envelope=@J10000000002000000037607133|I422dN00;
published_frame=745
published_frame=746
editbox_emit sequence=377 bytes=38 elapsed_us=2187 envelope=@J10000000002000000037750121|I422fN00;
published_frame=747
published_frame=748
editbox_emit sequence=378 bytes=38 elapsed_us=2484 envelope=@J10000000002000000037827588|I422hN00;
published_frame=749
published_frame=750
editbox_emit sequence=379 bytes=38 elapsed_us=2429 envelope=@J10000000002000000037905055|I422jN00;
editbox_receipt monotonic_ns=563677913020767 received=378 consumed=378 revision=182
published_frame=751
published_frame=752
editbox_emit sequence=380 bytes=38 elapsed_us=2165 envelope=@J10000000002000000038061260|I422lN00;
published_frame=753
published_frame=754
editbox_emit sequence=381 bytes=38 elapsed_us=2830 envelope=@J10000000002000000038138727|I422nN00;
published_frame=755
published_frame=756
editbox_emit sequence=382 bytes=38 elapsed_us=2086 envelope=@J10000000002000000038216194|I422pN00;
editbox_receipt monotonic_ns=563678000498083 received=380 consumed=380 revision=183
published_frame=757
published_frame=758
editbox_emit sequence=383 bytes=38 elapsed_us=1970 envelope=@J10000000002000000038359182|I422rN00;
published_frame=759
published_frame=760
editbox_emit sequence=384 bytes=38 elapsed_us=2307 envelope=@J10000000002000000038436649|I422tN00;
published_frame=761
published_frame=762
editbox_emit sequence=385 bytes=38 elapsed_us=2128 envelope=@J10000000002000000038514116|I422vN00;
editbox_receipt monotonic_ns=563678109143369 received=384 consumed=384 revision=184
published_frame=763
published_frame=764
editbox_emit sequence=386 bytes=38 elapsed_us=2103 envelope=@J10000000002000000038657104|I422xN00;
published_frame=765
published_frame=766
editbox_emit sequence=387 bytes=38 elapsed_us=2352 envelope=@J10000000002000000038734571|I422zN00;
published_frame=767
published_frame=768
editbox_emit sequence=388 bytes=38 elapsed_us=2130 envelope=@J10000000002000000038812038|I422_N00;
published_frame=769
published_frame=770
editbox_emit sequence=389 bytes=38 elapsed_us=2023 envelope=@J10000000002000000038947157|I422XO00;
published_frame=771
published_frame=772
editbox_emit sequence=390 bytes=38 elapsed_us=2113 envelope=@J10000000002000000039037841|I422ZO00;
editbox_receipt monotonic_ns=563678277345874 received=386 consumed=386 revision=185
published_frame=773
published_frame=774
editbox_emit sequence=391 bytes=38 elapsed_us=2219 envelope=@J10000000002000000039115308|I422bO00;
published_frame=775
published_frame=776
editbox_emit sequence=392 bytes=38 elapsed_us=2312 envelope=@J10000000002000000039258296|I422dO00;
editbox_receipt monotonic_ns=563678345852129 received=390 consumed=390 revision=186
published_frame=777
published_frame=778
editbox_emit sequence=393 bytes=38 elapsed_us=2278 envelope=@J10000000002000000039335763|I422fO00;
published_frame=779
published_frame=780
editbox_emit sequence=394 bytes=38 elapsed_us=2080 envelope=@J10000000002000000039413230|I422hO00;
editbox_receipt monotonic_ns=563678401633271 received=393 consumed=393 revision=187
published_frame=781
published_frame=782
editbox_emit sequence=395 bytes=38 elapsed_us=2268 envelope=@J10000000002000000039556218|I422jO00;
published_frame=783
published_frame=784
editbox_emit sequence=396 bytes=38 elapsed_us=1960 envelope=@J10000000002000000039633685|I422lO00;
published_frame=785
published_frame=786
editbox_emit sequence=397 bytes=38 elapsed_us=2286 envelope=@J10000000002000000039711152|I422nO00;
editbox_receipt monotonic_ns=563678512862360 received=396 consumed=396 revision=188
published_frame=787
published_frame=788
editbox_emit sequence=398 bytes=38 elapsed_us=2546 envelope=@J10000000002000000039854140|I422pO00;
published_frame=789
published_frame=790
editbox_emit sequence=399 bytes=38 elapsed_us=2211 envelope=@J10000000002000000039931607|I422rO00;
published_frame=791
published_frame=792
editbox_emit sequence=400 bytes=38 elapsed_us=2359 envelope=@J10000000002000000040063708|I422tO00;
editbox_receipt monotonic_ns=563678603060226 received=399 consumed=399 revision=189
published_frame=793
published_frame=794
editbox_emit sequence=401 bytes=38 elapsed_us=2082 envelope=@J10000000002000000040141175|I422vO00;
published_frame=795
published_frame=796
editbox_emit sequence=402 bytes=38 elapsed_us=2023 envelope=@J10000000002000000040218642|I422xO00;
published_frame=797
published_frame=798
editbox_emit sequence=403 bytes=38 elapsed_us=2804 envelope=@J10000000002000000040361630|I422zO00;
editbox_receipt monotonic_ns=563678701463332 received=401 consumed=401 revision=190
published_frame=799
published_frame=800
editbox_emit sequence=404 bytes=38 elapsed_us=2796 envelope=@J10000000002000000040439097|I422_O00;
published_frame=801
published_frame=802
editbox_emit sequence=405 bytes=38 elapsed_us=2565 envelope=@J10000000002000000040508695|I422XP00;
published_frame=803
published_frame=804
editbox_emit sequence=406 bytes=38 elapsed_us=3131 envelope=@J10000000002000000040651683|I422ZP00;
editbox_receipt monotonic_ns=563678809982551 received=404 consumed=404 revision=191
published_frame=805
published_frame=806
editbox_emit sequence=407 bytes=38 elapsed_us=2780 envelope=@J10000000002000000040729150|I422bP00;
published_frame=807
published_frame=808
editbox_emit sequence=408 bytes=38 elapsed_us=2990 envelope=@J10000000002000000040806617|I422dP00;
published_frame=809
published_frame=810
editbox_emit sequence=409 bytes=38 elapsed_us=2607 envelope=@J10000000002000000040949605|I422fP00;
editbox_receipt monotonic_ns=563678901074704 received=408 consumed=408 revision=192
published_frame=811
published_frame=812
editbox_emit sequence=410 bytes=38 elapsed_us=2005 envelope=@J10000000002000000041040289|I422hP00;
published_frame=813
published_frame=814
editbox_emit sequence=411 bytes=38 elapsed_us=2279 envelope=@J10000000002000000041117756|I422jP00;
published_frame=815
published_frame=816
editbox_emit sequence=412 bytes=38 elapsed_us=2377 envelope=@J10000000002000000041260744|I422lP00;
editbox_receipt monotonic_ns=563679008550497 received=411 consumed=411 revision=193
published_frame=817
published_frame=818
editbox_emit sequence=413 bytes=38 elapsed_us=1972 envelope=@J10000000002000000041338211|I422nP00;
published_frame=819
published_frame=820
editbox_emit sequence=414 bytes=38 elapsed_us=2151 envelope=@J10000000002000000041415678|I422pP00;
published_frame=821
published_frame=822
editbox_emit sequence=415 bytes=38 elapsed_us=2236 envelope=@J10000000002000000041558666|I422rP00;
editbox_receipt monotonic_ns=563679104159456 received=414 consumed=414 revision=194
published_frame=823
published_frame=824
editbox_emit sequence=416 bytes=38 elapsed_us=2652 envelope=@J10000000002000000041636133|I422tP00;
published_frame=825
published_frame=826
editbox_emit sequence=417 bytes=38 elapsed_us=2180 envelope=@J10000000002000000041713600|I422vP00;
published_frame=827
published_frame=828
editbox_emit sequence=418 bytes=38 elapsed_us=2095 envelope=@J10000000002000000041856588|I422xP00;
published_frame=829
published_frame=830
editbox_emit sequence=419 bytes=38 elapsed_us=2205 envelope=@J10000000002000000041934055|I422zP00;
published_frame=831
published_frame=832
editbox_emit sequence=420 bytes=38 elapsed_us=2292 envelope=@J10000000002000000042024739|I422_P00;
editbox_receipt monotonic_ns=563679267865002 received=417 consumed=417 revision=195
published_frame=833
published_frame=834
editbox_emit sequence=421 bytes=38 elapsed_us=3060 envelope=@J10000000002000000042159858|I422XQ00;
published_frame=835
published_frame=836
editbox_emit sequence=422 bytes=38 elapsed_us=2120 envelope=@J10000000002000000042237325|I422ZQ00;
editbox_receipt monotonic_ns=563679344977018 received=420 consumed=420 revision=196
published_frame=837
published_frame=838
editbox_emit sequence=423 bytes=38 elapsed_us=2168 envelope=@J10000000002000000042314792|I422bQ00;
published_frame=839
published_frame=840
editbox_emit sequence=424 bytes=38 elapsed_us=2239 envelope=@J10000000002000000042457780|I422dQ00;
published_frame=841
editbox_receipt monotonic_ns=563679413561059 received=423 consumed=423 revision=197
published_frame=842
editbox_emit sequence=425 bytes=38 elapsed_us=2144 envelope=@J10000000002000000042535247|I422fQ00;
published_frame=843
published_frame=844
editbox_emit sequence=426 bytes=38 elapsed_us=2068 envelope=@J10000000002000000042612714|I422hQ00;
published_frame=845
published_frame=846
editbox_emit sequence=427 bytes=38 elapsed_us=2224 envelope=@J10000000002000000042755702|I422jQ00;
editbox_receipt monotonic_ns=563679500392124 received=426 consumed=426 revision=198
published_frame=847
published_frame=848
editbox_emit sequence=428 bytes=38 elapsed_us=2118 envelope=@J10000000002000000042833169|I422lQ00;
published_frame=849
published_frame=850
editbox_emit sequence=429 bytes=38 elapsed_us=2159 envelope=@J10000000002000000042910636|I422nQ00;
published_frame=851
published_frame=852
editbox_emit sequence=430 bytes=38 elapsed_us=2527 envelope=@J10000000002000000043001320|I422pQ00;
published_frame=853
editbox_receipt monotonic_ns=563679613754992 received=429 consumed=429 revision=199
published_frame=854
editbox_emit sequence=431 bytes=38 elapsed_us=2927 envelope=@J10000000002000000043144308|I422rQ00;
published_frame=855
published_frame=856
editbox_emit sequence=432 bytes=38 elapsed_us=2384 envelope=@J10000000002000000043221775|I422tQ00;
published_frame=857
published_frame=858
editbox_emit sequence=433 bytes=38 elapsed_us=2074 envelope=@J10000000002000000043364763|I422vQ00;
editbox_receipt monotonic_ns=563679702321180 received=432 consumed=432 revision=200
published_frame=859
published_frame=860
editbox_emit sequence=434 bytes=38 elapsed_us=2205 envelope=@J10000000002000000043442230|I422xQ00;
published_frame=861
published_frame=862
editbox_emit sequence=435 bytes=38 elapsed_us=2841 envelope=@J10000000002000000043519697|I422zQ00;
published_frame=863
published_frame=864
editbox_emit sequence=436 bytes=38 elapsed_us=2457 envelope=@J10000000002000000043662685|I422_Q00;
editbox_receipt monotonic_ns=563679801618683 received=435 consumed=435 revision=201
published_frame=865
published_frame=866
editbox_emit sequence=437 bytes=38 elapsed_us=2507 envelope=@J10000000002000000043732283|I422XR00;
published_frame=867
published_frame=868
editbox_emit sequence=438 bytes=38 elapsed_us=3281 envelope=@J10000000002000000043809750|I422ZR00;
published_frame=869
published_frame=870
editbox_emit sequence=439 bytes=38 elapsed_us=2950 envelope=@J10000000002000000043952738|I422bR00;
editbox_receipt monotonic_ns=563679901036091 received=438 consumed=438 revision=202
published_frame=871
published_frame=872
editbox_emit sequence=440 bytes=38 elapsed_us=2210 envelope=@J10000000002000000044043422|I422dR00;
published_frame=873
published_frame=874
editbox_emit sequence=441 bytes=38 elapsed_us=2183 envelope=@J10000000002000000044120889|I422fR00;
published_frame=875
published_frame=876
editbox_emit sequence=442 bytes=38 elapsed_us=2104 envelope=@J10000000002000000044263877|I422hR00;
editbox_receipt monotonic_ns=563680008063423 received=441 consumed=441 revision=203
published_frame=877
published_frame=878
editbox_emit sequence=443 bytes=38 elapsed_us=2205 envelope=@J10000000002000000044341344|I422jR00;
published_frame=879
published_frame=880
editbox_emit sequence=444 bytes=38 elapsed_us=2383 envelope=@J10000000002000000044418811|I422lR00;
published_frame=881
published_frame=882
editbox_emit sequence=445 bytes=38 elapsed_us=2102 envelope=@J10000000002000000044561799|I422nR00;
editbox_receipt monotonic_ns=563680103261061 received=444 consumed=444 revision=204
published_frame=883
published_frame=884
editbox_emit sequence=446 bytes=38 elapsed_us=2135 envelope=@J10000000002000000044639266|I422pR00;
published_frame=885
published_frame=886
editbox_emit sequence=447 bytes=38 elapsed_us=2091 envelope=@J10000000002000000044716733|I422rR00;
published_frame=887
published_frame=888
editbox_emit sequence=448 bytes=38 elapsed_us=2215 envelope=@J10000000002000000044859721|I422tR00;
published_frame=889
published_frame=890
editbox_emit sequence=449 bytes=38 elapsed_us=2177 envelope=@J10000000002000000044937188|I422vR00;
published_frame=891
published_frame=892
editbox_emit sequence=450 bytes=38 elapsed_us=2631 envelope=@J10000000002000000045027872|I422xR00;
editbox_receipt monotonic_ns=563680277573800 received=447 consumed=447 revision=205
published_frame=893
published_frame=894
editbox_emit sequence=451 bytes=38 elapsed_us=2410 envelope=@J10000000002000000045105339|I422zR00;
published_frame=895
published_frame=896
editbox_emit sequence=452 bytes=38 elapsed_us=2074 envelope=@J10000000002000000045248327|I422_R00;
published_frame=897
editbox_receipt monotonic_ns=563680355519460 received=451 consumed=451 revision=206
published_frame=898
editbox_emit sequence=453 bytes=38 elapsed_us=2274 envelope=@J10000000002000000045317925|I422XS00;
published_frame=899
published_frame=900
editbox_emit sequence=454 bytes=38 elapsed_us=2178 envelope=@J10000000002000000045460913|I422ZS00;
editbox_receipt monotonic_ns=563680411294139 received=453 consumed=453 revision=207
published_frame=901
published_frame=902
editbox_emit sequence=455 bytes=38 elapsed_us=2197 envelope=@J10000000002000000045538380|I422bS00;
published_frame=903
published_frame=904
editbox_emit sequence=456 bytes=38 elapsed_us=2221 envelope=@J10000000002000000045615847|I422dS00;
published_frame=905
published_frame=906
editbox_emit sequence=457 bytes=38 elapsed_us=2116 envelope=@J10000000002000000045758835|I422fS00;
editbox_receipt monotonic_ns=563680510941718 received=456 consumed=456 revision=208
published_frame=907
published_frame=908
editbox_emit sequence=458 bytes=38 elapsed_us=2392 envelope=@J10000000002000000045836302|I422hS00;
published_frame=909
published_frame=910
editbox_emit sequence=459 bytes=38 elapsed_us=2300 envelope=@J10000000002000000045913769|I422jS00;
published_frame=911
published_frame=912
editbox_emit sequence=460 bytes=38 elapsed_us=2192 envelope=@J10000000002000000046004453|I422lS00;
editbox_receipt monotonic_ns=563680611096609 received=459 consumed=459 revision=209
published_frame=913
published_frame=914
editbox_emit sequence=461 bytes=38 elapsed_us=2226 envelope=@J10000000002000000046147441|I422nS00;
published_frame=915
published_frame=916
editbox_emit sequence=462 bytes=38 elapsed_us=2437 envelope=@J10000000002000000046224908|I422pS00;
published_frame=917
published_frame=918
editbox_emit sequence=463 bytes=38 elapsed_us=2389 envelope=@J10000000002000000046302375|I422rS00;
editbox_receipt monotonic_ns=563680701721806 received=462 consumed=462 revision=210
published_frame=919
published_frame=920
editbox_emit sequence=464 bytes=38 elapsed_us=2431 envelope=@J10000000002000000046445363|I422tS00;
published_frame=921
published_frame=922
editbox_emit sequence=465 bytes=38 elapsed_us=2167 envelope=@J10000000002000000046522830|I422vS00;
published_frame=923
published_frame=924
editbox_emit sequence=466 bytes=38 elapsed_us=2256 envelope=@J10000000002000000046600297|I422xS00;
published_frame=925
editbox_receipt monotonic_ns=563680824951950 received=465 consumed=465 revision=211
published_frame=926
editbox_emit sequence=467 bytes=38 elapsed_us=1958 envelope=@J10000000002000000046743285|I422zS00;
published_frame=927
match_end epoch=2 frontier=928 old_rows=drain terminal_rows=discard
input_armed=true gameplay_armed=false mono_ns=563680863756069
editbox_emit sequence=468 bytes=34 elapsed_us=2119 envelope=@J10000000002000000046805016|JE12;
editbox_receipt monotonic_ns=563680902830003 received=468 consumed=468 revision=212
match_quiescent epoch=2
waiting_for_match build=controller-menus-20261005 slot=1 after_epoch=2
shutdown signal=SIGINT mailbox_release=begin
